index,text,chapter,offensive
0,"We are on the upper deck of one of the many steamers that ride at anchor in the beautiful harbor of Hongkong, and there we see before us in the distance, at the base of that dark, green mountain side, the city of Victoria, generally called Hongkong, after the island on which it is situated.",1,0
1,"We are looking southwest and the mainland lies on our right, distant only a mile or two, and which we shall soon see from the slope of the mountain in front of us.",1,0
2,"A little to the left of the highest point of that somber elevation floats the English flag, that grand old symbol of our fatherland, on which, you know, the sun never sets.",1,1
3,"To our left, the city skirts the base of the rugged mountain for several miles; and should we follow the winding and irregular coast line and complete a circuit of the island, it would require a journey of over thirty miles; and should we ascend that dark green slope by cable tramway or by winding shady path, a climb of two thousand feet would be rewarded by a panorama scarcely surpassed in the whole world.",1,0
4,The summit of that mountain island is a maze of peaks and dells dotted everywhere with cozy villas of the wealthy who find there a cool and healthful retreat from the languishing summer heat of the city below.,1,0
5,"Then by reference to the maps we can see that the great mass of China lies off to our right, stretching away for over two thousand miles.",1,0
6,"Directly before us, six hundred miles distant, is French or Indo-China, and further in that direction is Siam and the Malay Peninsula, Singapore being nearly fifteen hundred miles away.",1,0
7,"Luzon, the northernmost of the Philippine Islands, lies over six hundred miles sharply to our left.",1,0
8,"Back of us is Formosa, about four hundred miles away, while Tokio, Japan, is one thousand miles beyond Formosa.",1,0
9,San Francisco is nearly six thousand miles distant behind us and over our left shoulder.,1,0
10,"Now, with a clearer sense of our location in this part of the earth, we will give further attention to this place immediately before us.",1,0
11,"Hongkong is a British crown colony and was a ""voluntary"" cession from China made sixty years ago, in settlement of trade difficulties between the two countries which had extended over a period of two hundred years.",1,1
12,"It is now the most important entrepot of the far East, with a native population of two hundred and fifty thousand and about twelve thousand Europeans.",1,0
13,"That water front, which you see, is lined with commodious modern office buildings, granite quays and landing stages, around which queer native boats called sampans, manned by native women, ply their trade of carrying passengers from point to point.",1,0
14,"It is Mount Davis, nearly nine hundred feet high, and around its base is a Chinese cemetery.",1,0
15,"Between Mount Davis and the sea, on a gentle slope facing the northeast, thousands of little mounds, designated by simple board tablets, indicate the burial place of the victims of the bubonic plague which has prevailed for many years in this city.",1,0
16,Neither the friends of the victims buried there nor leisure strollers are ever seen near the silent hillside; there even the dead menace the lives of the living.,1,0
17,"On the roof of this little house directly before us, in which John ""makee washee, washee,"" we see squatted three coolies in the characteristic position of the lower classes, not only of China, but of many other Oriental countries.",1,1
18,"If the classification of men were made on the same plan as that of birds by ornithologists, these fellows would be styled perchers; for, whether eating, smoking, resting, or in social confab, they are always in this couchant and ungraceful pose.",1,0
19,"We can see three large, new buildings on the quay, facing the harbor; the farthest of those buildings was a place of much importance during the Spanish-American war.",1,0
20,"It is the Cable building, and it was to that place that all war dispatches were brought for transmission after the cable was cut in the bay of Manila.",1,0
21,"We shall go ashore in a sampan, most likely sculled by a Chinese mother with a babe tied at her back.",1,0
22,We shall land near those same buildings and follow a well-paved street toward the mountain side.,1,0
23,"The second street we pass, Queen's Road, the chief thoroughfare, is almost impassable at times, so full is it with darting jinrikishas and sedan chairs, borne by chair coolies.",1,0
24,"We ascend the mountain slope along beautiful walks and through botanical gardens embowered in every species of tropical palm and tree-fern, and past well kept lawns studded with bright flower beds, until we have reached an elevation of nearly a thousand feet somewhat farther to the left than we can see, when we turn about and from our elevated viewpoint look back in this direction upon the busiest and most beautiful harbor of the Orient.",1,0
25,"This new position is given on the map of Hongkong and vicinity by the two red lines that branch north from the island, each having the number 2 at its end.",1,0
26,"Now we obtain our first sight of the main-land of China, but scarcely yet do we see Chinese territory, for all that portion of the mainland now within our view is under the British flag, England having in recent years leased for a period of ninety-nine years (which an Englishman knows means forever) a peninsula embracing many square miles of territory, and extending many miles beyond those rocky mountains.",2,0
27,The military and naval defenses of Hongkong would be quite insecure unless England held adjacent lands on the mainland shore before us.,2,0
28,To the right and to the left of those bold barren mountains are sheltered bays from which a foreign fleet with modern guns could hurl monstrous projectiles to the very spot on which we stand.,2,0
29,"Mirs Bay, that memorable retreat of Admiral Dewey, when compelled by the enforcement of England's neutrality to leave the port of Hongkong, is only ten miles away, just behind those mountains to the right.",2,0
30,"If we now look down to the harbor before us we may see, quite to the right and farthest away, the long black cargo ship on which we stood when we obtained our first view, and a little nearer we see a large white mastless hull roofed over and anchored fore and aft;",2,0
31,"that is a naval receiving ship of the station, to which naval men and officers are brought when transfers are to be made.",2,0
32,"A little nearer we see a long, rakish, crouching, demoniacal looking craft with a skulking lowness in the water.",2,0
33,In the center of our field of vision we see a large white ship with three funnels; her lines indicate other purposes than the pursuit of commerce.,2,0
34,"Our field of vision embraces only a narrow space across the channel; throughout its full length there are seldom fewer than fifteen or twenty of these grim arbiters anchored in this focus of Oriental commerce, and they are mostly English.",2,0
35,"Across the harbor immediately before us, and to the right of the projecting headland, are situated the city and harbor of Kowloon, at which are dry docks that will accommodate the largest warships.",2,0
36,"We can faintly see the docks across that small bay point of land, to the right of the city.",2,0
37,"It was there that several of the Spanish warships destroyed by our fleet in Manila Bay were taken for reconstruction under the supervision of the brave hero of the ""Merrimac,"" Lieutenant Hobson.",2,0
38,"Vast storehouses, or ""godowns"" as they are named in the East, to accommodate transshipment, are ranged near the piers.",2,0
39,"It is estimated that the actual trade of the European colony, exclusive of the cargoes which pass through this port without breaking bulk, is over 100,000,000 pounds per annum.",2,0
40,"Many passenger steamers for Europe and America coal and embark passengers from the docks at Kowloon; but the boats of the Pacific Mail, the Canadian Pacific and most of the great lines for Europe receive and discharge their cargoes and embark and debark passengers at their anchorage in the harbor, which extends a mile or more on either hand in the bay between us and the opposite shore.",2,0
41,"The harbor front at Kowloon presents a busy scene; rail-trucks are constantly thundering back and forth between the long piers and the godowns, coolies, in long lines, waddling under heavy loads carried on bamboo poles, pass to and fro uttering a weird, rhythmical cry which they think helps to dispel a consciousness of physical burden.",2,0
42,"At frequent intervals small steam ferry-boats ply between Hongkong and Kowloon, carrying first-class passengers at five-cent fares and second-class at half that amount.",2,0
43,"I must remind you, however, that the busy commercial port we see across the bay is not the native city of Kowloon.",2,0
44,A water-front embracing about three square miles was here added to the colony of Hongkong thirty-five years ago.,2,0
45,A few miles out among those low hills a granite bowlder marks the place of the surrender of the last of the Taipings.,2,0
46,The native city of the same name is hidden among the low hills three miles distant and a little to our right.,2,-1
47,The native Kowloon is a typical old Chinese city of low onestory buildings with tile roofs and surrounded by a dilapidated brick wall.,2,0
48,"but beyond are many fertile and well-cultivated valleys producing rice, sugar-cane, sweet potatoes, garden fruits and vegetables.",2,0
49,"In some portions of this peninsula that curious nut or fruit, sometimes seen in our markets, called the lichee, is abundantly produced.",2,0
50,"Along that mountain range to the left, distinctly visible from positions near us, is a long line of excavation that shows the beginning of a railroad that is to connect Hongkong and Canton.",2,0
51,"When we looked at Hongkong from the ship your attention was called to three buildings, one containing the cable office; those buildings are again before us, down by the harbor.",2,0
52,"A little further to the left, just to the right of the tree before us, and about half way to the Cable building, is St. John's Protestant Cathedral, a pretty building erected over fifty years ago, with a seating capacity for eight hundred.",2,0
53,"And below us to the left of the tree we see the spire of the Union Church, erected two years before the former and seating about five hundred people.",2,0
54,"Much encouragement has been given in that direction in Hongkong, and the Chinese inhabitants are quite alive to the importance of education.",2,0
55,When approaching the schoolhouse I was amazed at the great volume of vocal noise proceeding from within the schoolroom.,2,0
56,"I asked the teacher, who spoke intelligible English, if Chinese pupils always study in this fashion.",2,0
57,"He replied that ""Chinamen believe study muchee loud remember more better.""",2,1
58,"This is a thought for the teacher who is fond of hearing a ""pin drop,"" and a plea for the boy who isn't.",2,0
59,"I do not now remember whether his back presentation was from choice or necessity, because sometimes the lower classes can be induced to present their backs to the camera when vast sums of money would not induce them to face that dire instrument of evil, believing that when their faces are photographed a part of their identity is forever lost to them, and this becomes a serious matter in their ancestral worship.",2,1
60,"We shall return again to the harbor, pass along the waterfront to the left for a half-mile, and board a steamer for Canton, distant about seventy-five miles.",2,0
61,"After landing at Canton we shall go a short distance above the landingplace to the Imperial Custom House, from the roof of which we shall look back down the river over the route from Hongkong.",2,0
62,"Let us turn to the special map of Canton, Map No. 4, where we find our position and field of vision shown by the red lines which start from near the river and branch toward the right.",2,0
63,"Two steamers of this class, besides several other boats that carry freight and a few passengers, ply daily between Canton and Hongkong.",3,0
64,These side-wheel boats are of European construction and are quite similar to those that ply between New York and Albany on the Hudson River.,3,0
65,"They have accommodations for first-class European passengers and a separate accommodation for first-class native passengers, besides an entire lower deck for the second-class Chinese, who are carried between the two ports at fifty-cent fares; first-class natives are carried for one dollar, while European travellers are charged at the civilized rate of eight dollars for the same short passage.",3,0
66,"We are looking due east, and the water before us is only one branch of the Canton or Pearl River.",3,0
67,"The land on the right of the steamer is an island five or six miles long, and beyond it is another broad affluent of the Canton River.",3,0
68,"That island on the right bank is densely populated and forms an important suburb to the city of Canton, which lies on the north bank and extends several miles in every direction from our point of view.",3,0
69,The scene before us is one of the most interesting features of the myriad life of China's greatest commercial city.,3,0
70,"As far as our sight can reach we see boats; these boats are homes in which millions of human beings have been born, have lived and have died; and in many cases, without ever having set foot on land.",3,0
71,It has been estimated that in these floating homes from two hundred and fifty to four hundred thousand lives are daily rising and falling with the tide.,3,0
72,"The inhabitants of these floating dwellings are called Tankia, which means boat-dwellers; their ancestors were also amphibians.",3,0
73,"It has been estimated that eighty-five thousand of these boats are about Canton and that, of this number, forty thousand are permanently located.",3,0
74,"On many of them pigs and chickens are reared, and in many cases when the smallness of the boat does not afford deck space for such stock, a box or cage is suspended from the stern to serve as a pig-pen or a chickencoop.",3,0
75,"For centuries the Chinese have used boats for dwellings, and having a free anchorage their building sites cost nothing.",3,0
76,"A house for twenty dollars and a free site surpass all Western residential economics; but for one hundred dollars a boat almost luxurious in appointments, according to the Tankia's order of life, can be obtained.",3,0
77,A thatch of palm leaves or a cover of matting over a portion of each boat protects the occupants from sun and rain and serves as an eating and sleeping place.,3,0
78,"We speak of limitation of space, as things ""in a nutshell,"" but here in the small compass of a fifteen-foot boat there are births, deaths and funerals there are henneries and pig-pens, and even flower-gardening, particularly on the larger boats, where considerable space in the bow is set apart for flower-pots.",3,0
79,"Sometimes European travellers who wish to make a prolonged sojourn in the vicinity of Canton, and do not care to pay the high prices charged in the one hotel, hire a comfortable house-boat which can be had for one dollar per day.",3,0
80,"In that case the native owners occupy a small space in the bow, where all cooking is done for the traveller without extra cost, with the additional advantage of free transportation to any point on the river.",3,0
81,"One naturally wonders how this swarming population of river-dwellers is maintained, and the answer is chiefly by transporting merchandise and by carrying passengers from place to place.",3,0
82,In some cases daughters go ashore to work in factories as girls do in other countries; but the factory girl's annual income in China would scarcely buy an American girl's hat.,3,0
83,"if you were on board the steamer you would find many of these filled with water and alive with large and beautiful fish for the Hongkong market, where they are delivered alive.",3,-1
84,Down the river beyond the steamer and before reaching that dark group of buildings we can see several ranges of larger boats extending from mid-stream toward the shore on the left.,3,0
85,"From those boats called ""flower-boats"" we shall look toward the city, on our left here.",3,0
86,We stand on the upper deck or roof of one of these boats and look northward toward the shore and over the city.,4,0
87,"They are often gorgeously furnished within; the woodwork is carved; the walls are hung with pictures and embroideries; wall mirrors duplicate all objects of ornamentation; the furniture is inlaid with mother-of-pearl; flowers, both natural and artificial, furnish an abundance of color; and every night these popular resorts are filled with seekers after pleasure and recreation.",4,0
88,"The opium smoker with his seductive pipe comes here to dispel his cares with this insidious narcotic; the gambler comes to these flower-boats to try his fortune at fan-tan or other Chinese games, for gambling is one of China's national vices.",4,0
89,"Although the Chinese are an industrious race, they often have an excess of leisure, and too much leisure always creates a desire for a pastime or for pleasure resorts.",4,1
90,"As our idlers repair to a saloon or a summer-garden, so the Chinese idlers, as well as Chinese professional chance men, come to these flower-boats to win at cards, at dominoes, or dice.",4,0
91,"The passion for gambling is universal, and the stereotyped invitation ""Buy a chance and get rich,"" is heard everywhere.",4,0
92,"So the gaudy interiors of these floating dens of vice are nightly filled with sharpers, with idlers, with gamblers and desperate characters.",4,0
93,Most travellers and tourists who come to Canton seldom spend more than two or three days in visiting the various places of interest.,4,0
94,"There is so much that is repellent besides the exorbitant prices of poor hotels that a single day may satisfy the sightseer; naturally, therefore, there is a set number of places to be visited in a limited time, and one of these places is the flower-boats.",4,0
95,"These boats cost from five hundred to a thousand dollars, and are generally owned by the men in charge of them.",4,0
96,"At night these boats are illuminated brilliantly with lamps and lanterns, and patrons come and go by boats and along those projecting bows.",4,0
97,"Then they are not safe places to visit unless accompanied by a guide; but during the day they are vacated except by the owners and their families whom we see engaged in their daily routine of putting their boats in order for another night's round of feasting, gambling and dissipation.",4,0
98,"A little beyond, a dame with her back toward us is delivering the morning gossip to her neighbors on the next boat, while her liege by her side, with ""turned-up pantaloons,"" is on daily avocations bent.",4,0
99,"Beyond the small house-boat two men in characteristic crouching pose are plainly watching the ""foreign devils"" and commenting thereon in a foul sarcasm only possible among Chinese.",4,0
100,"With us ""Time is money,"" with the Chinese time is of little account, but space is money.",4,0
101,"Although space is valuable and upper space is free, yet the Chinese do not evidently take to ""sky-scrapers,"" as you can judge from the single story buildings everywhere.",4,0
102,"Pawn shops, however, constitute a curious exception to the rule of low buildings, two of which you may see in the distance.",4,0
103,These pawn shops form landmarks in Chinese cities and may be seen at great distances towering above all other buildings.,4,0
104,"Just before these flower-boats we have a good example of a small house-boat-its shape, its roof, and a projection over the stern, where, as I have already stated, are placed the pig-box and the hen-coop.",4,0
105,"There is not much choice, however, for the porcine member in one case has more space, in the other better ventilation.",4,0
106,"You see those garments hung out to dry on poles and near them, also on poles, objects that might be mistaken for sheepskins.",4,-1
107,"Notice now a short distance over in the city an object which in other countries would be taken for a flag-pole, with an arrangement resembling the cross trees on a ship's mast.",4,0
108,"It marks the residence of a mandarin, and it is often a convenience when travelling in China to know just where the mandarin, in a town or village, lives.",4,0
109,"We are here looking almost due north, and by following a northerly direction for several miles we shall find ourselves next standing on the northern side of the city and looking almost directly towards the spot we now occupy.",4,0
110,The red lines starting from the number 5 near the top of Map No. 4 and toward the southeast show our position and field of vision.,4,0
111,"We are now standing on a low hill on the northern side of the city with the city wall just behind us, and looking a little east of south toward the Canton River, which we see in the distance.",5,0
112,"The greatest commercial emporium of Asia is spread out over the plain before us, extending eastward and westward for many miles.",5,0
113,"That vast hive of human life is encompassed by a high brick wall seven miles in circumference, and within that wall a million human beings are toiling for a livelihood.",5,0
114,Almost an equal number have outgrown the limits of the ancient wall and spread out into the suburbs and across the river.,5,0
115,"A distant panoramic view of any city always leaves much for the imagination, just as when we look at the exterior of a single house, the interior life is for the imagination.",5,0
116,"But you notice here that, although the Chinese are innocent of the expensive æstheticism of paint, they are not ignorant of the use of whitewash.",5,0
117,We can see no church spires; but there are one hundred and twenty temples down in that great sea of lowly homes.,5,0
118,"People are carried from place to place through the narrow winding streets in sedan-chairs, and it is probably not unsafe with respect to truth to say that not one wheeled vehicle could be found within the entire range of our vision.",5,0
119,"If by some power the real inwardness of all the social and industrial life in this panorama could be disclosed to us, what a marvelous scene we should behold!",5,0
120,"There are palaces after a fashion; there are hospitals; there are arsenals; there are ancestral halls; there are prisons; there is the imperial mint; there is the execution ground where beheading is done; there are scores of markets, including a cat-market and a dog-market, where these domestic friends are sold for food.",5,0
121,"There are seventeen thousand people engaged in silk weaving; and not in great factories, but in small dingy homes where handmade bamboo looms turn out the delicate fabrics with which our stores are filled, and those magnificent brocades which charm our fancies.",5,0
122,"There are fifty thousand people making cloth; and there are over four thousand shoemakers; there are great numbers of wood-carvers, stonecutters and workers in iron, brass, ivory and silver.",5,0
123,"It is a world of ceaseless industry; it is likewise a world of vice, as I have already intimated, and has acquired an infamous celebrity for profligacy and corruption; it contains the greatest number of the worst specimens that can be found in the empire.",5,1
124,"A retiring viceroy once expressed himself thus about Canton: ""Deceit and falsehood prevail everywhere in this city, in all ranks and in all places.",5,0
125,We must now turn our attention in the opposite direction; we shall step upon the wall and look northwest.,5,0
126,We see a country where only the low land is cultivated and where the hills and mountains are without timber except for an occasional clump of trees.,6,0
127,The area of valuable land occupied by graves has long been a serious curtailment of agricultural resources.,6,0
128,"Here he is evidently a truck gardener for the great market near at hand; you see how carefully the ground is ridged; how the streamlet from the hillside is carried around the walled compound and along the slope at a proper elevation for irrigating his plot of ground; that it is continued along the base of the hill to his neighbor beyond, where it again does its work of irrigation, and so down the plain in the benevolent perpetuity of Tennyson's ""Brook.""",6,0
129,They built the greatest wall in the world-a barrier to repel the Tartars-and how long before that period they were wall-builders we do not know.,6,0
130,"We know that from time to time to the present they have been defending their cities by prodigious fortifications; that their homes within walled cities are also protected by walls; that even their country houses are encompassed in the same way; that our missionaries in China imitate the wall-building instinct of the natives and encompass their compounds with high, exclusive and defensive walls.",6,0
131,Now notice the home of that evidently well-to-do gardener-how carefully a wall incloses and defends all within; yet it must be confessed that these ramparts would scarcely be a protection against Western thieves.,6,0
132,"Let us now turn about, pass through the heart of the great city and look into one of the narrow congested thoroughfares.",6,-1
133,"We are standing on a foot-bridge that enables night. policemen to pass from roof to roof, and are looking down into Shappat-po Street, one of the principal business streets, especially for merchants who deal in European goods.",7,0
134,"Another street near by called Hog Lane is more intelligible to the Anglo-Saxon, and would scarcely be a misnomer if applied to any of the streets, so narrow and dirty are they all.",7,1
135,"I am sure it will not diminish your interest in the scene before us should I state how difficult it is to photograph a dark, narrow, crowded thoroughfare in Canton.",7,0
136,"Before finding this street, which is more open and better lighted than most streets, I had made three different unsuccessful attempts on different days to obtain a street scene.",7,-1
137,"I had endeavored to hire policemen to stop, for a few moments only, the passing throng, until I could set my camera for a time exposure, as all streets are too dark for instantaneous work.",7,-1
138,"In this place I found an American Mission reading-room, from the roof of which I reached the bridge on which we stand, where some light penetrates into the street below.",7,0
139,"A little farther along we can see another foot-bridge over this street, similar to the one on which we stand.",7,0
140,The buildings are low and the streets are closed by gates or barricades at frequent distances; so that thieves can most readily reach the shops and pass from place to place along the roofs.,7,0
141,A further reason for the bridges is that much industrial work is done on the roofs; clothes are here hung out to dry; frames are erected everywhere for the coloring and drying of cloth and yarn.,7,0
142,"You will perceive a halt among those passers below; they have plainly spied the operator, but do not suspect that the eyes of a stereoscopic camera ever look down into that closely sheltered chasm.",7,0
143,"The second, in the center of the street, gives the owner's name, Tai Chung Loong, followed by words which in English would be Sewing machine manufactured goods.",7,0
144,"Another to Wing Fong Lau, who, according to his sign, is a dealer in paper fans, panels and decorated pictures.",7,0
145,"Do you see the one horizontal board both in English and Chinese which tells us that artificial speech and song have a fascination for the ""heathen Chinee""?",7,0
146,"Should we go down and enter one of those stores, the doorway would soon be blocked by men and boys (not women, because very few are seen on the streets) who would stop and glower at us as we might stop and gaze curiously at a wild man from some strange land.",7,0
147,"The shopkeeper would not importune us to buy, neither would he attempt to repel the gaping crowd that fills his doorway; he would stare at us himself, smoke his pipe and keep his seat in statuesque stolidity and scornful indifference, as much as to say: ""Not dependent on the patronage of foreign-devils.'""",7,0
148,"We have looked at the dingy house-boats and over a wilderness of paintless houses, and now, lest I should lead you to think that the Chinaman has no appreciation of architecture, no love of beauty and no artistic development, we will descend, enter a sedan-chair and be carried and jostled through lanes and byways for some distance, and then enter the court of one of the most beautiful buildings in Canton.",7,1
149,"Many believe that nothing has contributed more to the vastness and perpetuity of the Chinese Empire than their practical recognition of a commandment promulgated both by Moses and Confucius, the fifth in the Mosaic decalogue: ""Honor thy father and thy mother that thy days may be long upon the land which the Lord thy God giveth thee.""",8,0
150,"According to Confucius, in his ""Filial Piety Classic,"" ""There are three thousand crimes to which one or the other of the five kinds of punishments is attached as a penalty, and of those no one is greater than disobedience to parents"";",8,0
151,It is not at all identical with what we look upon as children's obedience and respect for their parents in Western countries.,8,0
152,"The meaning would be better expressed if the so-called filial piety were termed veneration for ancestors, both immediate and remote, which, of course, should naturally begin with reverence for parents living.",8,0
153,"To honor and commemorate the family line, therefore, shrines or temples are erected in which memorial tablets are placed to different members of the clan or family.",8,0
154,"This temple or ancestral hall before us has been erected, and is maintained by members of the Chun Clan, which has existed for some sixty generations.",8,0
155,"The Chun family were the founders and are still the proprietors of the Chun-li-Chai, the house name of an old medicine firm which has been in existence for a thousand years, and of which there are two establishments still to be found.",8,0
156,"This beautiful ancestral temple is a shrine at which all members of the Chun Clan, from the humblest to the highest, can place their memorial tablets for those who have gone before.",8,0
157,"The second pavilion is for members who can afford only one hundred taels, a third for those who are only able to pay forty taels.",8,0
158,"Considerable time could be spent in examining the wonderful carving and grotesque decorative art in this charming structure, which is considered the finest in this part of the Empire.",8,0
159,"By a handful of ""cash"" (a small copper coin, seventeen of which make one cent) I induced those three juvenile Celestials to stand where you see them;",8,0
160,"just out of sight at our left, the court is well filled with gaping onlookers, who were kept back with great difficulty.",8,0
161,"The ready laugh usually denotes a genial nature, which is often lacking in the Chinese people.",8,1
162,Everywhere one may see very small boys and girls carrying and caring for younger brothers and sisters;,8,0
163,"We have had a single glance into one court of this beautiful Ancestral Hall of Chun-Ka-Chie and will now, followed by a hundred gazing onlookers, turn out into the narrow street again and wend our way toward the west to another temple, old and dingy, but which constitutes one of the chief attractions to all who visit Canton.",8,0
164,"This temple was founded 500 A. D., or about fourteen hundred years ago, and is called the Flowery Forest Monastery, or Temple of Five Hundred Genii.",9,0
165,At the early date of its establishment its surroundings probably made the former rural name appropriate.,9,0
166,"The exterior consists of a series of low, grimy buildings quite unattractive in appearance; so we lose little in confining ourselves to this view within where you can see a phalanx of the celebrated so-called Genii from which the temple takes the latter name.",9,0
167,These really are statues representing noteworthy disciples of Buddha; they are familiarly called Josses or idols.,9,0
168,"This being a Buddhistic shrine, let me, while we look at these odd figures, tell you briefly who Buddha was; you may easily know much more about this famous character than I do myself, yet it may be otherwise with some.",9,0
169,"I have visited many of the most noted Buddhistic temples in India, Burmah and Ceylon, and have often been surprised to find how much error exists with reference to Buddhism.",9,0
170,"For instance, many do not know that there are more Buddhists than Christians; that about one-third of the population of the world are Buddhists; that Buddhism is numerically the religion of the world; that two-thirds of the population of China are followers of Gautama, or Buddha.",9,0
171,Yet till the middle of this century there was nothing but vague notion and conjecture in Europe or America respecting the nature and origin of this world religion.,9,0
172,"There are eminent scholars who doubt that such a person ever existed, and believe that Buddha was only a metaphorical figment; but Oriental authorities have no doubt as to the historical reality of a personal Buddha.",9,0
173,"Many are inclined to laugh at these Josses or so-called idols, and suppose the Chinese followers of Buddha worship them; some of the more ignorant may do so; but intelligent followers do not worship these statues.",9,0
174,"You see small sticks, called Joss-sticks, in those pots; these are burned before the statues, and this naturally leads one to believe this is idol worship.",9,0
175,"Buddhists offer flowers and oil and make reverence before the statues of Buddha, his relics, and the monuments containing them; yes, these things are done and offered as before stated, but not in the spirit of an idolater.",9,0
176,We see essentially the same thing in our Christian religion; great and worthy men in the church have been canonized and are called saints.,9,0
177,"In the same way, these statues representing noteworthy examples of Buddhism are honored by the followers of that great teacher, and the honor shown in some cases may resemble worship.",9,0
178,"They are intended, however, only to remind the disciple of those who have pointed the way to Nirvana, as they call a state of deliverance from the ills of the present life.",9,0
179,"More interesting even than these figures, however, are the teachings of Buddha, the tenets and principles of life that have won the faith and following of more than a third of the human race, a full account of which would require volumes; but here I can only mention a few cardinal points in his life and teachings, taken from a carefully compiled Buddhist catechism:",9,0
180,"(1) Buddha was not a God, but a man born at Kapilavastu, one hundred miles northeast of Benares, in India, 623 B. C.",9,0
181,"(2) Buddha is not his real name, but the name of a condition or state of mind; it means enlightened, or he who has the perfect wisdom.",9,0
182,"His father was King Suddhodana; his mother, Queen Maya, who ruled over the Sakyas, an Aryan tribe.",9,0
183,"(4) Buddha was born and reared in a splendid palace, and when he was but a child he seemed to understand all arts and sciences, almost without study; but he did not become a Buddha in his splendid palace; he saw the vanity and sufferings of human life and, in order to discover the cause of them and how to escape from them, he left his beautiful palaces, his beloved wife and only son, and retired to the solitude of the jungle, where he spent several years in meditation and fasting.",9,0
184,At one time he was at the point of death from starvation; after years of struggle he decided that the higher knowledge could never be attained by fasting or penance.,9,0
185,"He took food, repaired to an asvattha tree and determined not to leave the spot till he attained Buddhaship.",9,0
186,"Just before the dawn of the next day, the light of supreme knowledge was revealed to him and he saw at once the cause of all human suffering and the means of escape.",9,0
187,"(5) Of things that cause sorrow, he gives: Birth, growth, decay, illness, death, separation from things we love, hating what cannot be avoided, craving for what cannot be obtained.",9,0
188,The parts of this path are: (1) Right Belief; (2) Right Thought; (3) Right Speech; (4) Right Doctrine; (5) Right Means of Living; (6) Right Endeavor; (7) Right Memory; (8) Right Meditation.,9,0
189,"Buddha has summed up his whole religion in one verse: ""To cease from all sin, To get virtue, To cleanse one's own heart, This is the religion of the Buddhists.""",9,0
190,"The following are five precepts imposed on the laity, in general: (1) I observe the precept to abstain from destroying the life of any being.",9,0
191,(5) I observe the precept to abstain from using intoxicating liquors and drugs that tend to procrastination (stupefy).,9,0
192,"Yes, the Buddhist believes, according to Alcott's interpretation of their philosophy, that ""The unsatisfied desire for things that belong to the state of personal existence in the material world causes us to be reborn.",9,0
193,"This unquenched thirst for physical existence is a force, and has a creative power in itself, so strong that it draws the being back into mundane life.",9,0
194,"Science teaches that man is the result of a law of development, from an imperfect and a lower to a higher and a perfect condition which is called evolution.""",9,0
195,"Now, with this brief résumé of some salient features of this world-wide philosophy, we will go on with our inspection of this line of figures.",9,0
196,"You see that these statues represent Mongolianized types of Buddha as represented in India; they have the drooping, looped ears; they all have the sitting posture; their heads are shaved after the fashion of Buddhist priests the world over; they wear the flowing, loose robe of cotton, dyed yellow; they have Chinese shoes; no two are in the same pose.",9,0
197,"Sometimes I think the great Buddha must have been lazy; I have scarcely, if ever, seen a statue in any way typical of him.",9,0
198,"These are certainly a goodnatured lot of worthies, and some of them must be guilty of telling a good story, for, from one end of the line to the other, they wear a pleasant smile.",9,1
199,"I told you at the Ancestral Hall that a smile is a rare phenomenon in China, and I cannot help entertaining a mild suspicion that some slight consanguinity exists between the grinning boy at the former place and these sacerdotal figures.",9,1
200,"The interior of this temple is quadrangular, and every side of the square is flanked by double rows of figures, 51 five hundred in all, and all blackened with the smoke of incense that has been curling up before them for centuries.",9,0
201,"But we have stopped here for considerable time; let us betake ourselves hence to a great national institution, one of another type.",9,-1
202,"10. Examination Hall-Rows of Twelve Thousand Cells, where the Ku-Yan Triennial Examinations are held, Canton.",10,0
203,"You will scarcely think it possible that those low, shedlike structures, hardly more imposing in appearance than the cattle-pens in some city stockyards, are the halls in which applicants for examination for degrees that nearly correspond with our college degrees of Bachelor of Arts and Master of Arts are held.",10,0
204,"Yes, once in three years learned examiners come from Pekin to test here the literary merit of those who aim to fill government offices or to obtain honorary degrees.",10,0
205,"The government of China has encouraged the higher education of the few by dispensing state offices and honors only to scholars, and the distribution is based on this system of elaborate examinations.",10,0
206,As far as it goes it is an equitable system of civil service; for the poorest may rise to the highest rank next to the Emperor.,10,0
207,China is the only country in the world in which titles of honor for learning are higher and more lucrative than those conferred on military officials.,10,0
208,The preparation for these triennial examinations is very unlike our preparation for a degree in college; it consists largely in a cramming with obsolete Confucian classics.,10,0
209,The applicant most likely to secure a degree is the one who has memorized and can best quote the four sacred books and the five classics of Confucius.,10,-1
210,"Examinations for the first degree are held in provincial towns throughout the Empire; for the second, in each capital of the eighteen provinces.",10,0
211,Those for the third are held in Pekin; the final examination gives the successful candidate a membership in the Imperial Academy.,10,0
212,"Every male, without respect to age or position, is eligible, and should a degree be obtained, even though no government appointment be the result, the possessor is not only honored in his community, but enjoys an immunity from the baser penalties of the law, such as bamboo flagellations, which are inflicted for many trivial offenses.",10,0
213,The examinations are very rigorous and often only a very small number out of the thousands of applicants carry away the honors of a degree.,10,0
214,"Women are not eligible in these examinations; indeed, they can hardly be considered eligible to any education whatever, as immemorial usage has placed them on a lamentable plane of inferiority, as is exemplified by the prevalence of female infanticide.",10,0
215,The grounds of this Examination Hall cover about twenty acres and contain accommodation for twelve thousand competitors.,10,0
216,"We entered through a gate at the farther end of this causeway, and we are now standing on the upper floor of a building which contains apartments for two chiefs and ten junior examiners; also for the Viceroy and the Governor of the Province, whose presence is required during the examinations.",10,0
217,"You will notice the low, narrow brick structures with half-roofs sloping toward the entrance side, with a narrow alley or lane between them; these long, shed-like buildings are partitioned off into spaces five feet six inches deep, three feet eight inches broad and six feet high.",10,0
218,"In these solid brick quarters the candidate is confined for two whole days and nights, during which time he is to complete his essay or poem.",10,0
219,"From a tower built for the purpose, a close watch is maintained over the whole area, and the utmost precaution is taken to prevent students from smuggling into their cells any available item of literature.",10,0
220,"You will notice, on the end of each range of cells, characters designating the number of the range and the cells included.",10,0
221,"You can see also the source of the water supply for the twelve thousand feverish and anxious competitors that are locked in those close, hot cells for two days and two nights; I mean the cisterns with stone curbs that extend along the space between the causeway and the buildings.",10,0
222,"I need not tell you that the two Oriental specimens below us, with bare heads and poorly shod feet and stiffly akimboed arms are not defeated candidates for literary honors; they are but common coolies who, as you can readily see, impose on art when they pose for ""cash.""",10,1
223,"This becomes an interesting fact when I remind you that we are here just within the tropics, Canton being only a few miles below the Tropic of Cancer, and that frost seldom occurs here.",10,0
224,Our position and field of vision are given by the lines connected with the number II on the lower left-hand corner of the Canton map.,10,0
225,"11. West End of Shameen, an Artificial Island which Comprises the European Colony of Canton.",11,0
226,"Here we are looking slightly north of west, toward the west end of an artificial island, built up of sand and called Shameen (sand).",11,0
227,"It is about half a mile long, comprises the European Settlement, and is connected with the native city by two bridges.",11,0
228,Among the trees yonder you can see the west end of a row of European houses that extends the full length of the ísland; many of them are much more imposing than those we see; some are four stories in height and surrounded by fine shrubbery and flower-gardens.,11,0
229,"In this line of buildings are all the consulates, where Li Hung Chang occasionally called during his official term in Canton.",11,0
230,"I witnessed one of these formal calls; it was marked by what we would look upon as semi-barbaric pomp; Earl Li was carried in his state-chair, followed by a motley retinue of soldiers, musicians, standard-bearers and a few horsemen on miserable and ill-caparisoned ponies.",11,0
231,"You may see by the Bund at the end of the row of trees a low building, on piles; it is a boathouse, in which the Europeans keep their pleasure boats.",11,0
232,"In all the Orient Europeans indulge in their home sports and pastimes; they have the race-course, the boat club, the tennis court, etc.",11,0
233,Lying between us and the shore is another assemblage of house-boats; and here we obtain a better view of their appearance.,11,-1
234,"At first glance one might think these boat people meant to tell us they were not the river pirates, which are so troublesome on some parts of the river.",11,0
235,"I am sure I have seen, during the war, both in the Philippines and in China, less dignified truce emblems than those we see here, displayed by humble non-combatants craving protection of the enemy.",11,0
236,"In the small sampan one woman sculls and another rows with a single oar, while a third, sheltered by a prodigious bamboo hat, carries a child on her back, supported in the usual way by a strong cloth, which leaves the mother's hands free for manual work of any kind.",11,0
237,"These boats are all called sampans when used for carrying passengers, and whenever a European approaches that walk by the shore a number of them will at once dart toward him, vociferating: ""Want sampan?"" ""Have sampan?"" in good English; but one soon learns on entering a boat that these syncopated sentences constitute their whole stock of our language.",11,0
238,Before leaving this place I will direct your attention to only one other feature; it is the color and character of the water in the Pearl River.,11,0
239,"In physiography, considerable importance is always attached to the character of the water in great rivers, whether clear or turbid; whether wholesome for drinking and cooking purposes or whether malarious (whatever that may mean) and fever-producing.",11,0
240,"I have among my collection of objects from foreign countries, bottles of water from the Jordan River, the Dead Sea, the Nile, the Amazon and the Yang-tse-Kiang.",11,0
241,"These samples, when shaken up, show the amount of turbidity, and when allowed to settle the relative amount of sediment in those bodies of water.",11,0
242,"Rivers often take their name from the appearance of their water, as the Hoang Ho (or Yellow River) from the pronounced yellow color of its water; Missouri (Mud River) from its muddy aspect;",11,0
243,"but you will feel sure that the river before us is not named Pearl River after the pearly aspect of its waters, for you can distinctly see the yellowish muddy appearance and how the reflections are diminished thereby;",11,0
244,"We will call that little sampan and be landed about two hundred yards to the right of what we see here, on the wall beneath that row of beautiful trees, and look back toward the river to Hongkong again.",11,0
245,"12. Mission Children, with One Little American Girl, on ""Respondentia Walk,"" in the European Settlement, Canton.",12,0
246,"We are now in the European Settlement, on the walk by the water, looking eastward, down the river, with a group of mission children gathered under the shade of a range of stately banyan-trees.",12,0
247,"This island is only about three hundred yards in width, separated from the city of Canton by a narrow canal congested with every style of small craft.",12,0
248,"It comprises chiefly the English and French concessions, and is considered one of the most beautiful and healthful foreign settlements in the Far East.",12,0
249,"The whole island is a bower of beauty; the rows of fine modern buildings are flanked by magnificent banyan-trees, such as you see here on the river-front.",12,-1
250,"There are beautiful flower-gardens, tennis-courts, cycle paths and avenues of palms; and all the feathered tribes of the neighborhood seem to appreciate European conditions and protection; these beautiful trees are all alive with birds of brilliant plumage and melodious with birdsongs.",12,0
251,"But perhaps most interesting of all is this group of pretty and welldressed Chinese girls, who have been brought by their devoted American lady teacher from the other side of the river.",12,0
252,"The little party filled a sampan and landed on the Shameen bright and early, because I had promised them one of their pictures.",12,0
253,"They are children of the better class, well dressed and tidy and happy in expectation of receiving a picture.",12,0
254,"The missionary influence on these children is marvelous; they have no superstitious dread of foreigners or cameras; they have been taught self-respect, and to respect foreigners; they are girls, and girls in China, you must know, when they are fortunate enough to escape infanticide, have but meager consideration, and they respond most touchingly to the love bestowed upon them by their affectionate teachers.",12,1
255,"It is worth while noticing how beautifully they are attired, in silken garments, how carefully the hair is arranged after their fashion, smooth and glossy.",12,0
256,"Notice also the one American child on the end of the stone seat, and the difference in features between the Caucasian and the Mongolian types; the stiff, straight, black hair of the latter, with oblique eyes, flat nose and rather poor facial lines generally, and the soft, flaxen ringlets that float about the prominent forehead of the former, with mouth and chin that are modeled on Hogarth lines of beauty.",12,1
257,"There appears to be the promise of a smile on the face of the girl next the river; a scarce article in China, as already mentioned.",12,0
258,"Their garments are not ungraceful, with their capacious sleeves and a simple cord at the neck, instead of a stiff starched collar that enforces awkwardness of head movement; note also that at least one girl has her hair knotted on the side of the head, something that is quite common with small girls in China.",12,0
259,"This bevy of Christianized little Orientals seemed much attached to their teacher, and clung to her skirts and fingers as confiding children do in Western lands.",12,1
260,"I have seen children just as innocent and attractive as those composing this little group, dead in the streets of Tien-tsin after the siege, and floating in the Pei-ho to be devoured by dogs.",12,0
261,"These little Christian girls will now return to their boat down there by the wall, recross the great river and tell to their parents the strange things they have seen in the foreign settlement.",12,0
262,"And we will take an opposite direction, to our left, to a bridge that connects this foreign settlement with the native city.",12,0
263,"13. Watching the ""Foreign Devils.""-Gate of the English Bridge, barring the Cantonese from the Legations, Canton.",13,0
264,"Here we have a perfect example of the stupid, sullen, gazing crowd that assembles instantly wherever a foreigner halts for a moment; and this is not peculiar to Canton, but to every part of the country.",13,1
265,"We are standing on the English bridge with our back to the island, and this strong iron gate is a barrier to prevent the natives from entering the foreign settlement.",13,0
266,"It is closed securely at night, and during the day is guarded closely by native police, who permit Europeans to enter the native city and duly authorized Chinese to enter the foreign quarters.",13,0
267,"The street along which this crowd is passing faces the canal over which we stand, and runs parallel with the island of Shameen and the river.",13,0
268,"I had, up to this moment, been photographing the busy scene on the canal from the bridge on which we stand; so the crowd in a twinkling surged up to the gate to view the operation.",13,0
269,"Knowing that any appearance of deliberately making a picture of this gaping horde would scatter them precipitately beyond reach, I focus for the proper distance while the camera is aimed in another direction, swing instantly on the tripod, expose and return to the original position, without arousing their suspicion.",13,0
270,"There are none of the upper class in this group; a few wear caps, indicating a position above the majority, who are bareheaded coolies; there are a few boys; but, as usual, no women.",13,0
271,"We can see dimly, across the narrow street, a drug-shop with a modern lamp suspended from the ceiling, and shelves of bottles on two sides of the room which has its whole front thrown open to the street.",13,0
272,"This shop is considerably patronized by the Europeans, and usually some one in it can be found who can speak a few words of English.",13,0
273,"They advertise and issue pamphlets setting forth the cureall principles of their discoveries and preparations, and undoubtedly do a flourishing business in an empire where from fifty to seventy-five per cent. of the people are illiterate.",13,0
274,"Once I was taken by my guide into a first-class native pharmacy, where the proprietor presented me with a halfdozen small sample bottles of a preparation said to be wonderfully efficacious in curing every form of disease.",13,0
275,"I can vouch furthermore for the prohibitive duties put upon it in our own country, for while the six small vials were valueless to me and to everybody, the custom-house appraiser in New York, ignorant of the contents of the tiny bottles, called them medical preparations and taxed me one dollar and fifty cents duty.",13,0
276,"You will not fail to notice that Scott's Codfish man, notwithstanding his piscatory impedimenta, has found his way to Canton, as he has to most parts of the world, and, without doubt, he has brought with him a supply of the universal emulsion.",13,0
277,"We are ready for a change of scene, however, and so will leave them behind the gate and stroll down the river to a place near the steamboat-landing called the ""Dying-place.""",13,0
278,"14. Dying in the ""Dying-field,"" where Discouraged Poor are Allowed to Come and Die, Canton.",14,0
279,"Dying-places are ordinarily in homes or in hospitals, but this poor fellow has neither a home nor a hospital in which to die.",14,0
280,We are here in a vacant space near the river a sort of a common littered with refuse and scavenged by starving dogs.,14,0
281,"It has been named the Dyingplace, because poor, starving, miserable outcasts and homeless sick, homeless poor, homeless misery of every form come here to die.",14,0
282,"The world scarcely can present a more sad and depressing spectacle than this field of suicides; I say suicides, because many that come here come to voluntarily give up the struggle for existence and to die by sheer will force through a slow starvation.",14,0
283,They may be enfeebled by lingering disease; they may be unable to find employment; they may be professional vagrants; they come from different parts of the city and sometimes from the country round about.,14,0
284,They are friendless; they are passed unnoticed by a poor and inadequate hospital service; they become utterly discouraged and hopeless and choose to die.,14,0
285,"Their fellow natives pass and repass without noticing them or thought of bestowing aid or alms, and here it is not expected; they have passed beyond the pale of charity; it is the last ditch; they are here to die, not to receive alms, and no one thinks of bestowing them.",14,0
286,The pitiable specimen before us is near the end-too near to heed the usually dreaded camera.,14,0
287,"I attempted to catch a view of others, who, having a trifle more vitality left, crawled away on hands and knees.",14,0
288,"His glassy, fixed gaze tells how soon his long, hard struggle will be over; how soon even the grimy rags that cover his nakedness will be unnecessary.",14,0
289,"With a stone for his pillow, a sack for his garment, without food or friends, an uncoffined grave will soon be his; he has begged a fellow mortal for work, but it was refused him.",14,0
290,Would that the vast numbers who squander extravagantly and needlessly unearned wealth could witness the innumerable instances like this-of existence so full of suffering that death is welcome.,14,0
291,"This far-gone case of destitution and misery is not the only one in this last retreat of human agony; you see another in the distance, probably a new arrival, as he yet has strength to sit erect.",14,0
292,I have been several times to this haunt of agony and have always found several sitting or lying in different parts of the ground.,14,0
293,"When death ends their sufferings they often remain several days before the tardy authorities remove the body, and when removed it is borne to an unknown grave in the potter's field.",14,0
294,"Go with me to the Shameen, to the home of a faithful missionary, and there we can see a different face, a countenance illuminated by Christian ""Nirvana,"" a Chinese Biblewoman.",14,0
295,Buddhistic asceticism has left her; almost the Mongolian obliquity of eyes has deserted her since Christian light entered her mind and Christian love her heart.,15,1
296,"She has been lifted from the low level of her sex among her own people to the level of European culture and refinement, and that by missionary influence.",15,1
297,"Her adopted Christian religion permits her to smile, which she can do charmingly when not posing for a picture; it also permits her to shake hands Western fashion, on an equality with European men and women, which she does gracefully and modestly.",15,1
298,"Her new religion has removed her superstitious fear of the camera, and she is pleased, even anxious, to have her picture taken.",15,0
299,"Their education is practically forbidden; socially they are ostracised; they do not appear in the streets nor at public functions, and I have been told that a Chinese gentleman is supposed to turn his back when one of the opposite sex passes on the street.",15,0
300,"A man, in China, may even kill his wife with impunity, provided he obtains the sanction of the mother (his mother-in-law).",15,0
301,"Can we wonder, either, that the prayer of the Chinese woman who is a Buddhist and believes in transmigration, is often that in the future existence she may be a man?",15,0
302,It would appear from views expressed by the great founder of the Indian religion that his teachings did little to elevate the low state of women in China; for he refers to them in words which might afford grains of comfort to the misogynist and the henpecked husband.,15,0
303,"Here are his words: ""A woman's body has many evil things in it; at birth her parents are not happy; rearing her is without taste' (distasteful); her heart fears men; she must rise early and late, and be very busy; she can never eat before others; her father and mother begrudge the money spent on her wedding; she must leave father and mother; she fears her husband and has times of travail; if her husband curse her she is not permitted to get angry (talk back); in youth her father and mother rule; in middle life her husband; in old age she is at the beck and call of her grandchildren.""",15,0
304,"These devoted workers in the field of the foreign mission were evidently much interested in this woman, and spared no effort to enable me to secure views of native types, who under their Christian influence had come to think of foreigners in a reasonable way.",15,0
305,"Mr. Nelson explained to me the difficulty of reaching Chinese homes; only men can go to the services when general meetings are held, for it is not considered proper in China for women to assemble with men, or even for young women and ladies of the better class to be seen on the street.",15,0
306,"In order, therefore, that the homes may be reached and mothers and daughters taught to forsake their idolatrous ways, elderly native Christian women are chosen and specially trained and educated for this work.",15,0
307,"This Biblewoman is fifty-three years of age; her name is Mak; she belongs to the middle class; is a widow, and had an only son who died of the plague three years ago.",15,0
308,"On his death bed his faith in his new found “Nirvana was so firm and strong as to turn his mother, who had never been in a Christian church, to the same source of consolation and hope.",15,0
309,She applied to Christian women to learn about Jesus; then she applied for admission to the Woman's School of the American Board.,15,0
310,"She at once set to work to learn the Chinese characters; she did not ask for aid, but supported herself by selling needles, thread, yarn, etc.",15,0
311,"Mr. Nelson says it is a common thing to see her with her Testament in hand going out from the school to sit at some home and tell the ""Story.""",15,0
312,"Her education necessary for the best work is not yet complete, but while now doing a good work she is still engaged in educating herself.",15,0
313,"She is very correct in her deportment, and, to show how quick she is to observe, Mr. Nelson tells that when she first entered their foreign built house she remarked: ""Your religion is better than the Chinese religions; you are even allowed to move your chair about and sit where you please; while in a Chinese house chairs are not to be moved from their places against the walls.""",15,0
314,"These women are paid not more than two dollars and a half a month, barely enough for food and clothing.",15,0
315,"In reference to their value and efficiency in the mission field, I give Mr. Nelson's exact words in a letter to me: ""One cannot overestimate the amount of good done in China by a Bible-woman, and there are many doing work which far outshines that of their sisters in this country (America).",15,0
316,"It can be said of many of these humble workers what the Lord said of Mary-'She hath done what she could.'""",15,0
317,"should you desire to make further exploration in this great city on the Pearl River, many other stereographed places may be had of Underwood & Underwood that will enable you to return and visit again this great emporium of the East.",15,0
318,"You have not forgotten that great side-wheel steamer that lay within our first panorama overlooking the river at Canton; we now go on board of her and in a few hours we shall be landed back in Hongkong, our startingplace.",15,0
319,"From Hongkong we shall go northward over a treacherous sea that is the terror of navigators, the China Sea, and through the Formosa Channel to Shanghai, almost a thousand miles north.",15,0
320,"If you have but recently quit your mother's apron-strings or have been accustomed to a nice bed from which you had to lay away the lovely pillow-shams every night, why you must go first class, by the French Mail or the P. & O., which will cost you about fifty dollars.",15,0
321,If you are a graduate from the school of hard experience you can go third class on any of the lines plying between the two ports for about fifteen dollars.,15,0
322,"An intermediate passage, comfortable for those not disturbed by three days of plain living, may be secured for twentyfive dollars.",15,0
323,"So, then, circumstances being a dictator, let us decide and take one of the many boats that leave Hongkong and touch at Shanghai.",15,0
324,"The channel is not very wide, and for that reason it is particularly dangerous during typhoons; but we shall pass through in the early spring and typhoons prevail mostly in midsummer.",15,0
325,"In the meantime, on our way, I must tell you something about that city, and when we arrive we shall find an elevated position as we did at Canton, from which we can get a general view.",15,0
326,"If we turn to Map No. 2, the map of ""Eastern China,"" we find the route line in red which shows our course from Canton to Shanghai.",15,0
327,"Far out at sea, before entering the estuary of the great Yang-tse-Kiang, every voyager is struck by the discoloration of the water.",15,0
328,"If countless giants of the deep had been stirring up an entire sea-bottom of yellow ocher, the water would not exhibit a more turbid yellow.",15,0
329,"This discoloration continues far north through what is known as the Yellow Sea, and is due to the vast amount of yellow deposit from the two great rivers, the Yang-tseKiang and the Hoang Ho.",15,0
330,"The map of China is frequently drawn on so small a scale that the location of the city of Shanghai appears to be on the sea-coast; but by the sailing course, when land is first sighted, we are yet forty miles from the city.",15,-1
331,When we first enter the estuary of the Yang-tse-Kiang we can but indistinctly discover a low lying land at a great distance on the horizon.,15,0
332,"After a sail of nearly twenty miles up this broad Amazon-like river, we reach the mouth of the Wusung River, where all the great ocean liners anchor to debark passengers for Shanghai.",15,0
333,The city is yet twelve miles distant along this river and is reached by steam launches or by railway.,15,0
334,"The Yang-tse, at the mouth of the Wusung, is like a broad muddy lake, and in the direction of its course from the west, the horizon is a meeting of sky and water, as out at sea.",15,0
335,"As we ascend the Wusung, one-story, tile-roofed, gray-brick buildings appear, with evidences of excellent cultivation everywhere.",15,0
336,I have said that the great ocean liners anchor at the mouth of the Wusung; yet nearly all large coasting steamers ascend the river and discharge cargo at the docks in Shanghai; even light-draught warships anchor in the river before the city.,15,0
337,"There are a few cabs out on the street, and an ample supply of the jaunty little man-carts called jinrikishas, or ""rikishas.""",15,0
338,"For luggage, a droll array of wheelbarrows is in waiting wheelbarrows advanced to a state of utility and capacity unknown in the Western world.",15,0
339,"Our luggage on the wheelbarrow and ourselves mounted on a dashing, coolie-propelled ""rikisha,"" we are off for a hotel in the European quarter of the city.",15,0
340,"As we pass along we are amazed at the evidences of up-to-date conditions-wellpaved streets, magnificent modern buildings, street lamps, electric lights, public gardens with music-stands.",15,0
341,"But for a panorama, that we may get the general view of the city which I promised you, we will ascend to the roof of the Imperial Bank of China and look northward over the street along which we came from the landing-place.",15,0
342,"First, though, let us turn to Map 5, a map of the old city of Shanghai, and the English, French and American settlements.",15,0
343,"Following the river shore to the Soochow Creek, and then southward along the Bund or Yangtsze road, we come to the Imperial Bank, where we are to stand first in Shanghai.",15,0
344,"The red lines connected with the number 16, which branch toward the north from this point, show what our field of vision is to be.",15,0
345,According to these lines we should have the Whangpoo River on our right and part of the row of buildings fronting the river on our left.,15,0
346,"16. From the Imperial Bank of China (N.) along Whangpoo River, over the English and American Quarters, Shanghai.",16,0
347,"It is a half-mile in width here and turns first toward the northeast, then again to the north; so that its confluence with the Yang-tse-Kiang and the anchorage of the large ocean vessels lies directly north of us in line with the direction of our vision and twelve miles distant.",16,0
348,"In our ""rikishas"" and with our wheelbarrows laden with luggage we came along a street a short distance in the rear of those far-away buildings; then, along the street before us, which is the center of the English quarter of the European settlement.",16,0
349,"The French quarter, which we shall see from our next position, lies behind us and extends southward to the walls of the native city.",16,0
350,"Pekin is now about six hundred miles directly in front of us; the homes of millions of Chinese lie off to our left, while the island empire of Japan lies directly to our right.",16,0
351,"The well-paved streets lined with shade-trees, and the green lawns near the river, in the distance, are not Chinese.",16,0
352,"Just beyond, at the end of that promenade next the water, you see a small, round dome that is just within a paling that surrounds beautiful public gardens.",16,0
353,"Those tall posts bearing myriad wires that span the streets tell of a busy, ceaseless, commercial enterprise that is not Chinese.",16,0
354,"Those dismasted clipperhulls in the river are not junks, but old ""have-beens"" refitted to receive cargoes of opium, which, owing to heavy duties, is not landed but held in these hulls for reshipment.",16,0
355,"So you must see that on the river-front, at least, little can be seen to tell you we are in China or in even the Orient.",16,0
356,"A few things, however, are not quite familiar to Western eyes-the sampans and house-boats are huddled along the waterfront and around the landing-stages.",16,0
357,"The ""rikishas "" ""are bounding along the street below us, drawn by Chinese coolies or ""rikisha-men.""",16,0
358,You see one of them below us bowling along at a lively gait with a European gentleman on the seat.,16,0
359,"75 standing before hotels and shops; they take the place of the cab, the tramway and the trolley; indeed, in many respects they are more convenient and much less expensive than the cab.",16,0
360,"Their speed is about the same as that of an ordinary horse-carriage, while they will carry one to any part of the city for five cents, or, by the day, at ten cents an hour.",16,0
361,"The ""rikisha-men"" have wonderful endurance and maintain a constant run; but they are said to be short-lived.",16,0
362,"The post and cable offices are on this street, to our left, between us and the public gardens; the Custom-house, the banks and most of the principal offices are here also.",16,0
363,You would like to know whether European Shanghai is confined to this street along the river?,16,0
364,"You may travel westward or away from the river for a mile and still be within a densely populous city; but only a few streets away from the front will you find modern buildings; beyond this, although still within the European quarter, you will find the buildings and population largely Chinese.",16,0
365,"In this city we have the best opportunity possible of comparing and contrasting the East and the West, Chinese civilization with European; but before making further comparison we will change our position to the tower of the Customhouse, which is a little behind the large building beyond the trees on our left.",16,0
366,"From that point we shall look in the opposite direction, southward, and up the river toward the native city.",16,0
367,"On the map of Shanghai, Map No. 5, the red lines which start from the Custom-house, just north of our first position, and branch toward the southeast to the map margin, give our next field of vision.",16,0
368,"The native city lies in the distance before us, and many hundred miles in that direction is Formosa and the Philippine Islands.",17,0
369,"That fine building on the right-hand side of the street is the Imperial Bank of China, and we looked from that dormer window in this direction toward the north.",17,0
370,"I think we can see the English flag on the first one and the French red, white and blue on the signal staff by the black ball.",17,0
371,"I have alluded to the suitableness of Shanghai for a comparison between Chinese and European civilization; this comparison you could make better should I take you through the native city, for it is considered a typical Chinese city; but I am afraid you will have to judge in a measure from what you have seen of Canton and from what you will see later of other cities and be satisfied with this distant view of the native city.",17,0
372,I entered it several times for the purpose or getting a representative view and as often returned in despair.,17,0
373,There is no accessible point of elevation over the city for a panorama; there is no street with light and space enough to enable one to obtain a view.,17,0
374,"It is a wilderness of low, one-story buildings with weather-blackened tile roofs, surrounded by five miles of old crenulated brick wall, and is supposed to contain about a million inhabitants.",17,0
375,Within it is traversed by lanes or streets which might better be termed fetid tunnels seething with filth and teeming with miserable and vicious-looking humanity.,17,1
376,"Odors are suffocating, and the eyes can find nothing attractive or beautiful to rest upon; squalor, indigence, misery, slush, stench, depravity, dilapidation, decay prevail everywhere.",17,1
377,One almost fears to enter a place of so many repugnant scenes and hurries away after a brief glance.,17,0
378,"The saying that distance lends enchantment"" will answer for the native city of Shanghai; therefore, you will, I hope, be satisfied to view the dim outline of it by those long, square structures near the white space far away and in line with that signal staff which bears the French flag and marks the beginning of the French quarter of the city.",17,0
379,"In greatest possible contrast there lies directly before us a continuation of the Bund in the European city, where all is bustle and activity; the streets are broad, well macadamized and lined with beautiful trees.",17,0
380,"The river before the native city is a chaos of junks and sampans; here, out in the stream are many fine coasting steamers from all ports of the Empire, and farther up you see lying at the wharf stately, modern steamers that ply on the Yang-tse or down the coast to Ningpo.",17,0
381,All the comforts and luxuries of Western life are to be found side by side with what I have mentioned within the walls of the native city.,17,0
382,"Yet stranger still is the fact that, though the Chinese note the contrast, they are, with few exceptions, happy in their own way.",17,1
383,"They live in the present, guided by the past; with them the present and the past are wedded, and a divorcement of the two is wonderfully slow.",17,0
384,"It will require every influence for a great period of time; it will require the missionary seconded by the locomotive and possibly by ""Krupps,"" and this for many generations.",17,0
385,"We can see the French settlement commencing at the signal-pole and continuing on to the wall of the native city, showing all the concomitants of Western progress.",17,0
386,Just notice those jaunty wide-awake little steam launches by the landing-stages side by side with the sampans.,17,0
387,There is a comparison by itself; you may notice at the same time that those sampans are quite dissimilar in model to those we saw in Canton.,17,0
388,"In this direction we see again the promenade along which pedestrians stroll to enjoy the river breeze in hot summer weather; and the same street life, the ""rikishas,"" some scudding along with an occupant and others waiting in the shade of those trees; but here we also see the indispensable wheelbarrow doing transport service.",17,0
389,Could you tell by those little docks or landing-steps that extend along the bank of the river as far as we can see that there is a tide at Shanghai?,17,0
390,"Do you remember that when we were at Hongkong I told you that a building for storing goods. is called a ""godown"" in the East?",17,0
391,When I returned from the north of China I was obliged to store my luggage in those godowns until I had complied with the tedious Custom-house requirements.,17,0
392,"While looking in this direction permit me to remind you that in a few days we shall make a trip from Shanghai to Ningpo, and when we go we shall take that first large white steamer lying on the hither side of the godowns.",17,0
393,"If that great hull were filled with opium at ten dollars per pound, a moderate wholesale price, it would be worth a risky, piratical ""hold-up.""",17,-1
394,"We have obtained a general view of European Shanghai along the river-front; have looked toward the French settlement, in which the streets have French names.",17,0
395,"We have seen the American settlement, where the principal street is called Broadway and the leading hotel the Astor House; and now, as I promised to show you a street back from the river, a street in which, while in the European section, the shops and inhabitants are altogether Chinese, we will leave our elevated view-point over the Custom-house and enter Nankin Road, a cross-street which leads from the Bund through the heart of the English settlement.",17,0
396,"18. Rich Native Bazaars on Nankin Road, Principal Chinese Street in the English Settlement, Shanghai.",18,0
397,"Here we are looking nearly eastward and toward the Bund in a street which, although filled with Chinamen and lined with Chinese shops, is plainly not in a typical Chinese city.",18,0
398,"The streets are broad, well macadamized and clean, very unlike the narrow, filthy lanes seen in any really Chinese city.",18,1
399,Those chimneys in the distance to the right plainly tell that we have not gone far into the native quarter to gain a glimpse of the Chinese portion of the settlement.,18,0
400,"There is one feature, however, about this street which gives more evidence of assimilation; it leads out to the most fashionable suburbs and to the race-course, and on Sundays and during the cool afternoon hours of weekdays it is filled with stylish modern vehicles, many of which are occupied and owned by wealthy Chinese, including the ""upper-ten-dom"" of Chinese ladies, elegantly attired, richly bejeweled and coiffured and painted.",18,0
401,"That these Chinese drive out in European carriages, that they attend the races, are among the hopeful signs that there is a trifling infiltration of occidentalism.",18,1
402,"Here, again, is the ""rikisha,"" showing its inward construction and suggesting a stunted survival of the ""Onehoss Shay.""",18,0
403,Standing nearest us is one of England's Indian soldiers who aspires to live in art as a man of letters and has probably succeeded beyond his hopes when he halts for a moment before the camera.,18,0
404,"Notice his costume, his khaki suit, his curious cap, his heavy shoes, and especially his leggings; they are such as are worn by all his Majesty's native troops in India, not buttoned nor laced at the side, but consisting of a continuous piece of cloth wrapped from the foot upward to the knee and fastened.",18,-1
405,A noteworthy physical feature of nearly all East Indian types is a deficiency of calves; but that cannot be regarded as an intellectual disparagement if it be true according to anthropologists that all human development is headwards; it is quite easy to believe on general principles that the less calf the more brain.,18,1
406,"Notwithstanding this headward development theory, I am rather suspicious of the literary attainments of this Hindoo, as real scholars are not always fond of disporting literature.",18,0
407,"It is quite plain that here, as usual, the people are watching the operator; but the picture-making process is not altogether strange to them.",18,0
408,"There are at least five or six well-equipped photographic galleries in this street, all belonging to Chinamen and well supplied with the latest appurtenances of the art.",18,0
409,"We can readily see we are still on the wide and wellkept street of the European quarter, but the building opposite is Chinese except the upper half-roof, which is covered with corrugated iron, an entirely foreign product.",19,0
410,"It is a matter of commercial interest to see into what general use this corrugated iron has come, not only in the coast towns in China, but in our newly acquired islands in the East, where it constitutes a large part of the building material; indeed, in Manila, I decided on different occasions that it was useless to make panoramic views looking over central portions of the city because it was one monotonous characterless glare of corrugated iron.",19,0
411,"The ground floor is occupied by different shops with their fronts widely open to the street, and the native proprietors are standing in the doorway to see what is attracting the attention of those outside.",19,0
412,"You will note that most of the persons in this gathering are of the better class-merchants, clerks, servants many of them wearing caps which generally indicates a rank above the coolie, who is the most menial type of the East.",19,0
413,"The tea-house is a national institution in China; they are found in every city and town and village, and even in country places by the wayside, where they consist often of a shed or a simple shelter of thatch or matting.",19,0
414,"Comparisons may be odious, but in studying a people or a nation one is compelled to make them, and since reaching Shanghai most of the comparisons have been against the Chinaman; but in the matter of the respective national resorts, as the teahouse versus the beer-saloon, a comparison is scarcely admissible, because the frequenters of the tea-house are people of the highest respectability, and I cannot say so much in reference to patrons of the beer-saloon.",19,0
415,"To see ourselves as others see us is a moral impossibility, and could we do so it would scarcely mend matters, as the ethical vision of the second person would probably be no better than that of the first;",19,0
416,"but it is curious to reflect on what would be the impressions of a Chinese gentleman who should for a first time pass through an American city or a single street of an average American town and examine the character of our national resort, the beer-saloon-what they drink and how they act therein, the numerical relation between the bakery and the beer-shop;",19,0
417,"He might at the same time see a frequenter of this national resort come staggering to the door and in drunken stupor and maudlin profanity point his finger of scorn at some poor humble, industrious tea-drinking Chinaman passing by.",19,0
418,"First, though, note the native policeman in regulation garb; his feet, his arms and his head are all in a position that clearly betrays a consciousness of authority over his fellows about him.",19,0
419,"Just at the right-hand side of that front we will enter and ascend to the room above, where we can see the interior of the Chinese national resort.",19,0
420,"Seated on one of these black stools we are permitted to look around; if you spy any drunken men about do not fail to call my attention, because, while I have been many times in these tea-houses, I have never yet seen any in such a condition.",20,0
421,"A tea-house usually consists of two large rooms furnished with many small tables and square stools, as you see here.",20,-1
422,"The rooms are decorated with handsome mirrors, rich carving in wood, and elegant painted wall-screens.",20,0
423,You see the tops of these tables are of mottled marble; the frame-work and the stools are of rich black wood.,20,0
424,"The rooms are lighted by large lanterns of glass set in wooden frames, which you can see suspended from the ceiling.",20,0
425,"In the rear of this room there is a large kitchen where professional cooks, noted for their cleanliness, are employed in making all sorts of pastry.",20,0
426,A peculiar feature of these kitchens is the large stock of boiling water kept on hand and sold at two cash a kettleful-two cash being about one-eighth of a cent.,20,0
427,"This is a rather clever bit of economy where fuel is quite expensive, and, some time, perhaps, stands for the sale of hot water may become a paying business in America when the exigencies of vastly increased population compel a more grinding economy.",20,0
428,"As guests enter and seat themselves at these tables, trays of sweetmeats and fruits of many sorts are placed on the tables occupied.",20,0
429,"Small cups of tea, well made but never strong as it is taken in Western countries, are also placed before the guests.",20,0
430,"When the temperate, harmless beverage is finished, guests, the occasional guests, are expected to leave and give place to others; but the man of leisure may be expected to spend his excess of time here in tea-inspired sociality with friends and neighbors.",20,0
431,To increase the hilarity proprietors often engage vocalists and professional story-tellers and reciters who sing and relate and recite all day long.,20,0
432,Smaller rooms are connected with these places in which those addicted to the opium habit can retire to inhale the fumes of that seductive alkaloid.,20,0
433,"Old men are found here who, between their pipes and occasional cups of tea, pass away many weary hours.",20,0
434,"Public thoroughfares are naturally chosen for tea-rooms; they are, therefore, not infrequently found adjoining temples and yamens.",20,0
435,"This, then, is what I have called the national resort of China, with seldom anything more than tea for a beverage and sweetmeats and the pipe as indulgences.",20,0
436,You see these men at the tables; the trays of cakes and fruits have been mostly removed; the small teacups may be refilled.,20,0
437,"The delicious tea costs less than a cent a cup; there is no drunkenness here; there are no bar-room brawls; there may be the mild merriment and sociability that come of theine, but not the maniacal madness of alcohol.",20,0
438,"You may see two pipes standing on the table by the teacups; they are not opium-pipes, but a not uncommon style of metal tobacco-pipe.",20,0
439,The horizontal bowl is filled with water; the small upright bowl for the tobacco is attached to the top of the water-bowl; a small quantity of tobacco is used at one time; the smoke is drawn through the water and thereby cooled and purified.,20,0
440,"Water-pipes in endless varieties are used, not only in China, but in all Oriental countries; so between sipping draughts of mild tea and whiffing a smoke well freed of its harmful alkaloid, the Chinaman whiles away his leisure.",20,0
441,"For the peerless poet makes Cæsar say: ""Yon Cassius has a lean and hungry look; he thinks too much; such men are dangerous.""",20,0
442,"One lady noticing the sharp, thin face of this man remarked, ""When the Chinese are skinny they are so awful skinny!""",20,1
443,"For no sooner had we entered the place than he ordered a cup of tea for himself, and ordered his cup several times refilled.",20,0
444,"I smiled at his many generous draughts; but when leaving the place I learned that although his face was thin, there was no lack of “ cheek""; the several cups were all charged to me.",20,0
445,"This was the third time in the one day's service that this old picked-up guide had ""squeezed my pigeon""; but I should explain this curious phrase, which is current and well understood in all parts of China where the so-called ""pigeon English ""is spoken.",20,0
446,"“Pigeon,"" or ""pigin,"" is as near as the Chinese lingual organs can come to saying business.",20,0
447,"A Chinaman, for instance, who wishes to say, ""That is not my business,"" will say, ""That no my pigeon.""",20,0
448,"All Chinese servants, without exception, will in some way get a commission or a profit out of any handling of money for their employers.",20,1
449,"On the same day this cadaverous-looking old Cassius accompanied me to the native city where he pretended that certain fees were required, a part of which, I am sure, he kept himself.",20,0
450,"Later in the day he engaged to find a native woman who would allow her compressed feet to be photographed; he found one who would thus expose her feet for two dollars, as he said.",20,0
451,"Thus at this tea-house was my ""pigeon squeezed ""for the third time in one day.",20,0
452,"As we reached the street I entered a rikisha"" and said to my hungry old guide: ""You squeeze my pigeon three times, I squeeze your pigeon one time,"" and deducted from his pay three ""squeezes,"" and we parted.",20,0
453,He had previously committed several murders; but his last offense was the gouging out of a man's eyes.,20,0
454,He was taken in this crime and brought to the native city where he was tried before a Chinese tribunal and condemned to die by what is known as the cage.,20,0
455,"One of China's Most Terrible Methods of Death Punishment, the ""Cage,"" Shanghai.",21,0
456,"The public announcement that the death penalty by the ""cage"" was to be inflicted upon this notorious fiend created great excitement among the natives of Shanghai.",21,0
457,"This means of execution had not been employed for many years; few had ever seen a criminal in a cage,"" which consists, as you can see, of a frame of rough sticks.",21,0
458,"Boards are placed close around his neck and made fast to the frame; flat stones are placed beneath his feet, supporting him about twelve inches above the ground.",21,0
459,"After a stated time these stones are removed one by one, causing a gradual suspension by the neck and a slow strangulation.",21,0
460,"Before the termination of this prolonged death penalty, the criminal in his cage is compelled to stand one day before each gate of the city.",21,0
461,There are six gates to the old city of Shanghai; that means a week of unimaginable fatigue before the scornful gaze of crowds in the thoroughfares.,21,0
462,"When I heard of this unusual spectacle of a caged criminal, I arranged with a Chinese shopkeeper, with whom I had become acquainted, to go with me as interpreter, he being able to speak a little English.",21,0
463,"When we finally found him he was surrounded by an impenetrable crowd of natives, and his charges had gone up to five dollars under a lively patronage.",21,0
464,"We found we had to negotiate with the police in charge, who were evidently dividing the ""squeezes"" with the prisoner.",21,0
465,"My Chinese friend succeeded after tedious parley in a surging crowd in reducing the license from five Mexican dollars to four, with the proviso that the crowd must be cleared out of the way, and that the prisoner must remove his hat and turn his face toward the light.",21,0
466,"Notice how he holds the straw hat, which by our verbal contract he was obliged to remove; and note also the peculiarities of his hair; his queue has been removed and his front hair allowed to grow.",21,0
467,The queue and the shaven front are marks of loyalty to the reigning dynasty and not permitted on the part of those under condemnation.,21,0
468,"Notice the iron hasps on the side of the cage, through which poles are put to carry it from gate to gate; also the flat stones beneath his feet soon to be removed one by one.",21,0
469,"When the morrow came this poor callous wretch was dead; his friends had smuggled in to him during the last night a mortal draught, and he cheated the cage of its intended strangulation.",21,0
470,"His face is not so bad, less Mongolian than most in that horde behind; but the capacity for heartless crime was there, and he paid the penalty.",21,1
471,This is one of the many strange devices for torture and punishment practiced in China; further on in our itinerary I will explain others.,21,0
472,"You are accustomed to see the former contracted beyond the normal condition, but not the latter; so we will enter a room at the hotel where you can see what has rarely been seen, the unwrapped, exposed small feet of a Chinese woman.",21,0
473,"All the world has heard of these small feet, but very few, even of the missionaries who dwell in that land, have ever seen them.",21,0
474,"22. A High-caste Lady's Dainty ""Lily Feet,"" Showing Method of Deformity (Shoe Worn on Great Toe Only), Shanghai.",22,0
475,"Much has been written about this strange custom of binding the feet, and many different ideas advanced as to its origin.",22,0
476,Some Chinese tell us that it was a handicap placed on woman's gadding proclivities many centuries ago.,22,0
477,"Another tradition tells how a beautiful princess, having club feet, so skillfully concealed the fact that others imitated her methods and in this way her imitators brought about a fashion of binding the feet.",22,0
478,"I am more inclined to believe, however, that it is an innovation of fashion; that through all time small feet have been considered more comely than large feet; and fashion exaggerates every means to an end, and this custom has been exaggerated into a deformity in China.",22,0
479,Western nations are not guiltless in this matter; corns and bunions and other feet ailments are often attributable to feet-binding by shoes which are too small.,22,0
480,Any person who wears shoes a size or a half-size too small lives in a glass house and must not criticise foot-binding in China; it is therefore a matter of degree and not principle.,22,0
481,"The Chinese insist that tight lacing in Western countries is in worse taste and more injurious to health than feet-binding; that the waist is more vital than the feet, and that a slight compression of the former is more disastrous than even malformation of the latter.",22,0
482,"It is generally believed that feet-binding is only practiced by the upper classes, and that ""lily feet"" are a badge of refinement; later writers and travellers in China claim this is a mistake, and my own observations have been that it is practiced by all classes except the Manchus, though no doubt less by the lower class, who are obliged to work.",22,0
483,"When the little miss has her muscles of locomotion fairly well developed, say at from five to eight years of age, pieces of cloth from two to three inches wide are wound tightly around the feet, commencing at the great toe and winding upward to and over the ankle; the toes are turned under, as you see them in this case; the heel is drawn toward the sole of the foot.",22,0
484,until the two extremes are nearly in contact; other and stronger wrappings are added; occasionally the bandages are removed and readjusted; the circulation is sufficiently arrested to stop further growth and development.,22,-1
485,"Disuse of the feet deteriorates the muscles of the legs, and the calves almost disappear; but this adds to the symmetry of the ideal female form which, according to the Chinese fancy, should taper gradually from the shoulders to the point of the little foot.",22,0
486,"These dainty feet are well nigh useless for pedestrian purposes, and impart a gait which one can imitate perfectly by trying to walk on the heels without touching the front part of the foot to the ground.",22,0
487,"Possibly you would like to know how I succeeded in getting this view, since I have told you they are so seldom seen.",22,0
488,"You remember my old guide at the tea-house who squeezed the pigeon"" when trying to find me a smallfooted subject.",22,0
489,"I went with him to a native quarter of the city, where he said he had bargained with a pretty girl; because I, of course, stipulated that the face should be pretty as well as the feet, for art purposes.",22,0
490,"He took me by devious ways to an upper floor, where, after haggling with the inmates for a tedious length of time, he brought forth an unusually comely specimen who giggled after the fashion of girls the world over; but she had not been made to understand that her feet must be unbound, and when this was explained to her she fled precipitately, and no money consideration would tempt her to return.",22,0
491,"We tried a third house, to which we were followed by a wild gang of idlers, who wondered what the ""fangwei"" (foreign devil) was in search of.",22,0
492,"After an extended search he found one girl, who, for a consideration of four Mexican dollars, would come to the hotel and unwrap her feet for the camera.",22,0
493,Long usage has taught them to look upon small feet as beautiful; but it is only when they are encased in dainty silken shoes that they are presentable.,22,0
494,"The small feet of the Chinese women are not so small as they appear to be; the sharp front part of the foot is wedged into the small shoe, while the heel is lifted up into the leg of the shoe, thus giving the appearance of a foot scarcely three inches long, when in reality it may be six or seven inches.",22,0
495,"We shall board that steamer in the evening, pay $7.50 for a first-class fare, and during the following forenoon shall be landed at Ningpo, which, as our map of eastern China shows, is about one hundred and fifty miles south of Shanghai.",22,0
496,"By descending the river and continuing directly eastward for ninety-five miles we would arrive at Chusan, in the group of islands of the same name.",23,0
497,"We have here again the same busy scene to be witnessed at every port in China, the ever-present, burden-bearing coolie who, in his own country, bids defiance to every form of labor-saving machine.",23,0
498,"He is a labor-machine himself-willing, patient, full of endurance and contentment on ten cents a day, and such a thing as a strike has never dawned on his ox-like willingness to do an ox's work.",23,0
499,His labor has been of great value to his country and to the world; but who has ever thought of erecting a monument in recognition of the world's indebtedness to the poor coolie.,23,0
500,We are seeing this place on the last day of April; by the shadows you know the sun is shining; by the umbrellas you know it is warm.,23,0
501,"For greater comfort some of the coolies, like the Russian peasants, are wearing their shirts outside their trousers, and I am not sure but it is the proper way.",23,0
502,"I imagine some of these bales contain charcoal, as large quantities of it are shipped to Shanghai; we can see junks in the river; Ningpo is an important place for junk-building.",23,0
503,"The Chinese consider Ningpo as one of the finest cities in the Empire; but to Europeans it is difficult to find much that may be considered fine; the streets are narrow and dirty, and it is intersected by numerous canals which are not by any means Venetian in general effect.",23,0
504,"And, as in all cities in China, everything is out of repair; there are no signs of progress; no new buildings or bridges; everything is old; everything is dilapidated; everywhere there is dirt and disorder.",23,1
505,"Pope makes order ""Heaven's first law,' but it is surely the tail-end of the Chinese code.",23,0
506,"After a half hour's walk we shall find a position on the upper floor of a native shop, from which we can overlook a long bridge of boats.",23,0
507,"24. Bridge over the Fung Wha Branch of the Tang River, Showing Catholic Church, Ningpo.",24,0
508,"This bridge is usually a great thoroughfare in Ningpo, especially on market days, when it is lined from end to end with sellers of all kinds of country produce, as well as manufactured goods.",24,0
509,"On such days it is next to impossible to pass over it, and ferrymen do a flourishing business, when this branch of the river is impeded by the multitude of small boats carrying passengers to and fro.",24,0
510,"The bridge is two hundred yards long and five broad, made of sixteen lighters chained together and covered with planks securely lashed, the whole line of boats being held by anchors.",24,0
511,It was while making this view that I espied a woman crossing with hair coiffured in a most unusual and fantastic style.,24,0
512,"I dispatched my native guide in great haste to intercept her and negotiate a pose, but all attempts and money offers were unavailing.",24,0
513,"Her hair was arranged in a thin, vertical coil, projecting about eight inches from her head behind and noticeable at any distance.",24,-1
514,"The wearers of this odd coiffure are female barbers and belong to an order called the ""To min.""",24,0
515,"There are three thousand in the ""To min"" set, and they, like the Tankia at Canton, are despised by the general community.",24,0
516,"The men are not allowed to compete in the examinations or follow an honorable vocation; they are often actors, musicians or sedan-chair carriers.",24,0
517,"The “To min"" are supposed to be descendants of one Kin who aided the Japanese in their attack on this province; hence the odium which has rested upon them ever since.",24,0
518,"It is often charged that the Chinese lack patriotism, but this prejudice against the ""To min"" surely resembles patriotism.",24,0
519,A Christian Church in the heart of a Chinese city is always a wonderful sight because of its power of suggestion.,24,1
520,"All denominations are represented, and it is said that the people in this province have been more susceptible to Christian influence than in many other parts of the country.",24,0
521,"The sights that meet the eye in Ningpo are very similar to those we have seen in Shanghai and Canton, but still there are some curious things worthy our attention.",24,0
522,"On our way, in a yard, a timber-yard, we will call it, we shall stop to inspect an unusual and ancient kind of saw-mill.",24,0
523,"This is truly the saw-mill of the country; it is everywhere in the rural districts, in the villages, in the great cities; even in the great cities like Shanghai and Tien-tsin, where manufacturers are partially Europeanized.",25,0
524,This primitive method of lumber making still bears the sway and the smart modern steam saw-mill can scarcely compete.,25,0
525,"This mill will generally run threescore and ten years without any important renovation or restoration; besides, it is not an eight-hour mill; it runs from sunrise to sunset and seven days in the week, and never goes on a strike; it contains an automatic free orchestra attachment which furnishes music all day long; that is, they sing as they work.",25,0
526,"The running expenses are trifling mill rent, twenty cents; fuel (rice), ten cents; extra mill hands, nothing; natural wear and tear, nothing; total daily running expense of the mill, thirty 1OO cents.",25,0
527,See if you can tell how this heavy timber is supported rigidly erect for the heavy strain of a cross-cut saw.,25,0
528,"It is after the fashion of our buck-saw, used horizontally, with the saw at right angles to the frame; that is the universal model of saw for the East, both for light and heavy work.",25,0
529,"There is a stack of bamboo poles of all sizes, destined to be used for almost every conceivable purpose.",25,0
530,We will give those poor toilers a few cash and proceed on our way until we reach a beautiful temple called the Fukien Guild Hall.,25,0
531,"This magnificent structure was first erected in the twelfth century by men from the Province of Fukien, which lies south of Chien Kiang, the province in which Ningpo is located.",26,0
532,"It was rebuilt in 1680, and one can scarcely believe from the bright new appearance of the carved columns that it has been standing as we now see it for over two hundred years.",26,0
533,"These Guild Halls in the Flowery Kingdom correspond to clubs in Western 1Ο1 countries; they are social and semi-commercial, being a meeting place for commercial and literary men and people of wealth and standing.",26,0
534,"The buildings cover an extensive area, arranged in different halls of one story with a courtyard in front of each.",26,0
535,"Merchants from the same province of Fukien have erected another beautiful Guild Hall at Canton at a cost of $120,000.",26,0
536,"In some of the halls a stage is erected for theatrical performances, and from a balcony members and their friends can enjoy the entertainments.",26,0
537,"In other halls shrines are dedicated to different so-called deities, such as the Queen of Heaven, the God of Learning, etc.",26,0
538,"There is also in some part of the temple area an Ancestral Hall, in which tablets are erected in memory of departed members of the guild or club.",26,0
539,Lanterns and scrolls are suspended from the ceilings on which curious characters and devices are written in gorgeous colors.,26,0
540,"Some of these columns, my guide told me, were executed in Amoy and others in Ningpo; they are monolithic and of fine gray granite.",26,0
541,We have noticed from time to time on our journey the lack of architectural beauty and attractiveness in Chinese buildings.,26,0
542,"Just notice how delicate in every detail, how rich the designs and in what elaborate and bold relief are the figures on the columns of this porch.",26,0
543,The two national emblems are here brought before us so conspicuously and in such beautiful art that I must tell you something about them.,26,0
544,"The dragon is the symbol on the Imperial flag; the lion is the guardian of every home, shop and temple.",26,0
545,"Every people must have a mythology; human nature takes to myth as to food; it seems almost an indispensable psychological aliment, and the people of the Middle Kingdom are no exception.",26,0
546,"In Chinese mythology there is not one dragon, but many; there is the Celestial dragon which presides over the mansions of the gods; the divine dragon which causes the winds to blow.",26,0
547,The Buddhists consider their dragons as numerous as the fish of the sea; but the fabulous dragon with scales and claws seems to be a sort of Jupiter or Odin in their polytheism; he performs many functions.,26,0
548,"He is represented as a flying Saurian, yet without wings; plainly a different species from the one encountered by St. George.",26,0
549,"He is always represented as a scaly five-clawed crocodile; he presides over the elements; he has power to become visible or invisible; in short, he is a factotum in their divinity business.",26,0
550,"He is the crest on royal monuments, is displayed on the Emperor's robes, and the Grand Chair of State is called the dragon throne.",26,0
551,"He figures conspicuously in porcelain, in bronze, in painting, in sculpture, in every form of decoration; he is conventionalized into many grotesque forms with feathery spreading tail and bulging eyes.",26,0
552,You may see him carved in stone before every yamen and temple and official residence; at the shop doors in every street you will see him carved in wood and gilded.,26,0
553,"The lion, therefore, seems to be a one-headed Cerberus charged with the big task of guarding all the important doors of the Empire.",26,0
554,"Cerberus required three heads to guard the entrance to Hades, and two stern lions always guard important doorways in China.",26,0
555,"These guardian lions may be stone during the day, but they are good, vigilant, live lions during the night, so it is believed, and it is said they may be seen roaming about at hours when children should be in doors.",26,0
556,"Recalling these things, we can better understand why the lion and dragon are in such high esteem and how they outrank all other divinities in the Chinese mythology.",26,0
557,We should not fail to note carefully the splendidly carved dragons on those graceful columns and the one of the two lions which guard the door of this matchless Guild Hall.,26,0
558,"Do not make a mistake and confound our guide who rests on the porch with the Cerberus on the pedestal, because they are both lions on this occasion.",26,0
559,"Before returning to the ship which takes us back to Shanghai, we will enter one hall of a Buddhistic temple to look for a few moments at some gigantic statues of Buddha.",26,0
560,"We saw statues in the temple of the Five Hundred Genii at Canton, dedicated to the memory of distinguished followers of that great philosopher; and here we have before us great statues of Buddha himself.",27,0
561,"These immense figures are carved out of wood according to the conventional model of Buddhas the world over, i.e., in the sitting posture with legs crossed somewhat after the manner of the sartorial artist of earlier days, with eyebrows thinly trimmed down and with looped pendent ear lobes.",27,0
562,"Observe how, in his downcast gaze, the conception of humility has been wrought out as a proper attribute of the real philosopher; at the same time there is the expression of repose as one who has mastered all the ills of life and attained Nirvana.",27,0
563,"I have seen some wonderful monolithic statues of Buddha in Ceylon cut from prodigious granite bowlders and standing erect forty feet in height; also some of about an equal length lying prostrate in the rock temples at Dambulla, not far from the same place.",27,0
564,Even in this temple you may see the ubiquitous dragon wriggling in that ornate background of the statue.,27,0
565,"We must now make our obeisance, and leaving the presence of this august image of the great Indian philosopher, zigzag our way through teeming multitudes to our ship.",27,0
566,"Returning again to Shanghai, we enter the vehicle which I likened to the ""One-Hoss Shay,"" and passing around the native city enter the compound of the South Gate Presbyterian School, where we will find a charming group of native schoolgirls under the care of Miss Cogdal and receiving instruction in embroidery.",27,0
567,"28. Refinement and Industry for China's MassesGirls Making Embroidery at South Gate Presbyterian Mission School, Shanghai.",28,0
568,"Embroidery is the crowning glory of every wardrobe, and a wardrobe in China is not pretentious until it reaches a value of from five to ten thousand dollars.",28,0
569,"It is for furniture, wall decoration, screens, indeed, for everything in which rich silk fabric can form a part, from chair cushions to the royal robes of the Imperial Court.",28,-1
570,"Birds, butterflies, flowers, life figures and portraiture are all marvelously executed in the most exquisite colors and designs.",28,0
571,"Here you see a number of girls, nearly all from families of the better class, some grown to womanhood, others little tots, all neatly attired and as diligent as ants, at work on pieces of embroidery, stretched on sticks, after the fashion of the quilting frame of bygone days.",28,0
572,"It would be impossible, in all China, nay, in all the world, I am inclined to think, to find a more comely and cultured group of girls than these; so gentle, so refined, so modest.",28,0
573,And at this school several natives and others connected with the mission were doing guard duty every night; but no attack was ever made.,28,0
574,"Distance destroys sympathy, and those far away cannot realize how terribly cruel and wanton and widespread was the butchery of innocence in that relentless war.",28,0
575,This school is located quite away from the European settlement in one of the suburbs of the native city and is surrounded altogether by a native population.,28,0
576,"It was apparently under excellent management, and when these girls were allowed for the first time to look at some of Underwood & Underwood's stereoscopic photographs through the stereoscope, they were quite overpowered with curiosity, wonder and amazement; and when they learned they were to be stereographed they hopped about in the most lively fashion, as girls are wont to do when their joy becomes ecstatic.",28,0
577,They could scarcely be longer held at the plodding work of embroidery; they were all in a frolic when Miss Cogdal gave license for a romp in the yard.,28,0
578,"Then to show me how Occidental these Oriental girls are becoming under Western tuition, Miss Cogdal assembled her little flock for an exercise with the dumbbells.",28,1
579,"29. Training of Body and Mind and Soul-Chinese Children at Dumb-bell Exercises, South Gate Presbyterian Mission School, Shanghai.",29,0
580,"The little girls are placed in front, the larger ones in the rear; they all engage in the exercises with eagerness and animation and acquit themselves seemingly as well as Western girls could do.",29,0
581,On several occasions before I have asked you to notice the sad and expressionless faces in native groups; but these countenances are scarcely more than half Mongolian; they are bright and cheerful.,29,0
582,"This is partially owing to the fact that they have just been looking through the stereoscope and are at this moment being immortalized after the fashion of the subjects of the views they have seen, and partly to the loving influence of their kindly teacher.",29,0
583,"We find here no bare feet nor dirty faces, no soiled garments; all are neat and tidy, and from refined homes and under a faithful American teacher.",29,1
584,"Some four months later when I returned from Pekin and the North, I secured a stereoscope for their teacher with a picture of the class.",29,0
585,"When the stereoscope and the pictures were presented to Miss Cogdal she could scarcely repress her clamorous, importunate pupils, who clung to her skirts, awaiting their turns to witness their own faces under the magical effect, as it seemed to them, of the stereoscope.",29,0
586,"Keeping in mind that those pupils in the rear of the line are young ladies, I must tell you how carefully girls of the upper class are reared as regards moral and social training; though we are not to forget that China is full of paradoxes and contradictions.",29,0
587,"In reconciliation of these paradoxical statements, let me quote from a preface of a most interesting little book translated from the Chinese by Mrs. S. L. Baldwin: ""Few people in the West have any intelligent conception of the remarkable civilization that has existed in China for hundreds of years, and this in strange contrast with her squalor, poverty and heathenism.""",29,0
588,"Wherever we go in this ""Flowery Kingdom"" we are meeting these contradictions, viz.: remarkable civilization and amazing barbarism; so that one is constantly admiring and as constantly in a mood of imprecation.",29,0
589,"The little book to whose translation I have referred, is a book of etiquette entitled: ""Instruction for Chinese Women and Girls.""",29,0
590,"This extraordinary little book of etiquette was written over eighteen hundred years ago by one Pang Tai Ku, a very celebrated literary woman, and her instructions are so remarkable when we consider the time at which they were written that I cannot refrain from quoting some portions to you while these little girls and young ladies are before you; because we can scarcely help associating their grace and good breeding with such moral teaching as has come down through the centuries from Pang Tai Ku.",29,0
591,"Let me first give you the introduction to this venerable book of etiquette: ""Tai Ku, your handmaid, is of an illustrious family and was a philosopher's wife.",29,0
592,"I have tried to perfect myself in the four womanly virtues, which are: First, carefulness of deportment, which includes manners, dress, and all IIO outward conduct; second, all womanly duties; third, talking little and that of profit; fourth, to be virtuous.",29,0
593,I also earnestly tried to follow the example of the nine upright women' and 'three chaste ones' (ancient Chinese women distinguished for their virtues).,29,0
594,"Of cultivating virtue's method, The most important is To be pure and upright in morals; If pure, you are clean inside and outside; Chastity is your body's glory; Having it, all your acts shine.",29,0
595,"When walking, look straight, turn not your head; Talking, restrain your voice within your teeth; Sitting, don't shake your knees-a common fault with men.",29,0
596,"Standing, keep quiet your skirts; When pleased, laugh not aloud; If angry, still make no noise; USING THE NEEDLE.",29,0
597,"To embroider shoes, stitch stockings, Mend clothes, and unite cloth, Trim and quilt garments, III All such work should you be able to do.",29,0
598,"If you follow these instructions, Whether it be cold or warm, You will have suitable clothing, And rags and poverty you will not know.",29,0
599,Do not imitate lazy women Who from youth to womanhood have been stupid Not having exerted themselves in woman's work.,29,0
600,"The idle girl going forth to be married, Injures the reputation of her husband's whole family.",29,0
601,"If it is a male guest, The wife may not be seen, But, near the reception room Await her husband's orders.",29,0
602,"If the guest remains to eat and sleep, Wait for the husband to come And say what he wishes prepared; Whether to kill chickens or cook vegetables, Or only offer refreshments.",29,0
603,"Do not imitate those careless women Who do not look after the reception room; Who are hurried and without self-possession, And therefore do nothing properly.",29,0
604,"If a guest arrives When the husband is absent, Send a small child to inquire Whence he comes.",29,0
605,"If he looks like a friend, Send and ask his name And invite him to enter, Then with hair in order and dress neat, The wife may enter the reception room And present her salutation.",29,0
606,"After he has taken tea, She should inquire his business, And if he is a very near friend or relation, She may invite him to await her husband's return.",29,0
607,"Boys know not how to read; They grow up following their own wills, Drinking wine and seeking only amusement, Living idle and useless lives, Singing songs and dancing, Disregarding their family duties, And fearing not their country's laws.",29,0
608,Girls too are unwilling to learn; They are stubborn and talkative; They know little of woman's duties.,29,0
609,"Do not the foregoing quaint precepts written over eighteen hundred years ago plainly tell us that human nature never changes; that proprieties were the same then as now, and that boys and girls were boys and girls eighteen hundred years ago, and after all, human nature in the East is human nature in the West.",29,0
610,"So we will say good-by to our patient, gentle group of Mongolian lassies and take ""rikishas"" five or six miles farther out and southward to a village called Loong Wah, where once a year, during what is called the Peach-blossom Festival, the native inhabitants gather in great numbers to celebrate the bloom and promise of spring.",29,0
611,One of the most remarkable features of this festival celebration is the number of beggars gathered by the roadside on the way to Loong Wah.,29,0
612,"We will have only time and opportunity to look at one of these beggars; but he being the king of beggars, we will consider him a fitting representative of the whole race.",29,0
613,"30. ""King of the Beggars"" the Chief of a Beggar Guild–Vain of His Excessive Raggedness, Loong Wah.",30,0
614,"On our arrival at Loong Wah, near the pagoda of the same name, which you see a few hundred feet before us, this ""Jolly Old Beggar "" marched directly into our presence with greasy, but by no means a starved-looking face, and asked for alms.",30,0
615,We were at once struck by his extraordinary manner as well as by his extraordinary appearance; the first thing unusual in his manner was his smiling face and his cheerful willingness to stand before the camera.,30,0
616,"This was done, too, before I had been made aware that he was a distinguished man, well known in his native village and in the country round; he is a royal personage, even a king in his class, and undoubtedly a possessor of considerable wealth.",30,0
617,"There is a membership fee of about four dollars, and all members swear to abide by the rules and regulations of the society.",30,0
618,The power of the head of a guild is considerable; and they are sometimes appointed watchmen over certain streets because their authority is greatly respected by the unscrupulous element of their own society.,30,0
619,"When a member dies the guild furnishes a two-dollar coffin for decent burial, and other members are required to attend the funeral; they maintain a lodging-house in which members are allowed to sleep at the rate of one cash (one-seventeenth of a cent) a night.",30,0
620,In some towns the rich merchants furnish a dinner twice a year to the beggars on condition that they are not to be importuned by the guild for alms at other times.,30,0
621,"Some of these guilds follow curious occupations, as at Fool Chow, where they engage in rearing snakes, which are sold to the medical fraternity, who boil them down for medicinal purposes.",30,0
622,"All beggars are not members of a guild; many are too poor and miserable to cope with the initiation fees; such beggars you saw at the ""Dyingplace"" in Canton.",30,0
623,The many expedients to which beggars here resort to elicit sympathy and extort alms is an ethnological study.,30,0
624,"Sometimes they have been known to carry a most unsightly leper, on whom the progress of his incurable disease has sloughed off ears and nose and hands.",30,0
625,This is done to compel the inmates of homes to bestow alms in order to rid themselves of a loathsome nuisance.,30,0
626,"Others cut themselves with razors and bespatter themselves with blood, taking care always to present the most bloody appearance with the least cutting possible.",30,0
627,Another method is to stand on the street or by one's home and beat the head in a most ferocious manner with a stick.,30,0
628,"When I was in Canton visiting a great temple, a miserable wretch who had been awaiting my exit from one of the courts, staggered for some time and then fell prostrate on the flagstones, to all appearances suffering great agony and in a dying condition.",30,0
629,"My guide told me that it was all affected, but that I might better leave a little cash-balm for him, as we were in an evil crowd, in an unsafe quarter.",30,0
630,"An expedient tried by some is to ignite a combustible substance on the tops of their heads, when they howl and writhe with pain and in that way prey upon the sympathy of the onlookers.",30,0
631,"Still another device which may always be seen in beggar thoroughfares, is to sit by the wayside and dash the forehead against a flat stone placed on the ground before them; this is done until there is an abrasion of the skin and the blood trickles copiously down the face.",30,0
632,"I have mentioned some of the mercenary self-tortures inflicted by the army of mendicants met everywhere in China, while the ""King"" is still waiting for his tribute money.",30,0
633,"Baths and ablutions are unknown to his sovereign majesty, and an enumeration of the entomological attendants of this royal bundle would be as difficult as a census of the empire.",30,0
634,"I had the opportunity of meeting this ""King of the Beggars"" several times, but after I had bestowed a moderate fee for this pose, his Highness. did not deign to ask a second.",30,0
635,"Now let us ""Chin-chin "" (bye-bye) court fashion and return to Shanghai.",30,0
636,"SOO-CHOW Eighty miles northwest of Shanghai, situated on the Grand Canal, is a city famous in Chinese history, but not so well known to the outside world.",30,0
637,"It was founded 500 B.C. and must have been in its palmiest days a veritable Oriental Venice, being still as of old, intersected by waterways in every direction.",30,0
638,"I refer to the city of Soo-chow (see map of Eastern China), to which the pet name Beautiful Soo"" has been given, because of the many attractive features it possessed during its earlier days.",30,0
639,"The world is indebted to the scholarship and research of the Rev. Hampden C. Du Bose, D.D., for much information about this historic place.",30,0
640,"Dr. Du Bose has written a booklet called ""Beautiful Soo,"" in which he gives information that could scarcely be found elsewhere.",30,0
641,"He says the Chinese have a proverb as follows: ""Heaven is above-below is Soo-chow and Hangchow.""",30,0
642,"The Grand Canal at Soo-chow is connected with the Wusung at Shanghai by a branch canal, following the course of the Soo-chow creek.",30,0
643,"This waterway is well filled with all sorts of small craft plying between the two places, including steam-tugs towing native cargo and passenger-boats.",30,0
644,"One can barely stand erect in the shallow hold and must supply himself with food for the journey, if he cannot eat the native chow.",30,0
645,"Provided with a packet of luncheon and a shawl and blanket, which have been my shelter and my only companions in many lands, I plunged into an abysmal bunk and abode therein until the following day, when I was landed outside the old wall in a European concession, which has been granted in recent years.",30,0
646,"31. A Chain Gang in China-In the Thoroughfare Wearing “Cangues,"" which Record Their Crime, Soo-chow.",31,0
647,"We are here looking northwest, across the Grand Canal, toward the southern portion of the city, which is entirely within the wall.",31,0
648,"These prisoners stand upon a broad, well-paved, modern street running along the canal in front of the General Concession.",31,0
649,"There are only a few buildings in this quarter; the police headquarters are just behind us, and these three prisoners have been brought out before us that we may better see how law-breakers are chained and cangued.",31,0
650,I told you when describing the caged criminal at Shanghai I might show you other forms of punishment later; this is another form of torture.,31,0
651,"It consists of this heavy I2I frame of planks about three feet square, closed around the neck by transverse dowels and is called the Cangue.",31,0
652,"It projects so far that the wearer cannot reach his head with his hands, and is therefore liable to die from starvation unless he have friends to look after him.",31,0
653,"The cangue usually weighs about thirty-three pounds, and when it is borne for several months it would seem to be quite insupportable to any one but an inhabitant of this land.",31,0
654,"I often think that Chinamen must have cold blood or a very crude sensorium, so callous they seem to physical pain.",31,1
655,"A more common mode of punishment than either the cage or the cangue is the bamboo, which is used for all minor offenses.",31,0
656,"It is in such universal use that for purposes of punishment, its weight and dimensions are fixed by law, which authorizes two sizes; the first is five feet eight inches in length, two and three-quarter inches in width and two inches thick, weighing two and two-fifth pounds; the second size is the same in length, two inches broad and one and one-fifth inches thick, weighing one and five-sixth pounds.",31,0
657,"These bamboos are applied to the back of the culprit, and the number of blows is according to the offense, varying from ten to a hundred, but these are subject to remission by the grace of the Emperor, or by a pecuniary redemption.",31,0
658,The first of this trio of cangued prisoners casts a contemptuous glance at us; the second is humility itself; the third betrays a hand-in-the-pocket indifference to what we say or think.,31,0
659,"You see written on the upper side of each cangue, in Chinese characters, the name and offense of each prisoner.",31,0
660,"We will not have time to go within that old wall which has stood there for two thousand years; you see it is after the fashion of every Chinese wall, and having seen one you have seen all.",31,0
661,"But here you obtain a good view of China's most celebrated artificial waterway, the Imperial Canal, which extends from Hangchow to Pekin, a distance of seven hundred miles.",31,0
662,In its long stretches through the country it is often very narrow and shallow; yet it has long been a very important means of both travel and transportation.,31,0
663,"But this Imperial Canal is not only important as a means of transit; it is well supplied with many varieties of excellent fish, fish being one of the three staples of animal food, the other two being the hog and the duck.",31,0
664,"By entering a boat down there on the canal and swinging to the right and sailing out of the town a mile or two where the canal is still wide, I may show you one of the strangest and rarest methods of capturing fish you have ever seen-a method much cleverer and much more successful than that which provoked the humorous sarcasm that ""an angler is a rod with a fly at one end and a fool at the other ""-it is fishing with cormorants.",31,0
665,"Before visiting China I had read of fishing being done in that far-away land by means of trained water birds, but it seemed almost incredible.",32,0
666,When I was in Canton I received a letter from the house of Underwood & Underwood saying that if it were possible to find cormorant fishing in any part of the country I should not fail to make a view of it.,32,0
667,"I was told in Canton that such a thing could only be seen far in the interior and had almost despaired of finding any opportunity of photographing such a scene; but while being rowed along this canal one day I suddenly came upon these two boats covered with great, unfamiliar birds.",32,0
668,I motioned my boatman to take me ashore that I might obtain the proper light and distance; but the fishermen with their educated birds made away from me as rapidly as possible.,32,0
669,I told him to offer them a dollar and a half; the offer only served to increase their speed; they were thoroughly frightened.,32,0
670,"A Chinaman working near came to us and seeing apparently no ill designs in my movements, and being told I would give these men two dollars to be allowed to photograph their birds only, he started in pursuit of the fishermen along the bank of the canal.",32,0
671,"He finally overtook them, explained my object and the money offer, and at last, after long and tedious negotiations, prevailed upon them to return.",32,0
672,"It is to be remembered that two dollars meant their earnings for twenty days, which would be equivalent to giving an American fisherman thirty dollars.",32,0
673,These birds are thoroughly tamed and wonderfully trained; they sit around on the sides of the boat and sometimes dive off after fish of their own accord; but are more frequently urged by gentle touches with those poles.,32,0
674,"The fish are not usually seen from their perches on the boat, the water being often turbid; but they dive several feet under water and search for them.",32,0
675,Strings or bands are put around their necks so that no fish large enough for cooking purposes can be swallowed.,32,0
676,"Fish passing through this gastronomic handicap the birds, of course, devour; those too large are brought to the surface, where the fishermen snatch them from their beaks and deposit them in the specially made fish-basket.",32,-1
677,"Sometimes the fisherman, by way of encouragement, gives to his successful bird a small fish in exchange for a large one.",32,0
678,Neck-bands are not always required; some birds are so well trained that they will deliver their prey without having any check put upon them.,32,0
679,"When several hundred are fishing together, the scene becomes very lively; but there is no confusion; each bird knows his own master.",32,0
680,"Sometimes when a large fish is taken one bird will go to the assistance of another, and the two together will bring the capture successfully to the boat.",32,0
681,"The eggs are often hatched under hens, and the chickens are fed on eel's blood and hash.",32,0
682,In some parts of the country cormorants are still trained in great numbers and are worth from five to eight dollars a pair.,32,0
683,One of these boats came to the shore for me so I could make a close inspection of these intelligent creatures.,32,0
684,"From this fishing-scene we will follow the Imperial Canal back to a picturesque bridge near the south wall of the city, where we will step ashore for a better view and where we can see the kinds of boats that ply along this great waterway.",32,0
685,"33. The Picturesque Land of Confucius-Woo Men Bridge and Grand Imperial Canal, Soo-chow.",33,0
686,No one could feel that he had seen China unless he had seen one of these characteristic bridges or a pagoda.,33,0
687,The Chinese seem never to have taken to the swing-bridge to allow the passage of boats; and wheeled vehicles are so seldom used that they are not considered in bridge-building.,33,-1
688,This is a beautiful arch and built according to sound principles of architecture; but where did the Chinese get their knowledge of the arch?,33,0
689,"Yet, in every part of China these perfectly arched bridges are found which, to all appearances, ante-date both the Roman and the Greek periods.",33,0
690,"The former structure was destroyed at that time, and the place we occupy was the scene of a bloody conflict; the forces under Gordon being on the farther side of the canal, and the rebels on this side under Burgovine with sixty foreigners and an army two hundred thousand strong.",33,0
691,"The center of this simple, graceful arch is over fifty feet above the water, and the quality of the masonry shows for itself.",33,0
692,"People are passing to and fro while some are seated on the side wall, showing that it is probably a rendezvous for loafers.",33,0
693,"Near us, at the edge of the canal, we see women engaged, some in washing clothes, others in washing rice; all at the same place and in the same water.",33,0
694,It is no uncommon thing to see water for cooking and drinking taken from sources impregnated with every form of pollution.,33,0
695,"Now that I have mentioned a point against the cleanliness of these women, let me call your attention to another matter in which they are more particular than other women of the same class.",33,0
696,"These are women of the lower class, poor, and engaged in manual drudgery, yet you will see their hair is carefully and neatly arranged.",33,0
697,Chinese women are as careful to possess a tidy coiffure as the men are to maintain the integrity of their queues.,33,0
698,"Here again we see family boats, and it is estimated that there is a floating population in and around Soo-chow of thirty thousand.",33,0
699,"It is an important center for silk manufactures, and no fewer than one hundred thousand women are engaged in making embroidery.",33,0
700,"Many valuable cargoes of silk are carried in the small boats such as you see; notice the one before us, near the bridge at the right with a cannon mounted on the bow.",33,0
701,"You, of course, know that piracy was very common in many parts of the world in the earlier centuries, but that in modern times that form of robbery has ceased to exist in most countries except China, when primitive modes of water transportation, and, indeed, primitive conditions in all respects affords opportunity for the pirate to ply his nefarious occupation; so that on all the great rivers and canals where valuable cargoes pass to and fro a very poor and inefficient gun-boat service is maintained by the government, and besides this, as I have already shown you, cargo-boats have antiquated cannon mounted on them for defense as you see the one before us.",33,1
702,"The death penalty by beheading is inflicted on all pirates captured, and notwithstanding this extreme deterrent, the inland water-ways are still infested with these reckless robbers.",33,0
703,"I witnessed and made views of the beheading of a pirate at Canton; as the scene is too revolting for general use it is not included in this series, but may be obtained from the publishers.",33,0
704,I have said that in nearly every representation of a Chinese landscape one finds either a camel-back bridge or a pagoda.,33,0
705,"now, in order to see one of the most interesting of the latter, we will travel by boat for several miles, along winding, dark and narrow canals, through the city and beyond, to an elevation of ground called Tiger Hill.",33,-1
706,"On this hill is located one of the oldest and most famous pagodas of Soo-chow, called Tiger Hill Pagoda.",33,0
707,"34. Tiger Hill Pagoda, the “Leaning Tower"" of Soochow (1300 Years Old).",34,0
708,"They are all old by Western chronology, all patriarchal, but the senior member of the group, the Methuselah, as Du Bose calls it, is said to be 1,650 years old; and the authority for this antiquity is Fan Fen Chen Kung, a historian who lived nine hundred years ago, who probably had reliable documents for his statements.",34,0
709,"You cannot wonder it is somewhat stooped, and you see why it is called the ""Leaning Tower of Soo-chow.""",34,0
710,"It is called Tiger Hill Pagoda, from a tradition that after the death of Hoh Lü, the first King of Soo-chow, a white tiger was seen crouching near his grave.",34,0
711,Every race seems to possess the monument-building instinct; a prehistoric race in America built mounds; the Druids had their temples; we find the mysterious round-tower in Ireland; Egypt has pyramids and obelisks.,34,0
712,"India, Ceylon and Burmah are covered with towers and dagobas, and China is said to have two thousand pagodas.",34,0
713,"Some people think the native faith in the pagoda is diminishing, as a new one is rarely seen; this might be said of bridges, temples and nearly everything in China, because everything appears old; disrepair and dilapidation are not necessarily evidences of a waning faith in their national institutions.",34,0
714,"It seems to have had its origin in India, where it was wholly a religious temple dedicated to the worship of idols which were called pagods, hence the name, pagoda.",34,0
715,"In China the form of the structure gradually changed from that of a temple to the tall, manystoried tower, like the one before us.",34,0
716,"The purpose of the pagoda in China has been changed from that of a place set apart wholly for the worship of idols to that of a mixed order-that of a religious shrine, and also at the same time a temple of geomancy, if I may express it in that way.",34,-1
717,"It is supposed to bring peace and the protection of Heaven, and to repress all evil influences that may be peculiar to the locality in which it is situated.",34,0
718,"I have been in quite a number of pagodas, in different parts of the country, and I do not remember that I have seen one containing idols or occupied by priests; but all apparently vacant and left to exert their influence on the surrounding country; this is why I prefer to call them temples of geomancy.",34,0
719,Do not laugh at their credulity and simple faith in geomancy; there is not much difference after all; they erect a pagoda and we nail up a horseshoe.,34,0
720,"This Leaning Tower"" is an unusually large pagoda; it consists of two walls or a pagoda within a pagoda, each wall being six or seven feet in thickness.",34,0
721,"It does not appear so large because our position is several hundred yards away at the foot of the hill, which has an elevation of some fifty feet, the pagoda being nearly two hundred feet in height.",34,0
722,"I was obliged to retire to this distance to obtain a view of the entire structure, and even now the first story is not visible.",34,0
723,"Formerly the hill was covered with fine temples and palaces before that rebellion, but since then the once magnificent center of ""Beautiful Soo"" has been a wilderness of ruins.",34,-1
724,"We cannot afford to remain long in one place; the Chinese Empire is a little world in itself, and much remains for us yet to explore.",34,0
725,"People who visit China should not confine their field of observation to seaport towns, as is so frequently done by globe-trotters.",34,0
726,"When I returned to Shanghai, from Soochow, I received a cablegram to proceed up the great Yang-tse-Kiang River to Hankow, a distance of six hundred miles (see map of eastern China).",34,0
727,"Hoping now that our mutual trip to the interior may be equally interesting, we will embark on one of those large side-wheel steamboats, such as that on which we made our trip to Ningpo.",34,0
728,"The accommodations are as comfortable as on a Hudson River steamer, and we shall reach Hankow in three days.",34,0
729,"The scenery en route is interesting, but somewhat monotonous; the valley of the Yang-tse-Kiang is a level plain with no great diversity in its appearance, and all Chinese towns are alike.",34,0
730,The vast expanse of yellow water dotted with characteristic junks moves sullenly along at the rate of two and one-half miles an hour.,34,0
731,Our fellow passengers are a few missionaries with their families who are on their way to the hill region to pass the hot summer months.,34,0
732,"Six or eight stops are made between Shanghai and Hankow, and then, at the end of three days, our boat makes fast to the hull of an old ship.",34,0
733,"35. Coolies Unloading Tea at Hankow, the Great Tea Market of Interior China.",35,0
734,"This is Hankow, six hundred miles from the sea, and undoubtedly the greatest tea market in the world.",35,0
735,"But it is European Hankow, and you have already learned that Europeanized cities in China and native cities are very dissimilar.",35,0
736,"There are three native cities here, all within sight one of another and also lying adjacent to the foreign settlement before us; they are Wuchang, on the opposite side of the river, and Hanyang and Hankow, lying near together on this side.",35,0
737,"When I stood here a huge three-funnel merchant steamer from Odessa, Russia's great port on the Black Sea, lay at anchor in midstream.",35,-1
738,"Ships from all parts of the world come here for tea; so, I think, for gigantic tea-parties Hankow holds the record.",35,0
739,"Our steamer brought a cargo from a point down the river to this place for transshipment, or possibly to be first transformed or pressed into what is called brick-tea.",35,0
740,"Should we go ashore a little distance from this shipping front, we would see many places where tea is pressed into hard bricks, chiefly for shipment to Russia, although the best grades of tea are not put up in this manner.",35,0
741,"Though this is the most important tea center in the world, I want to tell you that the nearest point where tea is grown is one hundred miles from Hankow.",35,0
742,"Tea is brought here from the hill and mountain districts, where it is grown; it is brought from smaller ports up and down the river to Hankow, where it is sometimes repacked and sent to all parts of the world.",35,0
743,"There are many docks such as this where lines of barefooted, bareheaded, and sometimes barebacked coolies form a ceaseless line between the ships and the ""godowns,"" carrying chests of tea and uttering their weird, dolorous cry, which they think distracts the mind from the burden.",35,0
744,"The tea is now altogether in the hands of Chinamen; from these landing “go-downs"" it will be carried to the hongs, as business places are called in the East.",35,0
745,These chests of tea do not look exactly familiar; they are differently marked from those we are accustomed to see in our markets.,35,0
746,"Much of the tea used in America is from Japan, and besides, teas from different parts of China are marked differently.",35,0
747,"I was greatly surprised to learn that at this place the difference between high and low water is often forty feet and over, sometimes reaching and flooding the streets above.",35,0
748,"I think you have not discovered that each coolie carries a small stick in his hand; they have a simple but a very infallible way of checking off the number of packages discharged; after the ancient fashion, each coolie delivers with each package a tallystick to a tally-man on shore.",35,0
749,Not many in the West would like to carry these chests of tea ten hours a day in the hot sun at ten cents a day!,35,0
750,"Let us go ashore, ascend those forty steps, turn to the right a hundred yards, and we will face a pretty plaza, which, overlooking the river, is called the Bund.",35,0
751,"The beauty of those buildings and rows of trees with well-kept lawns and walks and well-paved streets is enhanced by the recollection that it is in the heart of China, six hundred miles from the sea.",36,0
752,"I expected to find a few Europeans here, but not this charming vista of 136 modern buildings and beautified grounds.",36,0
753,"We are looking eastward and down the river; behind this line of trees, on our right, is another promenade, overlooking the broad river and some fifty feet above it, flanked by a protecting wall.",36,0
754,"It is instructive to know that this state of affairs has been established here since 1858, when, by the treaty of Nankin, Hankow became an open port.",36,0
755,"The native quarter is very unlike this; it is, as I have remarked of other native cities, redolent of every known and unknown odor and teeming with filthy myriads of human life.",36,0
756,"I was told that several Chinese gentlemen of Hankow made an effort to persuade their fellow townsmen to attempt to model the native city in some measure after the European Settlement, but the proposition met with so little favor that it was given up.",36,0
757,"To change the ways of the masses of the Chinese people promises to be a ""steady job.""",36,0
758,"Here again, we see few, if any, Europeans; this will be partially explained if you notice the shortness of the shadows cast by those figures in the foreground; I mean that you may see it is near midday, when Europeans, in hot weather, are seldom on the streets; but the whole place is animated with coolies, many of them pole-coolies, as they are called, because nearly all transportation is done by them by means of these poles.",36,0
759,"We are here standing on the balcony of the Town Hall, and when I attempted to make this view the people near at hand fled as though Mara (Chinese Pluto) had suddenly arisen in their midst; a ""Fangqwei"" with a camera is scarcely less dreaded.",36,0
760,"The idea occurred to me that if I should cast handful of cash down into the street, cupidity might overcome superstition and bring the coolies close again.",36,0
761,I have previously explained to you that seventeen cash are equal to one cent and make a good handful.,36,0
762,"I gave to my native porter a handful of cash and explained to him how, at a given time, he must throw the cash to the coolies below.",36,0
763,"I returned to an inner room to prepare my apparatus, and when I returned and asked my porter where the cash was he replied: ""Coolie have got.""",36,0
764,"The stupid fellow, not understanding my directions, had thrown them to the street in my absence; but they had served a good purpose, for, by this time, the street was full as you see it now, all eager and expectant.",36,0
765,"I threw another handful, which was instantly followed by a chaos of heads, heels, poles, prostrations, ""flip-flips"" and somersaults.",36,0
766,"When there was a partial restoration to mental and physical equipoise, and when they had become engaged, seemingly, in conference as to whether another shower of hard cash was to be expected and whether a madman or a veritable Carnegie had arrived in the foreign settlement, I manipulated my camera.",36,0
767,"When I first reached Hankow I supposed I was in the heart of the tea-growing region; but I soon learned I could not reach the nearest plantation without a tedious journey of a hundred miles; and that this journey must be made in a house-boat, through canals and inland lakes and rivers for eighty miles, and then, when I reached the mountains, the last part of the trip, some twenty miles, would have to be made in a sedan chair carried by coolies.",36,0
768,"The worst feature of the adventure was the hostility of the people in the province through which the journey lay, for at this time the Boxer uprising was agitating the usual bitterness toward foreigners into frenzied aggressiveness.",36,0
769,"The American Vice-Consul found a fearless and adventurous young man, son of ex-Consul Childs, who was quite willing to accompany me for the sport of hunting on the way.",36,0
770,"This young fellow was powerful and brave almost to recklessness, and, as he said, any half-dozen Boxers would only be “Child's"" play for him.",36,0
771,"We at once set to work to prepare for the trip; he furnished one double-barreled breech-loading shot-gun and a Martini-Henri rifle, with an abundance of ammunition; he also engaged from a friend of his, a Russian merchant, a suitable house-boat with sleeping accommodations; later I will show you the boat.",36,0
772,"We went to a native grocery and laid in a supply of provisions, such as we could get-chiefly canned goods and several dozen bottles of soda-water-we knew drinking-water would be difficult to find.",36,0
773,"Mr. Childs said we must take a couple of bottles of whisky, because he was acquainted with a mandarin up the river who was fond of it, and that his favor was worth two bottles; I remonstrated that one bottle was enough for one mandarin.",36,0
774,"""Yes,"" he replied, ""but we may find another mandarin""; and so we did.",36,0
775,Our grocery supply cost fifteen dollars; it included several loaves of settlement bread.,36,0
776,"He returned with a back-load all strung on strings, about one dollar's worth on each, the five straps weighing thirty pounds; this is no exaggeration; because the spectacle of our cook returning with thirty pounds of coin hung over his shoulders and around his neck was so ludicrous that I weighed a one dollar strap, which was just six pounds.",36,0
777,A very brief and limited shopping expedition in a native town necessitates a coolie with a wheelbarrow to carry the change.,36,0
778,"After much preparatory running back and forth, we sailed near eleven o'clock at night.",36,0
779,"Our houseboat was fitted with sail, but, in the absence of wind, it must be towed by hand by means of long lines from the shore.",36,0
780,"A light night breeze carried us across the river, where the coolies went ashore with the tow-line and towed through the night while we essayed to sleep in our new and confined quarters.",36,0
781,"When we arose in the morning we found we had made little progress up the great river, Hankow being still plainly in sight; some time before noon we reached Kinkow, an important town on the Yang-tse only about twenty miles from our starting-place; here we entered a canal or creek which connects the Yang-tse with a small lake some twenty miles inland.",36,0
782,37. Travelling in Interior China-Our House-boat on a Canal near Kinkow (600 Miles Inland).,37,0
783,"My captain stands at his right, his high rank and authority indicated by what appears to be, according to rustic parlance, a ""boiled shirt.""",37,0
784,"Our cook left us at this place, becoming suspicious we might never return, and our interpreter, who is clad in black, assumed the duties of the runaway cook.",37,0
785,"You see the door leading into our little cabin, which had a table in the center and a seat on either side used for a bed at night.",37,0
786,"Have you observed the wrought-iron, handmade anchor projecting over the bow, consisting of four radiating hooks?",37,0
787,Have you observed the detached rudder suspended at one side and beyond it a cross-bar projecting a little over the free-board?,37,0
788,"On the end of this a large sculling oar is placed to propel the boat when away from the shore or when becalmed in deep water, where poles cannot be used.",37,0
789,"It is not an Atlantic liner; but withal, it left with me memories more interesting than those obtained from the floating palaces of the sea.",37,0
790,"You can see the height of the banks, showing the depth of the soil, and the canal, which was originally a creek or river, is here quite deep, and this continues until we reach the high lands.",37,0
791,"A typical craft from the interior, propelled by a large sculling oar on one side of the boat, is passing down on the other side; it is probably on its way down to Hangkow or other of the great near-by cities, with farm produce.",37,0
792,"You may know by the glossy surface of the water that there is no breeze for our sails; therefore, the tow-line is thrown out, the gang-plank is hauled in and we move slowly on our way.",37,0
793,"Our meek little cook had prepared for us a breakfast that would satisfy anyone but a man who has no business to travel; and now he was busy in the galley, which was, indeed, more a hole than a galley, preparing our second meal.",37,0
794,"When it was on the table it quite astonished us, and while we ate we eulogized the cook and made, I fear, some unflattering remarks about French chefs.",37,0
795,"A light breeze, at times, enabled us to use our sail, and when the wind failed the coolies resorted to the cumbersome sculling oars.",37,0
796,"We made the farther side of the lake a little after nightfall, where we entered a second canal, in which we tied up, our crew not being able to work continuously day and night.",37,0
797,"On the following day, after we had been several hours in this canal, we entered a small fishing village where the banks of the canal were lined with villagers of both sexes in charge of ""lift-nets.""",37,0
798,"This lift-net may be seen in every port of China; it consists of a horizontal net about twenty feet square, attached to a bamboo frame-work projecting over the water from the shore; it is lowered and raised from the shore, and each net requires one attendant; it is lowered until it sinks to the bottom, where it remains for a time, or until fish have assembled over it, when it is raised for a draught of them.",37,0
799,"This was a novel and interesting scene and we ran our house-boat ashore, thinking to obtain a view of the villagers in their droll piscatory vocation.",37,0
800,"I planted my camera in a suitable position, when, instantly, along the whole line, they left their nets and came pell-mell toward us and around us.",37,0
801,"We called our ""boy"" (every servant is called a ""boy in the East) to persuade them to stand away from the camera; his appeal had no effect; their curiosity increased and the crowd increased; they at once showed an unfriendly manner; one fellow landed from a boat and came strutting forward with an air of importance and authority and lifted the cloth of the camera to see what was under it.",37,0
802,"I took it out of his hands and motioned him back; he straightened up, swelled his chest, compressed his lips and dove his head under the cloth; no self-respecting photographer can brook any liberties with his apparatus.",37,0
803,"He swelled up in importance again, but kept two yards. off; his dignity was damaged; he looked vengeance and sneeringly cried out, ""Fanqwei! fanqwei!""",37,0
804,"There was no possibility of getting a picture, the crowd was rapidly increasing, and the half-mile line of nets was deserted.",37,0
805,We started for our boat; but no sooner had we emerged from the crowd than we were greeted by a volley of mud and lumps of CHINA THROUGH THE STEREOSCOope. clay (there were no stones).,37,0
806,"In a mood to even up honors, we brought our guns on deck and donned our cartridge belts; there was a silent but hurried retreat all along the line.",37,0
807,"I gave Childs my gun to carry, took my camera, went on shore and we advanced to the place from which we had retreated: but like the clans of Culloden, ""they were scattered in flight.""",37,0
808,"This showed, as has been shown in a thousand other instances, that the Chinese lack the fighting instinct, or, in other words, that they are cowards; but sometimes will fight a little with ten to one.",37,1
809,"Childs said, on our return, that he had heard of the ""Battle of the Roses,"" but he had never anticipated a ""Battle of Mud.""",37,0
810,"A village is often composed of a clan, or family line, where one disposition characterizes the whole village; here we had fallen in with an anti-foreign breed and as soon as we reached our boat, our order to the captain was: ""Walkee, walkee, chop, chop!"" (Start at once).",37,0
811,"Our coolies kept tugging at the tow-line until, some time in the afternoon, when we spied a typical native plowman quite near the bank of the canal.",37,0
812,I placed my instrument at the point of his nearest approach; when within about twenty paces. the buffalo halted;,37,0
813,"I knew something about the idiosyncrasies of a water-buffalo, and that when he stops to look at a foreigner, something is going to happen.",37,0
814,"it was a level plain, and the last we saw of the water-buffalo was a black spot in the horizon, with a whisking crescent over his back made by the flying plow.",37,0
815,"On our return trip several days later, we recognized the same field and saw that no plowing had been done in the meantime.",37,0
816,"At one side of this marshy plain, a large town was located on a hillside, extending down to the edge of the water.",37,0
817,"We saw banners flying and a great assemblage of people covering the side of the slope, and decorated boats seemed to fill the broad stream before the town.",37,0
818,It is not a good day to be in a Chinese crowd in a remote and hostile province; but we thought we would experience no difficulty in making our way past the town in our boat.,37,0
819,"Boat-racing is an important feature of the day; several boats curiously decorated and filled with men rowing with short paddles, dashed back and forth before the town.",37,0
820,"While these picturesque race-boats were passing and repassing, I stood on the bow of our little boat attempting to catch views as we moved through among them.",37,0
821,"This seemed to attract the attention of the great crowds on the shore, who commenced to set up a derisive yell, which is quite peculiar and as distinguishable as the Indian's war-whoop.",37,0
822,"A Chinese crowd, like any other crowd, is always more inflammable and aggressive on a holiday, and a vast assemblage greatly augments individual courage, especially among Chinamen.",37,0
823,We halted for a while to witness the strange proceedings; the jeers increased; then came a shower of mud; next a volley of stones; several waded into the water up to their waists around our boat; another volley of stones nearly demolished our cabin window.,37,0
824,"At this we jumped into our little cabin and brought out our guns and slipped in cartridges; with this threat those in the water moved back a little; the jeers increased, and a hundred voices were shouting, Fanqwei! fanqwei!"" and punctuating their raillery with stones.",37,0
825,"The missiles came so furiously at one time, that Childs leveled his gun, when I called to him not to shoot.",37,0
826,"Fortunately, at this point, we were thirty or forty paces from the shore on which the enraged mob stood, while the number in the water near us, on the opposite side, were held back only by our guns; our coolies were as glad as we to get away from this ugly and cowardly band.",37,0
827,"The mob followed for a half-mile along the shore, shouting, no doubt, all manner of ribaldry, but foreign devil was all we could understand.",37,0
828,"We soon entered a small lake where they could no longer follow, but until we were out of sight we could hear their peculiar yell of derision.",37,0
829,"We anchored late that night in the canal, and got away by daylight in the morning, that we might make the end of our boat journey, some ten miles farther, and have the whole day for the last twenty miles, which must be made in chairs.",37,0
830,At nine o'clock in the forenoon we came to a few houses scattered along the bank of the canal; here we must debark and find sedan chairs; they could only be obtained in a town five miles away.,37,0
831,"Our ""boy"" must go afoot with several straps of cash over his shoulder-cash to buy eggs in the country, to buy hot water, to mollify the mercenary-cash was our only credential, and the ""boy"" had yet nearly thirty pounds on his back, the equivalent of five Mexican dollars, or two and onehalf dollars in American money.",37,0
832,"Twenty miles is a good ride in a carriage; it is a long journey in a sedan chair, in a rough mountain district, where there are no roads, where one has to pass many villages, through countless rice-fields on narrow mud dykes, along rocky declivities and up steep slopes.",37,0
833,"Our chairs were of the rustic order, made of bamboo suspended on bamboo poles ten feet long.",37,0
834,"These fields are separated by ridges of clay sometimes a foot, sometimes two feet above the mud or water.",37,0
835,"To pass around the corners of the mud-fields, on narrow ridges, without being precipitated into the mud, was the most precarious part of our journey, and in this we did not quite succeed.",37,0
836,"I would surely be charged with exaggeration should I attempt to say how many times our chair-coolies were pitched over the narrow dyke into the deep mire while attempting to turn the sharp angles, we ourselves only escaping a mudbath by clambering to the treacherous path till the coolies could be extricated.",37,0
837,"We were, of course, at once surrounded by curious villagers who showed no unfriendliness, but were greatly interested in our modern firearms, and Childs entertained them by bringing down birds from the highest treetops.",37,0
838,"Only one incident occurred here worth relating, an incident which shows how tricky and unscrupulous the Chinese are in ways of extorting money.",37,0
839,An old woman hurried into our presence leading a child and affecting great distress of mind; a stream of blood was trickling over the child's face from a scalp wound.,37,0
840,"She showed us the wound and, jabbering explanations, pointed to our guns, intimating we had shot her child.",37,0
841,My companion broke into a roar of laughter and showed how we had been shooting altogether in an opposite direction and away from the village in which she lived.,37,0
842,The natives about us saw the shooting and also laughed at the woman's stupid and futile scheme to obtain money.,37,0
843,The trifling scalp wound was maternally inflicted and her plan proved a bungling and unsuccessful bit of blackmail.,37,0
844,"The chair-coolies got a feed of rice from the villagers, and we ate our lunch hemmed in by a staring group of onlookers, which was not altogether agreeable, because one is liable at any moment to be colonized by a drift of eleemosynary insects from leeward, and this prospect is somewhat de-appetizing.",37,0
845,Another plain of rice fields lay before us which involved unpleasant liabilities and greatly retarded our progress.,37,0
846,"I looked back and saw one of his coolies submerged in the liquid soil, the other at the front, upon the ridge of clay.",37,0
847,"The mud just reached the seat of the chair and my friend sat quite helpless, holding his gun out of the mud with one hand and projecting his feet upward.",37,0
848,"The dilemma was only for a moment, as his loud and intensive language worked as an explosion of dynamite and brought the submerged coolie to the surface and, presto, to the path.",37,0
849,"As usual, there was no damage except to the coolie's clothes, and that was not serious, as they consisted only of ""onepiece shirt.""",37,0
850,"A great part of our journey by chair thus far had been across these rice fields, or ""sloughs of despond,"" as Childs called them, but now we had reached the first mountain slope.",37,0
851,"In many places the tea stood at the door as a sort of a free-lunch trap for wayfarers; in other places it must be paid for at the rate of a cash"" a cup.",37,0
852,"The cups are small and five or six of them would scarcely equal in quantity an American ""schooner ""; besides tea, about the only drink to be obtained at these inns, is ""sam shui,"" a sort of home-made wine.",37,0
853,Late in the afternoon we were among the lower mountain slopes and scattering patches of tea plants began to appear.,37,-1
854,"It was up a steep mountain side, over a crest and down again into a table-land covered with patches of paddy (growing rice in Eastern countries is called paddy) until nightfall, when we entered a broad, fertile valley watered by a small river.",37,0
855,Darkness overtook us and we had yet several miles to go before we reached our destination at a place called Matin.,37,0
856,"Our chair-bearers had become considerably exhausted and stopped frequently to rest at places on the wayside, where curious rustics would peer around us in the darkness, sometimes thrusting their faces under the front of our covered chairs.",37,0
857,Our men sometimes left us for a few minutes to quench their thirst at some teahouse; we could hear persons passing and repassing in the darkness.,37,0
858,"Mine waited in a farm-yard till our boy had brought in Childs; meantime, I sat in my chair surrounded by bogey-men; some came with paper lanterns which they held up before me to get a look at a ""foreign devil.""",37,0
859,My companion had both guns in his chair; when he was brought back we apportioned our armament and resolved not to become separated again; we knew now we had no house-boat to fall back upon and trusted we might not fall into a dragon-festival crowd.,37,0
860,"The streets were dimly lighted with paper and tin lanterns and we were set down in the heart of a strange town in the Province of Hunan, we were told, but from subsequent examination of maps I believe we were just on the boundary between the provinces of Hupeh and Kiangsi (see map of Eastern China, Map No. 2).",37,0
861,"The news of our arrival, even though late at night, spread rapidly; the street was soon a solid mass of struggling humanity; it was difficult for our chair-men to make any headway in such a crowd.",37,0
862,"Our ""boy"" and the chair-coolies slowly wedged their way, by inches, through the dense mass.",37,0
863,The mandarin's palace (?) was a half-mile away; and after we emerged from the crowd it followed us to the door of the buildings said to contain the high functionary we sought.,37,0
864,"It required several minutes of pounding at a great wooden door before any response came; at last some one, I suppose a servant, arrived.",37,0
865,"Our instructions to our ""boy"" were about as follows: ""Tell the good mandarin we are Americans, come to see Chinese Tea-man-have no place to sleep-will good mandarin let us sleep any place inside his palace?""",37,0
866,"Childs, who knew the mandarin character pretty well, said he thought a stronger appeal was necessary-that we must see the mandarin himself; so, to get out of the crowd, by sheer effrontery, we pressed within the outer door; but the crowd followed.",37,0
867,"After much wrangling and persuasion by a number of mandarinish flunkies, the crowd was pressed back and the door made fast.",37,0
868,"Childs with his gun, accompanied our ""boy"" into the presence of His Excellency and stated the urgency of our case,—that there was no hotel; that there were plenty bad men outside; that our hong at Hankow ""makee"" buy plenty tea; these and numerous other necessitous lies induced the mandarin, after a full half-hour of talking, to allow us to sleep in an empty room.",37,0
869,"We were too glad to be within walls to complain of a bed of hard boards, and after a midnight repast we stretched out upon our doors to await the strange disclosures of the coming dawn.",37,0
870,"I have spoken of the mandarin as ""His Excellency,"" and of his domicile as the palace; but there did not appear to be any excellent qualities about him or anything palatial about his residence.",37,0
871,"He was ordinary in appearance, stupid and boorish in manner, devoid of hospitality and actuated alone by suspicion.",37,0
872,"His home was a tileroofed, one-story agglomeration of sheds made of sundried brick without and finished within in the crudest fashion with hand-sawed lumber.",37,0
873,"When we arose in the morning we found the town of Matin situated in a beautiful and well-cultivated valley, flanked by lofty, near-by hills with towering mountains in the distance.",37,0
874,"The tea plantations were a great disappointment to me; they consisted of only small, stunted bushes twelve or fourteen inches high, in scattered patches that were worthless as showing a typical tea plantation.",37,0
875,"I have been in many tea plantations in India, in Ceylon and in Japan, and I considered the plantation at this place unworthy a photographic reproduction; but I felt I must go out on the hillsides to look around and possibly make a view.",37,0
876,"So we set our ""boy"" with the mandarin's servants at work to hire a group to go out with their baskets.",37,0
877,"This we found to be difficult of accomplishment, because of the strange suspicions that seemed at once to fill the minds of the whole people.",37,0
878,"After long persuasion and offering tempting straps of ""cash,"" a few girls were assembled for the field.",37,0
879,"When that ""thing of evil,"" the camera, was brought out all was changed; the mandarin sneaked back into his quarters; the tea-pickers, one after another, gradually disappeared.",37,0
880,"We left our guns in our room to lull fear and suspicion, but the camera was an omen of evil to be dreaded even more than our Martini-Henri rifle.",37,0
881,"38. Paddy Fields and Group of Jeering Natives at Matin, 700 Miles Inland, Kiangsi Province.",38,0
882,"One portion of the crowd following us is there on the bridge; another squad is on the hillside, toward the right, beyond the range of our vision.",38,0
883,"I made several attempts: before this view was taken to stereograph this band of rustics at close quarters, but failed, because, although sadly lacking in intelligence, they seemed to know the business front of a camera and scattered with the slightest turn in their direction; but at this distance they do not imagine their pictures can be taken.",38,0
884,"This is an exceedingly interesting scene; in the first place, because it is in the heart of China; in the second place, because it is in the mountain region where tea is grown; and besides, it shows you paddy or rice fields which I had occasion to mention, but could not show you en route.",38,0
885,"Here, in the interior, we see again the typical arched bridge, such as we saw at Soo-chow; but this has two arches, with only one in sight.",38,0
886,"I have seen beautiful bridges in China with over fifty arches; as usual, this bridge is made for footpassers only and is approached by steps.",38,0
887,"You see, too, the stream that irrigates the valley, flooding the paddy fields; it might be called the purveyor for the whole population.",38,0
888,"The Encyclopædia Britannica places it second to wheat, but I refuse to accept that so-called high authority on any statement so obviously erroneous.",38,0
889,"Europe and the Americas are the chief wheat-eating countries of the world, and China alone has a greater population than all;",38,0
890,"Then we must remember that the vast population of Africa and the other parts of Asia, with the East Indies, are essentially rice-eating peoples.",38,0
891,"You probably know that rice is an aquatic plant and is supposed to be a native of India, although there are kinds that will grow on high lands.",38,0
892,"It is sown in mud or water, and when it has grown to be eight or ten inches high it is transplanted, as you see it in these fields.",38,0
893,"From the appearance of this field you can now understand the difficulties we encountered on our journey in traversing paddy fields for miles along those narrow ridges in sedan-chairs, and especially in turning those angles.",38,0
894,"Those mountains are all tea-lands as far as you can see, although there is no tea in sight except a little line of stunted bushes close down on our right.",38,0
895,"The tea-plant does not like the vicinity of salt water, but thrives best in mountain air and mountain soil.",38,0
896,"These peasants do not seem to differ in appearance from those we have seen in other localities; they wear the queue; their heads are shaven; some are half nude; some wear trousers with shirts outside; some are barefoot and some are shod, and all are impudent in a cowardly fashion.",38,0
897,"We will descend from the slope on which we stand, cross the bridge and continue directly across the valley, followed by the gang on the hillside above us and those at the bridge, till we reach the opposite slopes, where we will ascend to a height which will enable us to look back across.",38,0
898,"While we are making that short distance of about a half mile that native escort will, from a distance in the rear, continue to utter their shouts of mockery and their taunting yells.",38,0
899,"39. Paddy Fields, Farm Houses and Patches of Tea at Matin, Kiangsi Province, among the Mountains of Interior China.",39,0
900,"Before we had reached a considerable elevation the rabble following had been increased by a contingent from the town, a more belligerent element.",39,0
901,No sooner was my camera placed for this view than several small stones fell 'around us; it was not easy to ascertain the individuals throwing them.,39,0
902,Childs stood near with a heavy stone in each hand and held them in check until this stereograph was hurriedly taken.,39,0
903,"During this time a heavy clod from some one in the rear of the crowd landed on the camera, but did no serious damage.",39,0
904,"Our faithful servant is before us and looks off into space, as though he were unconscious of the cowardly demonstration taking place behind him, and that by his own countrymen.",39,0
905,Two small bushes of tea are just at our feet; these near specimens will show how miserably stunted were the tea-plants in this region.,39,0
906,You may see a patch farther down the mountain-side; the mountain on the other side of the valley had only such patches as these scattered here and there among the slopes.,39,0
907,"It does not follow that tea in all parts of China is like this; we were only unfortunate in getting into a region where the plantations were poor, and a typical tea-picking scene could not be found.",39,0
908,In the distance you see mountains of considerable size; they are the same over which we passed on our way to this place and over which we must return.,39,0
909,"We shall start at noon, and we must traverse those mountains again and reach our house-boat, twenty miles away, before we can sleep to-night.",39,0
910,"No doubt, if we could see within those houses, there would be many things in the Iways of the Chinaman which would seem very strange to us.",39,0
911,"As soon as our view was made we started for the town, and as we turned Childs received a heavy stone on the shoulder; it might have disabled a less powerful man.",39,0
912,"We finally got out of reach and returned to the house of the mandarin, the inhospitable home of the lord of the town, in which our bed had been a door and our food a stone.",39,0
913,"Our reception in Matin had not created in us a wish for a long sojourn, but rather a somewhat ardent desire to reach our house-boat as soon as possible.",39,0
914,We shook the dust from off our feet-much dust and by midday were in our sedans again with twenty miles of circuitous mountain trails and paddy-pools before us.,39,0
915,"I will not relate our experience on the return trip, except to say that at the last town, within five miles of our boat, our chair-bearers left us in total darkness surrounded by a dense gathering of the usual type, while they regaled their chums with tea in some teahouse.",39,0
916,"At last, in sheer desperation, we gathered our guns and traps together and commanded our ""boy"" to guide us out of the town on foot.",39,0
917,"We had walked a mile, when our coolies, hearing that we had left them and afraid of forfeiting their pay, hurried on and overtook us.",39,0
918,"We reached our boat about ten o'clock at night, weary and sorely out of favor with the Chinese Empire.",39,0
919,"I still remember my companion's remark when he threw himself upon a bench in our little cabin; shrugging his bruised shoulder, he ejaculated, ""Ricalton, I commence to appreciate what stoning means.""",39,0
920,"And true it is, our greetings in many places had been quite barbarous; yet it should be remembered that I have made fuller mention of our experience in the hostile villages, and it is but fair to state that we passed through several villages where the inhabitants were mild-mannered and kindly; upon the whole, though, I must say that, while I have been in most of the Oriental countries, I have never, in any place, barring, perhaps, some portions of the Mohammedan world, met with so much suspicion of and hostility to foreigners.",39,0
921,"The annals of China, however, show us that such was not always the case; that previous to the reign of the present dynasty, which extends over a period of two hundred and fifty years, the sentiment of the people was favorable to foreigners; but the Manchu rulers, being jealous not only of foreign influence but of the Chinese themselves, inaugurated a period of exclusiveness toward everything which might hazard the permanency of their own reign.",39,0
922,"We will now turn away from our ordeal of stone and mud and omit any mention of our return voyage until we reach Kinkow, the place, you will remember, where I showed you our little house-boat and where we made our first stop after starting out on our trip; the place also where dwelt a mandarin, for whose entertainment my companion showed some forethought when laying in a supply of food at Hankow.",39,0
923,"This smaller river, on our arrival, was congested with all sorts of native boats, including a fleet of native river gun-boats commanded by a naval mandarin, or, perhaps I should say, a river admiral.",39,0
924,"My friend, on some previous occasion, met this mandarin and knew something of his predilections for Western stimulants.",39,0
925,"After our arrival, we dispatched our ""boy"" to find him, on learning he had left his war-junk for some part of the city.",39,0
926,He was soon found; he returned to his fleet and received us on board his flag-junk with great cordiality.,39,0
927,"He could not speak a word of English, but being very jovial and intelligent, the extent and success of our pantomimic communication was really wonderful; then, when pantomime was inadequate, we fell back upon our boy's ""pigeon"" English.",39,0
928,"We entered the mandarin's home%; we were escorted to a seat of honor, an elevated dais, where a plate of sweetmeats was placed between us; this was followed by a service of tea offered in exquisite porcelain cups.",39,0
929,Before we left the flag-ship he expressed a desire to have his picture taken; this was quite unusual in China; but he was intelligent beyond a dread of the camera.,39,0
930,"I was as anxious to possess his picture as he was to have it taken, but the apartments in his home were poorly lighted and I told him we must find an open space outside.",39,0
931,"Up to this time no female member of the family had been allowed to come into our presence; but when I suggested that his family should be stereographed with him he was evidently well pleased, and orders were at once sent to the female members to don their best.",39,0
932,"We sipped the mild, delicious tea and ate the very palatable delicacies for a few minutes longer, when the wife and a daughter of the proverbial sweet ten and six appeared, in beautiful attire and most careful toilette.",39,0
933,"We all started off through the narrow streets, accompanied by servants carrying stand, stool, et cetera, for an outdoor group, and followed by a train of onlookers from the street that grew larger and larger as we proceeded.",39,0
934,"40. A Genial Official of Interior China-Naval Mandarin (Admiral River Fleet), Wife and Daughter, Kinkow.",40,0
935,"As usual we had great difficulty in keeping back the crowd, and a mandarin is not expected to interfere with the obtrusiveness of a street throng.",40,0
936,"Besides, you can easily perceive by his mellow blink that Western cognac has relegated his basilar instincts to peaceful realms, or, in other words, that he is a good-natured fellow under blissful stimulation; these conditions, added to unusual intelligence, made him a very agreeable personage for us after spending a week among the hostile and unscrupulous tribes out of which Boxers are organized.",40,0
937,"The daughter is probably best described in the words of Childs, who stood at my back keeping off the crowd, and whispered: ""Isn't she a dandy?""",40,0
938,"A fan is the vade mecum of every Chinaman under the sun and under the moon, too, for that matter, as they carry them at night as well as during the day.",40,0
939,"A Chinaman without a fan is as rare as one without a queue, or as anomalous as a Scotchman without an umbrella.",40,0
940,"It would probably be more correct to call them fan carriers rather than fan users, as they are more often carried and not used.",40,0
941,This official and his family are very richly attired; their garments are wholly of the richest silks and satins and elaborately wrought in the finest embroidery.,40,0
942,"The styles do not change from year to year, as ours do; they can, therefore, provide themselves with the most costly dress without the necessity of a new supply with every change of fashion.",40,0
943,"Fashions remain essentially the same for centuries, and garments are handed down from one generation to another, without being considered antiquated.",40,0
944,In the outer tunics worn by this family notice the capacious sleeves; they are very full and often exquisitely embroidered.,40,0
945,"In cold weather, instead of wearing mittens or gloves, the hands are drawn within the sleeves; and good breeding requires one to keep the hands in such a position as to properly display the sleeves.",40,0
946,"You may understand from this why I did not require this mandarin to place his hands in a more graceful position; it would have been impertinence and bad manners; that is his way and it is right, according to his standard of good form.",40,0
947,The underskirt is one of the prettiest parts of the female attire; it extends a foot below the outer garment and is beautifully embroidered.,40,0
948,You cannot but observe the entire absence of collars or anything about the neck to impede freedom of movement and destroy comfort.,40,0
949,"Probably the most important thing about the dress is that square piece of cloth on the front of the tunic, called by some writers a breastplate.",40,0
950,"Sumptuary laws and laws of rank and dress are very comprehensive and specific, to the smallest detail, in China.",40,0
951,"Houses must be made in a certain way for a certain rank, even to the most trifling detail.",40,0
952,It is worth while to quote a few lines from Gray's excellent work on China in regard to these laws.,40,0
953,"The ""The law distinctly states, with regard to the winter costume, that the hat to be worn shall be covered with dark satin and the inside lined with dark cloth.",40,0
954,The apex must be adorned with a tassel of red silk so long and so thick as to cover the entire top.,40,0
955,The top of a court hat for the winter season must be covered with red floss silk so long as to extend slightly over the brim.,40,0
956,"The summer hat is to be made either of fine straw or of very thin strips of bamboo or rattan; the outside covered with very fine silk, with a tassel of red silk cord on the top.",40,0
957,The court hat for summer is to resemble the ordinary summer hat in all particulars except the following: The rim must be covered with gold lace and the inside lined with red gauze.,40,0
958,"In addition to the tassel, a button, indicating by its color the rank of the wearer, must be attached to the apex of each hat.",40,0
959,"For example, the hat worn by a gentleman or officers of the first rank, is distinguished by a button of a bright red color on its apex.",40,0
960,"A dark red button distinguishes the second rank; a dark blue button, the third rank; a light-blue button, the fourth rank; a crystal button, the fifth rank; a white button, the sixth rank; a gold button, the seventh or eighth rank; and a silver button, the ninth rank.",40,-1
961,"To the back of each hat is also attached a peacock's feather, which, in the case of a person of high rank, has two eyes, while persons of inferior rank are restricted to a feather which has only one eye.",40,0
962,"On those so-called breastplates different emblems are used to designate the rank; birds are used for civil ranks, and animals for the military.",40,0
963,"The uniform of the imperial soldiers has a cloth badge on the breast and on the back, giving the regimental designation.",40,0
964,"Official gentlemen of the highest rank have the angelic stork on the breastplate; those of the second rank, the pheasant; of the third rank, the peacock; of the fourth rank, the wild goose; of the fifth, the silver pheasant; of the sixth, the cormorant; of the seventh, a bird called ki chik; of the eighth, the quail; of the ninth, a kind of white bird.",40,0
965,This is sufficient to show you how exact are the laws laid down for rank distinctions in dress; the minute rules about the cap are made in all the garments.,40,0
966,"In building houses for persons of different ranks the same detailed rules must be observed, even to the number of nails in certain places.",40,0
967,"I take the bird on the wife's badge to be a wild goose; if that be correct, she is of the fourth rank; but I cannot identify the animal on the breastplate of the mandarin; it is something like a lion and not altogether unlike a yellow dog; but I cannot make out with certainty.",40,0
968,"The daughter is probably too young to have yet taken a degree, but she surely bears the loveliest insignia of all, the badge of modest maidenhood.",40,0
969,"A salute of four guns was fired in our honor, that being the highest number given as a mark of honor, and after saluting Chinese fashion, then European fashion, and repeating the formality again and again, bowing like fighting-cocks all the while, we sculled cut into the great yellow Yang-tse-Kiang, where we caught a lively breeze which soon carried us the last twenty miles down stream to Hankow.",40,0
970,"I paid off my crew, returned the house-boat to the owners and this terminated my trip of a hundred miles into the mountain region.",40,0
971,"On the following day I took passage on one of the regular steamers for Shanghai, stopping off for a night at Nankin, in order to visit the famous tombs of the Kings.",40,0
972,"Nankin is still a great city of two hundred thousand inhabitants, although it has suffered much both from the ravages of time and war.",41,0
973,"It lies three miles inland, on the south bank of the Yang-tse, about one hundred miles from Shanghai.",41,0
974,"The wall surrounding the ancient city measures about thirty-five miles, but the present wall is only about twenty, and in some places shows the effects of time.",41,0
975,For many years during the Ming dynasty it was the capital of the empire; and here Hung Wu died in 1398 A.D.,41,0
976,The founder of that famous order of Kings was buried in the royal tombs a short distance outside the city.,41,0
977,"They are known as the ""Tombs of the Kings,"" but are sometimes called the ""Ming Tombs,"" the same as the royal tombs near Pekin.",41,0
978,"The ancient royal tombs, both at Pekin and Nankin, are approached by a dromos or avenue of stone figures.",41,0
979,"They include human figures, seemingly those of warriors and priests, figures of lions, horses, camels and elephants; they are ranged along either side of what has once been a well-paved way, sometimes in single pairs and sometimes in doubles.",41,0
980,"While the art displayed in the hewing out of these colossal figures is not of the highest order, the amount of labor required and the mechanical appliances necessary are truly wonderful.",41,0
981,The backs of the elephants are covered with stones; whether placed there by the sport of boys or whether they possess some commemorative significance I could not learn.,41,0
982,"Gigantic figures of elephants similar to these at the ""Ming Tombs"" near Pekin, are known to have been transported for over a hundred miles by primitive methods.",41,0
983,"I made views of other figures along this monumental highway to the grave of the great Hung Wu, but I have no space for them, and we shall return to the river, only stopping on our way to examine a bamboo plantation.",41,0
984,I have already called your attention to rice as the most universal food product and the most useful cereal in the world.,42,0
985,"The bamboo belongs to the grass family, and, because of its gigantic size, its great utility, its unsurpassed gracefulness and beauty, it has properly been called the ""King of the Grasses.""",42,0
986,"It may be ordinary and uninteresting to you, but it is an arboreal pet of mine, and you must pardon me if I dwell for a little upon it.",42,0
987,"and uses, and among all plants which have reached the dignity of a tree, both for usefulness and for beauty, the bamboo is peerless.",42,0
988,Many years ago I was engaged by the Wizard of Menlo Park to encircle the globe and to ransack all tropical jungles in search of a superior fiber for the incandescent light.,42,0
989,"Equipped with a full set of implements for drawing out and carbonizing fibers, I spent a year among the bamboos of India, Ceylon, Burmah, Malay Peninsula, China and Japan.",42,0
990,"I found about eighty different varieties in the island of Ceylon; about sixty scattered over Hindostan, between Cape Comorin and the Himalayan Range; something like eighty in Burmah and the Malayan Peninsula; nearly the same in China and Japan.",42,0
991,"You may see, therefore, I have had some opportunities to become familiar with the bamboo and can assure you familiarity, in this case, has not bred contempt.",42,0
992,Those who have not seen the bamboo growing in its native climate can have no proper idea of its matchless grace and beauty.,42,-1
993,"The average bamboo is about fifty feet in height and five inches in diameter, although the largest species, the giant bamboo (bambusa gigantia), found in Burmah and Ceylon, sometimes reaches a height of one hundred and fifty feet with a diameter of ten to fourteen inches.",42,0
994,In Ceylon I have seen clumps of over a hundred swaying gracefully in the breeze and towering skyward to a great height.,42,0
995,"The bamboo here is a small variety, not over two inches in diameter and twenty feet in height, but you see how straight and symmetrical the stalks are; how the whole stem is divided into joints or articulations, separated by an internode or knot; this is nature's ingenious way of giving great strength to a light and slender stalk.",42,0
996,"The septum, or partition at the joint, extends across the stalk and is impervious to air and water, so that each joint can be used as a receptacle for many purposes.",42,0
997,"For measures, from a gill to a gallon or several gallons, one has only to cut a joint of the right size and length.",42,0
998,The rapidity of its growth is almost incredible; sometimes three and four inches in a single day.,42,0
999,It is said that its growth is complete in one year; in confirmation of this a tea-planter in Ceylon showed me a clump.,42,0
1000,"which we estimated at fully seventy-five feet in height, the shoots of which were planted only eighteen months previous.",42,0
1001,"This is another wonderful provision of nature, since, growing in close masses, lateral branches could not develop while a young shoot is growing upward among old stalks.",42,0
1002,"When the tree grows older a curious liquid is secreted in those hollow joints, which forms an agreeable beverage.",42,0
1003,"If this liquid is allowed to remain in the tree, it becomes a concrete substance called tabascheer, which is highly valued for its medicinal properties.",42,0
1004,"This substance, after a time, loses its liquid nature and is found to contain silicious earth, which resists the impression of all acids and with alkalies becomes a transparent glass.",42,0
1005,Many bamboos absorb from the soil a large percentage of silica; hence the strong flinty nature of its fiber.,42,0
1006,The bamboo shoot comes from the ground much like that of the asparagus-the sprouts as thick as the full-grown tree; when six or eight inches above the ground it is edible and has many culinary uses; it is boiled as a vegetable; it is salted and eaten with rice; it makes an excellent pickle; it is also used for sweetmeats or preserves; a decoction made from the leaves is used for coughs.,42,0
1007,"There are millions of Oriental people whose houses are built altogether of it; vessels are fitted for sea, entirely of bamboo; ropes of all sizes are made from it; I have seen three-inch cables made of braided strands of bamboo.",42,0
1008,Masts of ships of five hundred tons are built up of many stalks bound together.,42,0
1009,"Three or four sections of large bamboo make a superior catamaran, the joints being water-tight.",42,0
1010,"In the Himalayan Mountains I have seen water conducted for many miles from springs and lakes to the plains below through bamboos used as pipes, the small end of one connecting with the large end of another, the joints or septa being removed.",42,0
1011,"The roots are carved into fantastic images; the leaves are used for thatch; rain-coats are also made from them and sold at twenty cents each; the wood, when cut into splints, is sewed into window curtains and door screens and plaited into awnings; the shavings are used for filling pillows.",42,0
1012,"Chairs, tables and mattresses, cooking utensils, umbrellas, fans, chop-sticks, bedsteads, agricultural implements, harness, fishing-tackle, baskets, traps of every sort, from the cricket trap to the tiger trap, are made of it.",42,0
1013,"Two clumps of bamboo will furnish the entire material for a comfortable house in Southern China, at a cost of five dollars.",42,0
1014,"I have heard an old Jersey woman threaten her recalcitrant progeny with a * quince sucker ""; I have heard of a crispin government by the “slipper"" and of the ""birch"" persuasive; but in China the ""bamboo"" is the universal court of appeal; indeed, it may be considered co-ordinate, in general legislation, with the legislative and executive powers of the empire.",42,0
1015,"It is impossible to enumerate more than a fraction of the many uses of this royal reed; and those in this small plantation give little idea of the stately beauty of the Giant Bamboo, rising one hundred and fifty feet, a veritable arboreal monarch, overtopping all other trees, in the tropical world, and surpassing all others, both in majesty and utility.",42,0
1016,Our two dusky companions have listened patiently to my eulogy of their inanimate benefactors and I will not detain them nor you longer.,42,0
1017,"We shall hasten to board a steamer for Shanghai, and on the following morning we are once more in the busy streets of the European Settlement.",42,0
1018,"Even before we set out on our itinerary at Hongkong, in January, a slight agitation in the political world was caused by the abdication of Emperor Kwangsu.",42,0
1019,Early in the following May an uprising in the northern provinces of Shansi and Pichili began to create alarm.,42,0
1020,"Chief among these were the I-Ho-Chuan, or, ""Fist of Righteous Harmony,"" and the Ta-Tao-Hui-"" Sword Society.""",42,0
1021,"All members of these organizations became known as Boxers, which is a free interpretation of the literal""Fist of Righteous Harmony.""",42,0
1022,And now we must change our field of observation from peaceful aspects of Chinese life to that latest Chinese crisis widely known as the Boxer uprising.,42,0
1023,During the time we have been up the Yang-tse many stirring events have transpired; seventy native Christians have been massacred at Paoting-fu.,42,0
1024,"On May 29, 1900, the very day on which we started from Hankow in the house-boat, the Boxers attacked the railway station near Pekin and cut off communication with Tien-tsin and the outside world.",42,0
1025,"On the 12th of June an additional international force, two thousand strong, had started from Tien-tsin under Admiral Seymour.",42,0
1026,"Next, word came that the forts at Taku had been captured with a loss to the Chinese of four hundred, and of twenty-one to the fleet.",42,0
1027,"I hurried to the post for mail and then to the Consulate, where I found awaiting me a dispatch directing me to proceed at once to Taku.",42,-1
1028,"I hastened to the different steamship offices, and, fortunately, found a boat which was to sail for Cheefoo on the following morning.",42,0
1029,"Two and a half days was required to reach that port, which is only about twelve hours from Taku (see map of Eastern China, Map No. 2).",42,0
1030,"Notwithstanding all that has been said and written about Boxers and the Boxer movement, it is very difficult to determine the cause and object of this uprising.",42,0
1031,"It is generally admitted, as I have elsewhere stated, that the Chinese are a docile and peace-loving people, and yet, social agitations are not infrequent, and the great Taiping Rebellion, in which over twenty million lives were sacrificed, occurred only forty years ago.",42,1
1032,"It will scarcely be denied that want sows the seeds of revolution and rebellion, and when the struggle for existence becomes general and prolonged, suffering humanity will organize into protective unions, or into I-HoChuan Societies.",42,0
1033,"China's great fertility and her vast territorial area are sometimes insufficient for her teeming millions, especially in the North, where whole provinces are often famine-stricken by reason of flood or drought or pestilence.",42,0
1034,"The Taiping Rebellion, the most bloody, disastrous and long-continued that has occurred in China in modern times, was inaugurated by a secret organization of insurrectionaries with the usual high-sounding name, Taipings, which signifies ""grand peace,"" with the ostensible purpose of overthrowing the Manchu dynasty, whose corrupt and oppressive administration of affairs had exhausted the patience as well as the earnings of the people; in other words, it was hunger that brought about that bloody revolution.",42,0
1035,"A few years ago about ten millions are said to have died of starvation in the northern provinces bordering on the Hoang Ho, a river which has been called “China's Sorrow,"" because of the loss of life caused by flood, famine and pestilence.",42,0
1036,"While, then, I regard stress. of environment as the primal cause of nearly all insurrectionary uprisings, the immediate causes often appear to be something quite different to the ignorant and unreasoning insurgent.",42,0
1037,"The Boxer, in his struggle for existence, sees the cause in commercial encroachments; he sees the railway driving his wheelbarrow and carrypole out of business; he sees the steamboat supplanting the house-boat and the sampan; he sees the modern carriage and bicycle relegating the sedan chair; he sees all kinds of machinery interfering with his manual labor.",42,0
1038,"I believe that any of us with a mind cast in the same mould and with the same training for generations, would be little, if any, different.",42,-1
1039,"An illiterate and superstitious populace will never discover first causes; struggle and stress of circumstances, then, sets the Boxer to looking around for the immediate cause of his ill conditions; he may turn against the ruling dynasty, or against the introduction of railroads, or against coercive land-grabs, or against the beneficent hand which has come from distant lands to lift him into better conditions.",42,1
1040,Then there are Boxer leaders and Boxer followers-the more intelligent and the ignorant horde who will play the Boxer for plunder.,42,0
1041,"When times are dull and distress prevails, a popular howl goes up against the government administration, or an army of malcontents marches on Washington, or a wailing and lamentation is heard about unrestricted immigration.",42,0
1042,"Throughout all nature there must always be a certain amount of imperfection; the consequence is distress; the attempted remedy is I-Ho-Chuan Societies, under many different names.",42,-1
1043,"I use the words ""must always be"" advisedly; some I know will not agree with this; but I mean, of course, until the millennial days when the rose shall be thornless and the bee shall be without sting and when ""the lamb and the lion shall lie down together.""",42,0
1044,"Until then human nature will continue to be human nature, or, in other words, there shall continue to be wars and rumors of wars,"" and Boxers of many sorts.",42,0
1045,"As I entered the harbor of Cheefoo (see map of Eastern China, Map No. 2) two grim men-of-war anchored in the offing emphasized the fact to me that I was nearing the theater of impending war.",42,0
1046,"Two forts, one on either side of the city, bristling with heavy ordnance, command the harbor and the town.",42,0
1047,"Big guns are always grim visaged, but when loaded and trained on an enemy there is mortal gravity in their sullen muzzles.",42,0
1048,"These forts are on high bluffs, one a mile east and the other about the same distance west of the city; with glasses all the movements of the men at the forts could be seen.",42,0
1049,"Cheefoo is a large city, and while no overt acts of hostility had thus far occurred, large numbers of Boxers were reported to be in the vicinity, and the most trifling affair would be sufficient to turn the treacherous hordes of the city into a fiendish mob.",42,0
1050,"The giant English cruiser ""Terrible"" lay at anchor a mile off shore, with her decks cleared for action and her monstrous black broadside grim with vengeful guns trained on the forts.",42,0
1051,This gave a slight feeling of security; yet it was well known that the forts could lay waste the city in a few hours.,42,0
1052,"43. Cheefoo, One of China's Important Seaports, from Signal Tower, Looking East.",43,0
1053,"We are looking slightly south of east toward the rocky, barren hills which encircle the bay at some distance.",43,0
1054,Those hills extend on the left to the sea and terminate in a promontory on which is located one of the forts mentioned.,43,0
1055,Several Europeans have their homes at the foot of those hills; you can faintly distinguish one near the center of our field of vision a trifle to the right.,43,0
1056,"Fearing an attack from the Boxers, they gathered a few more valuable articles and hastened to the security of the settlement, leaving their home in the care of native servants.",43,0
1057,"The Foreign Concession includes all that flat land lying near the water, and the French Consulate lies midway between the little English church near the beach and the farthest limit of our vision.",43,0
1058,"The first building on this side of the small church, with shrubbery in front, is a hotel; a second hotel stands next to the one just designated and on the opposite side of a narrow street leading out to the beach between them.",43,0
1059,"The nearer building with four windows in a line toward us is the Club House, before which on the beach several modern row-boats are drawn out.",43,0
1060,"We are here looking southeast, and Taku is toward the northwest, and nearly half-way between us and Taku, at the time I was here, lay the U. S. battleship ""Oregon"" fast upon the rocks.",43,0
1061,"You see the English flag on the yard of the signal-staff; this, with the one black ball, indicates the movement of an English ship, probably the arrival or departure of a warship.",43,0
1062,"Those hotels were filled with missionaries and other refugees; bedding, boxes and bundles filled the courts of the hotels; some had come from stations in the interior, some from Tien-tsin, others from Pekin by the last train before the railway was destroyed.",43,0
1063,"some were awaiting a ship for Chemulpo in Corea, some were bound for Japan, others for Shanghai and ports southward, and many for their homes in Europe and America.",43,0
1064,"There were all kinds and orders of men, women and children; there were arrivals and departures of refugees daily and hourly; the Consuls were busy, each looking after his own people.",43,0
1065,The American Consul had chartered a ship and sent it to bring some seventyfive missionaries from a remote station.,43,0
1066,"The missionaries are here landing from sampans, carrying their children and portable belongings; they lined timidly from the boats to the hotels-a matron leading a child, a father carrying a babe, a band of coolies carrying baggage, a man with a tennis set, another mournfully pushing a disabled bicycle-all with the same dual expression on their countenances, that of long anxiety and final deliverance.",44,0
1067,"I was surprised to see so many children among the missionaries, but my surprise was quite moderated when I learned that there is a premium on progeny in the mission fields; and that for each child born an annuity is added to the income of the lucky parents.",44,0
1068,"The ship chartered by the Consul lies out at anchor; some are landing here, others on the beach near the hotels we saw from our last position.",44,0
1069,Even these northern points in China for two or three months in summer are intensely hot.,44,0
1070,"To be prepared for an unexpected attack, many of the Europeans kept sampans in readiness by which they could, on a moment's warning, make for the warships.",44,0
1071,"Correspondents from all parts were arriving and hounding consuls and naval commanders for transportation to the front, or at least to some point nearer the scene of activities.",44,0
1072,War conditions were everywhere manifest; it was every one for himself; no reliable information could be obtained about anything; all kinds of rumors were afloat.,44,0
1073,"Every one sought information, but could fine none; there was a perplexing mystery about all movements, and mystery always increases apprehension.",44,0
1074,Russian agents had engaged several hundred coolies to work on the Siberian Railway; they were placed on board a ship for transportation to Vladivostok when some misunderstanding about pay arose; then a suspicion was aroused among them that they were to become conscripts for military service in the Russian army.,44,0
1075,"They left the ship in rage and consternation, came ashore in sampans, when thousands of coolies and the rabble of the city gathered around them until the streets near the landing were blocked by a mob of many thousands.",44,0
1076,"This was at once construed as a Boxer uprising; the people of the settlement were thrown into a frenzy of terror; women fled to the small boats on the beach and were soon well out toward the warships; a small band of volunteers which had been organized for protection and composed of clerks and shopkeepers instantly donned their cartridge belts, seized their guns and formed across the street, at the farther end of which was a solid mass of infuriated coolies held back by a cordon of native police.",44,0
1077,"Every man's face showed an expression of fight ""to the death.""",44,0
1078,"He soon arrived in his official chair, accompanied by his usual retinue of subordinate functionaries, followed by a band of soldiers armed, not with their guns, but with bamboo flagellators.",44,0
1079,"After a conference between the Taotai and the European officials, the former harangued the mob, but it refused to disperse, whereupon he ordered the troops to charge with bamboos.",44,0
1080,"It was a spectacle that was suddenly changed from impending horror to the irresistibly ludicrous; a band of imperial soldiers, backed by a line of native police, rushed upon this impenetrable mass of bareheaded coolies, pelting heads and barebacks with relentless fury; the cracks of the bamboos resounded through the streets; they laid on heavy and fast; the front lines of the mob took the brunt, as the great mass was too solid to be quickly moved.",44,-1
1081,"The Taotai sat in his chair and urged on the attack; the vigorously laid on strokes rang like pistol shots; after several minutes the dense black crowd began to fall asunder, when the soldiers could better distribute their blows; soon the wilderness of black heads was a pellmell of ignominious flight, and what might have proved a bloody uprising was averted.",44,-1
1082,"The small plucky band of shopkeepers and missionaries returned to their several places of abode, the terrified women who were in sampans off shore were rowed back, and the consternation gradually subsided; but it was a baptismal scene in the Boxer war not to be forgotten, and showed, moreover, the magical efficacy of the bamboo as an arbitrator.",44,0
1083,"After five days a German merchant ship arrived, bound for Taku: I secured passage and on the following day reached the naval fleet lying ten miles off the mouth of the Pei-ho, in the bay of Pichili.",44,0
1084,It was a magnificent array of warships and capable of inflicting punishment upon the Boxers if they could have been placed within range.,44,0
1085,Our ship anchored with the fleet over night; on the following morning we entered the mouth of the river amidst the ships and forts whose deadly conflicts only a few days before had sent a thrill of horror over the civilized world.,44,0
1086,"We landed on the south bank of the Pei-ho, proceeded a few hundred yards back from the river, and ascended a pilot tower, from which we obtained a panoramic view in the very center of the scene of action which resulted in the capture of the Taku forts.",44,0
1087,"This map gives us a sketch of the Pei-ho River from the Pichili Bay to a point about six miles inland, including the sites of the forts at Taku and the town of Tongku.",44,0
1088,"Find the number 45 in red, inclosed in a circle, and the two red lines which branch from this circle toward the north.",44,0
1089,"45. From Pilot's Tower, Looking North across the Pei-ho River to Northwest Fort, Taku.",45,0
1090,"On both sides of the river, at its mouth, are mud forts similar to the one we see on the opposite side of the river.",45,0
1091,"Almost directly behind us are several other forts, little more than a half mile distant; these, with the North Fort and the Northwest Fort before us, at one o'clock on Sunday morning on June 17, 1900, opened fire with all their guns on the small warships which were lying in that narrow stream off to the left.",45,0
1092,"The contest was hot, but of short duration, as by 7 o'clock in the morning two of the forts had been blown up and all the others carried by assault.",45,0
1093,"The particulars of that battle are familiar to every one, but no written description can ever convey to you so vivid an idea of the appearance of the now famous mud forts at Taku, the river, and the surrounding country, as this opportunity to view them for yourself.",45,0
1094,"You see the level mud flats extending to the horizon; the view is the same in every direction, except toward the sea.",45,0
1095,Now you can tell exactly how those forts appear; you can even distinguish the patches of clay detached by the impact of shell.,45,0
1096,"You can almost see the guns on the wall; you can see the flag-poles and flags; indeed, that near pole is not only a flag-pole, it is also used for sending dispatches to the fleet by wireless telegraphy.",45,0
1097,"They consist of vast masses of well-put-up clay, which offers more effective resistance to shell than solid masonry; but how they are built, and how mounted with the most improved ordnance, you will see better when we take our next position on the top of the wall of the Northwest Fort, at the left-hand corner, in line with that warship.",45,0
1098,"Let me call your attention briefly to the buildings near us, that you may know how the houses in Taku are built, and not only in Taku, but throughout the whole valley of the Pei-ho to Pekin I mean of mud, though what you see here are well-made houses and occupied by Europeans.",45,0
1099,"The two buildings at our feet are portions of the Taku Hotel, which I occupied on three different occasions.",45,-1
1100,These so-called mudhouses have walls and roof built up of bundles of reeds coated with the universal clay of these alluvial plains.,45,0
1101,"The countless villages and towns scattered over these vast northern tracts are constructed largely of mud or clay; they have a miserable appearance, but they are warm and inexpensive.",45,-1
1102,A mudhouse to accommodate a small family does not cost half the sum required to build a well-to-do farmer's pighouse in Western countries.,45,-1
1103,"This part of Taku is known as Pilot-Town, because it is the home of many pilots whose services are in great demand on account of the difficulties in navigating the shallow and tortuous river.",45,0
1104,Our position here is on the top of a pilot's lookout; you may see another lookout beyond the line of buildings on our left.,45,0
1105,"Before leaving this pilot's lookout, I must call your attention to a causeway which begins at the right-hand side of that Northwest Fort; it extends to the North Fort on the same side of the river and which we can see better from our next position.",45,0
1106,"Now we are to descend, cross the river in a sampan and enter that Northwest Fort at the gateway at the southeast angle;",45,0
1107,we shall ascend the wall at the southwest angle and stand beside a modern gun which did its share of damage to the fleet of the allies and still remains intact.,45,-1
1108,On the map of Taku our position is given by the red lines which branch toward the southeast from the encircled number 46.,45,0
1109,"46. Looking down the Pei-ho River toward the North Fort and Bay, from Northwest Fort, Taku.",46,0
1110,Again you can see the character of the surrounding country; you can see the bay of Pichili and almost descry some of the nearer ships of the fleet ten miles away.,46,0
1111,"In that stretch of water, near the mouth of the river, lies the great obstruction to ships entering the river; I mean a sand-bar lying only a mile or two out from the mouth of the river, and on which often may be seen several ships entrapped by low water and awaiting high tide.",46,0
1112,"You can see shipping on the river, the width of the Pei-ho, and almost the muddy character of the water; you can see the North Fort with the flag of the victor flying over it; you can see the long causeway, leading from the fort on which we stand to the North Fort.",46,0
1113,"You can see how exposed they were; they could not advance over the level ground in open order, as it is covered with mud and water so that the daring sally was made in close order over that long distance.",46,0
1114,This sentinel told me that a handful of old women (Western) in yonder fort with the guns trained on the causeway could have held it against ten thousand men; but John Chinaman is no warrior.,46,0
1115,"The term mud always conveys a significance of meanness which naturally leads one to consider them as crude heaps of dirt; now that we see them, we find they are well-built forts with bastions, ramparts, moat and armament which probably could be tagged ""made in Germany.""",46,0
1116,That long breech-loading rifle was not made in China; that steel shield for protecting the gunners is up to date.,46,0
1117,"The shield of the gun next to this, on our left, was penetrated by a three-inch shell, and the brains and blood of the gunner remained spattered on the breach of the gun.",46,0
1118,"This guard you see to our right, neatly dressed in white with his LeeMetford rifle at his side, is a British Marine.",46,0
1119,All steamers with cargo and passengers for Tien-tsin and Pekin proceed five miles beyond Taku to Tongku.,46,0
1120,"We shall now follow the narrow, winding Pei-ho to the latter place and from the deck of our steamer at the landing look out upon the ravages of war.",46,0
1121,"47. Burning of Tongku-U. S. S. ""Monocacy"" at Landing with Hole through Bow made by Chinese Shell.",47,0
1122,"The relief expedition under Admiral Seymour had failed to reach Pekin, and after great loss and privation had returned to Tien-tsin.",47,0
1123,"Notwithstanding the gloomy news from every quarter, every foreign warship flung out the Stars and Stripes in honor of the American nation's birthday.",47,0
1124,"There was no jubilant popping of firecrackers, which we are wont to hear on this festal day, but there was the crackling of destructive flames which were everywhere devouring the vacated homes of the terrified inhabitants.",47,0
1125,"On the following day, news came that the relieving force which had been dispatched to Tien-tsin had been driven back and might have to retreat to the seacoast.",47,0
1126,The crippled ships which had been in conflict at Taku were strung along the river in different stages of convalescence.,47,0
1127,"Refugees were hourly arriving from Tien-tsin; some, finding passage in departing steamers, while others found temporary shelter on the ""Monocacy.""",47,0
1128,At low tide the opposite shore is lined with bloated human forms which have floated down from villages up the river where the Boxers have done their bloody work or where the Russian relief force slaughtered everything before it on its march to Tien-tsin.,47,0
1129,"the steed, The mustering squadron, and the clattering car Went pouring forward with impetuous speed,",47,0
1130,"All railway communication was cut off, and the military at Tien-tsin were driving civilians away, and no hotel or lodging place could be found in Tongku.",47,0
1131,"On the second day I asked for permission to sleep on the bare deck of the ""Monocacy,"" but my modest request was roughly refused by the Captain, who, with the officious consequence of a man commanding nothing better than an oldfashioned side-wheel tub that had been thirty years poking her prow into the mud banks along the Yang-tse, said he was reserving all space for missionaries.",47,0
1132,"Accompanied by a young Swiss gentleman, I trudged several times the length of the slough-bound town to obtain only space in which to sleep for one night, hoping the following day to find some way of reaching Tien-tsin.",47,0
1133,"Fortunately we fell in with a Russian officer, who, learning of our straits for a lodging place, in the blandest and most hospitable manner told us to follow him to the railway station and he would find us a room where he and his fellow officers were temporarily quartered.",47,-1
1134,"A Russian servant was turned out of a small hot room which was furnished with two small benches; on these we slept, each wrapping his coat about his head as a protection against myriads of flies-army flies, I suppose.",47,0
1135,"I have often had occasion to entertain very high opinions of Russian gentility and politeness, while my opinions of the government are quite otherwise.",47,0
1136,"The charming manner of a Russian gentleman is remarked by every one; and if there is one fault more conspicuous than another in our own country, I should name it national lack of courtesy.",47,0
1137,"We made a slender morning repast from articles we bought from the steward of the German ship, and then I left my companion and set out to find transportation to Tien-tsin.",47,0
1138,"I went on board, and a soldier in command said he was neither authorized to carry nor to refuse to carry any one.",47,0
1139,"""Tien-tsin is the best place I know of to leave, just now; but go if you like,"" said the blunt commander of the little commissary craft.",47,0
1140,"Yesterday it was nip and tuck all day, and the Allies may be driven down here to-day, but if you are fond of shells bursting in your hair, go.",47,0
1141,"""Well, I've never experienced shells in that way,"" I replied, ""but, as the Chinamen say, I will have a 'look see.'”",47,0
1142,"We were constantly passing dead bodies floating down, and, on either bank of the river, at every turn, hungry dogs from the deserted villages could be seen tearing at the swollen corpses left on the banks by the ebb tide.",47,0
1143,"It was forty miles of country laid waste, deserted homes, burned villages, along a river polluted and malodorous with human putrefaction.",47,0
1144,The city had been reinvested; the previous day had witnessed a stubbornly contested attack at the railway station.,47,0
1145,"Conflagration had already laid waste the entire French Concession and a good part of the English; housetops were covered with extemporized defenses; storehouses had been employed to provide defensive barricades; bales of wool, bags of peanuts, sacks of licorice-root and sacks of rice, in enormous quantities, had been utilized for breastworks.",47,0
1146,"Near the center of the map we see the rectangular outline of the Native City, the heavier black line showing the course of its encompassing brick wall.",47,0
1147,The Pei-ho River winds among the outlying villages in a general course from the northwest toward the southeast.,47,0
1148,"The Japanese, French, British and German Concessions lie to the southeast of the Native City on the river's right bank; the proposed Russian Concession is on the left bank.",47,-1
1149,"An earth or mud wall encircles the entire area covered by the old city, the villages and the Foreign Concessions.",47,0
1150,"By much effort I had made my way up the Pei-ho to a point near that first bend toward the left, or west.",47,0
1151,One of the first places we shall visit together is the pontoon bridge made by the French opposite the French Concession.,47,0
1152,"We are to stand as the red lines connected with the number 48 show, on the left bank of the river, and look toward a street and range of buildings on the opposite bank, a part of the French Concession.",47,0
1153,"48. Horrors of War-Dead Chinese floating in the Pei-ho, showing riddled Buildings along the French Bund, Tien-tsin.",48,0
1154,"Many talk of the horrors of war who know little of their actualities, and for that reason such a scene as this, though it is repulsive, is also educative; for, to know truly, you must see, and even this repellent scene is but a slight hint of war's horrors.",48,0
1155,"For ten days before I came here, dead bodies, in incredible numbers, had been floating down the river, and, several times a day coolies were sent to this place with poles to set free the accumulation of bodies and allow them to float down stream.",48,0
1156,"At this moment, you see, there are only four or five in view, but at other times there are large numbers, especially in the morning, after a night's accumulation.",48,0
1157,"Many of these dead have been killed by the relief troop who first entered Tien-tsin; others, by the second advance of reënforcements, and many, previously, by the Boxers and were probably Christian converts.",48,0
1158,"This part of the city, lying between the railway station and the French Concession, was the center of the heaviest firing on several occasions, and every building is gutted by fire or riddled with shot.",48,0
1159,We are looking nearly south; the railway station is less than a quarter of a mile behind us and is surrounded by a suburban population.,48,0
1160,The shattered windows and pierced walls everywhere tell how the showers of shot swept everything at this point.,48,0
1161,You see the shell mementoes on this building at the right; there are other buildings along this Bund even more thoroughly scarred than those.,48,0
1162,Military orders were given that no water should be used unless boiled; but the order was often disregarded.,48,0
1163,"Soldiers frequently have little regard for sanitary orders or law, and have a happy way of turning privations and hardships into fun.",48,0
1164,"These poor fellows will, in their turn, float down the river to feed the starving dogs of the river-side villages, and yet, they are somebody's dear ones, and none will ever know how many thousands have been thus borne away uncoffined on the turbid waters of the Pei-ho.",48,0
1165,"We will leave this grewsome scene, pass out upon the Bund, and turning to the left, follow it for a mile downstream to a point in the river where small boats depart for Tongku.",48,0
1166,"At this time a walk along this street on the river is a perilous undertaking— sniping"" is constantly going on and there is scarcely a minute when one cannot hear the ominous hiss of passing bullets.",48,0
1167,"Once I stood talking with a soldier, only for a few moments, when he ejaculated: ""Come out of this! Didn't you hear that bullet come between us?""",48,0
1168,At length we arrive at the place where barges have been brought in to convey native Christian refugees to Tongku and other places of safety.,48,0
1169,"It is evident from the flight of these poor native Christians that there is still no security for life here in Tientsin; even after the arrival of ten thousand foreign troops, a feeling of anxiety and uncertainty prevails.",49,0
1170,"We see before us only a handful of native Christians, many women and children among them, with coolies to assist in carrying a few bundles which contain all they have left of material possessions.",49,0
1171,"The order has been given to go aboard, and these are the first of the line from an assemblage that will pack that big iron barge; and thus they have been leaving since the river was cleared for the passage of boats.",49,0
1172,They go they know not where; they know not whether they will ever return; their homes are burned; their friends are scattered and many of them killed.,49,0
1173,"Their mothers can only tell them that their own bad people have burned their homes and now seek to kill them, but the foreigner will save them; this is all they can be made to understand; they have curious little child-thoughts of their own about it all, but with undiminished faith in maternal guardianship, they cling to their mother's hand, unconscious of their hapless fate.",49,0
1174,"We will leave these fleeing refugees now and retrace our steps over half a mile along the river bank to the Church of the Apostolic Mission, where there are assembled and fed between five and six hundred refugees.",49,0
1175,50. Chinese Christian Refugees gathered by Father Quilloux into the Apostolic Mission during the Bombardment of Tien-tsin.,50,0
1176,"This church is situated on the boundary between the English and French Concessions, and escaped, in quite an extraordinary way, destruction from both fire and shell, although in the direct line of bombardment.",50,0
1177,"Soon after my arrival in Tien-tsin I met this worthy father, who told me how large a flock he was sheltering and feeding in the basements and cellars of his church and other church buildings.",50,0
1178,"He said if I would come on the following day, he would do what he could to induce his terrified flock to leave the cellars and come out into the court for a few minutes, but I must be in readiness to operate quickly and not expose them too long to the bursting shells.",50,0
1179,"They were all notified to be in readiness at a given hour, and when I had taken my position, Father Quilloux and another father led the way out into the open yard, followed by this cowering host-men, women and children-young and old.",50,0
1180,"Scarcely had they assembled when a shell burst overhead with the crash of a near thunderbolt; they ducked and trembled and began to show an agony of impatience, when Father Quilloux called out from his position in front: ""Be quick! They are afraid!""",50,0
1181,"The work was done hastily, and it did not seem that the whole time occupied could exceed three minutes, and yet three shells exploded very near during that brief space.",50,0
1182,"You may notice all conditions of people in this gathering; on the left, near the front, are three small children carried in arms; further back, on the left, I see two gray heads; on the right, in front, some fairly pretty girls.",50,0
1183,"He pointed out to me a fresh grave, near us on the left, where on the previous day he had buried one of them.",50,0
1184,"A hundred sights in Tien-tsin alone would give you a fuller conception, but even the greatest number could not tell vou all.",50,0
1185,It is impossible to picture the apprehension of faces on the street-the roar of bursting shells and deadly smaller missiles that filled the air.,50,0
1186,"Subterranean housekeepers cannot be "" sculptured by the sun "" nor can pale, fear-stricken faces peering out of cellar windows; nor the measured tread of soldiers at all hours of day and night; nor the thrilling bugle-calls in every direction.",50,0
1187,"The transportation of commissary stores for all the different troops fills the streets with every form of nondescript conveyance-army wagons, carts, rikishas,"" wheelbarrows, pole-coolies, confiscated carriages.",50,0
1188,"At one time, when the fire from the enemy was becoming stronger and the rout of the Allies was imminent, a weeping and disconsolate little English mother came running across the street to a near neighbor with this pitiful and tragic request: ""Now, Mr. won't you promise to shoot my children if they get in?""",50,0
1189,"This horrible request was prompted by maternal love; its fulfillment would have been humane, in comparison with an assured butchery by the enemy; but, come what would, the manly neighbor could not, even in the name of humanity, promise to take the lives of sweet little children with whom he had been wont to play.",50,0
1190,"From here I went south again into the British Concession to the public water hydrant, where the soldiers of the Allies and the natives mingled.",50,0
1191,"See the red lines connected with the number 51, a short distance to the left of our former position by the river (Stereograph 49).",50,0
1192,51. Strange Medley from many Nations at the Public Water Hydrant during Foreign Occupation of Tien-tsin.,51,0
1193,"The demand for water was so great that these hydrants were opened only twice a day; at such times all the nations were represented by water-carriers with all sorts of vessels, and here we see them at the hydrant waiting their turns.",51,0
1194,"Not all the nations are represented here; but I can make out four; the Russians, being encamped on the other side of the river, are not to be seen; it also happens at this moment that no English soldiers are present, except the Indians, who are under the English.",51,0
1195,They have newly arrived and are quartered a short distance up that street where the British marines were previously quartered; hence the presence of Hindoos and the absence of the English.,51,0
1196,"Those Indians are fine, large men, and their moral and military bearing is highly commendable; they are accustomed to carry water in skins, which are included in their camp outfit in their own country; these skins, filled with water, are carried on the backs of donkeys.",51,0
1197,"The coolies have a tub, and there are two five-gallon kerosene oil-cans near the little smart Jap with his clean, white suit.",51,0
1198,"This street, a little beyond the farthest point in sight, was crossed by a breastwork composed of bags of rice; just before us it was defended by the ancient cheval-defrise.",51,0
1199,"They are cooking-houses and sleepingplaces for the servants of well-to-do English families living in adjoining houses facing on a street called Victoria Terrace; but the occupants had fled, leaving the houses in care of a gentleman, who gave me permission to occupy one of the them.",51,0
1200,"Before this time I had taken shelter, as before stated, in a vacated room of a Chinese home, but after three nights my room was claimed by officers of the United States Marines, when I removed to one of those houses opposite us.",51,0
1201,The Ninth United States Infantry had arrived from the Philippines and every available house was commandeered.,51,0
1202,"One of the shells which passed through that wall by the trees, on the right-hand side of this street, exploded in passing through the wall and the fragments entered the room I occupied and lodged in the back of a fine piano; but each night I took the precaution to haul the sofa on which I slept behind some interior wall.",51,0
1203,"These houses were of brick, and one wall of brick was sufficient to explode a shell and a second would stop the fragments; but those failing to explode would pass through several brick walls.",51,0
1204,"The bombardment was intermittent; sometimes for a half-day scarcely a shot would be fired; then it would be resumed again, possibly at midnight, or at some hour in the night.",51,0
1205,"Those not experienced in conditions of war, and especially of bombardment, cannot possibly imagine the startling effect of bursting shells.",51,0
1206,"During one afternoon, when firing was unusually severe, three shells struck within the same number of minutes; one tearing through the walls of the City Hall and two others bursting within the barracks of the United States Marines, but doing little damage.",51,0
1207,"A little later, on the same afternoon, a shell entered the quarters of the British Marines, adjacent to the United States Marines, killing one and wounding two.",51,0
1208,"Let us advance up this street about one hundred yards, swing to the right another hundred yards, and ascend to the roof of a building known as the German Club Rooms.",51,0
1209,"On the map we find the six red lines which mark the limits of our vision in these three views starting from the eastern side of the English Concession, one block from the river, and branching toward the west and northwest.",51,-1
1210,"Before we take this position, however, we should get in mind the positions of the Chinese troops, the Allied forces and the general plan of operations.",51,0
1211,"For several weeks the Boxer and Imperial troops, located mainly within the walled Native City, have been shelling most of the territory included within the Foreign Concessions.",51,0
1212,"Again and again the Chinese had made sharp attacks upon the Allied troops, especially in their efforts to gain control of the railroad station.",51,-1
1213,Guns from the ships of the Allies had been placed at different points commanding the enemy in the Native City.,51,0
1214,For several days hundreds of shells had been hurled into the walled city and the smoke from burning buildings showed the effectiveness of their work.,51,0
1215,"One particular point upon which the guns had been trained was the South Gate, in the center of the south wall of the Native City, as we find by the map.",51,0
1216,"Four days before, Monday, July 9, a force of Japanese, Russian and British soldiers had captured the West Arsenal, see on the map about a mile south of the Native City, near the earth wall.",51,0
1217,On the morning of the 13th the Allies had advanced to positions from one-quarter to one-half a mile from the southern wall.,51,-1
1218,"The American Marines were on the extreme left near the southwest corner of the walled city; next, on the right, were the Welsh Fusiliers; then come the Japanese deployed on either side of the road to the South Gate, then the British Marines, and farthest to the right, near the river, the Eighth United States Infantry.",51,0
1219,"Let us climb now to our lookout point on the German Club building, to look over the territory lying between the two red lines having the number 52 at their ends.",51,0
1220,"52. Battlefield of Tien-tsin (during the Battle, July 13, 1900) from German Club (w.) to West Arsenal, Tien-tsin.",52,0
1221,That group of buildings with several smokestacks in the distance to the left belong to the West Arsenal (see map).,52,0
1222,"In the distance, far to the right, we hardly catch a glimpse of the southwestern corner of the walled city.",52,0
1223,"Perhaps we may at first see nothing extraordinary in this scene, and still, probably not in the history of the world has a landscape been photographed in which, at the time the view was made, events so momentous were being enacted;",52,0
1224,"besides, beyond doubt no other view was taken showing a similar panorama during the action of the Allies before Tien-tsin on that historic day.",52,0
1225,Correspondents from all parts. of the world tried to secure these views and offered to pay me any sum I would mention for them;,52,0
1226,"These things I mention that we may appreciate the privilege we now have of looking upon the field of battle itself, and that, too, at the time when the battle waged in all its fury, when these very buildings on which we stand were vibrating with the deafening roar of more than a hundred cannon, when the thinned numbers of civilians left in the desolate settlement, were waiting in the utmost anxiety to know how the tide of battle would turn, whether in victory or defeat, which meant safety or massacre.",52,0
1227,"The cruel enemy was infinitely superior in numbers, and, if their valor should prove even half equal to their numbers, relentless slaughter awaited all of us.",52,0
1228,"it was a historic day for the world, and it is for these reasons that I ask you to note with more than usual care my explanation of what is before us here and of what we shall see from our next view-points.",52,0
1229,"You see those trees in an open square; the street in which we stood when looking at the public water hydrant, runs along the left side of the square between those trees and the small, low building, the gable end of which we see over this lattice-covered court near us.",52,0
1230,"I mentioned also a shell which entered the barracks of the English Marines, killing one and wounding two.",52,0
1231,"I want you to see the hole in the tile roof made by that fatal shell; you may see it to the extreme right, at the edge of the roof of that second building, the one with three small, square towers.",52,0
1232,"The building nearest us was formerly the English Club Rooms, now used as a hospital and already containing wounded men.",52,0
1233,"To-morrow, when the wounded are brought in from the bloody battle now in progress, this and many other extemporized hospitals will be more than full.",52,0
1234,"Yesterday the cannonading was heavy, especially on account of several lyddite twelve-pound naval guns brought from British ships-indeed, they had been brought direct from Ladysmith, in the Transvaal, and bore each a tablet with the significant device, ""From Ladysmith to Tien-tsin.""",52,0
1235,We suspected some unusual movement was on foot; but in time of war civilians and common soldiers never know the import of military movements.,52,0
1236,The night movement of troops was the gathering of the Allies for a general attack on the Native City of Tien-tsin.,52,0
1237,"Americans, English, Japanese, Welsh, French and a few Austrians, numbering in all, over eight thousand, had moved out, under cover of darkness, to gain an advantageous position for an early general attack.",52,0
1238,"That West Arsenal, the cluster of buildings and tall chimneys in the distance to the left, has, up to a few days ago, been in active operation, turning out all sorts of modern munitions of war.",52,0
1239,"Soon after the investment of the European settlement, this arsenal was bombarded and the Chinese driven out; shortly they reoccupied it, and only a few days before the battle now in progress it was shelled again and burned.",52,0
1240,"It is called the West Arsenal in contradistinction to the East Arsenal, lying at an equal distance on the opposite side of the Pei-ho, or directly behind us, as we stand here.",52,0
1241,"The East Arsenal, which we shall see later, was captured and burned by the first relief force to Tien-tsin.",52,0
1242,The distance from where we stand to the West Arsenal is about two miles; from the arsenal to the Native City it is a little more than half that distance.,52,0
1243,"As we have said, the objective point of the Allies is the South Gate of the Native City, which lies directly north of the arsenal and in line with it.",52,0
1244,"A poor road extends from the arsenal across a muddy and grassy plain to the South Gate, sometimes called the Taku Gate.",52,0
1245,"The brick wall surrounding the river city is twenty-five feet high and from ten to fifteen feet thick, with four principal gates.",52,0
1246,"A mile or over from this wall is the circumvallation of clay, the earth or ""mud-wall,"" some fifteen feet high, which serves as a first line of defense.",52,0
1247,"At the left of the arsenal you can see a dark line extending toward our left; that is the famous ""mudwall"" mentioned so frequently in connection with the exigencies of the Boxer war.",52,-1
1248,The center of our present field of vision is the center of the advance of the Allies in the forenoon; later in the day the lines advanced slowly and with great difficulty toward the city.,52,0
1249,"You can scarcely see a dark line extending from the arsenal toward the right, marking the line of the road to the city.",52,0
1250,"But to the left and to the right of that road, we remember the Allied forces deployed in the following order from left to right: American Marines, Welsh Fusiliers, Japanese, British Marines, Eighth United States Infantry.",52,0
1251,"At this distance of two miles the field of battle seems small, but remember that it embraces five or six square miles before us in this direction, and, when we turn in an opposite direction and look across the Pei-ho, we will see another field of an equal area covered by the Russian wing of the Allies.",52,0
1252,"It is uncertain whether we can now distinguish troops or not; but at times during the battle we could distinguish the different soldiers without our field-glasses, and with them, very distinctly.",52,0
1253,"You can dimly see off to the right the line of the city wall vanishing in the distant horizon; and the exact position of the American Ninth Infantry is indicated by those black objects, far to the right, in the hazy distance.",52,-1
1254,"Indeed, I have scarcely been able to convince myself that those dark objects are not the blue shirts of the brave boys of the Ninth; that is the exact position they occupied at midday, when they found shelter for a time behind some mud-houses.",52,0
1255,It was there they encountered a deadly flank fire from a range of loop-holed walls not two hundred yards distant.,52,0
1256,"I must remind you that native villages surround the city, outside the walls, and that these places were filled with Boxers well protected and firing from loop-holes.",52,0
1257,If we turn more to the left we shall obtain a better view of the mud-wall and the course of the night march of the Allies.,52,0
1258,"On the map, the lowest of the six red lines which branch out from our standpoint near the river in the English Concession and the third line from the bottom, each with the number 53 at its end, mark the limits of our next field of vision.",52,0
1259,"53. From German Club (w. s. w.) over Battlefield during the Battle, July 13, 1900, showing Mud-wall and West Arsenal, Tien-tsin.",53,0
1260,"Although we are on the same roof as before, we have so changed our position as to be able to see a number of citizens and one or two missionaries with their fieldglasses watching the progress of the battle.",53,-1
1261,"Notice how some look in one direction and some in another; some are watching the bursting of the lyddite shells at the South Gate, which we hope to enter to-morrow morning if the Allies are successful; some are looking at the burning city, toward which we shall look soon; others are watching the shells from the Chinese guns on the wall of the city, which are exploding over the Allies.",53,0
1262,"A little farther to our left than we can now see five or six guns from H. M. S. "" Terrible"" are mounted along this wall; these we shall also see to-morrow, if all goes well, when we move in that direction to enter the city.",53,0
1263,"Also, beyond our vision limit to the left, near the same wall, two twelve-pound lyddite guns are placed; just across the street, not fifty yards. away, is the City Hall, on the tower of which is the signal corps with a telephone communication with these guns, and we can hear the orders given to the gunners.",53,0
1264,Seemingly half-way between us and the West Arsenal you see a cluster of buildings sheltered by walls; near that place the Japanese have a field battery; and farther to the right the Sikhs have another.,53,0
1265,"As we stand here all of these guns and many others are belching lurid flames, while the earth seems to tremble with their unceasing roar.",53,0
1266,"The Grand Canal, coming from the southward, reaches the mud-wall off to the left of the arsenal; a small canal extends from the Grand Canal to the Pei-ho, running close behind the mud-wall.",53,0
1267,"Many of the troops now engaged passed out during the night behind that wall; others passed over those low, grassy plains to the left until on a line with the arsenal, taking shelter behind the wall till the order was given for a general advance.",53,-1
1268,The night movement was intended to conceal the intended attack; but spies had apprised the enemy and they were well prepared.,53,0
1269,Only one person in this group of spectators seems to be watching the Russian attack toward the east and northeast.,53,0
1270,"The person in dark clothes near us, with his field-glass at his eyes, is looking toward the center of the Russian wing across the Pei-ho.",53,0
1271,"For a few minutes we shall leave our position here and take another on the tower of the Taku Lighter Company's building, from which we shall look across the Pei-ho to the East Arsenal.",53,0
1272,"On the map our new field of vision is given by the red lines connected with the number 54, which branch from the west bank of the river to the right-hand map margin.",53,0
1273,"54. From British Concession (e.) to East Arsenal over Plain Occupied by Russians-During Battle, July 13, 1900, Tien-tsin.",54,0
1274,"We see something of the scattered villages across the river, where Boxers found defenses from which they fired upon the settlement before the arrival of the relief forces.",54,0
1275,"We are here at the extreme southern end of the English Settlement and the native houses across the river are few, but to our left, up the river, they extend from the river-front well back into the plain.",54,0
1276,"At present they are everywhere in ruins; fire has obliterated every trace of a habitable home; but even after fire had done its work the enemy found secure points for ""sniping"" from among the ruins.",54,0
1277,The tower on which we stand has been penetrated by several shells fired from two forts a mile farther up the river.,54,0
1278,"In this direction we again see the mud-wall, marking a distance of nearly two miles from the Native City.",54,0
1279,"Other batteries of artillery had been planted on the wall in attempting to silence the two forts farther up the river, which had been a constant menace to the settlement.",54,0
1280,"Eastward, two miles from us, we see the East Arsenal, which was captured and burned by the relief expedition in June.",54,0
1281,"Russian cavalry, infantry and artillery spread out and advanced over that plain toward the East Gate of the Native City and the forts on the river.",54,-1
1282,"The ground, as you see, is perfectly level; there is no cover for advancing troops, and the Russians have not yet learned the art of taking shelter by prostrating themselves on the ground; they were raked by rifle fire from the villages and by shell from the forts on the river.",54,0
1283,"From dawn through the long, hot day, the Russian troops advanced slowly but tenaciously, against overwhelming odds; by nightfall they had captured the forts which had wrought so much destruction and caused so much anxiety; but they had not entered the Native City.",54,0
1284,We will return to our former lookout on the roof of the German Club Building to witness the battle now going on.,54,0
1285,Turn again on the map to the six lines which branch from one point near the river in the British Concession.,54,0
1286,"Notice the uppermost line and the second one from it, each with the number 55 at its end on the map margin.",54,0
1287,"55. From German Club (n. w.) to Burning Native City, during Progress of the Battle, July 13, 1900, Tien-tsin.",55,0
1288,"We can distinguish faintly the outline of the city wall, especially the towers, which at intervals rise quite above the level of the wall.",55,0
1289,"The fire to the right is in the interior of the city; that to the left is at the South Gate, the objective point of attack by the Allies on the west side of the river.",55,0
1290,Every gate has a massive superstructure of wood; that of the South Gate is burning fiercely; with our field-glasses we can see the red tongues of flame licking the sky.,55,0
1291,"There is an occasional lull to allow the overheated guns to cool; then the quick muzzle flashes begin again, followed by the deafening roar and earthquake shocks.",55,0
1292,This has continued since dawn; there has been no lull in the steady roll of rifle fire; the fitful popping of the automatic guns sometimes joins in the hellish chorus.,55,0
1293,In such a long continued storm of deadly missiles of destruction one wonders if one soul can be left alive.,55,0
1294,"The sky is cloudless; the sun is merciless; the thermometers register nearly a hundred in the shade; and there, before us over that torrid plain, are scattered eight thousand men, under a scorching sun, without shelter of any kind save the shelter they find in prostrating themselves in filthy pools and quagmires, and yet enduring throughout this long, hot day the well-directed and well-protected fire of some fifty thousand Boxers and Imperial troops.",55,0
1295,The English and the Ninth U. S. Infantry are fighting near each other to the right of the South Gate.,55,0
1296,"Some one in our eager group of spectators calls out: ""See the Japs advance on the double-quick!""",55,0
1297,All glasses are up to see the bold little heroes rush forward for a hundred yards under a withering fire and then drop out of sight in the long grass and mud; next some one directs attention to a charge of Russian cavalry on the plain across the river-a long advancing cloud of dust which meant that the cavalry was within it.,55,0
1298,"We turn again toward the west and see riderless horses galloping back to the arsenal; many of the Allies are now lost to sight among the outlying houses in the villages near the wall, and in the long reeds which cover the ground in places.",55,0
1299,"Night is coming on, and the ponderous gates are still closed and intact, being within a square court and not exposed to shells.",55,0
1300,"The Allies are within two hundred yards of the city walls, but not even the lyddite shells have breached the walls or gates.",55,0
1301,"Night is coming on and darkness will enable the Allies to withdraw; and what a welcome night it is to those weary men who have borne the brunt of battle and the broiling sun from early morn till darkness-no food, no water, no shelter, and every hour of the long day under a raking fire.",55,0
1302,"We on the roof wonder how men can live under such a fire; we talk of the dead and wounded now scattered over those fields where they will remain for the night, sweltering in bloody garments, on beds of mire.",55,0
1303,"Darkness is to be the salvation of the Allies, for they retired under cover of night to the mudwall, where mud-stained and blood-stained, weary and hungry, they caught snatches of sleep on their arms.",55,0
1304,"It was learned during the night that the Chinese were as much disheartened as the Allies and anticipating, naturally, a renewal of assault in the morning, with reenforcements, commenced to retreat.",55,0
1305,"The Allies decided upon a vigorous and concerted attack in the morning, which was made and led by the intrepid Japanese.",55,0
1306,"Two unsuccessful attempts were made to blow down the ponderous gates with dynamite, but each time the fuse failed to ignite.",55,0
1307,"A Japanese soldier rushed forward, with torch in hand, ignited the explosive and was himself blown to atoms; but the great gate was blown down.",55,-1
1308,"Led by these soldiers, the whole force streamed through, and the great horde of Boxers and Imperial soldiers were making an ignominious exit from all parts of the city.",55,0
1309,"When early morning brought the welcome tidings that the Allies were entering the Native City, we all felt that the midnight of apprehension was past; that our long-beleaguered conditions were at an end; that the last shell had shrieked over the settlement.",55,0
1310,"Now let us hasten to the South Gate to witness ""after the battle"" scenes.",55,0
1311,"We halt first to examine a pair of naval guns, already mentioned as having been brought from H. M. S. ""Terrible,"" and to look again toward the burning city.",55,0
1312,"On the lower portion of the map find the number 56 in red by the earth-wall along the British Concession, and the two red lines which branch toward the northwest.",55,0
1313,"56. Destructive Guns from H. M. S. ""Terrible"" and Distant Burning City Fired by their Shells -Tien-tsin.",56,0
1314,"These hot, smoking guns are not the first of the afterthe-battle scenes; before reaching this point we have passed lines of wounded men, borne on stretchers; just behind us, in a canal in line with the wall on which we stand, are flat-boats filled with wounded Japanese.",56,0
1315,"These boats are pushed slowly along with poles, and the spectacle they present is pitiful in the extreme; the bottoms of the boats are crowded with wounded men, some sitting, some lying, all in the hot sun; they are just brought from the muddy field where they have lain and moaned away a dreary night.",56,0
1316,"The silence is funereal; they are not dead men; they are the wounded, many of them mortally; yet no word is spoken, even by the men poling the boats slowly along.",56,0
1317,The litter-bearers are as silent as pall-bearers; the tender consideration for the suffering wounded is as solemn as the reverence for the dead.,56,0
1318,"Remembering the dreadful all-day battle, one can scarcely resist an impulse to lift one's hat when passing the familiar uniform of our own boys, spattered with mud and blood-stained beyond recognition, with a crumpled hat sheltering a pallid face from the fierce sun.",56,0
1319,Now let us examine these instruments of destruction that have added red pigment to the war-picture behind those distant city walls.,56,0
1320,The gunners have retired to a slight shelter in the wall near where we stand; they are smeared with smoke and dust; they have slept by these guns.,56,0
1321,"Yesterday, from daylight till darkness, these two grim machines were hot with unremittent firing.",56,0
1322,"Now, the enemy's guns are silent, and these two, with many others, look restfully and victoriously toward the destruction they have wrought.",56,0
1323,"We see the smoke still rising from the South Gate directly before us and, to the right, from the burning city; columns of smoke have been thus rising from different parts of the city for several days; a great part of the city is laid waste, as we shall see when we enter it at that South Gate a little later.",56,0
1324,We are nearly a mile from our former lookout on the roof and not yet in line with the ground over which the Allies advanced.,56,0
1325,"We are looking northwest toward the south wall of the city, and here we get an idea of the pools of water which had to be crossed, though on the line of the advance there are no sheltering banks or ditches, nor buildings like those we see before us.",56,0
1326,"But we cannot linger here; we must hurry along the top of the wall to a point opposite the West Arsenal, in the rear of this mud-wall, where the exhausted and temporarily repulsed Allies lay on their arms during the past night.",56,0
1327,57. Columbia's Noble Soldier Boys-As Kind-hearted as Brave-American Giving Water to Wounded Japanese after the Battle of Tien-tsin.,57,0
1328,But we will not turn to see a row of two hundred dead lying a little behind where we are standing; we will only glance at a scene among the wounded and hurry on to the burning city.,57,0
1329,And nearest to us you see a fatally-wounded Japanese soldier and the tender-hearted American boy bestowing the only blessing in his powersome water to allay the feverish thirst of his mortal agony.,57,0
1330,"The average American admires pluck; the little Japanese is an ideal embodiment of suaviter in modo, fortiter in re; our boys recognize this and make pets of the manly little fellows.",57,1
1331,I have frequently seen an American and a Japanese walking arm in arm when neither could understand a word spoken by the other.,57,0
1332,"It has frequently been a great convenience to me, in passing a Japanese guard, that I had only to call out ""American,"" when the cordial recognition, ""All right,"" in quaint English, was quickly given.",57,0
1333,Photography is merciful and does not portray the blood-smeared garments and the blood clots on the ground where the wounded have lain over night.,57,0
1334,"A few rods back from where we stand, we will ascend the mud-wall and look toward the Native City and the South Gate (see map).",57,0
1335,"58. From Mud-wall near West Arsenal (n.) to South Gate of Native City, when Allies are Entering, July 14, 1900, Tien-tsin.",58,0
1336,"The allied armies have passed this morning from where we stand across that plain to the wall of the city through which they have just gone, led by the Japanese.",58,0
1337,"To the extreme left, as I recall, the French flag; nearer the smoke, the American, over the South Gate; between the two columns of smoke, the Japanese, the English being hoisted in another part of the city.",58,0
1338,"You can distinguish the outlines of the walls of the city here, much as we could from the roof of the German Club building, showing still a distance of over a mile.",58,0
1339,"The road which extends from this point to the South Gate lies directly before us; it swings around that pond to the left, then again. to the right, passing around those farther native houses, where we see a number of persons; then again it deflects to the left, and continues directly to the South Gate at the left of the rising smoke, where the American flag flies triumphant over the smoldering ruins.",58,0
1340,"The ruins of the West Arsenal which we have had occasion to mention so frequently, lie at our right, extending nearly up to those trees and facing that small native village on the left.",58,0
1341,"These ponds occur frequently over the battlefield; sometimes as drainage canals, sometimes as mere stagnant pools.",58,0
1342,"At a point half way to the city the Boxers had breastworks thrown across the road, and behind these were vast quantities of fired rifle shells.",58,0
1343,"We see before us a band of coolies bearing a palanquin containing some important personage, probably a civil functionary who has been allowed to pass the guards and escape to the country; or it may be a distinguished prisoner in charge of that officer who follows.",58,0
1344,"We hurry on to reach the South Gate, and in passing through suburban villages we see many victims of the previous day's fighting; some within their houses, some in the yards of their homes; one little boy, I could not but notice, who lay over the threshold of his home, his feet projecting into the street.",58,0
1345,When we reach the gate we find all is chaos and consternation; the flames within the walls of the quadrangular square at the gate are still burning fiercely.,58,0
1346,"The Japanese seem to be in charge, but the Stars and Stripes have been sent up, even amid flame and smoke, and there they still float.",58,0
1347,"Our position is given on the map by the red lines connected with the number 59, which start a few rods east of the South Gate and branch west.",58,0
1348,59. Chinese who Paid War's Penalty-At South Gate Immediately after Allies Entered the City.,59,0
1349,"We entered there from our left, turned in this direction and ascended the wall at that inclined causeway at the right of the Japanese soldiers on the wall.",59,0
1350,For days we have been looking to this spot before us; now we stand upon it when the victorious Allies are spreading out into every part of the city to our right.,59,0
1351,These poor fellows do not look much like overthrowing the reigning dynasty or even expelling the foreigners.,59,0
1352,"The greater number of dead are in the streets and houses near this gate, many of whom have been killed by common shells and the deadly gases of the lyddite shells.",59,0
1353,"The wall, at the point where the soldiers are standing, extends to the left for about fifty feet, forming a quadrangle within which the great gates are located; hence, the impossibility of reaching them with shell.",59,0
1354,"While we are considering the wall, let me ask you to notice how it is constructed, as, at this place, the ruinous condition shows the formation, viz., a face wall, eight or ten feet in thickness on both sides, and the interspace filled with clay.",59,0
1355,"Seated by the wall we see two Japanese civilian onlookers; may be they are attachés of the army, or correspondents; beyond them, standing against the wall, is a large native gun, called a gingal or twoman gun.",59,0
1356,"Many of these were brought into requisition by the Boxers, while the regular soldiers were supplied with the Austrian army guns, considered by many the most effective weapon on the field.",59,0
1357,"We will pass along to that projecting point on the wall, at the right of the Japanese soldier, and face in this direction, that we may see a continuation of the wall back of us and the aspect of the street running parallel with it down on our right.",59,0
1358,"On the map see red lines, connected with the number 60, which branch to the east from near the South Gate.",59,0
1359,60. Motley Crowds and Jumbled Huts of Old Tien-tsin –View Inside South Gate soon after the City was occupied.,60,0
1360,Here we have a general view looking east along the old wall which swings to the left in the distance.,60,0
1361,"The German Club building, from which we obtained our first panoramas of the battlefield, lies over a mile farther to the right than we can see.",60,0
1362,"We have again, from this position, a view of the Japanese military supply force, and there, near us, is an officer's horse; we see bands of coolies, probably commandeered for service; we see a line of captured “rikishas""; we may observe also this range of poorer houses made of mud; the better buildings are of brick, but all of one low story as usual.",60,0
1363,"You may notice many of these mud-houses pinked with bullet holes, made by shots passing over the wall and, more than likely, by some volleys fired after the entrance at the gate, which now lies behind us.",60,0
1364,"Farther on, a little to the left, we may see where a shell has penetrated a mud-roof; but still more interesting are buildings beyond, fronting on this same street where you see an open space, flanked by a brick wall; they are to the left of the wall and are a little higher than the surrounding structures.",60,0
1365,"They constitute a native arsenal and were well filled with all sorts of war materials, including cannon, rifles of many kinds, swords, ammunition, flags, soldiers' clothing, etc.",60,0
1366,There is no doubt but that the ample supply of this military storehouse furnished many a souvenir to both civilian and soldier.,60,-1
1367,"After the capture of the city it was divided into districts, and the different districts were assigned to troops of different nations for control and government.",60,0
1368,"This district extends from the South Gate nearly to the tower we see in the distance, and to the left an equal distance.",60,0
1369,"Fortunately for the Americans the district contained both an arsenal and a mint; more correctly the so-called mint was a public building for the safe-keeping of syce or silver bullion received from all parts of the Empire, in payment for salt, which is produced in great quantities from sea-water, by solar evaporation, and shipped to the different Provinces.",60,0
1370,"In giving an account of this mint or salt-yamen, as we will call it, I must anticipate, in order that you may understand the interest attached to the scene before us; that is, I must tell you something of what transpired several days after the capture of the city, that you may better understand the scene presented here on the day following the battle.",60,0
1371,"The location of the salt-yamen is indicated by those two tall poles resembling flag-poles off to our left; the buildings, at the time we are looking on the scene, are still smoldering, and few seemed to know that said buildings contained great quantities of bullion.",60,0
1372,Soon after I was here I met an Anierican soldier who had in his possession an old bag containing about as much silver as he could conveniently carry.,60,0
1373,"It proved, however, to be silver of the first quality, worth thirty-five dollars per bar.",60,0
1374,"During the following night, and before the military officers in command were fully aware of the great quantity of silver in the burning ruins, soldiers and others had carried off vast amounts.",60,0
1375,"From this source syce became so plentiful in the settlement that the military authorities prohibited the banks from buying it, and made some attempts to confiscate what had been thus taken by individuals.",60,0
1376,"A guard was placed over it finally, and the silver was removed to the headquarters of the U. S. Marines; but what disposition was finally made of this rich capture I have never been able to learn.",60,0
1377,"This, however, I know, that when it was brought into the marine headquarters I made a photograph of nine four-mule wagon loads of silver, all standing at one time before the marine barracks, and was told that these nine four-mule teams would have to make a second trip to the yamen for the balance.",60,0
1378,It was well known later that the Americans were not the only ones among the allied troops who found and carried away treasure.,60,0
1379,"It was a great surprise to me, on returning to the United States, to learn that so little mention had been made of these captures of such enormous quantities of bullion; indeed, up to the present, I have never met any one who had even heard of it.*",60,0
1380,"If we turn about and follow the wall westward, only a few paces, past the tower on which we saw the American flag floating, we shall be within the section of the city occupied by the French.",60,0
1381,"Our position and field of vision is given on the map by the red lines which start from the south wall, a short distance west of the South Gate, and branch northeast.",60,0
1382,"From the New York Tribune of March 11, 1902, we quote the following ""According to a dispatch from Washington dated January 23, Secretary Hay that day handed to Minister Wu-Ting-Fang a draft on the United States Treasury for $376,600, the value of the silver bullion captured by American marines at Tien tsin.""",60,0
1383,"61. Looking North from South Gate over the Burning City, just after its Occupation by the Allies, Tien-tsin.",61,0
1384,"For several days after the city was taken, destructive fires broke out in different parts, and it was reported that the entire city was to be destroyed, and from the precipitate flight of the terror-stricken inhabitants, one could not but believe that such notice had been served upon them.",61,-1
1385,"At every gate, men, women and children were trampling and jostling in their efforts to escape to the country and to outlying villages.",61,0
1386,"Here you can see homes going up in flame and smoke, and the homeless people sitting around awaiting permission from the French guards to leave the city.",61,0
1387,"These poor people are probably in no way responsible for the Boxer uprising, yet they have lost home and all save these paltry bundles, and thousands and tens of thousands have shared this ruthless fate.",61,0
1388,From here you can only see at a distance the ravages of flame; you cannot see within those homes and shops the ravages of human hands as I saw them after leaving this spot and passing through streets near those all-devouring elements.,61,0
1389,"Doors were smashed; shops were entered and plundered; men and women were fleeing, carrying their precious heirlooms-their jewels, their furs, their silks, their embroidery, their money.",61,0
1390,"These much-prized valuables were snatched from them, and they dared not protest; they could not protest; they could not even tell that they were not Boxers; but their lives were dearer than their most cherished jade-stones, and they were even thankful to escape with life and honor.",61,0
1391,I saw native women surrender their dearest belongings almost in a spirit of gratitude that life was not demanded.,61,0
1392,"Looting from an enemy bent on taking your life as well as your property is justifiable by a natural quid pro quo equivalency, or by the law of reprisal, as well as by the Old Testament code; but indiscriminate plunder of friend and foe is robbery, and robbery is robbery even in war.",61,0
1393,"The looting by the Allies was not confined to the enemy, nor even to the Chinese, but extended to the European settlement, where temporarily vacated homes of Europeans were entered and plundered.",61,0
1394,"Li Hung Chang said to a friend of mine that he had been reading up the Mosaic decalogue of the Christians, and suggested that the eighth commandment should be amended to read, ""Thou shalt not steal, but thou mayst loot.""",61,0
1395,I have here mentioned looting because that which I witnessed and which I shall not soon forget occurred near where you see this fire burning.,61,0
1396,"After an interval of three days we return to the South Gate and stand again on the wall over the gate and look directly north, toward the heart of the city.",61,0
1397,"Before us lies a great city, not only deserted, but sacked, looted, and in ashes, by Christian armies.",62,0
1398,"A day later that long thoroughfare was a slow-moving line of homeless, weeping human beings-their homes in ashes, without food, friendless, and, in many cases, their kindred left charred in the ruins of their homes.",62,0
1399,"There were mothers with babes; there were aged men and women supported by younger members of the family; there were wounded borne on wheelbarrows, when it was their fortune to have friends; otherwise, they were left to die.",62,0
1400,"I saw one poor fellow, whose leg had been shattered by a bullet, painfully hitching himself along by inches, dragging the broken limb, while the bone protruded from the wound.",62,0
1401,"At the same time, this street was strewn with corpses; those of persons asphyxiated by the fatal gases of the lyddite shells could easily be distinguished by the yellow discoloration of the skin.",62,0
1402,"Lily-feet, which were so expensive at Shanghai, were here the appendages of inangled corpses that had no more consideration than the carcasses of dogs, which also lined the streets; but the camera cannot portray nor the pen describe those heartrending scenes along this narrow street after the battle.",62,0
1403,"You see two coolies with wheelbarrows; these have been allowed to pass the guards to gather up scraps of worthless iron, or something of no value from the ruins.",62,0
1404,"You see also a woman who has been allowed to pass within the gates; we can only conjecture her mission; it is, doubtless, an urgent one, may be, to search for valuable property or missing friends.",62,0
1405,"Besides being a sad picture of a pillaged and deserted city, you can see the character of its architecture; its situation on a level plain; its low one-story brick buildings and narrow streets, this being one of the principal thoroughfares.",62,0
1406,"you may wish to witness a closer view of live specimens, and I think I promised you such a privilege on our way to the north.",62,0
1407,"We will therefore leave the Native City and return to the European settlement, where we shall be able to see about fifty.",62,0
1408,"63. Some of China's Trouble-makers-Boxer Prisoners Captured and Brought in by the 6th U. S. Cavalry, Tien-tsin.",63,0
1409,"Some time after the capture of the city of Tien-tsin it was learned that a large force of Boxers were advancing from the southwest, and had reached a place only ten miles away.",63,0
1410,The guns which had been used against the Native City were mounted on the mud-wall and trained in the direction of the threatened advance.,63,0
1411,Breastworks were thrown up along the crest of the wall and every preparation made to resist any force which might be brought against them.,63,0
1412,"Even if the whole army which had fled from the city should return with reënforcements, the Allies intrenched behind the mud-wall were confident they could repel it and seemed quite anxious that an attack might be made.",63,0
1413,The force sent out included the U. S. Sixth Cavalry and a company of Indian Lancers.,63,0
1414,Boxers often doff their distinctive uniform for the ordinary coolie's or peasant's garb when about to be captured; so that it is not always easy to know a metamorphosed Boxer from a common coolie.,63,0
1415,"The boys said they knew one was a genuine Boxer because he carried a weapon; at the same time one of the cavalrymen grabbed the ""real thing"" by the pigtail and tugged him into the foreground and placed him near the camera as you see, saying at the same time: ""You can tell by his bloomin' squint that he's a bloody warrior.""",63,0
1416,"The English and American soldiers were quite fraternal in China, hence the adoption of English slang.",63,0
1417,"One would scarcely expect to find natives of Borneo or the Fiji Islands more barbarous in appearance; and it is well known that a great proportion of the Boxer organization is of this sort; indeed, we may even say by far the larger half of the population of the empire is of this low, poor, coolie class.",63,1
1418,This view was made during a very hot day in a torrid sun; and still they sit here with their heads shaven and uncovered without a sign of discomfort.,63,0
1419,They are quite devoid of the insolent boldness that characterizes the mountain tribes in the Province of Hunan; they are prisoners and do not yet know their fate.,63,0
1420,"To-morrow they may be shot; but whether it is bambooing, shooting or beheading, one fellow decides he will take a smoke.",63,0
1421,We are but a short distance from the Pei-ho (see number 63 in red in the German Concession on the map).,63,0
1422,"Leaving the Boxers with the guards, let us stroll to the river, where we may witness a novelty in transportation.",63,0
1423,"64. Wheelbarrow Transportation, China's Best and Cheapest Freighters-At the Boat-landing, Tientsin.",64,0
1424,The wheelbarrow is both the cart and the carriage of northern China; it is one of the few things that has attained a higher development in China than in any other part of the world.,64,1
1425,"You can see in those before us the unusual construction, the great size of the wheel which is placed in the center of a heavy frame which projects in all directions; observe also how far apart the handlebars are placed in order to giver power to balance.",64,0
1426,A rope or strap extends from the handle-bars over the man's shoulders; this gives power of equilibrium and distribution of weight.,64,0
1427,"A strong wheelbarrow coolie will carry two passengers and make twenty miles a day on a daily allowance of twenty cents; that would be ten cents for each passenger, or one-half cent per mile about one-fourth the lowest rates on any of our railways.",64,0
1428,"At Shanghai we referred to the wheelbarrow as a passenger vehicle, while here you may see it used in transporting all kinds of commodities.",64,0
1429,They have been brought into requisition in great numbers by the different nations to transport army stores from the boat-landing at the river front to the different places of encampment or to storage places for supplies.,64,0
1430,"This small army of wheelbarrows is in control of the Japanese, as you may see by the flag borne by one of them; a very small flag is also attached to the front of each barrow-a flag with a white field and a black disk in the center.",64,0
1431,"These wheelbarrow men are often careless about keeping the bearings of the wheels lubricated, and when such is the case the creaking noise under a heavy burden is excruciating.",64,0
1432,"Try to imagine this entire force tearing on with heavy loads and dry axles, and you may realize the susceptibilities of the human tympanum in relation to harmony and discord.",64,0
1433,"But the most interesting thing about these quaint motors is, that in case you have a quantity of merchandise to be moved from one point to another you can have it done by these coolies with their barrows for much less than it would cost you by modern carts, trucks, wagons or railways, and done with greater care and less destruction to the goods transported.",64,-1
1434,"Notice the building on our left with the American flag flying over it; it is the headquarters of the Quartermaster's Department, and I call your attention to it because when I am ready to start for Pekin I must come to this office and present a letter to General Chaffee from the State Department at Washington in order to get from him a permit for transportation on one of the commandeered small cargo junks which sail from the landing before that office.",64,0
1435,You can see some of these boats now at the landing beyond that great mound of army supplies over which the flag is flying.,64,0
1436,"You will notice two of our own soldier boys whose free and easy manner and comfortable negligée has occasionally elicited unfavorable criticism from foreigners, this rough and ready undress being regarded as slovenly and unmilitary, especially in parade, but we believe in sacrificing appearance for the best fighting conditions.",64,0
1437,"They scrambled to balance themselves on this perch; they swore at the coolie to ""hold still""; they wanted to go into pictorial history, and here they are statuesque as you please, with the drollest of wheelbarrows for a pedestal.",64,0
1438,"Before coming here we saw the Boxer prisoners; here we see, beside the wheelbarrows, the common coolie; they appear in no way different from the Boxers, showing how largely the I-HoChuan is made up of the lower element of the population.",64,0
1439,"From where we are standing we stroll directly up the river for a mile, cross to the opposite shore and enter a mile further on a native village in which many of the native Boxers were sheltered during the first attacks on the settlement.",64,0
1440,On the map see number 65 in red near the second eastward bend of the river.,64,0
1441,"65. Family of the Lower Class ""Chowing"" in Their Home, Partially Destroyed during the Siege, Tien-tsin.",65,0
1442,"Here, as usual, we find the house partially destroyed; but as the buildings are chiefly of clay and unburned brick, many of them furnished little fuel for the flames.",65,0
1443,"The inhabitants are now returning to reoccupy their old haunts when found habitable, and we find this family of the lower class ""chowing ""after their wonted fashion.",65,0
1444,"I cannot describe dishes that are altogether mystery; there is rice, of course, and something which I imagine has once been fish; there are vegetables in small pieces in liquid.",65,0
1445,"There are no knives nor forks on the table, nor chairs around it, but of course we see the inevitable chop-sticks or ""nimble lads,"" as their Chinese name implies.",65,0
1446,"The name is appropriate, for the dexterity with which the Chinese handle these little straight sticks is marvelous; they will pick up a single grain of rice between the ends of these sticks as readily as we could do it with a spoon.",65,0
1447,"Among the upper class a family at a meal would present a different appearance; there would be fine dress, fine furniture and fine food after its order.",65,0
1448,"Judged by some writers, the Chinese have been placed next to the French as cooks, and particularly as culinary economists.",65,0
1449,"Probably this denotes wisdom more than it does scarcity, for in Western lands also we often find the healthiest and most robust among the plain livers.",65,0
1450,"In these days when the enlightened nations, so-called, are studying the best means of feeding the greatest number at the smallest cost, it is interesting to learn an undoubted fact that it is possible in China in ordinary times to furnish an abundance of food of wholesome quality at a cost of two cents a day for each adult person.",65,0
1451,"Nor is this the minimum, for it is claimed by eminent authorities that during famines great numbers have been maintained on one and one-half cents a day.",65,0
1452,"Before us is a family of six, and I doubt whether the daily expense of that family exceeds ten cents.",65,0
1453,"Before we leave them, have you noticed that they sit in the hottest midsummer sun, and, like all others among the lowly whom we have been studying, they are without head cover?",65,0
1454,"That appearance is very common among the poor; but whether from scalp disease or the encampments of insect colonies, I can only surmise.",65,0
1455,"Some girls peered from small apertures in these lowly homes, and I tried to persuade them to join this ""chowing"" band; they tittered and withdrew, and I did not persist, as they would not have added much to the beauty of the six already before us.",65,0
1456,"It is scarcely neces sary to suggest that there is probably no boastful rivalry between their wardrobe and their cupboard; but while we look upon their poverty and lowly home, we must not forget Gray's beautiful lines:",65,0
1457,"Assuming the population of China to be four hundred millions, and remembering that an equal number requires burial every forty or fifty years, or that the amount of productive land must be reduced every fifty years by the area of four hundred million graves, we can possibly understand how graves are interfering with agriculture and the food supply.",65,0
1458,"Let us walk to the outskirts of the Native City just beyond the battle-field, where we can see how thickly the mounds of the dead are scattered over the plain.",65,0
1459,"On the map the red lines branching toward the northeast from the number 66, a half-mile to the west of the Native City, shows our position.",65,0
1460,"66. Reverent but Prejudicial Ancestor Worship-One of China's Immense Cemeteries, which seriously Lessen Her Productive Land Area.",66,0
1461,Suppose we allow a square rod for two graves and that only four hundred million burials occur every fifty years; that would diminish the production area one and one-half million acres every half century.,66,0
1462,Can we wonder then that there is so much complaint because inviolable sepulture encroaches so heavily upon productive lands.,66,0
1463,"Wherever possible, barren slopes and unproductive places are set apart for cemeteries, but this is frequently not practicable.",66,0
1464,Near Tien-tsin I saw buildings inclosed by brick walls in which many coffins stood above ground quite exposed.,66,0
1465,"The bodies were tumbled out to be stripped of their jewels and trinkets; they were robed in their best apparel and well preserved, as though partially mummified.",66,0
1466,"In the bottom is placed a quantity of quicklime; the body is swathed in a great amount of cotton, and only a slight odor escaped from these newly-opened coffins.",66,0
1467,The dead are kept at least forty-nine days before interment; this is to give the geomancers ample time to locate a lucky burial site.,66,0
1468,"Coffins are often secured irrespective of any imminent prospects of death; indeed, they are always regarded as a very handsome and appropriate birthday gift.",66,0
1469,"Funeral customs in China are so numerous and strange that chapters might be devoted to an account of them; one consists in scattering paper money (small tin-foil imitations of syce) along the road as the funeral procession advances, in order to appease the cupidity of straggling ghosts that may haunt the way.",66,0
1470,"The approaches to the tombs of nobles, as we observed at Nankin, are often marked by rows of stone figures.",66,0
1471,"You see in the distance what appears to be a small pagoda, and beyond a small tower; they both might be called towers of silence; but they are really baby-towers; that is, they are towers in which babes are buried, or rather pitched.",66,-1
1472,"All babes under one year of age at death are wrapped in cloths, bound around with strings, and thrown into these towers.",66,0
1473,"It may even be suspected that these baby-towers may be the bourne of many girl-babes before death; you know girl infanticide is not uncommon, and here is facile modus.",66,0
1474,"In illustration of how prevalent is the destruction of girl-babes, one writer tells about seeing the following notice posted at the edge of a pond: Girls may not be drowned here.",66,0
1475,"Only fifty yards to the left of where we stand I witnessed a spectacle I will not soon forget, a scene too shocking to be shown to the world indiscriminately.",66,0
1476,"It was the shooting of two Chinamen by the French and the beheading of two others by the Japanese; the former were convicted of stealing, the latter of being Boxers.",66,0
1477,"The former were bound to posts and shot; the latter were made to stand among these graves while a shallow pit was dug in their presence, beside one of these mounds; this shallow muddy hole was to be the one grave for the two convicts.",66,0
1478,"They were made to kneel on the mound looking down into the grave prepared for them, so that when the fatal blow was struck they would fall therein.",66,0
1479,"Only a few of us had learned the hour of execution and were present, among us an American doctor who, when this grave was being dug and the two poor fellows stood near by, held the hand of one, feeling his pulse.",66,0
1480,"“One hundred and twentysix,"" replied the physician; and yet the doomed man showed no outward mental disturbance.",66,0
1481,"Another, speaking his language, asked him if he was a Boxer, to which he replied meekly and with mysterious resignation, ""I am no Boxer; all the village people hereabouts know me.""",66,0
1482,"I was told afterward that this sympathetic medical man, who was not unfamiliar with blood, was so disturbed by this heartless butchery that he was disqualified for duty for several days.",66,0
1483,It is too grewsome for presentation in a popular series; yet those who would fully realize the cruelties and barbarities of war should know and see; the view may be had of the publishers.,66,0
1484,"The most famous man in China, the ablest statesman in Asia, the second richest man in the world and one of the most widely known characters in history, reached Tientsin later during my sojourn in China.",66,0
1485,"The great intermediary between the throne of China and the foreigner, so often degraded and then reinstated, passed from south to north like a sidereal luminary that had wandered from its path, but was again to be restored to its true place in the heavens, or as peacemaker to the Imperial Court.",66,0
1486,"67. Li Hung Chang, China's Greatest Viceroy and Diplomat-Photographed in His Yamen, Tientsin, September 27, 1900.",67,0
1487,This meek and bland-looking old man who sits before you was at this time the talk of the world—would he be allowed to land at Tien-tsin?,67,0
1488,He occupied the Viceroy's Yamen across the river outside the walled city (see map northeast of walled city).,67,0
1489,"Through the courtesy of an American doctor who desired a photograph of the ex-Viceroy and who had some acquaintance with Dr. Parks, his medical adviser, I visited the Yamen.",67,0
1490,"His Excellency being engaged with important matters of state, kindly consented to sit for us on the following day at a fixed hour.",67,0
1491,"At the hour appointed we were met by the genial Dr. Parks, who, as soon as I had chosen a well-lighted part of this court in the Yamen, had servants bring out this finely inlaid stand and the chair in which he sits.",67,0
1492,"When cameras were placed in position and everything in perfect readiness, his chair-bearers were notified and he was brought from his rooms in his official chair and assisted by his attendants to the chair in which you see him.",67,0
1493,He greeted us with a pleasant smile and spoke to us freely through Dr. Parks as interpreter.,67,0
1494,His natural simplicity and the entire absence of affected importance was quite fascinating; kingcraft is nearly extinct; the time when a sovereign could make his subject revere him as a demigod belongs to the past.,67,0
1495,A truly great man has no occasion to pretend greatness; only those who are not great find it necessary to resort to affectation.,67,0
1496,Neither Earl Li's great wealth nor his great attainments have in any degree left a trace of self-importance in his manner.,67,0
1497,"When I asked Dr. Parks if he could remove the cap of his Excellency for one stereograph, the doctor explained to him and removed the cap.",67,0
1498,"This caused Earl Li to smile as though he would have said: ""What can they want with my bald pate?""",67,-1
1499,"Even that fine blackwood table, inlaid with mother-of-pearl, upon which his arm rests, is worth noticing; this style of furniture is much used by the wealthy.",67,0
1500,"But for those who may not be, I will take the following résumé from ""The Chinese Empire Past and Present.""",67,0
1501,"He is immensely wealthy and has held nearly every post of honor that China could give him, though likewise at irregular intervals, he has been deprived of all position and power; his ""yellow jacket"" has been taken from him, and his head has been in danger.",67,0
1502,"In three successive literary examinations he stood first, and in 1847 was enrolled in the Hanlin or Imperial Academy, the highest literary degree in the empire.",67,0
1503,"He immediately saw the value of European military organization and equipment and formed the ""ever-victorious Force,"" a Chinese Corps, armed, drilled and disciplined according to European fashion, first under the direction of the American, Ward, and then of the celebrated Gordon.",67,0
1504,Henceforth Li threw all his force and influence into the adoption in China of Western arts and sciences.,67,0
1505,"In 1872 he had thirty Chinese boys sent to the United States to be educated, and established a college in Pekin, under Dr. W. H. P. Martin.",67,0
1506,"In 1880 he took advantage of the Russian war scare to improve the army and navy and establish the telegraph, which now comprises a network of over ten thousand miles.",67,0
1507,"A short line had been built from Shanghai to Wusung, but this was bought and dismantled the next year by the government.",67,0
1508,"Li maintained, however, the agitation for railways until in 1888, when an active beginning was made, and the work has gone steadily on ever since.",67,-1
1509,"In 1877 he bought four ironclads just built in England for the royal navy, and so laid the foundation for the present Chinese modern navy.",67,0
1510,"He has likewise so cleverly managed diplomatic relations with France upon their nominal victory in the war in 1884-85 over Formosa, that China got decidedly the best of it in the net result.",67,0
1511,"Under his encouragement joint stock companies have been organized for various industrial enterprises, such as silk, cotton, wool, glass and iron manufactures.",67,0
1512,"Li Hung Chang belongs to the native party, and is ready to resist the encroachments of foreign nations with all the arts of diplomacy at his command.",67,0
1513,He favors progress and development; but how can he look with favor and equanimity upon foreign encroachment and the exploitation of his native land by nations whose customs and institutions he does not like.,67,0
1514,"If she had developed the arts of war as long and as well as she has the arts of peace, the foreign nations, even the allied foreign nations, would not have dared to coerce treaty ports and naval stations in her borders, or to thrust a new religion and a new civilization upon her.",67,0
1515,"When might makes right, justice is usually out of the balance, and there is apt to be greed and cowardice in its place.",67,0
1516,The average European and the average American knows no more about the Chinese people than he does about the possible inhabitants of the stellar worlds.,67,0
1517,"The retaliation by the so-called Christian armies was often characterized by rape, plunder, cruelty, and enormous indemnities dictated by allied might.",67,0
1518,What would we think if England should demand a cession of territory on Casco Bay that she might have a winter port for the Canadian Pacific Railway?,67,0
1519,"And again, if these demands should be followed by one from Germany for a grant of territory in Plymouth harbor, because some alien countryman had been killed by irresponsible ruffians at Worcester?",67,0
1520,When we had finished our stereographs from this position we asked Dr. Parks that His Excellency might be carried through the open court into bright sunlight in order that we might obtain a view of him in his official chair.,67,0
1521,"This was done, and as we pressed the bulb and lifted our hats, the venerable statesman smiled acknowledgments and was borne to his spacious rooms within the Yamen.",67,0
1522,"In the meantime many additional forces had arrived, among them many additional troops from Germany, from India, from Japan and Russia.",67,0
1523,"On the way they fought the battles of Peitsang and Yangtsun, and burned the city of Tung-Chow and all the villages left standing by the Boxers in their line of march.",67,0
1524,"This march of the allied troops between Tien-tsin and Pekin occupied ten days, and they entered the latter place on August 15, just a month and a day after the capture of the former city.",67,0
1525,"Now that about twenty thousand troops were quartered in the Imperial capital, the transportation of vast quantities of army stores to that place was necessary.",67,0
1526,"To accomplish this the different armies requisitioned great numbers of native junks, and these plied constantly between Tien-tsin and Tung-Chow, the nearest port to Pekin.",67,0
1527,Before boarding one of these junks at Tien-tsin for Tung-Chow I shall tell you briefly how I maintained my existence during and after the investment of the former place.,67,-1
1528,"It would seem that under even a quasi-military rule, civilians have few if any rights; the civilian furnishes the sinews of war; he pays the taxes which maintain the army and the navy; but he has scarcely a right to his own property or his own soul when petty military officers are invested with a little brief authority.",67,0
1529,"Many citizens, both American and English, complained bitterly of the high-handed, unlawful and impudent way in which officers took possession of private houses which had been temporarily vacated, using and misusing everything found therein, including libraries, pianos, bedding, etc., notwithstanding the fact that these same civilian owners are paying taxes to furnish the army with all necessary camp equipments.",67,0
1530,"Three times I had received permission from agents of the owners to occupy private houses which had for a time been vacated, when American officers came, and in a way which I fear is somewhat characteristic of my countrymen said: Get out of this%; we want these rooms!",67,0
1531,"An English, a Japanese or a Russian officer would have said: ""Sorry to disturb you, but we will require these rooms.""",67,0
1532,"After three removals, by the courtesy of Mr. Denby, son of ex-Minister Denby, I was allowed to occupy a room in a series of Chinese buildings under his charge.",67,0
1533,"During that tine there was great scarcity, and it was often difficult to obtain a sufficiency of food to allay the gnawings of hunger.",67,0
1534,"To make matters worse, mails had failed to bring to the North registered letters and other valuable matter.",67,0
1535,"Things were a little uncomfortable when so little food could be bought, but when my last penny was gone a famine seemed near at hand.",67,0
1536,"I don't mind missing a few meals, but a fast of a few days makes unpleasant cavities about one's anatomy.",67,0
1537,"I did, however, make a pretense of dropping in casually upon the cook of the U. S. Marines to ask him if he could spare a little rice.",67,0
1538,"He pointed to a small starch-box on the floor half filled with rice and clay and straw, saying at the same time, “That's good rice if you only wash it enough.""",67,0
1539,"I carried it off quite thankfully, and, sure enough, when washed in five or six waters, it assumed a normal white, and I feasted several days upon this, seasoned with a pinch of salt.",67,0
1540,"One day during this period of scarcity, while on the street, I saw a potato drop from a passing commissary wagon.",67,0
1541,"With these I returned to my room in a mood of triumphant forage; 1 pared, sliced and boiled them together in a small tin pot on my spirit lamp.",67,0
1542,I seasoned with salt and a small portion of rancid oleomargarine left in a tin which had been opened two months before.,67,0
1543,"This veritable feast had predisposed me to potatoes, and on another occasion, having seen a quantity of fresh potato parings thrown out in a yard near a street, I decided to return after night-fall to secure them.",67,0
1544,"When night came on, taking a quantity of matches in my pocket to enable me to find the exact spot, I walked back one mile to obtain this tempting prize of potato parings; but on reaching the place a number of officers were seated near by and my pride defeated my plan to secure another feast, for I could not take them in the presence of the officers.",67,0
1545,"This state of scarcity continued until one day an American soldier came to me, all his pockets sagging with syce (bars of silver), and asked me to buy.",67,0
1546,"The swap"" was promptly consunimated, and I had one hundred and fifty dollars worth of silver bullion, that is, about twenty pounds.",67,0
1547,"This relieved the money market and in some measure the fast, for soon the natives began to return to the city and to the settlement.",67,0
1548,"I formed many pleasant acquaintances among these men and officers; sometimes giving accommodation to them in my room, and in turn they would accompany me in my outings with the camera, rendering valuable assistance.",67,0
1549,Through these generous-hearted boys I obtained many war-souvenirs and enjoyed many acts of courtesy; but we cannot go further into details.,67,0
1550,"We now pass, October 3, to the river before the Quartermaster's office, already shown you, and embark on one of the junks requisitioned by the American army to transport supplies to Pekin.",67,0
1551,"Turning to Map No. 2, the map of Eastern China, we trace the part of our route just before us by the red line which runs from Tien-tsin to Pekin.",67,0
1552,"A short distance from Tien-tsin we find the number 68 in a circle, both in red, with a zig-zag line running to our route line.",67,0
1553,68. Junk Flotilla on the Pei-ho River-Transporting U. S. Army Stores from Tien-tsin to Pekin.,68,0
1554,They draw only two or three feet of water; their shallow holds are filled with army supplies.,68,0
1555,"The only sleeping-place is under those tarpaulins thrown over the poles, and the season is so far advanced that the north winds are exceedingly uncomfortable.",68,0
1556,"Each boat has a crew of five or six native boatmen, one of whom acts as captain, each junk being in charge of a soldier who cooks his own meals on board.",68,0
1557,"With a favorable wind, a sail is used; at other times each boat is towed by the crew with a line attached to the top of the mast.",68,0
1558,"The progress upstream with the tow-line is scarcely a mile an hour, and the average time of a passage to TungChow is five or six days.",68,0
1559,You see this fleet of junks before us is being propelled by the tow-line while its sails remain unfurled; you see also something of the tortuous course of the river.,68,0
1560,"Sometimes neither the tow-line nor the sail can be used; then poles are employed; these are thrust into the muddy bottom at the bow, the end is placed against the shoulder and then the coolies walk rapidly to the stern of the boat, thumping heavily the deck with their feet at every step.",68,0
1561,This habit of pounding with their feet at every step as they push from bow to stern is one of the strangest customs among these boatmen.,68,0
1562,"The effect during the still hours of night is very curious-they ""keep step,"" and there are often several fleets passing in opposite directions at the same time, and the rhythmic pounding of so many bare feet on the hollow sounding decks in the dead of night I cannot forget.",68,0
1563,The boats touch the banks at many points and one can debark and embark almost at any time without stopping the progress of the fleet.,68,0
1564,"I found walking on the tow-path in the cool autumn weather much pleasanter than the deck of a junk like this, and I walked the greater part of the distance between Tien-tsin and Pekin.",68,0
1565,"Standing here, we get a true aspect of the Pei-ho and the kind of boats that ply the river; we see also the level character of the river plain and the small growth of shrubbery and trees in the distance.",68,0
1566,"The soil everywhere is exceedingly rich, and alternating crops of corn, millet, beans, sweet potatoes, peanuts, sorghum and melons have marked the fertile valley all the way between these two great cities.",68,0
1567,I said the crops had not been harvested-I meant by the owners; many of them for almost a mile on either side of the river have been plundered by the men of the junk-fleets belonging to the different armies.,68,0
1568,The native junkmen were permitted to go ashore and gather in corn and millet to fill all the empty space available; the Europeans took whatever they could use.,68,0
1569,"The inhabitants had fled well back from the river, leaving crops and sometimes live stock.",68,0
1570,Many a pig that had been left behind and ventured to the river bank became a victim to the deadly army rifle.,68,0
1571,Occasionally some of the people who had fled from their homes returned under cover of night to gather in something of their wasting harvest.,68,-1
1572,"It was a sad sight to see such vast fields of valuable crops being lost, and cold winter near at hand and starvation awaiting many.",68,0
1573,"On one occasion I attempted, while walking, to cut off a great bend in the river by what I imagined would be a short way across country.",68,0
1574,"After penetrating about three miles I reached villages containing skulking refugees, at least stragglers, partially in hiding.",68,0
1575,At first sight of me they scampered pell-mell into the forests of millet; this grain is often from twelve to fifteen feet high and affords a safe and interminable retreat.,68,0
1576,"At one farm where a poor old woman carrying a bundle of grain on her back attempted to cross the road some fifty yards ahead of me, and little suspecting the presence of a ""foreign devil"" so far back from the river, furtively cast her eyes both ways on the road.",68,0
1577,"She spied me, dropped her bundle as though she had been fired upon, jumped into the dry millet field and in a moment was out of sight.",68,0
1578,"It gave me a sensation of sadness I never before experienced, and even now, long afterward, it steals over me when I recall the incident—an innocent, harmless fellow mortal fleeing from me in frenzied terror.",68,0
1579,"She thought I sought her life; and to be suspected of seeking to take life shocked me, I dare say, as much as my presence frightened her.",68,0
1580,"By this time I had decided that the road I had been following did not lead to the river, and was on my way back by the same road on which I had come.",68,0
1581,I secured two cornstalks and arranged them to have the appearance of a gun and carried this makebelieve affair as I would have carried a gun so that Boxers back in the fields would think I was not defenseless.,68,0
1582,In this mood of nervous apprehension I was working my way back when the poor terrified woman dived into the field of millet.,68,0
1583,"Three times a day I made my cocoa by means of my spirit lamp, and as often did I have my bread and oleomargarine and a fragrant hunk of automatic cheese out of a box that once held two five-gallon cans of kerosene oil.",68,0
1584,"After walking, sailing, towing and poling for five days we reached Tung-Chow, the end of the journey by junk.",68,-1
1585,"It is thirteen miles from Tung-Chow to Pekin, and that distance had to be made in a four-mule wagon over the worst kind of a road, axle-deep in mud.",68,0
1586,"In this I spent the night with a single soldier, who shared with me such remnants of things eatable as we could find in my kerosene box.",68,0
1587,"On the following morning, after lashing some eight or ten pieces of baggage on the top of a well-filled government wagon, I mounted the high seat with a mule driver well versed in all up-to-date vocabularies of profanity for the final stage of my journey from Tung-Chow, the nearest port on the Pei-ho River, to Pekin.",68,0
1588,"About mid-afternoon, after thirteen miles of dislocating jolts, and weary with hearing the driver's lurid swearwords, we reach the famous capital of the Chinese Empire October 9, 1900.",68,0
1589,"That we may get our bearings from the very beginning, let us turn to Map No. 8, a plan of Pekin.",68,0
1590,"The vast wall which encompasses the city is in the general form of a quadrangle, corresponding with the four cardinal points of the compass, the greater length lying exactly north and south.",68,0
1591,"A transverse wall cuts off the southern third of the quadrangle, and within this is the strictly Chinese section of Pekin, the Chinese City.",68,0
1592,"The central position of this latter area walled off by itself is the Imperial City, and yet within this is the walled Forbidden City.",68,0
1593,A small outline plan of these several city areas is given on the upper left-hand side of the main map.,68,0
1594,"The wall of Pekin extends about five and one-half miles from north to south, and three and one-half miles from east to west.",68,0
1595,Coming from Tien-tsin we have approached the wall on the east side near the junction of the Tartar and Chinese cities.,68,0
1596,"We enter here also and pass along within the Chinese City, close to the wall separating it from the Tartar City, until we reach the Ha-ta-men, or Ha-ta Gate, for our first view of the Chinese Capital.",68,0
1597,"Note the two red lines which start from this gate and branch toward the left or west, each having the number 69 at its end outside the wall.",68,0
1598,"We are to stand now on the wall, at the point from which these lines start and look west over that part of the city lying between them.",68,0
1599,69. West from Ha-ta-men (gate) along Huge Ancient Wall between Tartar and Chinese Pekin-Scene of a Desperate Charge during Siege.,69,0
1600,"Here is the great wall stretching away before us toward the west, the wall which separates the Tartar from the Chinese City.",69,0
1601,"The center of the Legation, or besieged district, lies about a half mile in front of us on the right side of the wall.",69,0
1602,"We entered at a gate one mile in our rear and followed along the left-hand side of this wall, passed through the gate beneath us and ascended by a causeway on the right side to the top of the wall, and then by a flight of steps to a floor in the wooden tower about thirty feet above the wall, on which we now stand.",69,0
1603,"You can see a canal or moat running parallel with the wall on our left, but it seldom contains water.",69,0
1604,"Notice particularly the gigantic proportions of this wall, much greater than those of the Great Wall of China, which are only about twenty-five feet in height and from fifteen to twenty feet in thickness, while this wall of the Tartar City is forty feet in height, fifty feet in thickness at the base and thirty-six feet at the top.",69,0
1605,"Note, too, the massive buttresses flanking the wall to a thickness of sixty feet at intervals of a hundred yards; it is paved on top with large gray brick and surmounted by crenelated parapets, but shrubbery and weeds cover this pavement in many places.",69,0
1606,"On the top of those flanking towers are scattered unmounted, ancient Chinese cannon, such as you may see illustrated in Webster's Pictorial Dictionary under Chinese cannon; others of a later period, but yet ancient, and mounted on rude wheels, are found in the tower on which we stand.",69,0
1607,"Keep clearly in mind the location of the gate a mile behind us where we passed within the wall, the same at which the American troops entered.",69,0
1608,"The English force came in on the same side at a gate three-fourths of a mile southward, and followed a principal thoroughfare in the Chinese City, running parallel to this wall, until they reached another thoroughfare running at right angles to the street already mentioned and passing through this wall at a point half-way between us and the gate which we can see far away on the horizon.",69,0
1609,Yonder gate in the distance is a very important one both in connection with the Boxer war and in reference to its important central location between the Chinese and Tartar cities.,69,0
1610,"Later we shall stand upon the ruins of its tower, on the very spot where the brave Reilly fell while in command of his famous battery.",69,0
1611,"The Americans passed through that gate on their way to the Legations, after passing along that open space by the dry canal on the left of the wall.",69,0
1612,"At certain points a troublesome fire was directed upon them from the top of the wall; but not from the portion of the wall some distance in front of us, as that part was captured by a daring sortie from the hemmed-in Legations.",69,0
1613,"To the right of this wall, not two hundred yards away, is a parallel street; it is called Legation Street; and on or near that street the Legations are located.",69,0
1614,"You may know, therefore, how this wall overlooks and commands the Legations, which you will understand better when we advance to a point abreast of them.",69,0
1615,"Three miles away you can see the faint outlines of the Umbrella Pagoda, and beyond you can dimly descry the western hills, thirteen miles away.",69,0
1616,"We are looking upon historic ground; every prospect bears a record of thirty centuries of human life and activity, and events of the past year have added another chapter.",69,0
1617,"You see a partial barricade of brick just before us, and beyond the small building; you see another at the second small building, and further on you see others extending half way across the top of the wall; still further on there is one extending quite across; that is nearly abreast of the English Legation.",69,0
1618,"That point of the wall, for some unaccountable reason, the Chinese never occupied; they had approached it from both gates, fighting and holding their ground with great tenacity until only a short distance was unoccupied.",69,0
1619,"This gate, over which we are standing, was occupied all through the siege by the Chinese, and from here the Legations were badly harassed by cannon fire.",69,0
1620,Between this gate and the Chien Gate the American soldiers were on guard and were so worn with constant watching that Captain Meyers thought the wall must be abandoned.,69,0
1621,"Minister Conger thought to abandon the wall would only mean death to all the Legations, as the Chinese could occupy such an advantageous position and shoot directly into the foreign lines.",69,0
1622,"As a last resort a midnight charge was decided upon, hoping thereby to rid the wall further west of the Chinese and give more space for the Americans.",69,0
1623,"The gallant Captain Meyers, with a force of fiftyfive men, consisting of American, English and Russian marines, were to make the charge.",69,0
1624,"It was a desperate undertaking for fifty-five men to attack unknown hundreds, perhaps thousands, in front of them.",69,0
1625,This well-planned and bravely executed sortie at this moment was justly considered the salvation of the beleaguered inmates of the British Legation.,69,0
1626,For if the enemy had succeeded in planting their guns on the wall between these two gates the raking fire at close range would inevitably have destroyed all in a brief space of time.,69,0
1627,A branch canal from that dry one on our left leads north beneath the wall at the point I have just mentioned in line with the British Legation.,69,0
1628,"The opening beneath the wall, called the Water Gate, was barricaded; but it was through this that the first of the relief force reached the Legation.",69,0
1629,A missionary lady in the Legation told me that the first men she saw were a Sikh soldier and an English officer who had crawled through the Water Gate beneath the wall.,69,0
1630,"The first greetings were: ""I am so glad to see you!"" and the reply, ""I suppose you are!""",69,0
1631,"about as brief and expressive as Cæsar's famous speech, ""Veni, vidi, vici.""",69,0
1632,"Before we stroll along the top of this wall to a place where you can see the barricades and the Legations, I must ask you to face directly towards the north from the top of the wall, below the tower in which we are now standing.",69,0
1633,Turn to the map of Pekin and find the two red lines which start slightly east of the Ha-ta Gate and branch to the north wall of the city.,69,0
1634,The number 70 in a circle is connected with their starting point and is also found without a circle at the end of each line.,69,0
1635,"70. North from Ha-ta-men (gate) over Scene of the German Minister, Baron Ketteler's, Murder, now called Von Ketteler Street, Pekin.",70,0
1636,Looking out over this scene you will obtain a better idea of the appearance of Pekin than chapters of description could give; the buildings scarcely need description; you see them very distinctly.,70,0
1637,"This street, however, is slightly Europeanized by being macadamized for a short distance, owing, I presume, to its proximity to Legation Street, which is the first street leading west down on our left.",70,0
1638,"A narrow surface drain extends along the street for a short distance, as you see; this is also an innovation we will attribute to the Europeans; no normal Chinaman of today could ever comprehend the advantages of a sewer.",70,0
1639,"Nowhere else in Pekin can a piece of paved street or a single yard of sewerage be found, barring Legation Street, which is altogether European.",70,0
1640,This northern part of Pekin was built by the Mongol conquerors about eight hundred years ago.,70,0
1641,"Kublai Khan thought bad luck was attached to the old city to the south, so he had that city destroyed and built this northern city.",70,0
1642,"Under most of the streets in those days fine stone sewers were made, but they have been filled up with débris by the Chinamen of later times.",70,0
1643,"Splendid springs of clear cold water burst from the mountain-side ten miles to the north, and old Kublai Khan had aqueducts made to bring the water into the city.",70,0
1644,"Said one European resident of Pekin: ""The Manchus are lazy and growing lazier every year.",70,1
1645,"If the recent troubles in China should eventuate in driving the Manchus back to their native home in Manchuria, no one would mourn.""",70,1
1646,"This street before us has been rendered famous by the murder of the German Minister, Baron von Ketteler, whose name it now bears, being formerly called Ha-ta-men Street.",70,0
1647,"The German Legation is near the other Legations, about a half mile to the left from where you see its termination on Von Ketteler Street below us.",70,0
1648,"Along that side street came the German Minister on June 20, accompanied by his Secretary, and turned north on the street stretching away in front of us.",70,0
1649,The Minister and his Secretary were in their official chairs and had reached a point in the distance near where you see what seems to be a dark arch across the way.,70,0
1650,"A narrow street extending from Von Ketteler Street toward the east at that point leads to the Tsung-li Yamên, as the map shows.",70,0
1651,The story of the murder of Baron von Ketteler and the wounding of his Secretary are too well known to need repetition.,70,0
1652,"The wounded Secretary made his way to the American Mission, which lies to the west of the place of attack and in the vicinity of that small white tower which rises from among those trees quite beyond the larger building with the white roof; that is another way back to the Legations.",70,0
1653,"While we are looking along this important thoroughfare, allow me to locate certain places, some of which we may hereafter visit.",70,0
1654,"Should we follow one of the first side streets leading to our right one mile we would reach the east wall of the Tartar City, at a point where the famous Observatory is located and which we will show you later; and near it is situated the Examination Hall.",70,0
1655,"A short distance beyond the Tsung-li Yamên is the headquarters of the Inspector General of Customs, Sir Robert Hart.",70,0
1656,"At the extreme end of this street and outside the wall is a great temple called Ti-tan, or Altar of Earth.",70,0
1657,"At the farther end of this street, slightly to the right, we shall visit later the great Lama Temple.",70,0
1658,"Those two temples stand near the northern limit of the Tartar City; but there are remains of an ancient wall two miles beyond that, which was the northern limit of the capital of the Mongol Dynasty.",70,0
1659,"Observe the level character of the site of this great city, how great the distances and how the whole area is interspersed with trees.",70,0
1660,"It is verily a city of great walls and great distances, and, I might add, of great filth and great cowards.",70,1
1661,"In the dry season the main streets are ankle deep with fine dust, and when carts or caravans pass along, it rises and floats in great clouds, covering everything and infiltrating everywhere.",70,0
1662,"After the city was occupied by the Allies, the last two miles of this great street was one of the greatest loot-marts in the city: mats and cloths were spread out on the sides of the street and articles for sale were laid thereon, and in that way the place became a wilderness of all sorts of things, and the haunt of curio hunters.",70,0
1663,We shall now turn away from this view northward along Von Ketteler Street and proceed along the top of the wall westward to a point nearly opposite the British Legation.,70,0
1664,"Our position and field of vision is given on the map of Pekin by the two red lines which start from near the Water Gate in the wall between the Tartar and Chinese Cities, half a mile west of our previous positions, and extend to the north wall of the city.",70,0
1665,"71. British Legation, Scene of Heroic Fortitude during the Terrible Siege,-from Barricaded City Wall-Pekin.",71,0
1666,"We are again looking northward from the top of the wall, and that large two-story building beyond the bridge is the most prominent building of the British Legation.",71,0
1667,"It is surrounded by many one-story buildings, which do not show distinctly behind walls and surrounding trees.",71,0
1668,Probably never in history was the interest and anxiety of the entire civilized world so centered on one small spot as on that British Legation during the months of June and July of 1900.,71,1
1669,"For sixty days four thousand human beings were penned within those narrow quarters, and not only living on limited food supplies, but under an incessant hail of cannon and rifle fire.",71,0
1670,"Since this place before us is so full of history, episode and thrilling association, let us make a careful inspection of it from our commanding outlook.",71,0
1671,"First note the fatal stupidity of the enemy in not gaining this position, from which, with the modern artillery in their possession, they could have swept the Legation with a plunging fire and annihilated the four thousand inmates in a few hours.",71,0
1672,I pointed out to you the eastern end of Legation Street from our last position; here again you may see it where it passes over that low arched bridge between us and the British Legation.,71,0
1673,The French and German Legations are a short distance toward the right from that bridge; the Russian and American are to the left.,71,0
1674,"A canal at this time dry, passes beneath that bridge past the English Legation and on toward another bridge in the distance.",71,0
1675,It was on the second bridge that Professor James was killed as he was returning from doing what he could to find a place for the suffering native Christians.,71,0
1676,"I have already mentioned that canal as issuing from the canal on the south side of the wall and passing beneath through a small barricaded opening known as the Water Gate, at which the English first entered.",71,-1
1677,"That now historic gate is almost below us, a little to the left, as you may see, by the course of the so-called canal.",71,0
1678,"Out of that entrance beneath those trees rushed the long-imprisoned, the longbesieged Ministers and missionaries to welcome their deliverers.",71,0
1679,"Try to imagine the emotions of those people as they saw the brave American and English boys, covered with the grime and dust of a ten days' march in the hot sun, reach Legation Street at the bridge and turn toward them.",71,0
1680,"Sixty days in hourly expectation of massacre, and now the space between them and the bridge filling up with serried lines of guns which means deliverance.",71,0
1681,"Could there have been present some sort of a cardioscope, if I may coin a word, to register heart-beats and emotions, what a picture we would have had!",71,0
1682,"Think of four thousand choking utterances of the greeting aforementioned: ""I'm so glad to see you!""",71,0
1683,We have heard of the sinking and explosion of mines during the siege of the Legation; so I must point out the locality where they were sunk.,71,0
1684,"The second bridge marks a street running parallel with Legation Street; following that street a short distance to the left to a point about in line with the conical hill in the distance, you will reach the entrance to the Imperial stables on this side of the street, and not a great distance from the rear portions of the Legation Compound.",71,0
1685,"There shafts were sunk and a tunnel was under construction toward the Legation; with a little longer delay in the relief it would have been under the Legation, with such results as one may conceive.",71,0
1686,Give your attention next to that area of ground lying beyond the British Legation and extending to the street in the distance; it seems to be now mostly covered with trees because the important buildings standing there before the outbreak have been razed to the ground.,71,0
1687,"It is the site of the famous Hanlin Yuen College, the great national school of the Empire in which all Chinese learning and literature were centered.",71,0
1688,"The Classics of Confucius inscribed on tablets of marble were treasured there; these are gone; the twenty thousand volumes of precious literature are gone; and this venerable institution, founded a thousand years before the Christian era an alma mater from periods immemorial, is a heap of ruins below the level of those trees.",71,0
1689,"The loss of thousands of volumes of ancient records recalls the destruction of the Alexandrian Library as an irreparable loss; not so many precious books, perhaps, yet the Hanlin College antedated the Alexandrian Library by nearly seven hundred years; but what do Boxers care for colleges or precious tomes of ancient literature!",71,0
1690,We must give special attention to that place; it is historic; by its prominence it is a landmark in Pekin; in a little while we shall stand upon its summit and overlook the Sacred City.,71,0
1691,"We shall see it from other standpoints, and so it will serve as a guide to us in the matter of position and direction over the wide-spread city.",71,0
1692,"It is said to be artificial and to consist of coal, which can be used in case of siege; this is tradition, however, which is often no more than the gossip of history.",71,0
1693,"History relates the tragic death of Tsung Cheng, the last emperor of the Ming dynasty, who hanged himself on that hill when the victorious hordes of the Manchus entered the capital.",71,0
1694,"The Sacred or Forbidden City, surrounded also by a heavy wall in the form of a quadrangle, lies directly south of Coal Hill.",71,0
1695,During the siege the Chinese erected an emplacement on the wall of the Forbidden City at the end of this street on which was planted a cannon which gave the Legations the most trouble.,71,0
1696,"It was not until the famous ""Aunt Betsey"" was found and put to use by an ingenious American that its fire could be stopped.",71,0
1697,"I should mention while we have this Legation before us that the artillery mounted on the wall of the Forbidden City was not the only artillery brought to bear on the inmates; guns were also mounted on the east wall off to our right, and toward the west near the Chien Gate.",71,0
1698,"Among those trees was the beautiful home of a Chinese prince who had always been friendly with the Europeans, and when the trying ordeal came he proved a prince indeed, turning over to the Legations the use of his home for the native Christian refugees, and delivering up for their use all foodstuffs in his possession.",71,0
1699,"He is a man of fine appearance, as princely in manner as he has proved himself generous at heart, and is known as Prince Su.",71,0
1700,The Chinaman near us is a native Christian whose whole family was killed by the Boxers.,71,0
1701,This barricade was built by the Legation guards after driving back the Chinese by the concerted night sortie.,71,0
1702,"This was the easterly barricade occupied by the American soldiers, who could, on the one hand, keep in check the Chinese at the Ha-ta Gate to our right, and on the other control somewhat the canal in front and assist in case the enemy tried to cross it.",71,0
1703,"Barricades such as these were thrown up at frequent intervals along the top of the wall in the rear of the Legations, as we have seen.",71,0
1704,I will now try to familiarize you with the aspect of Legation Street by asking you to go down to the left end of that bridge and mount to the roof of a small building and look to the right or eastward.,71,0
1705,"On the map we find our position and the direction in which we are to look by the two red lines which start on Legation Street, a short distance above the Water Gate, and extend toward the east.",71,0
1706,"The left-hand line stops at Von Ketteler Street, the right-hand line reaches the map margin, and each has the number 72 at its end.",71,0
1707,"72. One of the Typical ""Freight Trains"" of Chinalooking East on Legation Street at a Caravan from Tien-tsin-Pekin.",72,0
1708,"It is three-fourths of a mile to the eastern end of this street on Ha-ta-men or Von Ketteler Street, heretofore pointed out to you.",72,0
1709,"On the right-hand side of the street, one-eighth of a mile distant, we can see a portion of the German Legation building from which the German Minister departed on his fatal mission on June 20.",72,0
1710,"To the left, the building next to that tree, with a flag-pole above it, is the entrance of the Spanish Legation, where I will escort you later to see the Foreign Ministers leaving the Legation after an important sitting.",72,0
1711,"One-fourth of a mile from where we stand, on the left-hand side of the street, is the French Legation, which we shall visit next.",72,0
1712,"Carts are used to some extent for transportation, but for long distances the patient, loping camel is the chief burden-bearer.",72,0
1713,They come from points south and from the interior carrying produce; for you may be reminded that agricultural production is quite limited in the vicinity of Pekin.,72,0
1714,How these meek and uncomplaining transportation drudges must rejoice in the prospective completion of the Siberian Railway with its branch to Pekin!,72,0
1715,For ages caravans like this have been threading their way over mountains and burning sands for two thousand miles between Siberia and the Chinese Capital.,72,0
1716,You can see the barricade of brick thrown up on the wall of the bridge; this defensive preparation evidently anticipated the occupation of the wall facing this by the enemy.,72,0
1717,We do not here see many traces of shots on the walls of the buildings; this is owing to the circumstance that we are here in the line between fires from opposite directions.,72,0
1718,"The attacks were chiefly from the east and from the west-from the Ha-ta Gate and beyond it to the east, and from the direction of the Chien Gate and the west and northwest.",72,0
1719,Should we go back to the American Legation we would see the west sides of the building riddled with bullets; and should we go eastward till we reached the east sides of the French and German Legations we would find the same condition.,72,0
1720,"You can see some French soldiers in the distance, and a couple of American soldiers to our right on the bridge, and the familiar looking telegraph poles and wires which a stranger might be surprised to find in Pekin.",72,0
1721,"Let us now go forward along this Legation Street just one-fourth of a mile to the French Legation, then turn around and look back in this direction.",72,0
1722,"On the map, about half way between our present position and Von Ketteler Street, find two short red lines, connected with the number 73, which branch off toward the left or west.",72,0
1723,"73. Reminders of the Terrible Eight Weeks' Siege - Ruins of the French Legation on Legation Street, Pekin.",73,0
1724,"Ruins of the French Legation are nearest us on our right, and this shows us the woeful destruction of the more exposed quarters of the foreigners.",73,0
1725,"A cannon ball came through the wall of this Legation and carried off the head of Mr. Wagener, a gentleman in the customs service.",73,0
1726,On the paved street to our left a young Russian was killed; he had been drinking heavily and did not know the direction he was going.,73,0
1727,Just beyond the head of that ragged woman near us you can see a narrow depression in the road.,73,0
1728,"That is the remnant of the trench dug by the Chinese across the road, and marks the place of their nearest barricade.",73,0
1729,Of course some telegraph poles have hardly been brought back to the perpendicular; and some portions of the barricades remain.,73,0
1730,"The lions before the door of the Legation seem to have been imbued with the alleged Boxer impenetrability, for there they stand, at least one of them, unscarred and as rampant as ever.",73,0
1731,These pitted walls tell of the risks and difficulties and the impossibility of a longer tenure of these buildings; notice also the scarred remnant of that tree by the telegraph post.,73,0
1732,"The marks even show the direction of the bullets as coming directly from the locality of the Ha-ta Gate; and now we can understand why we saw no traces of bullets on walls facing the west, from our last position.",73,0
1733,"We see only the entrance to the Legation; the buildings belonging to all the Legations are Chinese, and they are always back in the compound a short distance from the gate.",73,0
1734,"Notice how the Legations have improved this street; it is macadamized and sewered and lined with lamp posts, although I see none here.",73,0
1735,This is the way to the Tsung-li Yamên; this is the street along which all the Ministers are carried in their official chairs to the Chinese Foreign Office.,73,0
1736,"I told my porter, who stands there by the telegraph pole, to ask this poor woman to stand a moment till I made a picture of the street; her poverty was greater than her prejudice against the photographic thing of evil, and she stood and earned her alms.",73,0
1737,"The great south wall of the Tartar City, upon which we have stood several times, is only a short distance to our left.",73,0
1738,"We must ascend it again and pass along its top toward the west and past the place from which we looked down to the British Legation, to a point in the rear of the American Legation.",73,0
1739,which start at the wall just west of the Water Gate and reach beyond the northern city wall.,73,0
1740,74. The Bullet-scarred American Legation from Barricaded City Wall-Forbidden City and Coal Hill in Distance-Pekin.,74,0
1741,"There are some things in this part of the city which you will not, I am sure, fail to recognize; you see far away that land-mark previously mentioned, that Coal Hill on which the last of the Mings hanged himself, and which has become famous in tradition and in history.",74,-1
1742,And you will verily not fail to recognize that ever-endeared emblem of liberty and of our country which floats out there over those trees and over China.,74,1
1743,"The American flag was in great demand; everything in the way of an American flag was bought or secured in some way, and when the supply was exhausted the Chinese mothers and daughters ransacked their homes for bits of red, of white and of blue which they speedily sewed into a funny semblance of the American flag.",74,1
1744,"They had soon learned that the Americans treated them with more consideration and fair play than some other of the nations; and that the Stars and Stripes meant, even to them, liberty and protection.",74,1
1745,"Mr. Bainbridge, the Second Secretary, and Mrs. Bainbridge, occupied rooms on the second floor of the main building.",74,0
1746,"They undoubtedly thought that all those low buildings were filled with legation guards, and they are evidently not fond of taking great risks.",74,0
1747,The walls of the rooms of the Second Secretary on the west side of the building were pitted all over with rifle bullets.,74,0
1748,In line with the Legation we can discern superstructures connected with the large gate which is the entrance to the Sacred City on the south.,74,0
1749,"Observe again how the guards have thrown up temporary defenses; this continues for a great distance, and the replacing of these bricks and the general restoration of this wall will involve much labor for the Pekinese brick-layer.",74,0
1750,"You also meet again my unfortunate one-eyed native, correctly typifying the national lifemeek, phlegmatic and immobile.",74,1
1751,"If we now go to the Chien Gate, to our left, and look toward the northeast over the territory lying to the west and north of the American Legation, we shall realize more fully the havoc done during the siege.",74,0
1752,"We are to see the section lying between the two red lines which branch toward the northeast, each having the number 75 at its end on the map margin.",74,0
1753,"75. Ruins Around the Legations Burned by Chinese, from Chien-men (gate) where Captain Reilly was Killed-Pekin.",75,0
1754,"When we stood on the Ha-ta Gate for our first view in Pekin, we looked westward along the wall to the Chien Gate, which we could see in the distance, about a mile away.",75,-1
1755,I told you then that later we would visit the latter and stand on the place where Captain Reilly fell.,75,0
1756,"Now we are on that spot, as nearly as I could have it located, and looking a little north of east and toward the British Legation, which we can see in the middle distance to the right of that tall pole.",75,0
1757,"The Boxers and Imperial troops in the vicinity of this gate, after repeated attempts on the united Legations, thought to facilitate further attacks by burning the intervening portion of the city.",75,0
1758,"I was told by good authorities that this burned district, destroyed ruthlessly and uselessly, represented, at a low estimate, five million dollars' worth of property.",75,0
1759,"The fire that swept this district also swept away the Methodist Mission and the Austrian, Belgian, Netherland and French Legations.",75,0
1760,"The day after the foreign armies entered the city the guns of Captain Reilly's battery were mounted on this gate and trained on the gates of the Imperial City, which lie north of us to our left; after the gates had been demolished and the way cleared for the entry of the troops, and at the moment of victory the gallant leader, standing where we now stand, was instantly killed by a rifle bullet.",75,0
1761,"Toward our left or the north it leads through lofty gateways into the Imperial City and thence into the Palace, which embraces a large area surrounded by massive walls; southward or to our right it leads across the southern or Chinese portion of the city.",75,0
1762,"76. Busy Markets in Chinese (Southern) Pekin—On Kaiser or Chien-men Street, between South Gate and Chien-men (gate), Pekin.",76,0
1763,"now we are in Chienmen Street, or, as the Germans call it, Kaiser Street, and there are other places with Teutonic cognomens, until it almost looks as though Germany was going to extort a namesake indemnity from poor ""John.""",76,0
1764,This street extends from the extreme southern gate of the Chinese City to the gate of the Imperial City.,76,0
1765,"(On the map see the red lines connected with number 76, south of the Chien Gate.)",76,0
1766,It is all trade and no recreation; there are stands for the sale of all sorts of queer comestibles quite beyond the comprehension of Western cooks.,76,0
1767,"It seems to be an out-door restaurant along the entire street; there are buckets, tubs, pots and pans, baskets containing rice, vessels containing fruit which I recognize to be a fine large species of the persimmon.",76,0
1768,"I see bakers and what appears to be flour on some tables; if flour it is rice flour, which is in general use for many purposes.",76,0
1769,"You may notice they are clad in warm garments, in quilted coats, and all wearing shoes and stockings.",76,0
1770,"On the other side of the street are crowds lingering by stands of haberdashery, and, indeed, stands for the sale of all conceivable commodities from junk to jade and other gems.",76,0
1771,"We see some pieces of matting not yet unrolled; this will be spread out in the sand and dust, and articles for sale placed upon it.",76,-1
1772,"The opposite side of this street, like Von Ketteler Street, to which I have already referred, has been a mart for the sale of loot.",76,0
1773,"It is seldom that one does not see something inviting where eatables are for sale, but in China never, barring, possibly, natural fruits.",76,0
1774,"Here we fail to see such things as desiccated rats and boiled bugs; but if they are not here they are elsewhere for sale in the Empire; for I have bought the former in the markets of Canton and eaten the latter in the same place, although only in a tentative sort of a way.",76,0
1775,"Probably you will say that they seem darker in complexion among the lower classes in the north, and I think they are.",76,0
1776,"On the map see the two red lines connected with the number 77, in the center of the Chinese City.",76,0
1777,77. Y. M. C. A. Rooms for Soldiers of the Allied Armies-formerly a Notorious Dive-on the Busiest Street of Pekin.,77,0
1778,"The beginning of the Spanish-American war aroused new interest in the American army and navy and recalled to the public mind the fact that while ample provision was made by the government for clothing, feeding and arming the American soldier and sailor, it could not provide through strictly military channels those mental, moral and social influences required for the best development of young manhood.",77,0
1779,"Beginning three days after the first call for volunteers in 1898 down to the present, the one agency that has most diligently and systematically endeavored to supply these needs of the soldier and sailor has been the Young Men's Christian Association.",77,0
1780,"In southern camps, under the sunny skies of Cuba, Porto Rico and the Philippines, or in frozen Alaska, the men in blue have found the Association anticipating their needs, and with wellequipped places of resort bountifully supplied with games, books, magazines, writing paper and other comforts, has made it possible for the soldier and sailor to keep in touch with civil life and remain good men as well as good fighters.",77,1
1781,"The Association's enterprise was shown by one of the secretaries representing the International Committee in New York, pushing to the front with one of the columns.",77,0
1782,"About the same time another secretary was detached from the force in the Philippine Islands, where a large work had been conducted since the American occupation and sent to organize the movement in China wherever American troops should be called.",77,0
1783,"At Tien-tsin, Tongku and various less important stations this was done, the activity culminating in securing the building before us which had been a notorious gambling and opium den until closed by military authority.",77,0
1784,"As soon as permission for its use was secured it was made the headquarters for a line of similar buildings in various parts of this city, differing from the others only in the fact that it was located so as to be accessible to the allied armies.",77,0
1785,"Situated as it is in this Chinese City at the junction of the American, German and British camps, it was naturally more used by the troops of these armies than by the troops of other nations, but all were found in the building, and when games were unfamiliar or books and papers were found to be printed in an unknown tongue, or lectures, sermons and songs were unintelligible, the Sikh, Japanese, French or Italian could pen a message home on paper that bore the Association imprint and meet in fellowship in the lunch and coffee rooms which were powerful in restraining men from patronizing the dens of infamy with which every Oriental city is so well supplied.",77,0
1786,"Something much trafficked in here is Chinese coal, a mixture of coal dust and clay, and is sold in baskets.",77,0
1787,"Shoes and other articles of clothing are bought and sold alongside the open air restaurants, where such toothsome dishes as grasshoppers, dog flesh and vegetable mixtures are served to the fastidious but hungry wayfarer who wishes to have some change from rice and tea diet.",77,0
1788,"South of us lie the Temples of Heaven and Agriculture, which were the headquarters of the British and American forces during the winter of 1900 and 1901.",77,0
1789,"Only a short distance west of us is the place of public execution, where two of the Boxer princes were executed among the other criminals during the occupancy of the Allies.",77,0
1790,"Now that we have seen Chien-men Street in the Chinese City and know how it appears, how low and mean-looking the buildings are, how ragged and miserable the common street sellers are, we shall follow this same street directly north to the Chien Gate again.",77,1
1791,"Thence we shall pass eastward a short distance along Legation Street, thence northward outside the wall of the Imperial City about half its length, until we reach a breach in the wall made by the Allies to facilitate transportation.",77,0
1792,"This we enter and thereby conveniently gain access to Coal Hill, which we have already seen several times at a distance.",77,0
1793,"It is about one hundred and fifty feet high, and from its summit we are to obtain fine prospects of the more important parts of the city.",77,0
1794,We find the location of Coal Hill on the map practically in the center of the area inclosed by the Tartar City wall.,77,0
1795,"Trace out the two red lines which run north from Coal Hill, each having the number 78 at its end outside the plan of the Tartar City.",77,0
1796,"78. Mei-shan (Coal Hill) within the Imperial City, north to Drum and Bell Towers-Ancestral Temples in Foreground, Pekin.",78,0
1797,"Here again you learn that the general aspect changes little; the city spreads away over the same level plain; the street in the distance is broad; the houses are low and somewhat scattered, and the whole field of view is thickly interspersed with trees.",78,0
1798,"The area of the city is not densely populated, as at Canton and many other cities in China; in the Chinese portion there are large areas almost without buildings except a few temples.",78,0
1799,"The slopes of Coal Hill are quite heavily wooded; the higher points contain pavilions or summer-houses, and at the time of our visit the largest of these on the highest point was occupied by French soldiers.",78,0
1800,"Directly north, a little over a mile distant, you see what appears to be a huge gate rising from the street to a great height.",78,0
1801,"It is known as the Drum-tower, because it contains a colossal drum which is beaten in times of alarm, and is also used to signalize the night watches.",78,0
1802,"Two hundred yards beyond the Drum-tower is another somewhat similar structure called the Bell-tower, because it contains one of five great bells cast by Emperor Yung Lo in the early part of the fifteeenth century.",78,0
1803,"The Chinaman's fondness for big things is not confined to great walls; he takes to big drums and big bells, and sometimes to very big ""josses,"" in material concerns; but, worse than that, I fear he does not always scruple on big diplomatic fibs, nor is his commercial code always free from big ""squeezes""; yet in this respect what nation shall cast the first stone?",78,1
1804,"The northern wall of the Imperial City lies one-half mile north of us, but it can scarcely be identified among the trees.",78,0
1805,"The Mei-shan, or Coal Hill, on which we stand is also surrounded by a wall which we see among the trees at the foot of the hill.",78,0
1806,"We may see among the trees an ornamental gateway, and near it a passage through the wall leading to those rather pretentious structures beyond.",78,0
1807,"This is another of those sacred ancestral shrines, where family records are kept and where memorial tablets are erected, as was explained to you when we stood before the one at Canton.",78,0
1808,There are many beautiful architectural features to this family temple; there are richly carved marble rails and large figures of animals and birds in bronze.,78,0
1809,"Says Du Bose, speaking of these ancestral halls: ""Here sacrifices are made, incense is burned and prayers are offered.",78,0
1810,"I, a distant descendant, having received the appointment from heaven, look back and offer this bright sacrifice to you, the honored ones from age to age, for hundreds and thousands and myriads of years.",78,0
1811,"Now ye front us, O spirits, and now ye pass by us, ascending and descending unrestricted by conditions of space.",78,0
1812,"Behind us lies the Palace, and for our last panorama of Pekin let us look over the urban ""Holy of Holies,"" or the Palace area.",78,0
1813,"Turn again to the map and trace the two red lines which bound our field of vision, starting from Coal Hill and extending over the Forbidden City and the Chinese City.",78,0
1814,"79. Looking South over the Palaces of the Forbidden City, from Mei-shan (Coal Hill), Pekin.",79,0
1815,"The Shrines of Mecca are not kept more fanatically exclusive toward ""Christian dogs"" than is this Forbidden City at our feet toward all the world save the Imperial coterie.",79,0
1816,"In all Oriental countries, the policing of cities is very imperfectly done, hence the people learn to shut themselves in and the streets are very uninteresting.",79,0
1817,Until about one hundred and fifty years ago the Forbidden City was not entirely closed to visitors.,79,0
1818,"Walls of cities were built, as they say, to make thieving less easy and the capture of thieves more easy.",79,-1
1819,Walls are built in front of public offices and homes to keep out evil spirits rather than to prevent people from looking in.,79,0
1820,"Doubtless if we knew the reason for the erection of many buildings in the ""Sacred Enclosure"" it could be traced to superstition.",79,0
1821,Let us gaze for a little on this debarred city which the highest foreign dignitaries have not been permitted to enter for centuries.,79,0
1822,The entire palace enclosure is surrounded by a massive wall faced with tile glazed with imperial yellow.,79,0
1823,"Three streets extend across the grounds; three halls, in line north and south, embrace the main buildings; three and nine are sacred numbers; therefore you must expect everything in threes or nines.",79,0
1824,"The gate in the wall around the hill on which we stand is triple; the large gateway before you, which is the northern gateway of the Palace, is also triple.",79,0
1825,"Seven is the Jewish lucky number, but the Chinese fates (feng-shui) know no numbers but three and the multiples thereof.",79,0
1826,"This vast space appropriated to private palaces for the Emperor and the Empress contains a lake, gardens and pavilions; it has a fine temple dedicated to the Imperial ancestors.",79,0
1827,"There are concubines, I suppose, and guards and bannerman, and servants of many kinds, and court flunkies innumerable, all requiring quarters within the grounds.",79,0
1828,"One of the great mistakes made by this dynasty was in subsidizing all the soldiers who helped establish the throne two hundred and fifty years ago, as well as their descendants.",79,0
1829,"Hence these Manchus expect to be carried on the shoulders of the Emperor, and when their stipends grow small, as naturally they must in the course of time, they make up the deficiency by stealing public funds.",79,1
1830,"The Empress Dowager is the keenest monarch who has governed China for many years, but even she dares not weed out the worthless trash in the palace.",79,0
1831,"Friends who had previously visited Pekin advised me to endeavor to gain the top of this hill by stealth, as the only way of obtaining a panoramic view of the Forbidden City; but stealth is uncalled for when European troops cook their rations in the pavilion we occupy.",79,0
1832,"The exigencies of war, therefore, have gained for us, not only a panorama of the forbidden ground, but also of the sanctum sanctorum itself, to which I will introduce you after we walk around to the opposite approach of the sacred enclosure.",79,0
1833,"Do not forget that we are here looking directly toward the Chien Gate, which is now over a mile and a half south of us.",79,0
1834,"We will leave the Mei-shan, turn to the left and pass outside the west wall of the Imperial City, and then southward till we reach Legation Street, and then swinging to the right on a line with the Chien Gate, we face north and enter the gate of the Imperial City and continue our way northward over a flagged highway and through another massive gateway until we reach a third prodigious gate; this we ascend and from its lofty second story we look north toward the gate which opens into the Forbidden City.",79,0
1835,On the map we see by the red lines connected with the number 80 that we are to look north from the southern wall of the Imperial City.,79,0
1836,"80. Count Von Waldersee Escorted by Officers of Allied Armies through Lines of U. S. Infantry, toward Sacred Gate, Pekin.",80,0
1837,"Now we are on the southern side of the palace area looking toward Coal Hill, which is hidden behind the gate.",80,0
1838,"Before us we see the German Field Marshal, Count von Waldersee, passing through the Imperial City on an official tour.",80,0
1839,"The gate on which we stand is similar to the one on the opposite side of this grand court, except that it has no flanking wall and towers such as those we see.",80,0
1840,"There is a vast room just behind us stored with immense quantities of swords, bows and arrows and other war material.",80,0
1841,"The whole court at our feet is paved with brick, and the central drive or promenade is flagged with heavy stone, and this flagging and paving extends from the Chien Gate to and within the Palace area, a distance of three-fourths of a mile.",80,0
1842,"I then told you that the guns of his battery were trained on the sacred city and the gates leading thereto, in order to clear the way for the advance of the troops.",80,0
1843,If you look carefully you will discover traces of shells from Reilly's guns-grim mementoes for the Empress when she returns to the Palace; for at that time she was fleeing southward toward Paoting-Fu.,80,0
1844,"After the occupation of the city by the Allies, the American and Japanese troops were placed in charge of the Palace grounds.",80,0
1845,At this time you see them lined along both sides of this Imperial highway as a mark of military respect to the Field Marshal.,80,0
1846,"The central figure, partially hidden by the German flag at the head of the escort, in the rear of the three mounted officers, is the Field Marshal.",80,0
1847,"The American Sixth Cavalry lines the way between the gate on which we stand and the next gate behind us toward the Chien-men, and representatives of troops from other nations occupy positions along the route followed.",80,0
1848,Before we can enter yonder sacred portal we must obtain a permit from General Chaffee or General Yamaguchi who at the time are in command of the American and Japanese forces.,80,0
1849,"Very naturally after a place so important as this is thrown open for the first time in history, there is an irrepressible desire to peer within; restriction is necessary and permits are required.",80,0
1850,"After some delay these are received; then a further delay is entailed because one must wait until permits have been granted to a number, when an officer is detailed to accompany the party.",80,0
1851,"Previous arrangements have been made with the native caretakers of the Palace, who also must accompany us to see that nothing is taken or disturbed.",80,0
1852,"We will descend and enter at that middle door, where we find a number of well-dressed court guards, who will follow us at every turn.",80,0
1853,Within the court beyond we shall pass to the west side and look toward the northeast.,80,0
1854,"81. Within the Forbidden City and Home of the Empress Dowager-Harmony Gate from Elevated Walk near Canal, Pekin.",81,0
1855,"We are at last within the Sacred City, where, until now, none of all those who have visited Pekin have ever been; within grounds from which all the foreign ministers and high functionaries of state have been excluded.",81,0
1856,"Royal domiciles the world over have taught us to expect to find therein a lavish expenditure of wealth in art and architecture, and why not expect such things in this venerable arcanum of Chinese and Manchurian sovereigns?",81,0
1857,"On the other hand, in all that we have thus far seen of China we have not been encouraged to expect great things, except, probably, in walls.",81,1
1858,"Decay and dilapidation have characterized all places under native rule from Canton to the Capital, and why should we expect it to be otherwise here?",81,0
1859,We are in the first court and within the great South Gate of the Forbidden City; we have turned a little off to the left and ascended for a short distance an inclined causeway leading to side buildings.,81,0
1860,"We look diagonally across the court toward an interior gate, called ""Tai-ha-men.""",81,0
1861,"It is thus over the country; buildings are mostly roof; and one roof is not enough; there are generally two, and often many attachments.",81,0
1862,Look at the weeds and grass growing up from the pavements; that canal is without water; and look at the shrubs growing from the chinks in the walls.,81,0
1863,"There is grass and wild herbage enough about this court to graze a flock of goats; neither is this owing to the absence of the royal occupants; it is characteristic of the palace grounds, and it is characteristic of China.",81,0
1864,Those massive rails before the gate and around it and along the canal near us are elaborately sculptured in white marble; but when once finished they are left for time and neglect to write their traceries upon them.,81,0
1865,The yellow glazed tiles of the roofs and the dark green ornamental painting on the interior wooden work of the gate afford an agreeable contrast to the colorless city outside.,81,0
1866,"The two bronze lions guarding the approach are works of art, at least of the Chinese order, and were probably cast during the Ming reign when the bronze age was in its zenith.",81,0
1867,"We have made a cursory survey of all within our view except the solitary living figure, a half-grown lad, who, I scarcely need say, is not a member of the royal household left behind, but my own solemn-visaged, though very serviceable native boy.",81,0
1868,"This accounts partially for his demure countenance, although in his general state of mind he was cross, but honest.",81,0
1869,"On one occasion I hinted that something had disappeared from my room; this touched his pride so painfully that he left me for twenty-four hours, but returned at the end of that time after wages due him and making me to understand that ""he no stealee boy.""",81,0
1870,We thereupon became reconciled until another day when we had a serio-comical falling out because I found him wiping my dishes-I should not say dishes; dishes is too plural for a plate and a cup-with his coat-tail.,81,-1
1871,"The culmination, however, was a protest with no serious results; we became reconciled again, and I furnished a dishcloth and we parted friends.",81,0
1872,When we pass up that balustered approach to the gate we shall tread upon dragons sculptured in bold relief in the pavement blocks of marble.,81,0
1873,"Passing through and entering another smaller court, on the farther side of which stands one of the royal halls, we turn to the right and look westward along its front.",81,0
1874,"82. Architectural Ideas of the Imperial Chinese Building in Second Court of the Forbidden City, Pekin.",82,0
1875,"That alone would give great interest to the scene, but it is one of the main buildings of the palace.",82,0
1876,"We would not, of course, expect to find it comparable with imperial homes in European countries; but it does not compare with many palaces in other Oriental countries, nor other structures even in China, such as the Fukien Guild Hall at Ningpo, or the Ancestral Hall at Canton.",82,1
1877,"There is nothing to distinguish the building from any old temple, or tea-house, or Yamen, or private home of a mandarin; and we should scarcely expect anything different when we recollect that the Chinese are a people of a single idea-one idea in everything; more than one would denote progress, a lack of which is the distinguishing trait of the people one idea in art-and one in architecture.",82,1
1878,"All buildings are on the same plan; a temple may be turned into a palace and vice versa, which is often done.",82,0
1879,"Private houses, pavilions, shops, palaces, pai-lau, temples and even gateways embody but one architectural idea; hence in this sacred and long secluded sanctum of the imperial family you see only the same old rickety heaps of brick and tile.",82,0
1880,We fail to find anything out of the usual in the buildings; we see some carved tablets on the pillars; we see weather-worn awnings over the doors.,82,0
1881,"The court flagging is out of repair; but the bronze figures are beautiful; also the bronze cisterns and the urns or altars, all of which we are naturally disposed to credit to the bronze age of the Mings.",82,0
1882,"Bronzes are cast at the present time, but it is unreasonable to suppose that inferior modern bronzes would be found in such a place.",82,0
1883,To a certain extent we may say the Chinese ideas of architecture result more or less from their religious ideas.,82,0
1884,"As spirits go in a straight line, it is not wise to have buildings higher than the city wall, otherwise you might have undesirable visitants.",82,0
1885,The mythical creatures in bronze or marble placed out by the entrance are supposed to have a real influence in keeping out evil spirits and preserving the peace of the household.,82,0
1886,"Geomancers are a necessary part of the palace officials, and they keep the imperial household well stirred up lest the feng-shui should not be right.",82,0
1887,"On this incense and offerings are burned to the so-called divinities, or heroes who are liable to become divinities in time; but hero worship and pantheism in China is an infinity of idiocy more pitiable than interesting, and we pass it by and introduce you to a trio of celestial court flunkies.",82,0
1888,"Those fellows are not simply posing for a picture, they are keeping a sharp surveillance over every movement of the photographer.",82,0
1889,"I necessarily fell behind the party in making these stereographs, and these three linger to watch my movements in case I might carry off that cistern or pocket those birds.",82,0
1890,"By their style of dress we see that two of them are somewhat important; those are caps of consequence; the feather behind is particularly consequential; besides, they are portly men, and obesity in this country usually keeps pace with functionary importance.",82,0
1891,"We enter the building and see considerable furniture of fine workmanship, and some art treasures and bric-abrac not easily moved, most movable belongings having been looted or carried away in the hegira.",82,0
1892,"We leave this hall on the opposite side, and, passing through another gate, and entering a third court, we take a similar position before another hall.",82,0
1893,"Entrance of the Palace Occupied by China's Famous Empress Dowager, Forbidden Pekin.",83,0
1894,"Were it not for the different ornamental objects of art and worship, you would scarcely know we are before another building and in another court, the similarity in the appearance of structures is so great; and yet this is the private room of the Empress.",83,0
1895,"On the pillars in the porch there are the same carved tablets and similar faded and weather-worn awnings, but the bronze articles of decoration are of a higher order.",83,0
1896,The incense burners are more delicate and slender and more richly decorated; the marble bases on which they stand are covered with six or seven patterns of ornamentation.,83,0
1897,"The dragon himself, as though conscious of posing before royalty, looks his prettiest, giving the most gracious and graceful curves to his wonted contortions; his hair is stylishly set up in fluffy tufts; his mustache has a dainty twirl, and while his mouth lacks the curves of Cupid's bow, he probably knows that at times, in art, the most hideous is the most beautiful.",83,0
1898,"Even in this court of the apartments of the Empress, we see weeds intruding, other than widow's weeds;",83,0
1899,we see also cedar trees which are well-nigh sacred in China as in many Eastern countries;,83,0
1900,"One of the two, attired in dark silk garments, has probably gone to skirmish the advance members of our party, while another takes his place to complete the indispensable lucky number.",83,-1
1901,"Never before have they seen even the highest of their kindred, outside the royal family within these walls; now soldiers, civilians, photographers and all sorts of ""foreign devils"" are tramping through and desecrating the sacred grounds.",83,0
1902,"What, then, must be the feelings of the Empress and the Emperor and Prince Tuan and other members whose mighty highness has been so long unapproachable and invisible, to see the despised Westerner in full control and peering into all the sacred nooks of their much-walled and inviolable asylum?",83,0
1903,"They have been punished and humiliated before, but they soon regained ""face,"" i. e., prestige.",83,0
1904,"Her summers are spent at the Summer Palace among the western hills, thirteen miles from Pekin, which we shall visit later, and her favorite retreat within the city is a private palace, near the lake in the Imperial City, onehalf mile west of the Forbidden City.",83,0
1905,That palace was occupied by Field Marshal Count von Waldersee while the allied armies were in the capital and has since been burned down.,83,0
1906,"We will pass through the Hall of the Empress, which scarcely contains anything worthy of a stereograph, even if the smallness of the rooms and the poor illumination did not prevent photographic operations;",83,0
1907,"then we enter another building called the Tai-ho-tien, or ""Hall of Highest Peace,"" which is apparently the most imposing structure in the Forbidden City.",83,0
1908,It is ascended by successive marble steps ornamented with magnificent balustrades in richly sculptured marble.,83,0
1909,The main hall is two hundred feet in length by ninety feet in width and contains seventy-two pillars;,83,0
1910,"84. Sacred to the ""Son of Heaven""-Grand Throne in the Emperor's Palace, Forbidden City, Pekin.",84,0
1911,The floor of this great hall is marble; the floor of the dais on which the royal chair stands is exquisitely inlaid.,84,0
1912,"There is no scarcity of fine moral sentiments inscribed on tablets and walls; that motto in large characters over the throne is, as nearly as translatable into English, ""Purity and Righteousness,"" and on the vertical tablet at the right hand is, ""The first step in adjusting the universe is to keep constantly in mind the shaping of one's own character.""",84,0
1913,"As to whether there is any palpable misfit about any of these fine ethical sentiments surrounding the throne of the Chinese Empire, there may be diversity of opinion.",84,0
1914,"Williams says in his ""Middle Kingdom"": ""Here the Emperor holds his levees on New Year's Day, his birthdays, and other state occasions; a cortège of about fifty household courtiers stand near him, while those of inferior dignity and rank stand in the court below in regular grades, and, when called upon, fall prostrate as they all make the fixed obeisances.",84,0
1915,"It is in this hall that Titsingh and Van Braam were banqueted by Kienlung, January 20, 1795, of which interesting ceremony the Dutch Ambassador gives an account and since which event no European has entered the building,"" until, we may now add, the allied armies of Europe and America entered it, in 1900.",84,0
1916,There is another hall where the Emperor comes to examine written prayers to be offered at the state worship.,84,-1
1917,"And beyond this stands the ""Palace of Earth's Repose,"" or, stripped of metaphor, the Imperial Harem.",84,0
1918,"Another building farther north and near the northern gate is called the ""Hall of Intense Thought,"" where offerings are made to Confucius and other sages.",84,0
1919,"There is also the Imperial Library and the Ancestral Hall, where the members of the royal family offer homage to their departed ancestors.",84,0
1920,There are other buildings too numerous to mention; but the number of persons living within these sacred walls is not large and nearly all are of the line of the alien conquerors.,84,0
1921,"How many times servile subordinates have stood in the court near where we stand and made the nine regulation obeisances before the ""Son of Heaven,"" seated on this throne; and we come and go and neither make obeisances nor ""Chin, chin"" to anybody!",84,0
1922,"We have seen enough to convince us that while certain things show infinite labor and some skill, the general appearance and condition of this place, show Tsz' Kin Ching, or Carnation Prohibited City"" to be a parody of highsounding names.",84,0
1923,"Our position and field of vision is given on the map by the red lines, marked 85, which start near the northwestern part of the Forbidden City and extend slightly northeast.",84,0
1924,"85. Typical Springless, Seatless, Chinese Coachlooking toward Coal Hill, in Imperial City, Pekin.",85,0
1925,It is entitled to a world-wide celebrity for its negative and infernal qualities; there is nothing which shows the sluggish inaptitude and inadaptability of the Chinese mind better than a Pekinese cart.,85,1
1926,"Its evolution covers millenniums, and yet its unaltered primordial capacity for inflicting torture on the traveller cannot be imagined.",85,0
1927,"Before coming to Pekin a friend warned me against these carts, and now I realize he was a true friend; but his warning did not qualify my anticipation-to know, a person must ride in one.",85,0
1928,I imagine that the passing of the Car of Juggernaut over one's body would produce a wooing sensation as compared to the jolting of a Pekinese cart.,85,0
1929,"They are not only without springs, the axle and wheels are very heavy, the latter filled with bolts to give strength; the tire is of heavy iron and its outer surface, in nearly all carts, is filled with knobs or bolt-heads an inch high and an inch apart, though the cart before us lacks the customary knobs on the tire.",85,0
1930,The missionaries told me I must take a cart; and I have not yet quite forgiven their poor but well-meant advice.,85,0
1931,"I expected to find the horses as slow and plodding as the people, and that it would be a leisurely walk of thirteen miles.",85,1
1932,"My apparatus was soon flying about in the most reckless fashion; my hands were both occupied in holding fast to my extemporized seat, using my elbows as springs; ruts and bottomless mud-holes are plentiful, but the one gait is maintained, and I bumped from side to side; my hat went off and scampered with the apparatus.",85,0
1933,"Others had travelled in that way, even some missionary ladies had preceded me to the Summer Palace in a similar cart, and both my pluck and endurance were at stake.",85,0
1934,The jolting was excruciating; it was not the mere possibility of dislocation of joints; I would not mind that; it was the more serious matter of telescoping the vertebræ.,85,0
1935,"With grim clutch I supported this churning and pounding for something over a mile, when I quite lost my temper; I did not swear, but was verily in a profane mood.",85,-1
1936,"This he did, when in sheer desperation I removed my portables, ordered the cart to return, engaged two street coolies to accompany me, and made the journey and return, twenty-six miles, on foot.",85,0
1937,"The agonies of this, my first and last attempt, to exploit a Pekinese cart would have been appreciably diminished had I known the proper way of adjusting one's person to the exigencies of the vehicle.",85,0
1938,"No seat is ever used, but instead mattresses and cushions are placed on the bottom and occupants recline and do not attempt to sit erect; but even with the body thus disposed, the thrashing and pounding to which one is subjected is but slightly modified.",85,0
1939,"In a single day between sunrise and sunset I have made one hundred and seventeen miles in a springless, Russian post-wagon with relays of horses; but that was as nothing compared with a few miles in a Pekinese cart.",85,0
1940,"The Chinese have devised many unique modes of torture, but none of them show so successful an application of means to an end as this homicidal cart.",85,0
1941,On the map this new position is given by the red lines connected with the number 86 just north of the Forbidden City.,85,0
1942,"These curious structures, resembling gateways, are called pai-lau, and may be found scattered over the Empire.",86,0
1943,"Permission to erect a pai-lau must be obtained from the Emperor, and such permission is always looked upon as a high mark of honor.",86,0
1944,"They are sometimes put up in honor of women who have been noted for purity and filial devotion, and also in honor of widows who have declined a second marriage.",86,0
1945,"They have frequently been called triumphal arches, but this is altogether a misnomer, for where there have been no triumphs surely there can be no triumphal arches; besides, they are never in the form of an arch.",86,0
1946,"There is sometimes a massive profusion of bracket work below a heavy protecting roof of tiling, indeed, one of the strangest peculiarities of Chinese architecture is an exaggerated system of complex bracket work, and this may generally be seen in the pai-lau.",86,0
1947,"These commemoration portals are usually placed in streets before temples and government offices; sometimes, however, ordinary gateways placed at the ends of streets are mistaken for honorary portals.",86,0
1948,"I suppose you have observed the triplicate form of the pai-lau-any number outside of three and its multiples, you will remember, is as fatal as the ill-omened thirteen.",86,0
1949,"We erect statues and tablets to commemorate persons of distinction; the Chinese erect pai-lau and place a tablet thereon, their statues being chiefly confined to the temples.",86,0
1950,"You see the tablets on these, the first being by a free translation, ""Blessing for the People,"" and the one on the second pai-lau, ""A Bright Sky and Clear Mirror,"" whatever that may mean.",86,0
1951,"We shall stand in the court and look first toward the northeast, as the red lines connected with the number 87 show.",86,0
1952,"87. In the Court of the Great Lama Temple-showing Lama Priest Turning Prayer-wheel, Pekin.",87,0
1953,"You may remember our second position in Pekin when we looked froin the Ha-ta Gate due north, along what is now called Von Ketteler Street.",87,0
1954,"We are now at the extreme northern end of that street, by the northern wall of the Tartar City, within the court of the chief temple of the Lamas.",87,0
1955,"The formation of the temple, like all Chinese buildings, is a series of courts surrounded by low, tile-roofed structures on every side; so that it is impossible to make a photographic view to show more than one side, or a section of one of these courts.",87,-1
1956,"In the center of this court is a pavilion at which a number of priests are whiling away their leisure, and that is to say, their lives; for their life-time and leisure signify about the same thing.",87,0
1957,"This gives you an idea of the character of the many connected edifices all of one style, chiefly roof as before mentioned; there is, however, one building much higher than the rest.",87,-1
1958,"Notwithstanding its mean appearance, this temple is considered to be one of the most complete in all its arrangements for study, living and worship in the country.",87,0
1959,"My own opinion is that it is one of the most dirty, dingy, smoky, ramshackle establishments in the whole world and filled with one thousand five hundred Mongolian and Tibetan ignorant fanatics, called priests.",87,1
1960,"Soon I shall present to you a group of these priests, and if you are somewhat of a physiognomist, I will submit whether my apparently uncharitable appellation be unjust.",87,0
1961,"The priest nearest us assumed that dramatic pose of his own accord; I did not prevent him, and am now glad I did not, as it helps my definition of the group you are to see later.",87,0
1962,"Three sit by the wall of the pavilion, and another turns a praying-machine; he likewise strengthens my unkind arraignment of the yellow-robed conclave which dwell here.",87,0
1963,You see a priest couchant by that small upright frame with the typical Chinese roof over it; he is turning a prayer-mill by a short stick held in his hand and attached to a crank at the base of a vertical cylinder or box.,87,0
1964,"The prayer is written on paper and attached to the box, and every time it revolves the writing is prayed.",87,-1
1965,"Sometimes the crank is attached to a water-wheel, and sometimes to a rude wind-inill, in which cases the devotee can retire while the mill prays on through the night.",87,0
1966,"A Lama who establishes one of these plants may, with a stiff breeze blowing, consign himself to the arms of Morpheus, and in the morning find himself the very ne plus ultra of holiness.",87,0
1967,"These priests ought to be good men, as both the elements of the omnipotent ""Feng-shui"" are utilized to that end (the Chinese fates, called Feng-shui, reside in wind and water).",87,0
1968,"At the door of every house the family machine stands, and every one who enters is supposed to give it a twist for the benefit of the family.",87,0
1969,"By every stream that affords water-power one may notice a small building which would ordinarily be taken for a water-mill, but which in reality is a prayer-mill, where every turn of the wheel is sending to Heaven the stereotyped invocation: ""Om Ma-ni Pi-mi Hom ""-O, the jewel in the Lotus, Amen!",87,0
1970,"In ordinary times it would be impossible to induce them to stand to be photographed, but the allied armies hold the city, and like all Chinamen they are more meek than they are wont to be; they are afraid to refuse a foreigner's request; yet I do not like to practice duress on men of cloth, even yellow cloth, so I offer them money and they hesitatingly comply.",88,1
1971,"Their regular devotions are performed in the different courts, and when great numbers are engaged at the same time in their chants and millprayers the effect is very curious, especially if the mills should not be well lubricated, and a universal creaking mingles in the chant.",88,0
1972,"Buddhism in northern Asia is called Shamanism, from the Chinese words Hwang-kiao, which signify yellow sect, because the Buddhistic order of priests the world over wear yellow robes.",88,0
1973,"The Lamas have a decalogue which is not unlike the Mosaic in many points: (1) Do not kill. (2) Do not steal. (3) Do not commit fornication. (4) Speak not falsely. (5) Drink no wine nor eat flesh. (6) Look not on gay silks or necklaces, use no perfumed ointment, and paint not the body. (7) Neither sing nor dance, and do no sleight of hand tricks or gymnastic acts, and go not to see or hear them. (8) Sit not on a high, large couch. (9) Do not eat out of time. (10) Do not grasp hold of living images, gold, silver, money or any valuable thing.",88,0
1974,The great resemblance of the ceremonials of the Buddhists and those of the Romish Church has led to much discussion as to which has copied from the other.,88,0
1975,"The distinguished scholar and writer, Abbe Huc, enumerates some of the similarities as follows: ""The cross, the mitre, the dolmatica, the cape which the Lamas wear on their journeys, or when performing some ceremony out of the temple; the service with double choir, the psalmody, the exorcism, the censer suspended from five chains, which you can open or close at pleasure; the benedictions given by extending the right hand over the heads of the faithful; the rosary, ecclesiastical celibacy, spiritual retirement, worship of saints; the fasts, processions, litanies, and holy water-all these are analogies between ourselves and the Buddhists.""",88,0
1976,"Some claim that Lamaism and Buddhism have copied their ritual from Romanism and others that Romanism has derived its forms from paganism, and there have been those who argue that the simulation of the ceremonials of the two religions is a machination of the devil; however, ceremonials are but ceremonials, and we will look again at these representatives of Lamaism in their dirty yellow, cotton robes, and with their shaven heads.",88,0
1977,"The tenets of their religion may be well enough and their rituals well enough, but what sort of an exposition of a religious life can we expect from men and boys of types like those before us.",88,1
1978,"The Lama's tenth commandment says: ""Do not grasp hold of living images, gold, silver, money or any valuable thing,"" and some of these priests followed me at least a half-mile clamoring all the way for money, and extortionate money; at last I compromised for a Mexican dollar.",88,0
1979,There is a fine bronze lion beyond the priests with a much better countenance than most of these disciples of the Da lai Lama at Lassa.,88,0
1980,"Speaking of these priests to a well-informed man who had lived in Pekin for years, he said: ""This great Lamasery was once the residence of Chien Lung, Crown Prince in 1770.",88,0
1981,"These Lamas represent a distinct type of Buddhist, and are perhaps the most worthless human beings on the earth.",88,1
1982,The Chinese from time immemorial have bought the subjection of the peoples who might be called their conquered enemies.,88,0
1983,"Before the siege, it was risky business for foreigners to attempt to visit the Lamasery, for he might not be allowed to leave except by the payment of a large sum of money.",88,0
1984,"The Living Buddhas (Gegen) sometimes get into trouble among themselves, and one day a Gegen was seen going down the street with blood flowing down his face.""",88,0
1985,"We are now to leave this extreme northern end of Von Ketteler Street, and are about to take a walk of two miles south to the Ha-ta Gate.",88,0
1986,"At the Ha-ta Gate where we obtained our first sight of the city, we will follow along the top of the wall eastward until we reach the east wall, and this we follow northward for only a short distance and we reach the Imperial Observatory.",88,0
1987,Note on the map the red lines and the number 89 near the southeastern corner of the Tartar City.,88,0
1988,"89. Imperial Observatory, One of Pekin's famous Sights on the Eastern Wall.",89,0
1989,The occupation of the city by the Allies during the Boxer war has brought this old observatory into still greater fame.,89,0
1990,If you have expected to find a great imposing structure like those you may have seen for astronomical purposes in Western countries you must be disappointed.,89,0
1991,"It is not the building that is notable; in fact you may now see there is no building, only a terrace or a tower built into the wall and some fifteen feet above it.",89,0
1992,Soon we shall go nearer where we can study them in more detail; but it is not the instruments in themselves which we are to consider; we must remember the time at which they were made.,89,0
1993,"Those we see on top of the tower, a magnificent bronze celestial globe, a sextant, a sun-dial and quadrants, were all made in 1674 by order of the Emperor Kanghi, under the direction of the Jesuit Father, F. Verbiest, who was at that time President of the Board of Works.",89,0
1994,"Those instruments were made over two hundred years ago, and when we look at them we are astonished no less by the scientific knowledge displayed than by the marvelous mechanical skill requisite for their construction.",89,0
1995,"We are still more astonished when we go to a court below at the left hand of the tower and find three instruments made altogether by the Chinese, two planispheres and an astrolabe, made nearly four hundred years before Kanghi gave his imperial order for those we see on the tower.",89,0
1996,"You may remember when we started out on our itinerary I observed that in China one is constantly in a two-fold state of mind, that of admiration and that of disgust.",89,1
1997,"In looking at these astronomical instruments made over two hundred years ago and some of them over six hundred years ago, we are once more stirred with admiration.",89,0
1998,"But for the other state of mind we have only to look around us here to see the usual neglect and dilapidation, the wall in ruins and overgrown with weeds and shrubbery.",89,0
1999,"and lest you should take him to be an astronomer who has wandered a little from his instruments to ponder some profound astronomical problem, I will have to tell you he is only my porter waiting my next movement which will be to the top of the tower for a nearer inspection of the famous instruments.",89,0
2000,"90. Magnificent Bronze Astronomical Instruments made in 1674, under Emperor Kanghi, Imperial Observatory, Pekin.",90,0
2001,"We have come to this point to see partially several instruments made by the Jesuits, rather than to see an entire single instrument.",90,0
2002,"A portion of one of the many ornamental dragons upon which the instruments are mounted is very near, so that we are able to inspect details, though of course this is only for decoration and does not show the delicate mathematical accuracy of the instruments.",90,0
2003,"In the court below the instruments made by the Chinese themselves, not only antedate these Jesuit-made instruments by over four hundred years, but are much finer in scientific and artistic workmanship.",90,0
2004,"A quite full and careful description of them by J. Thompson, F.R.C.S., will give you a good idea of their merit as well as of their exquisite handicraft; so while we look at those of the Jesuits we will hear about those of the Chinese: ""Here, in addition to the colossal astronomical instrument erected by the Jesuit Missionaries in the seventeenth century we find two other instruments, in a court below, which the Chinese made for themselves, toward the close of the thirteenth century, when the Yuen dynasty was on the throne.",90,0
2005,"Possibly some elements of European science may have been brought to bear on the construction of even these instruments; although the characters and divisions engraved on their splendid bronze circles point only to the Chinese method of dividing the year, and to the state of Chinese astronomy at the time.",90,0
2006,"Yet Marco Polo must have been in the north of China at about the period of their manufacture; or, at any rate, John de Carvino was there, for he, under Pope Clement V, became bishop of Cambalu (Pekin) about 1290 A. D., and perhaps with his numerous staff of priests he introduced some knowledge of Western art.",90,0
2007,"Mr. Wylie (than whom there is probably no better authority) was with me when I examined these instruments, and is of opinion that they are Chinese and that they were produced by Ko-Show-King, one of the most famous astronomers of China.",90,0
2008,"One of them is an astrolabe, furnished beneath with a splendid sun-dial, which has long since lost its gnomon.",90,0
2009,"The whole, indeed, consists of three astrolabæ, one partly movable and partly fixed in the plane of the ecliptic; the second turning on a center as a meridian circle, and the third the azimuth circle.",90,0
2010,"This instrument is a marvelous specimen of the perfection to which the Chinese must, even then, have brought the art of casting in bronze.",90,0
2011,"The horizon is inscribed with the twelve cyclical characters, into which the 326 Chinese divided the day and night.",90,0
2012,"Outside the ring these characters appear again, paired with eight characters of the denary cycle, and four names of the eight diagrams of the book of changes, denoting the points of the compass, while the inside of the ring bears the names of the twelve states into which China, in ancient times, was portioned out.",90,0
2013,"An equatorial circle, a double-ring ecliptic, an equinoctial colure, and a double-ring colure, are adjusted with the horizon ring.",90,0
2014,"The equator is engraved with constellations of unknown antiquity, while the ecliptic is marked off into twenty-four equal spaces, corresponding to the divisions of the year.",90,0
2015,"All the circles are divided into 365 degrees for the days of the year, while each degree is sub-divided into one hundred parts, as for everything less than a degree the centenary scale prevailed at that period.",90,0
2016,"I take these instruments to be of great interest, as indicating the state of astronomical science in China at about the end of the thirteenth century.",90,0
2017,"When we witness such perfection in art and such advancement in science, we must not forget that the abovedescribed instruments were made nearly four hundred years before the Greenwich Observatory was founded and two hundred years before Columbus discovered America, and that even a thousand years prior to that time China was a civilized nation.",90,0
2018,"We have been giving attention to circumstances of war, to palaces, to temples, memorial portals and astronomical instruments;",90,0
2019,"The London Mission is located on the east side of Von Ketteler street, about one mile north of the Ha-ta Gate.",90,0
2020,"As a type of South China, you saw the Bible woman at Canton, and of Middle China, you saw a class of pretty girls at Shanghai, and as a representation from the north we offer these Christianized women under the London Mission.",91,0
2021,"An opinion prevails that the Chinese are a dwarfed race; in this respect, they seem, and not unnaturally, to be confounded with the Japanese.",91,1
2022,"It is a mistake, however; the highest authority places the men in the north of China as being a little larger than the average European or American, and those at the south as a trifle smaller, while the average Chinese woman is smaller than the average of her sex in the West.",91,0
2023,"The scarcity of beauty among Chinese women is remarked by every observer; most persons forget, however, that all of the male sex are everywhere on view, while only the lower class among women are seen by the ordinary observer.",91,1
2024,Before a fair comparison can be made we must hide away from public view an equal proportion of Western beauty.,91,0
2025,"We know, in China, all beauty is jealously screened from vulgar gaze, while the opposite is true in Western countries.",91,0
2026,"Next to the depressed nasal feature, the ill-shaped mouth mars the Chinese face; the angular eyes do not seriously disparage their appearance.",91,1
2027,And I am not sure but the usual sadness of the female face in China detracts more from its attractiveness than aught else.,91,1
2028,"A smile improves every face, but it altogether transforms a Chinese woman's face.",91,0
2029,"Well, all people are interested in matrimony, barring possibly thoroughly confirmed old bachelors;",91,0
2030,"and as Chinese matrimonial customs are curious I cannot do better than to give some interesting and reliable statements from Williams's ""Middle Kingdom.""",91,0
2031,"There are six ceremonies which constitute a regular marriage, though their details vary much in different parts of the Empire: 1. The father and elder brother of the young man send a go-between to the father and brother of the girl, to inquire her name and the moment of her birth, that the horoscope may be examined in order to ascertain whether the proposed alliance will be a happy one.",91,0
2032,"2. If the eight characters seem to augur aright, the boy's friends send the mei-jin (match-maker) back to make an offer of marriage.",91,0
2033,6. The preliminaries are concluded by the bridegroom going or sending a party of friends with music to bring his bride to his own house.,91,0
2034,"The match-makers contrive to multiply their visits and prolong the negotiations when the parties are rich, to serve their own ends.",91,0
2035,"At Fukien, parents often send pledges to each other when their children are mere infants, and registers containing their names and particulars of nativity are exchanged in testiof the contract.",91,0
2036,"After this has been done it is impossible to retract the engagement, unless one of the parties become a leper or is disabled.",91,0
2037,"When the children are espoused older, the boy sometimes accompanies the go-between and the party carrying the presents to the house of his future mother-inlaw, and receives from her some trifling articles, as melonseeds, fruits, etc., which he distributes to those around.",91,0
2038,"Among the presents sent to the girl are fruits, money, vermicelli and a ham, of which she gives a morsel to each one of the party.",91,0
2039,"Whenever friends call upon her parents, she is expected to retire to the inner apartments, and in all her actions and words guard her conduct with careful solicitude.",91,0
2040,"When the lucky day for the wedding comes, the guests assemble in the bridegroom's house to celebrate it, where also sedans, a band of music and porters are in readiness.",91,0
2041,"The courier who acts as guide to the chair-bearers takes the lead, and in order to prevent the onset of malicious demons lurking by the road, a baked hog or large piece of pork is carried in front, that the procession may advance safely while these hungry souls are devouring the meat.",91,-1
2042,"Her girlish tresses have already been bound up, and her hair arranged by a matron, with due formality; an ornamental and complicated headdress made of rich materials, not unlike a helmet or corona, often forms part of her coiffure.",91,0
2043,"Her person is nearly covered by a large mantle, over which is an enormous hat like an umbrella, that descends to the shoulders and shades the whole figure.",91,0
2044,"Thus attired she takes her seat in the red gilt marriage sedan, called hwa kiao, borne by four men, in which she is completely concealed.",91,0
2045,"This is locked by her mother or some other relative, and the key given to one of the bridemen, who hands it to the bridegroom or his representative on reaching his house.",91,0
2046,"The procession is now arranged with the addition of as many red boxes and trays to contain the wardrobe, kitchen utensils and the feast, as the means of the family or the paraphernalia require.",91,0
2047,"As the procession approaches the bridegroom's house the courier hastens forward to announce its coming, whereupon the music strikes up, and fire-crackers salute her until she enters the gate.",91,0
2048,"As she approaches the door the bridegroom conceals himself, but the go-between brings forward a young child to salute her, while going to seek the closeted bridegroom.",91,0
2049,"He approaches with becoming gravity and opens the sedan to hand out his bride, she still retaining the hat and mantle; they approach the ancestral tablet, which they reverence with three bows, and then seat themselves at a table on which are two cups of spirits.",91,0
2050,"The go-between serves them, though the bride can only make the motion of drinking, as the large hat completely covers her face.",91,0
2051,"They soon retire into a chamber, where the husband removes the hat and mantle from his wife and sees her, perhaps for the first time in his life.",91,0
2052,"After he has considered her for some time, the guests and friends enter the room to survey her, when each one is allowed to express an opinon; the criticisms of the women are severest, perhaps because they remember the time they stood in her unpleasant position.",91,0
2053,"Before leaving the group now before us, note carefully the rich dress, the neatly and curiously arranged hair and ornaments, and the small feet which have heretofore been described.",91,0
2054,"This group and the group of Chinese women are taken from among several hundred refuges of the London Mission just after the siege of Pekin, and are at this time under the faithful guardianship of a Miss Smith.",92,0
2055,"The Church and School property of the London Mission was entirely destroyed by fire, and the premises in which we now stand was the home of a Boxer leader, and were, after the relief of the legations, occupied by this mission and its host of homeless refugees which we will show you soon.",92,0
2056,At the request of Miss Smith the members of both groups hurried to their several apartments to don their best gowns and frills to appear before the foreigner's picture-making device.,92,0
2057,"It seemed to be their highest pleasure to do Miss Smith's will, and well it might be; she had led them through fire and siege and was then feeding them on the results of her zealous efforts.",92,0
2058,"Have you discerned in these Manchu faces a much lighter complexion and more prominent noses, and that their countenances generally indicate greater intellectual capacity?",92,1
2059,"And I must tell you that some authorities consider the Manchus the most improvable race in central Asia, and possibly on the Continent, and many consider their administration of the government in general as superior to that of the native sovereigns, notwithstanding the maladministration of the present Empress.",92,1
2060,These are really the descendants of those vigorous Oriental Northmen who compelled the Chinese to build the Great Wall the Tartars.,92,0
2061,"You will notice some difference in their dress, a different style of shoe, a different way of arranging the hair.",92,0
2062,"Those shoes appear clumsy and inconvenient, and those huge cloth-covered blocks for soles are clumsy; but the marvelous fineness of the embroidered uppers quite atones for the heavy soles.",92,0
2063,The Manchu women have shown to the Chinese women the advantages of natural feet over bound feet for two hundred and fifty years without any noticeable effect.,92,0
2064,"They look sturdy and unsentimental, but to see that they are not destitute of the poetic fancy we need only refer to their ancient books of poetry in which we shall find expressed all the finer feelings of the human heart that are found in poems of the present time.",92,0
2065,I would like to show you while in the presence of these ladies some verses of Chinese poetry written about eight hundred years before Christ and freely translated into English by the eminent Dr. Legge.,92,0
2066,Poetry and the fair sex are so often associated that no better opportunity will offer for presenting examples of the former than when we are in the presence of the latter.,92,0
2067,"The great book of Chinese poems is called the Shu King, and from it we give the following madrigal: Maiden fair, so sweet, retiring, At the tryst I wait for thee; Still I pause in doubt, inquiring Why thou triflest thus with me.",92,0
2068,"In the meadows sought we flowers, Thus she gave me-beauteous, rare; Far above the gift there towers The dear giver-lovelier, fair!",92,0
2069,"And here is a little poem called Kan-tang, or the Sweet Pear Tree,"" written by a contemporary of Saul, and which seems to be an exact counterpart of ""Woodman Spare That Tree"":",92,0
2070,"2. O clip not that sweet pear-tree! Each twig and leaflet spare'Tis sacred now, Since the lord of Shao, When weary, rested him there.",92,0
2071,"3. O touch not that sweet pear-tree! Bend not a twig of it now; There long ago, As the stories show Oft halted the chief of Shao.",92,0
2072,"The following are two stanzas directed against a certain Mrs. Pao Sz, a mischief-maker in the court of King Yu; they give a wicked thrust at the poor women folk by some disgruntled member of the long-haired fraternity who lived over seven hundred years B. C.-or may be they are by a rustic poet in the Province of Kwei-Chow where the custom of the Couvade prevails.",92,0
2073,"The Couvade is the custom whereby a mother gets up at once after the birth of a child and performs her usual work, while the father takes to bed for a month with the baby.",92,0
2074,To woman's tongue let scope be given And step by step to harm it leads.,92,0
2075,"Hurtful and false, their spite they wreak And when exposed their falsehood lies-The wrong they do not own, but sneak And say, ""No harm did we devise.""",92,0
2076,"The Chinese women we saw a few minutes ago have gone to the ruins of the London Mission, a short distance in the rear of this place; these Manchu women now go to the same place, and we shall follow.",92,0
2077,There we shall find assembled about the ruins of the church and school several hundred members of the Mission.,92,0
2078,"93. Miss Smith, a Heroine of the Siege, and Protected Refugees, among the Ruins of the London Mission Schools, Pekin.",93,0
2079,We are in the presence of a host of homeless human beings all depending for food and shelter upon the noble little woman seated near the front with a child by her side.,93,0
2080,All these were sheltered and fed within the English Legation during two of the longest months which any of them have ever experienced.,93,0
2081,"Many friends and kin of these poor people were not so fortunate, but were mercilessly slain by the bloodthirsty Boxers.",93,0
2082,"When Miss Smith, at my request, seated herself in front of her flock I asked her to have a native child stand by her side; not wishing to give the appearance of any partiality in such a choice, she asked me to choose one.",93,0
2083,"""Why, how strange,"" exclaims Miss Smith, ""that you have brought to me this poor little thing that is the object of my tenderest love and sympathy!",93,0
2084,"Do you know,"" she continued, “ that both the father and mother of this little one were not only killed, but were dismembered and horribly chopped to pieces; her parents are gone, and all her friends are gone; there is no one left to look after her, and she is very dear to me.""",93,0
2085,"These are the tender motherly words of the woman, who, when the shells were crashing into the Legation, was as brave as she was loving after the Allies had brought safety-another evidence to prove, if proof were necessary, that tenderest hearts are bravest.",93,0
2086,The women and children are assembled here on the ruins of the burned church; the men stand by themselves farther away.,93,-1
2087,"There stood in the court in which we saw the Chinese and Manchurian women, five silk umbrellas which they and their friends had presented to her as evidences of their gratitude, for, as previously explained, the umbrella is the usual object given in token of especial regard.",93,0
2088,"In this same court where these honorary umbrellas stood and where were the groups of Chinese and Manchu ladies, I met Prince Su, whose palace and property were turned over to the beleaguered Legationers; he had proved from the beginning a friend to all the foreigners, and was on the best of terms with the people of the London Mission.",93,0
2089,"He quite readily granted me a sitting for a stereoscopic photograph, and presented me with his card, explaining at the same time that it is not customary for a Chinese prince to use cards, though on account of his intimate relations with many foreigners he found it convenient to deviate from court usage.",93,0
2090,"representation of his card, but I cannot give the full size, which is its most curious feature, being four and one-half by ten inches, and made of thin red paper, much like firecracker paper.",93,0
2091,It is very possible that Prince Su will be appointed Chinese Secretary of State in the new organization of the government.,93,0
2092,"You have, no doubt, noticed the gentleman seated near Miss Smith; that is the Rev. Joseph Stonehouse of the Mission, who had spent over twenty years in mission work in China.",93,0
2093,"1 met him on several occasions and found him a very amiable gentleman and zealous worker; and only a short time after I met him here, Mr. Stonehouse was visiting some of the mission stations not far from Yang-tsun when he was set upon by armed natives, presumably Boxers, while crossing a river in a large ferryboat.",93,0
2094,"Cavalry was at once dispatched from Yang-tsun, and the villages near the place were burned, but the bloodthirsty and unreasoning assassins were never found.",93,0
2095,Their work was prosperous when the Boxer war broke out and their fine premises were reduced to the condition seen before us.,93,0
2096,"Probably the most interesting place in the neighborhood of Pekin is the Summer Palace of the Empress among the western hills, some thirteen miles westward.",93,0
2097,"As already stated I made the journey on foot and in a single day, which is a little too much for a pleasure trip.",93,0
2098,"I remember very distinctly passing over a level plain, along a road flagged with large square stones, past little villages of brick houses with tile roofs, and by waving fields of millet, till I reached the western hills, at the base of which 1 encountered a small lake fed by mountain streams.",93,0
2099,"I passed within the wall and around one side of the lake and over a beautiful marble bridge to a small island on the lake on which are erected gates, temples, pavilions and rockeries.",93,0
2100,You may now stand with me by one of the summer-houses and look across the lake toward the many indescribable structures on the opposite shore.,93,0
2101,"Turning to Map No. 2, ""Eastern China,"" we find our red route line extending northwest of Pekin to the location of the Summer Palace.",93,0
2102,"94. Wan-Shou-Shan (Hill of Ten Thousand Ages) Summer Palace of the Empress, from Island in Lake Kun-Ming-Hu, near Pekin.",94,0
2103,"This Imperial retreat is called Wan-Shou-Shan, which signifies Hill of Ten Thousand Ages, and has been used as the summer residence of the Empress since the destruction of the original Summer Palace at Yuen-Ming-Yuen, which lies a mile to the north of this place.",94,0
2104,"Before its destruction it was a magnificent place four and one-half miles in circumference, covered with all sorts of beautiful and luxurious structures.",94,0
2105,Since its demolition by the Allies in 1860 it has only partially been restored and Wan-Shou-Shan continues to be the Summer Palace.,94,0
2106,From this point you are able to look across the small lake from an island near the south shore.,94,0
2107,"You know that the Palace in Pekin was a city of itself, a Forbidden City, rather than one palatial structure.",94,0
2108,We find the same here-almost a small city forming an amphitheater on the southern slope of the hill and around the western shore of the lake.,94,0
2109,Our field of vision includes enly a section of the numerous buildings that extend for nearly a half mile along the shore of the lake.,94,0
2110,"Off to the right, but not within our range of vision are landing stages, near which are moored row-boats, sail-boats and two small steam yachts, all toys of the Empress.",94,0
2111,"The most conspicuous object before us on the opposite side of the lake is a gigantic structure or terrace built of solid masonry, and ascended on either side by stone stairways, which are shown on that perpendicular wall by the dark lines.",94,0
2112,"Later, before leaving the Summer Palace, we shall pass around the lake and ascend the hill to the left of that tower near the wall.",94,0
2113,"Beyond the rail rising from the edge of the water is an artificial rockery, in the construction of which the Chinese show unusual skill.",94,0
2114,"When I started for the Summer Palace in the conveyance afore mentioned and found I could not sustain the shock of a Pekinese cart, I picked up on the street two coolies to carry my outfit; they are here before us, one on the rockery and one on the rail.",94,0
2115,One of these fellows was unequal to the walk of twenty-six miles and gave out on the return when we were within two miles of my quarters.,94,0
2116,"The one coolie who was entirely exhausted lagged behind, and in the darkness turned into a side alley with the evident intention of secreting himself and retaining my valuable apparatus.",94,0
2117,"When he seemed to be suspiciously far behind I ran back to the end of the by-way up which I knew he must have gone, and, hearing a slight noise in that direction, I dashed on in the darkness and overtook him just as he was entering a small native house.",94,0
2118,To reach the mainland from this pretty islet we cross a beautiful bridge at which we will also stop for a moment.,94,0
2119,The workmanship is superior; the long line of figures on the rail show much labor and considerable skill.,95,0
2120,A few glances only about the Summer Palace will tell us why the Empress spends so little of her time within the prison-like confines of the Forbidden City.,95,0
2121,"Here there are crystal springs and mountain breezes and commanding prospects, all that nature and art can add to make the surroundings attractive.",95,0
2122,"At the time I was here the grounds were deserted, except by a few foreign soldiers who were guarding the entrance, and an occasional group of visitors who had gained permission to visit the ground.",95,0
2123,"When the Court occupies the Palace this bridge and the lake are not so devoid of life; then the water is dotted with row-boats, and sailboats, and the entire royal area within the wall, as well as the villages outside where servants live, is full of activity.",95,0
2124,"You can better understand the populousness of the place when I tell you that the Emperor is entitled to three thousand eunuchs, but the actual number employed is about two thousand.",95,0
2125,"The number of females in the harem is not known, but it would probably far exceed the plurality of wives accredited to the celebrated Mormon prophet.",95,0
2126,"From this bridge the lake extends a half-mile in either direction, and the mountain slopes outside the Imperial domain are dotted with temples and homes of noted Chinamen.",95,0
2127,As I walked across this bridge I found at the farther end the figure of a cow cast in bronze and mounted on a base of stone.,95,0
2128,"In my walk of a mile about the lake I passed many curious structures, all showing unmistakable signs of the looter and the iconoclast.",95,0
2129,"96. Grand Porcelain Tower, One of the Splendid Buildings of the Imperial Summer Palace, near Pekin.",96,0
2130,Here we obtain a good view of the great porcelain tower which overlooks the entire plain lying between us and Pekin.,96,0
2131,"I entered and ascended to the top, expecting to find something to reveal its purpose; but found nothing to show that its use is for aught else than an observation tower.",96,0
2132,"Indeed, there were many buildings about the grounds whose use could not be determined by their appearance; many of them, no doubt, the outcome of Imperial whims or fancies.",96,0
2133,"Notwithstanding ""the divinity that doth hedge a king,"" he is subject to human ambitions like other mortals.",96,0
2134,"Here is a populous city, there is another at Yuen-Ming-Yuen, the Forbidden City is another and then the private palace outside the Forbidden City; all these exist to gratify the cruel and unscrupulous vanity of an old Manchu woman.",96,0
2135,"Millions are starving, and the one arch-mischief-maker sports four palaces, and three of these are verily cities, and all, we may say, for her personal luxury.",96,0
2136,"The pomp and the palaces, of course, help on the ""divinity that doth hedge,"" etc., and if the suffering masses can be kept in ignorance the ""divinity"" can be maintained—millions upon millions for the maintenance of a Christian-killing Empress, while thousands upon thousands are starving in honest poverty.",96,0
2137,"Look upon these multiplied palaces and palace luxuries and then witness the staring eyes of starvation in the ""dying place"" at Canton.",96,0
2138,"It does not require the ""hedging of divinity"" to make an intelligent and democratic people love and honor a Washington, a Lincoln or a McKinley; and in this respect what is true of China may be true of all monarchical or monarch-supporting governments.",96,0
2139,"Democracy elects fitness for sovereignty, but empires inherit the next in line-many times unfit to rule; then comes the necessity for hedging with divinity.",96,0
2140,"We did not love dear ""Old Abe” less because he was not housed in a congeries of palaces, or because his beloved personality was not ""hedged"" by lèse-majesté.",96,0
2141,But if we linger in this line of thought before this great porcelain tower we shall soon be calling it a tower of shame.,96,0
2142,At the right of the tower we can see the plain over which we must pass to reach Pekin; only for the hazy atmosphere we could faintly discern the outlines of the city thirteen miles away.,96,0
2143,Now let us climb down this steep hillside and wend our way back to the quaint old capital.,96,0
2144,"A few days after my return from this Summer Palace to Pekin, during a casual visit to the United States Legation, I found Minister Conger preparing to set out on an official visit in his official chair.",96,-1
2145,"97. Minister Conger leaving the Legation in His Official Chair, which is always used in making Official Calls, Pekin.",97,0
2146,At the Legation Minister Conger kindly consented to allow me to make a picture of himself and his secretaries in the Legation rooms.,97,0
2147,"It was during this sitting that our popular Minister spoke of going out in his official chair, when it occurred to me that to see him leaving the grounds would be interesting, as showing the formalities which must be observed at the Court of Pekin.",97,0
2148,"It brings to mind also, that among the many different branches of the government organization, there is a ceremonial court whose duty it is to regulate forms to be observed and in marshaling visitors according to their proper ranks, and directing them when to make the ""Kowtow.""",97,0
2149,The kowtow is a formal bowing or kneeling and has many variations or degrees according to the rank before whom made; before the Emperor a kowtow consists in kneeling three times and knocking the head on the floor nine times.,97,0
2150,"The refusal to comply with this formality on the part of foreign officials, has, at times in the past, led to international friction.",97,0
2151,"Foreigners are not unwilling to make their rounds in a sedan-chair, but they do not take to the requirements of kneeling and whacking their heads on the floor.",97,0
2152,"An avantcourier stands at one side with an air of superiority, and it is his duty to howl commands for all to clear the way for the important occupant of the chair.",97,0
2153,"The highest dignitaries are carried by eight bearers, others by four, and ordinary mortals by two.",97,0
2154,"There are two kinds of sedan-chairs, those made of bamboo for common people, and those elaborately curtained and upholstered.",97,0
2155,"While the sedan-chair is a very primitive conveyance, every one must confess it is one of the most luxurious, and reminds the rider how well adjusted with springs is the ""tailless horse.""",97,0
2156,"When a set of chair-bearers are passing through the narrow streets of a city like Canton they keep up a dismal howl that reminds one of the approach of a band of howling monkeys in the jungles of the Amazon; this notifies the crowds in the street to clear the way, but the warning is so common that it is seldom heeded.",97,0
2157,"The chair has the right of way, and when people are struck by it they do not seem to mind it; their equanimity can scarcely be disturbed.",97,0
2158,"In any other country the passage of a sedan-chair would, in a dense thoroughfare, engender endless broils and fisticuffs.",97,0
2159,"This official mode of travelling from place to place shows you exactly how Baron Von Ketteler was passing along the street which now bears his name, his secretary following, as Mr. Conger's secretary is following here, when foully murdered.",97,0
2160,While Mr. Conger obligingly halted for a moment he told me that if I could get a stereograph of Prince Ching I would be scoring a great success.,97,0
2161,Now you may meet him whose picture Mr. Conger thought so desirable and so difficult to obtain.,97,0
2162,"98. Prince Ching, Commander of the City Guard Secret friend of the Legations during the Siege -later Peace Commissioner, Pekin.",98,0
2163,"Another prince has earned for himself an infamy as world-wide as this man's fame; I refer to Prince Tuan who was the head and inspiration of the Boxer horde, and who is now likely to reap the fate which due retribution will probably mete to him, that is, banishment or some other extreme penalty.",98,0
2164,"Prince Ching, who sits before us, has always been favorably disposed toward foreigners, and at the crucial moment, when the fate of the Legations and all the foreigners in Pekin was in the hands of the shuffling Yamên, he did not hesitate to admit that he had failed to convince the court of the danger of inactivity and that he was helplesss in adjusting matters.",98,0
2165,"When Sir Claude Macdonald found it was useless to discuss matters longer with the vacillating Yamên he demanded an interview with Prince Ching, who stated to him frankly that the government was not able to control the Boxers, and that foreigners could not expect protection either in Pekin or in any part of China.",98,0
2166,"Prince Ching was President of the Tsung-li Yamên, and for his suspected sympathy with the foreigners was suddenly removed from the head of the Yamên by the Empress, and the Boxer chief, Prince Tuan, appointed in his place.",98,0
2167,"There can be little doubt that only for these frank and friendly avowals of Prince Ching the Legations and all the Europeans would have attempted to obey the order which they had received to quit the capital and proceed to Tien-tsin; and this step, in the minds of everyone, would have resulted in indiscriminate slaughter.",98,0
2168,"Can we wonder then that there exists a kindly feeling toward this true prince, or that when peace commissioners were to be chosen from among the Chinese to confer with the foreign ministers in the settlement of the great question between the Empire and the Allies, that Prince Ching should be the choice of the nations whose representatives he had saved?",98,0
2169,"In 1885 he was appointed along with Prince Chun and Li Hung Chang to take control of naval affairs, and now he has been coupled with China's famous statesman and viceroy in the adjudication of the Empire's imbroglio with the world.",98,0
2170,"He is a near relative of the Emperor, and has now been mentioned as a possible successor to Li Hung Chang as Secretary of State and Viceroy; being so important a personage in the affairs of China and the world you can understand why our minister told me if I could secure his photograph I would ""score a success.""",98,0
2171,"Along with an irrepressible New York correspondent who had secured credentials to Prince Ching from the Secretary of Li Hung Chang, and, couriered through the ramshackle wilderness of the Tartar City by a native ""boy,"" I reached the palace of Prince Ching in the extreme northwestern portion of the city.",98,0
2172,Like all Chinese palaces it is a series of courts flanked by low buildings on every side.,98,0
2173,"In an alley outside we were met by the official interpreter for the Prince, who explained to us that in a short time his excellency would receive us; finally we were taken to this interior court, where the Prince soon appeared and greeted us kindly.",98,0
2174,"The interpreter had, of course, already explained to him that we desired his photograph for the American people, who looked upon him as their friend.",98,0
2175,His garments are of heavy brocaded silk; the ample sleeves take the place of gloves; a magnificent ruby within a circle of pearls ornaments the front of his cap.,98,0
2176,"351 The correspondent asked for permission to speak with his excellency for a few minutes; this was readily granted, and the weather being chilly, we were asked to accompany him to a reception-room, where tea was at once served to us.",98,0
2177,"I took along with me for his inspection a series of stereoscopic photographs, that he might understand the kind of picture I wished to make of him.",98,0
2178,"He seemed almost impatient to get hold of the stereoscope and stereographs, but the correspondent had him immeshed in his catechism for a time.",98,0
2179,"At length he again glanced inquisitively toward the stereoscope, when I advanced and adjusted it to his eyes and passed a number of stereographs through it.",98,0
2180,with the realistic effect; they were the first stereoscopic photographs he had ever seen; he never wearied and scarcely withdrew his head from the hood of the stereoscope till all the views had been passed through.,98,0
2181,"While we were yet sipping our delicious tea I asked the interpreter if his excellency would not permit us to carry back to America as souvenirs of the honor he had conferred upon us, the cups from which we were drinking the tea.",98,0
2182,"More delicate specimens were soon forthcoming, into which we poured the remainder of our tea that we might say we had drunk tea from them with Prince Ching.",98,0
2183,"The Prince said he had not had his photograph taken for eight years previous to this time, when a Dutch painter made of him an oil-portrait, which he took from the wall to show us.",98,0
2184,"After thanking him suitably for his hospitality and the patient audience and sitting he had given us, we retired to the alley whence we entered, and where the interpreter was joined by three members of the Tsung-li Yamên, whom you will be interested in meeting now.",98,0
2185,"99. The Empress Dowager's Counselors in dealings with the Powers-Members of the Tsung-li Yamen, Pekin.",99,0
2186,"The Chinese government is administered through several branches, such as the Board of Civil Office, the Board of Revenue, the Board of Rites, the Board of War, the Board of Punishments, the Board of Works, etc., and only in recent years has a new board been created called the Tsung-li Yamên, or Board of Foreign Affairs.",99,0
2187,The whole duty of the Tsung-li Yamên is to receive and confer with foreign ministers and to act as an intermediary between them and the Court.,99,0
2188,It was painfully exemplified during the siege of 1900 when this treacherous go-between Board screened the sinister motives of the crafty Empress.,99,0
2189,"In the peace negotiations, now signed at Pekin, it is said that a radical alteration has been made in the relations of the foreign ministers to the Court, and that the article relating thereto is as follows:",99,0
2190,"The Chinese Government shall be bound to reform the Chinese Foreign Office and the court ceremonial for the reception of the foreign representatives, and to do so in the sense which shall be defined by the Foreign Powers.",99,0
2191,"I hope you will not fail to notice the fine feathers in their caps, because I swung two of these dignitaries partially around that you might see them.",99,0
2192,"How we would like to know just what they did and said and thought during those dark days of the siege; being identified with Prince Ching they, of course, pretend that they were friendly, but sincerity is a rare thing in the ""Middle Kingdom,"" and then the faces of Chinamen so often possess a coldness which dispels confidence.",99,1
2193,"General Wilson in his latest revision of his book on China says of this modern Board of Foreign Affairs: ""In view of the fact that none of the members of the Board understand English, or any other foreign language, and none of the foreign ministers speaks Chinese, all conversation must be carried on through the intervention of official interpreters, and to prevent mistakes all official communications must be in writing, translated into the court dialect, or literary language of the country.",99,0
2194,"As this language is almost an insuperable obstacle to the general dissemination of Western knowledge, and as there is no social intercourse whatever between foreigners and the conservative Chinese officials or their families, it will readily be seen that there cannot be a very active interchange of ideas between them.""",99,0
2195,A careful student of Chinese affairs in Pekin for many years said to me of the representatives of the Tsung-li Yamên.,99,0
2196,"There are eleven members and nine are requisite for the transaction of business, and as most of them are reactionary there is little hope that a man with progressive spirit will have any special influence.",99,0
2197,"However, there were two men of high courage in the summer of 1900 who protested against the murder of unarmed foreigners, and for endeavoring to protect the helpless these two men were beheaded.",99,0
2198,"The Yamên has proved to be practically useless for the transaction of business, and now it is replaced by the Office of Foreign Affairs.",99,0
2199,"An assemblage of the representatives of the great powers are meeting daily to discuss the great questions of indemnities, penalties and the future relations of the Empire to the nations concerned.",99,0
2200,"Both for the terrible siege through which most of them passed and for the important work they are doing, it is both a pleasure and an honor to meet these noteworthy men.",99,0
2201,The ten foreign ministers are emerging from the assembly-room at the end of a morning session and find themselves confronted by two cameras.,100,0
2202,"Major Conger who seemed to enjoy an esteemed seniority among the ministers and with whom a previous arrangement had been made for this stereograph, addressed them somewhat as follows:",100,0
2203,"This time, however, by a gentleman from New York who represents a house that does magnificent photographic work, and if you will halt for a moment he will possibly send us each a fine photograph;",100,0
2204,"""As you like,"" was the reply, ""except, do not try to look pretty"";",100,0
2205,"when some member in sotto voce jocularly rejoined: ""We have enough on hand without undertaking greater tasks.""",100,0
2206,Thus in a few moments this scene was snatched by the sun-ray and registered for the future centuries among the annals of history.,100,0
2207,"Of those standing on the lowest step, Major E. H. Conger (U. S. A.) is to the left, Don B. J. de Cologan (Spain) is in the center and Dr. Von Mumm (Germany) is to the right.",100,0
2208,"Of the two standing on the second step, M. De Giers (Russia) is on the left next to Minister Conger and Baron M. C. De Wallton (Austria-Hungary) is on the right.",100,0
2209,"On the next step back Marquis J. Saloago Reggi (Italy) is to the left, directly behind Minister Conger.",100,0
2210,"In the doorway Baron d'A. de Wasserwass (France) is on the left and Sir E. Satow, the newly appointed British Minister, is on the right.",100,0
2211,"It is impossible for people not versed in diplomacy to comprehend the endless number of subtle and perplexing matters that have demanded its careful deliberations, and the whole civilized world is its censor.",100,0
2212,"Of course these men are but intermediaries between their respective governments and the Chinese Empire, yet their duties are complex.",100,0
2213,"Most of them endured the privations and suspense of the siege, yet a year's struggle with perplexing problems awaited them.",100,0
2214,Diplomacy has been slow to learn that in dealing with the Chinese Government confidence is never safe; the Boxer uprising is not the first.,100,0
2215,"Treaties have been often made, but seldom honored, and now all the world wonders what will be the outcome of this last insurrection.",100,0
2216,"Will China modernize and assimilate, or will she compromise in order to gain time only to make greater preparation to debar the Caucasian of the West, as she walled out the Tartar from the North?",100,0
2217,"Time holds the secrets of the future, and for the issues of this great international settlement made by these ministers, we must wait.",100,0
2218,"We have witnessed in our wanderings the wretchedness of hopeless poverty and suffering, and the stupid and demoralizing luxuries of wealth; we have seen the ""King of Beggars and the Princes of the Empire; we have seen the poor, burden-bearing coolie whose labor feeds the luxurious mandarin; we have seen the Tankia in their little floating homes and the many palaces of sovereignty.",100,0
2219,"We have looked upon the bloody and harrowing circumstances of war, and as we are about to make our leave-taking obeisance before this ancient contemporary of Egypt and Babylon, we cannot but wonder what is to become of her.",100,0
2220,"She is weak by reason of her unpreparedness for defense, and the vultures of Western commercialism are ""watching out.""",100,0
2221,Even now she has ceased to be a sovereign power when the allied nations can dictate enormous indemnities and the demolition of her coast defenses and the regulation of her own internal affairs.,100,0
2222,China has international obligations to perform; none will consider her blameless; yet the various nations need to be very careful that they do not come to play the part of vigorous young bullies mauling a feeble and helpless centenarian.,100,0
