,chapter,paragraph,paraph_class,paraph_class_name,text,sentence_class,sentence_class_name
19,1,8,24,War and Conflict,"We can see three large, new buildings on the quay, facing the harbor; the farthest of those buildings was a place of much importance during the Spanish-American war.",0,Military History
20,1,8,24,War and Conflict,"It is the Cable building, and it was to that place that all war dispatches were brought for transmission after the cable was cut in the bay of Manila.",0,Military History
878,38,7,24,War and Conflict,"We will descend from the slope on which we stand, cross the bridge and continue directly across the valley, followed by the gang on the hillside above us and those at the bridge, till we reach the opposite slopes, where we will ascend to a height which will enable us to look back across.",0,Military History
879,38,7,24,War and Conflict,"While we are making that short distance of about a half mile that native escort will, from a distance in the rear, continue to utter their shouts of mockery and their taunting yells.",0,Military History
997,42,5,24,War and Conflict,"Even before we set out on our itinerary at Hongkong, in January, a slight agitation in the political world was caused by the abdication of Emperor Kwangsu.",1,Political History
998,42,5,24,War and Conflict,Early in the following May an uprising in the northern provinces of Shansi and Pichili began to create alarm.,1,Political History
999,42,5,24,War and Conflict,"Chief among these were the I-Ho-Chuan, or, ""Fist of Righteous Harmony,"" and the Ta-Tao-Hui-"" Sword Society.""",0,Military History
1000,42,5,24,War and Conflict,"All members of these organizations became known as Boxers, which is a free interpretation of the literal""Fist of Righteous Harmony.""",0,Military History
1001,42,5,24,War and Conflict,And now we must change our field of observation from peaceful aspects of Chinese life to that latest Chinese crisis widely known as the Boxer uprising.,0,Military History
1002,42,5,24,War and Conflict,During the time we have been up the Yang-tse many stirring events have transpired; seventy native Christians have been massacred at Paoting-fu.,2,Civilian Impact of War
1003,42,5,24,War and Conflict,"On May 29, 1900, the very day on which we started from Hankow in the house-boat, the Boxers attacked the railway station near Pekin and cut off communication with Tien-tsin and the outside world.",0,Military History
1004,42,6,24,War and Conflict,"On the 12th of June an additional international force, two thousand strong, had started from Tien-tsin under Admiral Seymour.",0,Military History
1005,42,6,24,War and Conflict,"Next, word came that the forts at Taku had been captured with a loss to the Chinese of four hundred, and of twenty-one to the fleet.",0,Military History
1006,42,6,24,War and Conflict,"I hurried to the post for mail and then to the Consulate, where I found awaiting me a dispatch directing me to proceed at once to Taku.",0,Military History
1007,42,6,24,War and Conflict,"I hastened to the different steamship offices, and, fortunately, found a boat which was to sail for Cheefoo on the following morning.",0,Military History
1008,42,6,24,War and Conflict,"Two and a half days was required to reach that port, which is only about twelve hours from Taku (see map of Eastern China, Map No. 2).",0,Military History
1009,42,7,24,War and Conflict,"Notwithstanding all that has been said and written about Boxers and the Boxer movement, it is very difficult to determine the cause and object of this uprising.",1,Political History
1010,42,7,24,War and Conflict,"It is generally admitted, as I have elsewhere stated, that the Chinese are a docile and peace-loving people, and yet, social agitations are not infrequent, and the great Taiping Rebellion, in which over twenty million lives were sacrificed, occurred only forty years ago.",3,Social Change
1011,42,7,24,War and Conflict,"It will scarcely be denied that want sows the seeds of revolution and rebellion, and when the struggle for existence becomes general and prolonged, suffering humanity will organize into protective unions, or into I-HoChuan Societies.",3,Social Change
1012,42,7,24,War and Conflict,"China's great fertility and her vast territorial area are sometimes insufficient for her teeming millions, especially in the North, where whole provinces are often famine-stricken by reason of flood or drought or pestilence.",3,Social Change
1013,42,7,24,War and Conflict,"The Taiping Rebellion, the most bloody, disastrous and long-continued that has occurred in China in modern times, was inaugurated by a secret organization of insurrectionaries with the usual high-sounding name, Taipings, which signifies ""grand peace,"" with the ostensible purpose of overthrowing the Manchu dynasty, whose corrupt and oppressive administration of affairs had exhausted the patience as well as the earnings of the people; in other words, it was hunger that brought about that bloody revolution.",1,Political History
1014,42,7,24,War and Conflict,"A few years ago about ten millions are said to have died of starvation in the northern provinces bordering on the Hoang Ho, a river which has been called “China's Sorrow,"" because of the loss of life caused by flood, famine and pestilence.",2,Civilian Impact of War
1015,42,7,24,War and Conflict,"While, then, I regard stress. of environment as the primal cause of nearly all insurrectionary uprisings, the immediate causes often appear to be something quite different to the ignorant and unreasoning insurgent.",1,Political History
1016,42,7,24,War and Conflict,"The Boxer, in his struggle for existence, sees the cause in commercial encroachments; he sees the railway driving his wheelbarrow and carrypole out of business; he sees the steamboat supplanting the house-boat and the sampan; he sees the modern carriage and bicycle relegating the sedan chair; he sees all kinds of machinery interfering with his manual labor.",3,Social Change
1017,42,7,24,War and Conflict,"I believe that any of us with a mind cast in the same mould and with the same training for generations, would be little, if any, different.",3,Social Change
1018,42,7,24,War and Conflict,"An illiterate and superstitious populace will never discover first causes; struggle and stress of circumstances, then, sets the Boxer to looking around for the immediate cause of his ill conditions; he may turn against the ruling dynasty, or against the introduction of railroads, or against coercive land-grabs, or against the beneficent hand which has come from distant lands to lift him into better conditions.",3,Social Change
1019,42,7,24,War and Conflict,Then there are Boxer leaders and Boxer followers-the more intelligent and the ignorant horde who will play the Boxer for plunder.,1,Political History
1020,42,7,24,War and Conflict,"When times are dull and distress prevails, a popular howl goes up against the government administration, or an army of malcontents marches on Washington, or a wailing and lamentation is heard about unrestricted immigration.",1,Political History
1021,42,7,24,War and Conflict,"Throughout all nature there must always be a certain amount of imperfection; the consequence is distress; the attempted remedy is I-Ho-Chuan Societies, under many different names.",3,Social Change
1022,42,7,24,War and Conflict,"I use the words ""must always be"" advisedly; some I know will not agree with this; but I mean, of course, until the millennial days when the rose shall be thornless and the bee shall be without sting and when ""the lamb and the lion shall lie down together.""",3,Social Change
1023,42,7,24,War and Conflict,"Until then human nature will continue to be human nature, or, in other words, there shall continue to be wars and rumors of wars,"" and Boxers of many sorts.",0 ,Military History
1024,42,8,24,War and Conflict,"As I entered the harbor of Cheefoo (see map of Eastern China, Map No. 2) two grim men-of-war anchored in the offing emphasized the fact to me that I was nearing the theater of impending war.",0,Military History
1025,42,8,24,War and Conflict,"Two forts, one on either side of the city, bristling with heavy ordnance, command the harbor and the town.",0,Military History
1026,42,8,24,War and Conflict,"Big guns are always grim visaged, but when loaded and trained on an enemy there is mortal gravity in their sullen muzzles.",0,Military History
1027,42,8,24,War and Conflict,"These forts are on high bluffs, one a mile east and the other about the same distance west of the city; with glasses all the movements of the men at the forts could be seen.",0,Military History
1028,42,8,24,War and Conflict,"Cheefoo is a large city, and while no overt acts of hostility had thus far occurred, large numbers of Boxers were reported to be in the vicinity, and the most trifling affair would be sufficient to turn the treacherous hordes of the city into a fiendish mob.",0,Military History
1029,42,8,24,War and Conflict,"The giant English cruiser ""Terrible"" lay at anchor a mile off shore, with her decks cleared for action and her monstrous black broadside grim with vengeful guns trained on the forts.",0,Military History
1030,42,8,24,War and Conflict,This gave a slight feeling of security; yet it was well known that the forts could lay waste the city in a few hours.,2,Civilian Impact of War
1031,43,2,24,War and Conflict,"We are looking slightly south of east toward the rocky, barren hills which encircle the bay at some distance.",0,Military History
1032,43,2,24,War and Conflict,Those hills extend on the left to the sea and terminate in a promontory on which is located one of the forts mentioned.,0,Military History
1033,43,2,24,War and Conflict,Several Europeans have their homes at the foot of those hills; you can faintly distinguish one near the center of our field of vision a trifle to the right.,0,Military History
1034,43,2,24,War and Conflict,"Fearing an attack from the Boxers, they gathered a few more valuable articles and hastened to the security of the settlement, leaving their home in the care of native servants.",2,Civilian Impact of War
1035,43,2,24,War and Conflict,"The Foreign Concession includes all that flat land lying near the water, and the French Consulate lies midway between the little English church near the beach and the farthest limit of our vision.",1,Political History
1036,43,2,24,War and Conflict,"The first building on this side of the small church, with shrubbery in front, is a hotel; a second hotel stands next to the one just designated and on the opposite side of a narrow street leading out to the beach between them.",0,Military History
1037,43,2,24,War and Conflict,"The nearer building with four windows in a line toward us is the Club House, before which on the beach several modern row-boats are drawn out.",3,Social Change
1038,43,2,24,War and Conflict,"We are here looking southeast, and Taku is toward the northwest, and nearly half-way between us and Taku, at the time I was here, lay the U. S. battleship ""Oregon"" fast upon the rocks.",0,Military History
1039,43,2,24,War and Conflict,"You see the English flag on the yard of the signal-staff; this, with the one black ball, indicates the movement of an English ship, probably the arrival or departure of a warship.",0,Military History
1040,43,2,24,War and Conflict,"Those hotels were filled with missionaries and other refugees; bedding, boxes and bundles filled the courts of the hotels; some had come from stations in the interior, some from Tien-tsin, others from Pekin by the last train before the railway was destroyed.",2,Civilian Impact of War
1041,43,2,24,War and Conflict,"some were awaiting a ship for Chemulpo in Corea, some were bound for Japan, others for Shanghai and ports southward, and many for their homes in Europe and America.",3,Social Change
1042,43,2,24,War and Conflict,"There were all kinds and orders of men, women and children; there were arrivals and departures of refugees daily and hourly; the Consuls were busy, each looking after his own people.",2,Civilian Impact of War
1043,43,2,24,War and Conflict,The American Consul had chartered a ship and sent it to bring some seventyfive missionaries from a remote station.,3,Social Change
1048,44,3,24,War and Conflict,"To be prepared for an unexpected attack, many of the Europeans kept sampans in readiness by which they could, on a moment's warning, make for the warships.",0,Military History
1049,44,3,24,War and Conflict,"Correspondents from all parts were arriving and hounding consuls and naval commanders for transportation to the front, or at least to some point nearer the scene of activities.",0,Military History
1050,44,3,24,War and Conflict,War conditions were everywhere manifest; it was every one for himself; no reliable information could be obtained about anything; all kinds of rumors were afloat.,2,Civilian Impact of War
1051,44,4,24,War and Conflict,"Every one sought information, but could fine none; there was a perplexing mystery about all movements, and mystery always increases apprehension.",2,Civilian Impact of War
1052,44,4,24,War and Conflict,Russian agents had engaged several hundred coolies to work on the Siberian Railway; they were placed on board a ship for transportation to Vladivostok when some misunderstanding about pay arose; then a suspicion was aroused among them that they were to become conscripts for military service in the Russian army.,0,Military History
1053,44,4,24,War and Conflict,"They left the ship in rage and consternation, came ashore in sampans, when thousands of coolies and the rabble of the city gathered around them until the streets near the landing were blocked by a mob of many thousands.",3,Social Change
1054,44,4,24,War and Conflict,"This was at once construed as a Boxer uprising; the people of the settlement were thrown into a frenzy of terror; women fled to the small boats on the beach and were soon well out toward the warships; a small band of volunteers which had been organized for protection and composed of clerks and shopkeepers instantly donned their cartridge belts, seized their guns and formed across the street, at the farther end of which was a solid mass of infuriated coolies held back by a cordon of native police.",2,Civilian Impact of War
1055,44,4,24,War and Conflict,"Every man's face showed an expression of fight ""to the death.""",0,Military History
1056,44,4,24,War and Conflict,"He soon arrived in his official chair, accompanied by his usual retinue of subordinate functionaries, followed by a band of soldiers armed, not with their guns, but with bamboo flagellators.",0,Military History
1057,44,4,24,War and Conflict,"After a conference between the Taotai and the European officials, the former harangued the mob, but it refused to disperse, whereupon he ordered the troops to charge with bamboos.",0,Military History
1058,44,4,24,War and Conflict,"It was a spectacle that was suddenly changed from impending horror to the irresistibly ludicrous; a band of imperial soldiers, backed by a line of native police, rushed upon this impenetrable mass of bareheaded coolies, pelting heads and barebacks with relentless fury; the cracks of the bamboos resounded through the streets; they laid on heavy and fast; the front lines of the mob took the brunt, as the great mass was too solid to be quickly moved.",0,Military History
1059,44,4,24,War and Conflict,"The Taotai sat in his chair and urged on the attack; the vigorously laid on strokes rang like pistol shots; after several minutes the dense black crowd began to fall asunder, when the soldiers could better distribute their blows; soon the wilderness of black heads was a pellmell of ignominious flight, and what might have proved a bloody uprising was averted.",0,Military History
1060,44,4,24,War and Conflict,"The small plucky band of shopkeepers and missionaries returned to their several places of abode, the terrified women who were in sampans off shore were rowed back, and the consternation gradually subsided; but it was a baptismal scene in the Boxer war not to be forgotten, and showed, moreover, the magical efficacy of the bamboo as an arbitrator.",0,Military History
1061,44,4,24,War and Conflict,"After five days a German merchant ship arrived, bound for Taku: I secured passage and on the following day reached the naval fleet lying ten miles off the mouth of the Pei-ho, in the bay of Pichili.",0,Military History
1062,44,5,24,War and Conflict,It was a magnificent array of warships and capable of inflicting punishment upon the Boxers if they could have been placed within range.,0,Military History
1063,44,5,24,War and Conflict,Our ship anchored with the fleet over night; on the following morning we entered the mouth of the river amidst the ships and forts whose deadly conflicts only a few days before had sent a thrill of horror over the civilized world.,0,Military History
1064,44,5,24,War and Conflict,"We landed on the south bank of the Pei-ho, proceeded a few hundred yards back from the river, and ascended a pilot tower, from which we obtained a panoramic view in the very center of the scene of action which resulted in the capture of the Taku forts.",0,Military History
1097,47,2,24,War and Conflict,"The relief expedition under Admiral Seymour had failed to reach Pekin, and after great loss and privation had returned to Tien-tsin.",0,Military History
1098,47,2,24,War and Conflict,"Notwithstanding the gloomy news from every quarter, every foreign warship flung out the Stars and Stripes in honor of the American nation's birthday.",0,Military History
1099,47,2,24,War and Conflict,"There was no jubilant popping of firecrackers, which we are wont to hear on this festal day, but there was the crackling of destructive flames which were everywhere devouring the vacated homes of the terrified inhabitants.",2,Civilian Impact of War
1100,47,2,24,War and Conflict,"On the following day, news came that the relieving force which had been dispatched to Tien-tsin had been driven back and might have to retreat to the seacoast.",0,Military History
1101,47,2,24,War and Conflict,The crippled ships which had been in conflict at Taku were strung along the river in different stages of convalescence.,0,Military History
1102,47,2,24,War and Conflict,"Refugees were hourly arriving from Tien-tsin; some, finding passage in departing steamers, while others found temporary shelter on the ""Monocacy.""",2,Civilian Impact of War
1103,47,2,24,War and Conflict,At low tide the opposite shore is lined with bloated human forms which have floated down from villages up the river where the Boxers have done their bloody work or where the Russian relief force slaughtered everything before it on its march to Tien-tsin.,2,Civilian Impact of War
1104,47,4,24,War and Conflict,"the steed, The mustering squadron, and the clattering car Went pouring forward with impetuous speed,",0,Military History
1113,47,7,24,War and Conflict,"I went on board, and a soldier in command said he was neither authorized to carry nor to refuse to carry any one.",0,Military History
1114,47,7,24,War and Conflict,"""Tien-tsin is the best place I know of to leave, just now; but go if you like,"" said the blunt commander of the little commissary craft.",0,Military History
1115,47,7,24,War and Conflict,"Yesterday it was nip and tuck all day, and the Allies may be driven down here to-day, but if you are fond of shells bursting in your hair, go.",0,Military History
1116,47,7,24,War and Conflict,"""Well, I've never experienced shells in that way,"" I replied, ""but, as the Chinamen say, I will have a 'look see.'”",3,Social Change
1117,47,7,24,War and Conflict,"We were constantly passing dead bodies floating down, and, on either bank of the river, at every turn, hungry dogs from the deserted villages could be seen tearing at the swollen corpses left on the banks by the ebb tide.",2,Civilian Impact of War
1118,47,7,24,War and Conflict,"It was forty miles of country laid waste, deserted homes, burned villages, along a river polluted and malodorous with human putrefaction.",2,Civilian Impact of War
1119,47,7,24,War and Conflict,The city had been reinvested; the previous day had witnessed a stubbornly contested attack at the railway station.,2,Civilian Impact of War
1120,47,7,24,War and Conflict,"Conflagration had already laid waste the entire French Concession and a good part of the English; housetops were covered with extemporized defenses; storehouses had been employed to provide defensive barricades; bales of wool, bags of peanuts, sacks of licorice-root and sacks of rice, in enormous quantities, had been utilized for breastworks.",2,Civilian Impact of War
1128,48,2,24,War and Conflict,"Many talk of the horrors of war who know little of their actualities, and for that reason such a scene as this, though it is repulsive, is also educative; for, to know truly, you must see, and even this repellent scene is but a slight hint of war's horrors.",0,Military History
1129,48,2,24,War and Conflict,"For ten days before I came here, dead bodies, in incredible numbers, had been floating down the river, and, several times a day coolies were sent to this place with poles to set free the accumulation of bodies and allow them to float down stream.",2,Civilian Impact of War
1130,48,2,24,War and Conflict,"At this moment, you see, there are only four or five in view, but at other times there are large numbers, especially in the morning, after a night's accumulation.",0,Military History
1131,48,2,24,War and Conflict,"Many of these dead have been killed by the relief troop who first entered Tien-tsin; others, by the second advance of reënforcements, and many, previously, by the Boxers and were probably Christian converts.",2,Civilian Impact of War
1132,48,3,24,War and Conflict,"This part of the city, lying between the railway station and the French Concession, was the center of the heaviest firing on several occasions, and every building is gutted by fire or riddled with shot.",2,Civilian Impact of War
1133,48,3,24,War and Conflict,We are looking nearly south; the railway station is less than a quarter of a mile behind us and is surrounded by a suburban population.,3,Social Change
1134,48,3,24,War and Conflict,The shattered windows and pierced walls everywhere tell how the showers of shot swept everything at this point.,2,Civilian Impact of War
1135,48,3,24,War and Conflict,You see the shell mementoes on this building at the right; there are other buildings along this Bund even more thoroughly scarred than those.,2,Civilian Impact of War
1136,48,3,24,War and Conflict,Military orders were given that no water should be used unless boiled; but the order was often disregarded.,2,Civilian Impact of War
1137,48,3,24,War and Conflict,"Soldiers frequently have little regard for sanitary orders or law, and have a happy way of turning privations and hardships into fun.",0,Military History
1138,48,3,24,War and Conflict,"These poor fellows will, in their turn, float down the river to feed the starving dogs of the river-side villages, and yet, they are somebody's dear ones, and none will ever know how many thousands have been thus borne away uncoffined on the turbid waters of the Pei-ho.",2,Civilian Impact of War
1139,48,4,24,War and Conflict,"We will leave this grewsome scene, pass out upon the Bund, and turning to the left, follow it for a mile downstream to a point in the river where small boats depart for Tongku.",0,Military History
1140,48,4,24,War and Conflict,"At this time a walk along this street on the river is a perilous undertaking— sniping"" is constantly going on and there is scarcely a minute when one cannot hear the ominous hiss of passing bullets.",2,Civilian Impact of War
1141,48,4,24,War and Conflict,"Once I stood talking with a soldier, only for a few moments, when he ejaculated: ""Come out of this! Didn't you hear that bullet come between us?""",0,Military History
1142,48,4,24,War and Conflict,At length we arrive at the place where barges have been brought in to convey native Christian refugees to Tongku and other places of safety.,2,Civilian Impact of War
1143,49,2,24,War and Conflict,"It is evident from the flight of these poor native Christians that there is still no security for life here in Tientsin; even after the arrival of ten thousand foreign troops, a feeling of anxiety and uncertainty prevails.",2,Civilian Impact of War
1144,49,2,24,War and Conflict,"We see before us only a handful of native Christians, many women and children among them, with coolies to assist in carrying a few bundles which contain all they have left of material possessions.",2,Civilian Impact of War
1145,49,2,24,War and Conflict,"The order has been given to go aboard, and these are the first of the line from an assemblage that will pack that big iron barge; and thus they have been leaving since the river was cleared for the passage of boats.",0,Military History
1146,49,2,24,War and Conflict,They go they know not where; they know not whether they will ever return; their homes are burned; their friends are scattered and many of them killed.,2,Civilian Impact of War
1147,49,2,24,War and Conflict,"Their mothers can only tell them that their own bad people have burned their homes and now seek to kill them, but the foreigner will save them; this is all they can be made to understand; they have curious little child-thoughts of their own about it all, but with undiminished faith in maternal guardianship, they cling to their mother's hand, unconscious of their hapless fate.",2,Civilian Impact of War
1149,50,2,24,War and Conflict,"This church is situated on the boundary between the English and French Concessions, and escaped, in quite an extraordinary way, destruction from both fire and shell, although in the direct line of bombardment.",2,Civilian Impact of War
1150,50,2,24,War and Conflict,"Soon after my arrival in Tien-tsin I met this worthy father, who told me how large a flock he was sheltering and feeding in the basements and cellars of his church and other church buildings.",2,Civilian Impact of War
1151,50,2,24,War and Conflict,"He said if I would come on the following day, he would do what he could to induce his terrified flock to leave the cellars and come out into the court for a few minutes, but I must be in readiness to operate quickly and not expose them too long to the bursting shells.",2,Civilian Impact of War
1152,50,2,24,War and Conflict,"They were all notified to be in readiness at a given hour, and when I had taken my position, Father Quilloux and another father led the way out into the open yard, followed by this cowering host-men, women and children-young and old.",2,Civilian Impact of War
1153,50,2,24,War and Conflict,"Scarcely had they assembled when a shell burst overhead with the crash of a near thunderbolt; they ducked and trembled and began to show an agony of impatience, when Father Quilloux called out from his position in front: ""Be quick! They are afraid!""",2,Civilian Impact of War
1154,50,2,24,War and Conflict,"The work was done hastily, and it did not seem that the whole time occupied could exceed three minutes, and yet three shells exploded very near during that brief space.",0,Military History
1155,50,2,24,War and Conflict,"You may notice all conditions of people in this gathering; on the left, near the front, are three small children carried in arms; further back, on the left, I see two gray heads; on the right, in front, some fairly pretty girls.",3,Social Change
1156,50,2,24,War and Conflict,"He pointed out to me a fresh grave, near us on the left, where on the previous day he had buried one of them.",2,Civilian Impact of War
1157,50,3,24,War and Conflict,"A hundred sights in Tien-tsin alone would give you a fuller conception, but even the greatest number could not tell vou all.",3,Social Change
1158,50,3,24,War and Conflict,It is impossible to picture the apprehension of faces on the street-the roar of bursting shells and deadly smaller missiles that filled the air.,2,Civilian Impact of War
1159,50,3,24,War and Conflict,"Subterranean housekeepers cannot be "" sculptured by the sun "" nor can pale, fear-stricken faces peering out of cellar windows; nor the measured tread of soldiers at all hours of day and night; nor the thrilling bugle-calls in every direction.",2,Civilian Impact of War
1160,50,3,24,War and Conflict,"The transportation of commissary stores for all the different troops fills the streets with every form of nondescript conveyance-army wagons, carts, rikishas,"" wheelbarrows, pole-coolies, confiscated carriages.",0,Military History
1161,50,3,24,War and Conflict,"At one time, when the fire from the enemy was becoming stronger and the rout of the Allies was imminent, a weeping and disconsolate little English mother came running across the street to a near neighbor with this pitiful and tragic request: ""Now, Mr. won't you promise to shoot my children if they get in?""",2,Civilian Impact of War
1162,50,3,24,War and Conflict,"This horrible request was prompted by maternal love; its fulfillment would have been humane, in comparison with an assured butchery by the enemy; but, come what would, the manly neighbor could not, even in the name of humanity, promise to take the lives of sweet little children with whom he had been wont to play.",2,Civilian Impact of War
1170,51,3,24,War and Conflict,"This street, a little beyond the farthest point in sight, was crossed by a breastwork composed of bags of rice; just before us it was defended by the ancient cheval-defrise.",0,Military History
1171,51,3,24,War and Conflict,"They are cooking-houses and sleepingplaces for the servants of well-to-do English families living in adjoining houses facing on a street called Victoria Terrace; but the occupants had fled, leaving the houses in care of a gentleman, who gave me permission to occupy one of the them.",3,Social Change
1172,51,3,24,War and Conflict,"Before this time I had taken shelter, as before stated, in a vacated room of a Chinese home, but after three nights my room was claimed by officers of the United States Marines, when I removed to one of those houses opposite us.",2,Civilian Impact of War
1173,51,3,24,War and Conflict,The Ninth United States Infantry had arrived from the Philippines and every available house was commandeered.,0,Military History
1174,51,3,24,War and Conflict,"One of the shells which passed through that wall by the trees, on the right-hand side of this street, exploded in passing through the wall and the fragments entered the room I occupied and lodged in the back of a fine piano; but each night I took the precaution to haul the sofa on which I slept behind some interior wall.",2,Civilian Impact of War
1175,51,3,24,War and Conflict,"These houses were of brick, and one wall of brick was sufficient to explode a shell and a second would stop the fragments; but those failing to explode would pass through several brick walls.",0,Military History
1176,51,3,24,War and Conflict,"The bombardment was intermittent; sometimes for a half-day scarcely a shot would be fired; then it would be resumed again, possibly at midnight, or at some hour in the night.",0,Military History
1177,51,3,24,War and Conflict,"Those not experienced in conditions of war, and especially of bombardment, cannot possibly imagine the startling effect of bursting shells.",2,Civilian Impact of War
1178,51,3,24,War and Conflict,"During one afternoon, when firing was unusually severe, three shells struck within the same number of minutes; one tearing through the walls of the City Hall and two others bursting within the barracks of the United States Marines, but doing little damage.",0,Military History
1179,51,3,24,War and Conflict,"A little later, on the same afternoon, a shell entered the quarters of the British Marines, adjacent to the United States Marines, killing one and wounding two.",0,Military History
1181,51,5,24,War and Conflict,"On the map we find the six red lines which mark the limits of our vision in these three views starting from the eastern side of the English Concession, one block from the river, and branching toward the west and northwest.",0,Military History
1182,51,5,24,War and Conflict,"Before we take this position, however, we should get in mind the positions of the Chinese troops, the Allied forces and the general plan of operations.",0,Military History
1183,51,5,24,War and Conflict,"For several weeks the Boxer and Imperial troops, located mainly within the walled Native City, have been shelling most of the territory included within the Foreign Concessions.",0,Military History
1184,51,5,24,War and Conflict,"Again and again the Chinese had made sharp attacks upon the Allied troops, especially in their efforts to gain control of the railroad station.",0,Military History
1185,51,5,24,War and Conflict,Guns from the ships of the Allies had been placed at different points commanding the enemy in the Native City.,0,Military History
1186,51,5,24,War and Conflict,For several days hundreds of shells had been hurled into the walled city and the smoke from burning buildings showed the effectiveness of their work.,2,Civilian Impact of War
1187,51,5,24,War and Conflict,"One particular point upon which the guns had been trained was the South Gate, in the center of the south wall of the Native City, as we find by the map.",0,Military History
1188,51,5,24,War and Conflict,"Four days before, Monday, July 9, a force of Japanese, Russian and British soldiers had captured the West Arsenal, see on the map about a mile south of the Native City, near the earth wall.",0,Military History
1189,51,5,24,War and Conflict,On the morning of the 13th the Allies had advanced to positions from one-quarter to one-half a mile from the southern wall.,0,Military History
1190,51,5,24,War and Conflict,"The American Marines were on the extreme left near the southwest corner of the walled city; next, on the right, were the Welsh Fusiliers; then come the Japanese deployed on either side of the road to the South Gate, then the British Marines, and farthest to the right, near the river, the Eighth United States Infantry.",0,Military History
1194,52,3,24,War and Conflict,"Perhaps we may at first see nothing extraordinary in this scene, and still, probably not in the history of the world has a landscape been photographed in which, at the time the view was made, events so momentous were being enacted;",1,Political History
1195,52,3,24,War and Conflict,"besides, beyond doubt no other view was taken showing a similar panorama during the action of the Allies before Tien-tsin on that historic day.",0,Military History
1196,52,3,24,War and Conflict,Correspondents from all parts. of the world tried to secure these views and offered to pay me any sum I would mention for them;,1,Political History
1197,52,3,24,War and Conflict,"These things I mention that we may appreciate the privilege we now have of looking upon the field of battle itself, and that, too, at the time when the battle waged in all its fury, when these very buildings on which we stand were vibrating with the deafening roar of more than a hundred cannon, when the thinned numbers of civilians left in the desolate settlement, were waiting in the utmost anxiety to know how the tide of battle would turn, whether in victory or defeat, which meant safety or massacre.",2,Civilian Impact of War
1198,52,3,24,War and Conflict,"The cruel enemy was infinitely superior in numbers, and, if their valor should prove even half equal to their numbers, relentless slaughter awaited all of us.",0,Military History
1199,52,3,24,War and Conflict,"it was a historic day for the world, and it is for these reasons that I ask you to note with more than usual care my explanation of what is before us here and of what we shall see from our next view-points.",1,Political History
1200,52,4,24,War and Conflict,"You see those trees in an open square; the street in which we stood when looking at the public water hydrant, runs along the left side of the square between those trees and the small, low building, the gable end of which we see over this lattice-covered court near us.",0,Military History
1201,52,4,24,War and Conflict,"I mentioned also a shell which entered the barracks of the English Marines, killing one and wounding two.",0,Military History
1202,52,4,24,War and Conflict,"I want you to see the hole in the tile roof made by that fatal shell; you may see it to the extreme right, at the edge of the roof of that second building, the one with three small, square towers.",2,Civilian Impact of War
1203,52,5,24,War and Conflict,"The building nearest us was formerly the English Club Rooms, now used as a hospital and already containing wounded men.",2,Civilian Impact of War
1204,52,5,24,War and Conflict,"To-morrow, when the wounded are brought in from the bloody battle now in progress, this and many other extemporized hospitals will be more than full.",2,Civilian Impact of War
1205,52,6,24,War and Conflict,"Yesterday the cannonading was heavy, especially on account of several lyddite twelve-pound naval guns brought from British ships-indeed, they had been brought direct from Ladysmith, in the Transvaal, and bore each a tablet with the significant device, ""From Ladysmith to Tien-tsin.""",0,Military History
1206,52,6,24,War and Conflict,We suspected some unusual movement was on foot; but in time of war civilians and common soldiers never know the import of military movements.,0,Military History
1207,52,6,24,War and Conflict,The night movement of troops was the gathering of the Allies for a general attack on the Native City of Tien-tsin.,0,Military History
1208,52,6,24,War and Conflict,"Americans, English, Japanese, Welsh, French and a few Austrians, numbering in all, over eight thousand, had moved out, under cover of darkness, to gain an advantageous position for an early general attack.",0,Military History
1209,52,6,24,War and Conflict,"That West Arsenal, the cluster of buildings and tall chimneys in the distance to the left, has, up to a few days ago, been in active operation, turning out all sorts of modern munitions of war.",0,Military History
1210,52,6,24,War and Conflict,"Soon after the investment of the European settlement, this arsenal was bombarded and the Chinese driven out; shortly they reoccupied it, and only a few days before the battle now in progress it was shelled again and burned.",0,Military History
1211,52,6,24,War and Conflict,"It is called the West Arsenal in contradistinction to the East Arsenal, lying at an equal distance on the opposite side of the Pei-ho, or directly behind us, as we stand here.",0,Military History
1212,52,6,24,War and Conflict,"The East Arsenal, which we shall see later, was captured and burned by the first relief force to Tien-tsin.",0,Military History
1213,52,6,24,War and Conflict,The distance from where we stand to the West Arsenal is about two miles; from the arsenal to the Native City it is a little more than half that distance.,0,Military History
1214,52,6,24,War and Conflict,"As we have said, the objective point of the Allies is the South Gate of the Native City, which lies directly north of the arsenal and in line with it.",0,Military History
1215,52,6,24,War and Conflict,"A poor road extends from the arsenal across a muddy and grassy plain to the South Gate, sometimes called the Taku Gate.",0,Military History
1216,52,6,24,War and Conflict,"The brick wall surrounding the river city is twenty-five feet high and from ten to fifteen feet thick, with four principal gates.",0,Military History
1217,52,6,24,War and Conflict,"A mile or over from this wall is the circumvallation of clay, the earth or ""mud-wall,"" some fifteen feet high, which serves as a first line of defense.",0,Military History
1218,52,6,24,War and Conflict,"At the left of the arsenal you can see a dark line extending toward our left; that is the famous ""mudwall"" mentioned so frequently in connection with the exigencies of the Boxer war.",0,Military History
1219,52,6,24,War and Conflict,The center of our present field of vision is the center of the advance of the Allies in the forenoon; later in the day the lines advanced slowly and with great difficulty toward the city.,0,Military History
1220,52,6,24,War and Conflict,"You can scarcely see a dark line extending from the arsenal toward the right, marking the line of the road to the city.",0,Military History
1221,52,6,24,War and Conflict,"But to the left and to the right of that road, we remember the Allied forces deployed in the following order from left to right: American Marines, Welsh Fusiliers, Japanese, British Marines, Eighth United States Infantry.",0,Military History
1222,52,6,24,War and Conflict,"At this distance of two miles the field of battle seems small, but remember that it embraces five or six square miles before us in this direction, and, when we turn in an opposite direction and look across the Pei-ho, we will see another field of an equal area covered by the Russian wing of the Allies.",0,Military History
1223,52,6,24,War and Conflict,"It is uncertain whether we can now distinguish troops or not; but at times during the battle we could distinguish the different soldiers without our field-glasses, and with them, very distinctly.",0,Military History
1224,52,6,24,War and Conflict,"You can dimly see off to the right the line of the city wall vanishing in the distant horizon; and the exact position of the American Ninth Infantry is indicated by those black objects, far to the right, in the hazy distance.",0,Military History
1225,52,6,24,War and Conflict,"Indeed, I have scarcely been able to convince myself that those dark objects are not the blue shirts of the brave boys of the Ninth; that is the exact position they occupied at midday, when they found shelter for a time behind some mud-houses.",0,Military History
1226,52,6,24,War and Conflict,It was there they encountered a deadly flank fire from a range of loop-holed walls not two hundred yards distant.,0,Military History
1227,52,6,24,War and Conflict,"I must remind you that native villages surround the city, outside the walls, and that these places were filled with Boxers well protected and firing from loop-holes.",0,Military History
1228,52,7,24,War and Conflict,If we turn more to the left we shall obtain a better view of the mud-wall and the course of the night march of the Allies.,0,Military History
1229,52,7,24,War and Conflict,"On the map, the lowest of the six red lines which branch out from our standpoint near the river in the English Concession and the third line from the bottom, each with the number 53 at its end, mark the limits of our next field of vision.",0,Military History
1230,53,2,24,War and Conflict,"Although we are on the same roof as before, we have so changed our position as to be able to see a number of citizens and one or two missionaries with their fieldglasses watching the progress of the battle.",0,Military History
1231,53,2,24,War and Conflict,"Notice how some look in one direction and some in another; some are watching the bursting of the lyddite shells at the South Gate, which we hope to enter to-morrow morning if the Allies are successful; some are looking at the burning city, toward which we shall look soon; others are watching the shells from the Chinese guns on the wall of the city, which are exploding over the Allies.",0,Military History
1232,53,2,24,War and Conflict,"A little farther to our left than we can now see five or six guns from H. M. S. "" Terrible"" are mounted along this wall; these we shall also see to-morrow, if all goes well, when we move in that direction to enter the city.",0,Military History
1233,53,2,24,War and Conflict,"Also, beyond our vision limit to the left, near the same wall, two twelve-pound lyddite guns are placed; just across the street, not fifty yards. away, is the City Hall, on the tower of which is the signal corps with a telephone communication with these guns, and we can hear the orders given to the gunners.",0,Military History
1234,53,2,24,War and Conflict,Seemingly half-way between us and the West Arsenal you see a cluster of buildings sheltered by walls; near that place the Japanese have a field battery; and farther to the right the Sikhs have another.,0,Military History
1235,53,2,24,War and Conflict,"As we stand here all of these guns and many others are belching lurid flames, while the earth seems to tremble with their unceasing roar.",0,Military History
1236,53,2,24,War and Conflict,"The Grand Canal, coming from the southward, reaches the mud-wall off to the left of the arsenal; a small canal extends from the Grand Canal to the Pei-ho, running close behind the mud-wall.",0,Military History
1237,53,2,24,War and Conflict,"Many of the troops now engaged passed out during the night behind that wall; others passed over those low, grassy plains to the left until on a line with the arsenal, taking shelter behind the wall till the order was given for a general advance.",0,Military History
1238,53,2,24,War and Conflict,The night movement was intended to conceal the intended attack; but spies had apprised the enemy and they were well prepared.,0,Military History
1239,53,3,24,War and Conflict,Only one person in this group of spectators seems to be watching the Russian attack toward the east and northeast.,0,Military History
1240,53,3,24,War and Conflict,"The person in dark clothes near us, with his field-glass at his eyes, is looking toward the center of the Russian wing across the Pei-ho.",0,Military History
1243,54,2,24,War and Conflict,"We see something of the scattered villages across the river, where Boxers found defenses from which they fired upon the settlement before the arrival of the relief forces.",0,Military History
1244,54,2,24,War and Conflict,"We are here at the extreme southern end of the English Settlement and the native houses across the river are few, but to our left, up the river, they extend from the river-front well back into the plain.",0,Military History
1245,54,2,24,War and Conflict,"At present they are everywhere in ruins; fire has obliterated every trace of a habitable home; but even after fire had done its work the enemy found secure points for ""sniping"" from among the ruins.",2,Civilian Impact of War
1246,54,2,24,War and Conflict,The tower on which we stand has been penetrated by several shells fired from two forts a mile farther up the river.,0,Military History
1247,54,2,24,War and Conflict,"In this direction we again see the mud-wall, marking a distance of nearly two miles from the Native City.",0,Military History
1248,54,2,24,War and Conflict,"Other batteries of artillery had been planted on the wall in attempting to silence the two forts farther up the river, which had been a constant menace to the settlement.",0,Military History
1249,54,2,24,War and Conflict,"Eastward, two miles from us, we see the East Arsenal, which was captured and burned by the relief expedition in June.",0,Military History
1250,54,2,24,War and Conflict,"Russian cavalry, infantry and artillery spread out and advanced over that plain toward the East Gate of the Native City and the forts on the river.",0,Military History
1251,54,2,24,War and Conflict,"The ground, as you see, is perfectly level; there is no cover for advancing troops, and the Russians have not yet learned the art of taking shelter by prostrating themselves on the ground; they were raked by rifle fire from the villages and by shell from the forts on the river.",0,Military History
1252,54,2,24,War and Conflict,"From dawn through the long, hot day, the Russian troops advanced slowly but tenaciously, against overwhelming odds; by nightfall they had captured the forts which had wrought so much destruction and caused so much anxiety; but they had not entered the Native City.",0,Military History
1253,54,3,24,War and Conflict,We will return to our former lookout on the roof of the German Club Building to witness the battle now going on.,0,Military History
1256,55,2,24,War and Conflict,"We can distinguish faintly the outline of the city wall, especially the towers, which at intervals rise quite above the level of the wall.",0,Military History
1257,55,3,24,War and Conflict,"The fire to the right is in the interior of the city; that to the left is at the South Gate, the objective point of attack by the Allies on the west side of the river.",0,Military History
1258,55,3,24,War and Conflict,Every gate has a massive superstructure of wood; that of the South Gate is burning fiercely; with our field-glasses we can see the red tongues of flame licking the sky.,0,Military History
1259,55,3,24,War and Conflict,"There is an occasional lull to allow the overheated guns to cool; then the quick muzzle flashes begin again, followed by the deafening roar and earthquake shocks.",0,Military History
1260,55,3,24,War and Conflict,This has continued since dawn; there has been no lull in the steady roll of rifle fire; the fitful popping of the automatic guns sometimes joins in the hellish chorus.,0,Military History
1261,55,3,24,War and Conflict,In such a long continued storm of deadly missiles of destruction one wonders if one soul can be left alive.,2,Civilian Impact of War
1262,55,3,24,War and Conflict,"The sky is cloudless; the sun is merciless; the thermometers register nearly a hundred in the shade; and there, before us over that torrid plain, are scattered eight thousand men, under a scorching sun, without shelter of any kind save the shelter they find in prostrating themselves in filthy pools and quagmires, and yet enduring throughout this long, hot day the well-directed and well-protected fire of some fifty thousand Boxers and Imperial troops.",0,Military History
1263,55,3,24,War and Conflict,The English and the Ninth U. S. Infantry are fighting near each other to the right of the South Gate.,0,Military History
1264,55,3,24,War and Conflict,"Some one in our eager group of spectators calls out: ""See the Japs advance on the double-quick!""",0,Military History
1265,55,3,24,War and Conflict,All glasses are up to see the bold little heroes rush forward for a hundred yards under a withering fire and then drop out of sight in the long grass and mud; next some one directs attention to a charge of Russian cavalry on the plain across the river-a long advancing cloud of dust which meant that the cavalry was within it.,0,Military History
1266,55,3,24,War and Conflict,"We turn again toward the west and see riderless horses galloping back to the arsenal; many of the Allies are now lost to sight among the outlying houses in the villages near the wall, and in the long reeds which cover the ground in places.",0,Military History
1267,55,3,24,War and Conflict,"Night is coming on, and the ponderous gates are still closed and intact, being within a square court and not exposed to shells.",0,Military History
1268,55,3,24,War and Conflict,"The Allies are within two hundred yards of the city walls, but not even the lyddite shells have breached the walls or gates.",0,Military History
1269,55,3,24,War and Conflict,"Night is coming on and darkness will enable the Allies to withdraw; and what a welcome night it is to those weary men who have borne the brunt of battle and the broiling sun from early morn till darkness-no food, no water, no shelter, and every hour of the long day under a raking fire.",0,Military History
1270,55,3,24,War and Conflict,"We on the roof wonder how men can live under such a fire; we talk of the dead and wounded now scattered over those fields where they will remain for the night, sweltering in bloody garments, on beds of mire.",2,Civilian Impact of War
1271,55,3,24,War and Conflict,"Darkness is to be the salvation of the Allies, for they retired under cover of night to the mudwall, where mud-stained and blood-stained, weary and hungry, they caught snatches of sleep on their arms.",0,Military History
1272,55,4,24,War and Conflict,"It was learned during the night that the Chinese were as much disheartened as the Allies and anticipating, naturally, a renewal of assault in the morning, with reenforcements, commenced to retreat.",0,Military History
1273,55,4,24,War and Conflict,"The Allies decided upon a vigorous and concerted attack in the morning, which was made and led by the intrepid Japanese.",0,Military History
1274,55,4,24,War and Conflict,"Two unsuccessful attempts were made to blow down the ponderous gates with dynamite, but each time the fuse failed to ignite.",0,Military History
1275,55,4,24,War and Conflict,"A Japanese soldier rushed forward, with torch in hand, ignited the explosive and was himself blown to atoms; but the great gate was blown down.",0,Military History
1276,55,4,24,War and Conflict,"Led by these soldiers, the whole force streamed through, and the great horde of Boxers and Imperial soldiers were making an ignominious exit from all parts of the city.",0,Military History
1277,55,4,24,War and Conflict,"When early morning brought the welcome tidings that the Allies were entering the Native City, we all felt that the midnight of apprehension was past; that our long-beleaguered conditions were at an end; that the last shell had shrieked over the settlement.",2,Civilian Impact of War
1278,55,5,24,War and Conflict,"Now let us hasten to the South Gate to witness ""after the battle"" scenes.",0,Military History
1279,55,5,24,War and Conflict,"We halt first to examine a pair of naval guns, already mentioned as having been brought from H. M. S. ""Terrible,"" and to look again toward the burning city.",0 ,Military History
1280,55,5,24,War and Conflict,"On the lower portion of the map find the number 56 in red by the earth-wall along the British Concession, and the two red lines which branch toward the northwest.",0,Military History
1281,56,2,24,War and Conflict,"These hot, smoking guns are not the first of the afterthe-battle scenes; before reaching this point we have passed lines of wounded men, borne on stretchers; just behind us, in a canal in line with the wall on which we stand, are flat-boats filled with wounded Japanese.",0,Military History
1282,56,2,24,War and Conflict,"These boats are pushed slowly along with poles, and the spectacle they present is pitiful in the extreme; the bottoms of the boats are crowded with wounded men, some sitting, some lying, all in the hot sun; they are just brought from the muddy field where they have lain and moaned away a dreary night.",2,Civilian Impact of War
1283,56,2,24,War and Conflict,"The silence is funereal; they are not dead men; they are the wounded, many of them mortally; yet no word is spoken, even by the men poling the boats slowly along.",2,Civilian Impact of War
1284,56,2,24,War and Conflict,The litter-bearers are as silent as pall-bearers; the tender consideration for the suffering wounded is as solemn as the reverence for the dead.,2,Civilian Impact of War
1285,56,2,24,War and Conflict,"Remembering the dreadful all-day battle, one can scarcely resist an impulse to lift one's hat when passing the familiar uniform of our own boys, spattered with mud and blood-stained beyond recognition, with a crumpled hat sheltering a pallid face from the fierce sun.",0,Military History
1286,56,3,24,War and Conflict,Now let us examine these instruments of destruction that have added red pigment to the war-picture behind those distant city walls.,0,Military History
1287,56,3,24,War and Conflict,The gunners have retired to a slight shelter in the wall near where we stand; they are smeared with smoke and dust; they have slept by these guns.,0,Military History
1288,56,3,24,War and Conflict,"Yesterday, from daylight till darkness, these two grim machines were hot with unremittent firing.",0,Military History
1289,56,3,24,War and Conflict,"Now, the enemy's guns are silent, and these two, with many others, look restfully and victoriously toward the destruction they have wrought.",0,Military History
1290,56,3,24,War and Conflict,"We see the smoke still rising from the South Gate directly before us and, to the right, from the burning city; columns of smoke have been thus rising from different parts of the city for several days; a great part of the city is laid waste, as we shall see when we enter it at that South Gate a little later.",2,Civilian Impact of War
1291,56,3,24,War and Conflict,We are nearly a mile from our former lookout on the roof and not yet in line with the ground over which the Allies advanced.,0,Military History
1292,56,3,24,War and Conflict,"We are looking northwest toward the south wall of the city, and here we get an idea of the pools of water which had to be crossed, though on the line of the advance there are no sheltering banks or ditches, nor buildings like those we see before us.",0,Military History
1293,56,4,24,War and Conflict,"But we cannot linger here; we must hurry along the top of the wall to a point opposite the West Arsenal, in the rear of this mud-wall, where the exhausted and temporarily repulsed Allies lay on their arms during the past night.",0,Military History
1294,57,2,24,War and Conflict,But we will not turn to see a row of two hundred dead lying a little behind where we are standing; we will only glance at a scene among the wounded and hurry on to the burning city.,2,Civilian Impact of War
1295,57,2,24,War and Conflict,And nearest to us you see a fatally-wounded Japanese soldier and the tender-hearted American boy bestowing the only blessing in his powersome water to allay the feverish thirst of his mortal agony.,0,Military History
1296,57,2,24,War and Conflict,"The average American admires pluck; the little Japanese is an ideal embodiment of suaviter in modo, fortiter in re; our boys recognize this and make pets of the manly little fellows.",0,Military History
1297,57,2,24,War and Conflict,I have frequently seen an American and a Japanese walking arm in arm when neither could understand a word spoken by the other.,3,Social Change
1298,57,2,24,War and Conflict,"It has frequently been a great convenience to me, in passing a Japanese guard, that I had only to call out ""American,"" when the cordial recognition, ""All right,"" in quaint English, was quickly given.",0,Military History
1299,57,2,24,War and Conflict,Photography is merciful and does not portray the blood-smeared garments and the blood clots on the ground where the wounded have lain over night.,2,Civilian Impact of War
1301,58,2,24,War and Conflict,"The allied armies have passed this morning from where we stand across that plain to the wall of the city through which they have just gone, led by the Japanese.",0,Military History
1302,58,2,24,War and Conflict,"To the extreme left, as I recall, the French flag; nearer the smoke, the American, over the South Gate; between the two columns of smoke, the Japanese, the English being hoisted in another part of the city.",0,Military History
1303,58,2,24,War and Conflict,"You can distinguish the outlines of the walls of the city here, much as we could from the roof of the German Club building, showing still a distance of over a mile.",0,Military History
1304,58,2,24,War and Conflict,"The road which extends from this point to the South Gate lies directly before us; it swings around that pond to the left, then again. to the right, passing around those farther native houses, where we see a number of persons; then again it deflects to the left, and continues directly to the South Gate at the left of the rising smoke, where the American flag flies triumphant over the smoldering ruins.",2,Civilian Impact of War
1305,58,2,24,War and Conflict,"The ruins of the West Arsenal which we have had occasion to mention so frequently, lie at our right, extending nearly up to those trees and facing that small native village on the left.",0,Military History
1306,58,2,24,War and Conflict,"These ponds occur frequently over the battlefield; sometimes as drainage canals, sometimes as mere stagnant pools.",0,Military History
1307,58,2,24,War and Conflict,"At a point half way to the city the Boxers had breastworks thrown across the road, and behind these were vast quantities of fired rifle shells.",0,Military History
1308,58,3,24,War and Conflict,"We see before us a band of coolies bearing a palanquin containing some important personage, probably a civil functionary who has been allowed to pass the guards and escape to the country; or it may be a distinguished prisoner in charge of that officer who follows.",1,Political History
1309,58,3,24,War and Conflict,"We hurry on to reach the South Gate, and in passing through suburban villages we see many victims of the previous day's fighting; some within their houses, some in the yards of their homes; one little boy, I could not but notice, who lay over the threshold of his home, his feet projecting into the street.",2,Civilian Impact of War
1310,58,3,24,War and Conflict,When we reach the gate we find all is chaos and consternation; the flames within the walls of the quadrangular square at the gate are still burning fiercely.,2,Civilian Impact of War
1311,58,3,24,War and Conflict,"The Japanese seem to be in charge, but the Stars and Stripes have been sent up, even amid flame and smoke, and there they still float.",0,Military History
1312,58,3,24,War and Conflict,"Our position is given on the map by the red lines connected with the number 59, which start a few rods east of the South Gate and branch west.",0,Military History
1314,59,3,24,War and Conflict,For days we have been looking to this spot before us; now we stand upon it when the victorious Allies are spreading out into every part of the city to our right.,0,Military History
1315,59,3,24,War and Conflict,These poor fellows do not look much like overthrowing the reigning dynasty or even expelling the foreigners.,1,Political History
1316,59,3,24,War and Conflict,"The greater number of dead are in the streets and houses near this gate, many of whom have been killed by common shells and the deadly gases of the lyddite shells.",2,Civilian Impact of War
1317,59,3,24,War and Conflict,"The wall, at the point where the soldiers are standing, extends to the left for about fifty feet, forming a quadrangle within which the great gates are located; hence, the impossibility of reaching them with shell.",0,Military History
1318,59,3,24,War and Conflict,"While we are considering the wall, let me ask you to notice how it is constructed, as, at this place, the ruinous condition shows the formation, viz., a face wall, eight or ten feet in thickness on both sides, and the interspace filled with clay.",0,Military History
1319,59,3,24,War and Conflict,"Seated by the wall we see two Japanese civilian onlookers; may be they are attachés of the army, or correspondents; beyond them, standing against the wall, is a large native gun, called a gingal or twoman gun.",0,Military History
1320,59,3,24,War and Conflict,"Many of these were brought into requisition by the Boxers, while the regular soldiers were supplied with the Austrian army guns, considered by many the most effective weapon on the field.",0,Military History
1323,60,2,24,War and Conflict,Here we have a general view looking east along the old wall which swings to the left in the distance.,0,Military History
1324,60,2,24,War and Conflict,"The German Club building, from which we obtained our first panoramas of the battlefield, lies over a mile farther to the right than we can see.",0,Military History
1325,60,2,24,War and Conflict,"We have again, from this position, a view of the Japanese military supply force, and there, near us, is an officer's horse; we see bands of coolies, probably commandeered for service; we see a line of captured “rikishas""; we may observe also this range of poorer houses made of mud; the better buildings are of brick, but all of one low story as usual.",0,Military History
1326,60,2,24,War and Conflict,"You may notice many of these mud-houses pinked with bullet holes, made by shots passing over the wall and, more than likely, by some volleys fired after the entrance at the gate, which now lies behind us.",2,Civilian Impact of War
1327,60,2,24,War and Conflict,"Farther on, a little to the left, we may see where a shell has penetrated a mud-roof; but still more interesting are buildings beyond, fronting on this same street where you see an open space, flanked by a brick wall; they are to the left of the wall and are a little higher than the surrounding structures.",2,Civilian Impact of War
1328,60,2,24,War and Conflict,"They constitute a native arsenal and were well filled with all sorts of war materials, including cannon, rifles of many kinds, swords, ammunition, flags, soldiers' clothing, etc.",0,Military History
1329,60,2,24,War and Conflict,There is no doubt but that the ample supply of this military storehouse furnished many a souvenir to both civilian and soldier.,0,Military History
1330,60,2,24,War and Conflict,"After the capture of the city it was divided into districts, and the different districts were assigned to troops of different nations for control and government.",0,Military History
1331,60,2,24,War and Conflict,"This district extends from the South Gate nearly to the tower we see in the distance, and to the left an equal distance.",0,Military History
1332,60,2,24,War and Conflict,"Fortunately for the Americans the district contained both an arsenal and a mint; more correctly the so-called mint was a public building for the safe-keeping of syce or silver bullion received from all parts of the Empire, in payment for salt, which is produced in great quantities from sea-water, by solar evaporation, and shipped to the different Provinces.",1,Political History
1333,60,2,24,War and Conflict,"In giving an account of this mint or salt-yamen, as we will call it, I must anticipate, in order that you may understand the interest attached to the scene before us; that is, I must tell you something of what transpired several days after the capture of the city, that you may better understand the scene presented here on the day following the battle.",0,Military History
1334,60,3,24,War and Conflict,"The location of the salt-yamen is indicated by those two tall poles resembling flag-poles off to our left; the buildings, at the time we are looking on the scene, are still smoldering, and few seemed to know that said buildings contained great quantities of bullion.",2,Civilian Impact of War
1335,60,3,24,War and Conflict,Soon after I was here I met an Anierican soldier who had in his possession an old bag containing about as much silver as he could conveniently carry.,0,Military History
1336,60,3,24,War and Conflict,"It proved, however, to be silver of the first quality, worth thirty-five dollars per bar.",2,Civilian Impact of War
1337,60,3,24,War and Conflict,"During the following night, and before the military officers in command were fully aware of the great quantity of silver in the burning ruins, soldiers and others had carried off vast amounts.",0,Military History
1338,60,3,24,War and Conflict,"From this source syce became so plentiful in the settlement that the military authorities prohibited the banks from buying it, and made some attempts to confiscate what had been thus taken by individuals.",0,Military History
1339,60,3,24,War and Conflict,"A guard was placed over it finally, and the silver was removed to the headquarters of the U. S. Marines; but what disposition was finally made of this rich capture I have never been able to learn.",0,Military History
1340,60,3,24,War and Conflict,"This, however, I know, that when it was brought into the marine headquarters I made a photograph of nine four-mule wagon loads of silver, all standing at one time before the marine barracks, and was told that these nine four-mule teams would have to make a second trip to the yamen for the balance.",0,Military History
1341,60,3,24,War and Conflict,It was well known later that the Americans were not the only ones among the allied troops who found and carried away treasure.,0,Military History
1342,60,3,24,War and Conflict,"It was a great surprise to me, on returning to the United States, to learn that so little mention had been made of these captures of such enormous quantities of bullion; indeed, up to the present, I have never met any one who had even heard of it.*",0,Military History
1343,60,4,24,War and Conflict,"If we turn about and follow the wall westward, only a few paces, past the tower on which we saw the American flag floating, we shall be within the section of the city occupied by the French.",0,Military History
1344,60,4,24,War and Conflict,"Our position and field of vision is given on the map by the red lines which start from the south wall, a short distance west of the South Gate, and branch northeast.",0,Military History
1345,60,5,24,War and Conflict,"From the New York Tribune of March 11, 1902, we quote the following ""According to a dispatch from Washington dated January 23, Secretary Hay that day handed to Minister Wu-Ting-Fang a draft on the United States Treasury for $376,600, the value of the silver bullion captured by American marines at Tien tsin.""",1,Political History
1346,61,2,24,War and Conflict,"For several days after the city was taken, destructive fires broke out in different parts, and it was reported that the entire city was to be destroyed, and from the precipitate flight of the terror-stricken inhabitants, one could not but believe that such notice had been served upon them.",2,Civilian Impact of War
1347,61,2,24,War and Conflict,"At every gate, men, women and children were trampling and jostling in their efforts to escape to the country and to outlying villages.",2,Civilian Impact of War
1348,61,2,24,War and Conflict,"Here you can see homes going up in flame and smoke, and the homeless people sitting around awaiting permission from the French guards to leave the city.",2,Civilian Impact of War
1349,61,2,24,War and Conflict,"These poor people are probably in no way responsible for the Boxer uprising, yet they have lost home and all save these paltry bundles, and thousands and tens of thousands have shared this ruthless fate.",2,Civilian Impact of War
1350,61,2,24,War and Conflict,From here you can only see at a distance the ravages of flame; you cannot see within those homes and shops the ravages of human hands as I saw them after leaving this spot and passing through streets near those all-devouring elements.,2,Civilian Impact of War
1351,61,2,24,War and Conflict,"Doors were smashed; shops were entered and plundered; men and women were fleeing, carrying their precious heirlooms-their jewels, their furs, their silks, their embroidery, their money.",2,Civilian Impact of War
1352,61,2,24,War and Conflict,"These much-prized valuables were snatched from them, and they dared not protest; they could not protest; they could not even tell that they were not Boxers; but their lives were dearer than their most cherished jade-stones, and they were even thankful to escape with life and honor.",2,Civilian Impact of War
1353,61,2,24,War and Conflict,I saw native women surrender their dearest belongings almost in a spirit of gratitude that life was not demanded.,2,Civilian Impact of War
1354,61,2,24,War and Conflict,"Looting from an enemy bent on taking your life as well as your property is justifiable by a natural quid pro quo equivalency, or by the law of reprisal, as well as by the Old Testament code; but indiscriminate plunder of friend and foe is robbery, and robbery is robbery even in war.",0,Military History
1355,61,2,24,War and Conflict,"The looting by the Allies was not confined to the enemy, nor even to the Chinese, but extended to the European settlement, where temporarily vacated homes of Europeans were entered and plundered.",2,Civilian Impact of War
1356,61,2,24,War and Conflict,"Li Hung Chang said to a friend of mine that he had been reading up the Mosaic decalogue of the Christians, and suggested that the eighth commandment should be amended to read, ""Thou shalt not steal, but thou mayst loot.""",1,Political History
1357,61,2,24,War and Conflict,I have here mentioned looting because that which I witnessed and which I shall not soon forget occurred near where you see this fire burning.,2,Civilian Impact of War
1359,62,2,24,War and Conflict,"Before us lies a great city, not only deserted, but sacked, looted, and in ashes, by Christian armies.",2,Civilian Impact of War
1360,62,2,24,War and Conflict,"A day later that long thoroughfare was a slow-moving line of homeless, weeping human beings-their homes in ashes, without food, friendless, and, in many cases, their kindred left charred in the ruins of their homes.",2,Civilian Impact of War
1361,62,2,24,War and Conflict,"There were mothers with babes; there were aged men and women supported by younger members of the family; there were wounded borne on wheelbarrows, when it was their fortune to have friends; otherwise, they were left to die.",2,Civilian Impact of War
1362,62,2,24,War and Conflict,"I saw one poor fellow, whose leg had been shattered by a bullet, painfully hitching himself along by inches, dragging the broken limb, while the bone protruded from the wound.",2,Civilian Impact of War
1363,62,2,24,War and Conflict,"At the same time, this street was strewn with corpses; those of persons asphyxiated by the fatal gases of the lyddite shells could easily be distinguished by the yellow discoloration of the skin.",2,Civilian Impact of War
1364,62,2,24,War and Conflict,"Lily-feet, which were so expensive at Shanghai, were here the appendages of inangled corpses that had no more consideration than the carcasses of dogs, which also lined the streets; but the camera cannot portray nor the pen describe those heartrending scenes along this narrow street after the battle.",2,Civilian Impact of War
1368,62,5,24,War and Conflict,"you may wish to witness a closer view of live specimens, and I think I promised you such a privilege on our way to the north.",0,Military History
1369,62,5,24,War and Conflict,"We will therefore leave the Native City and return to the European settlement, where we shall be able to see about fifty.",3,Social Change
1370,63,2,24,War and Conflict,"Some time after the capture of the city of Tien-tsin it was learned that a large force of Boxers were advancing from the southwest, and had reached a place only ten miles away.",0,Military History
1371,63,2,24,War and Conflict,The guns which had been used against the Native City were mounted on the mud-wall and trained in the direction of the threatened advance.,0,Military History
1372,63,2,24,War and Conflict,Breastworks were thrown up along the crest of the wall and every preparation made to resist any force which might be brought against them.,0,Military History
1373,63,2,24,War and Conflict,"Even if the whole army which had fled from the city should return with reënforcements, the Allies intrenched behind the mud-wall were confident they could repel it and seemed quite anxious that an attack might be made.",0,Military History
1374,63,2,24,War and Conflict,The force sent out included the U. S. Sixth Cavalry and a company of Indian Lancers.,0,Military History
1375,63,2,24,War and Conflict,Boxers often doff their distinctive uniform for the ordinary coolie's or peasant's garb when about to be captured; so that it is not always easy to know a metamorphosed Boxer from a common coolie.,0,Military History
1376,63,2,24,War and Conflict,"The boys said they knew one was a genuine Boxer because he carried a weapon; at the same time one of the cavalrymen grabbed the ""real thing"" by the pigtail and tugged him into the foreground and placed him near the camera as you see, saying at the same time: ""You can tell by his bloomin' squint that he's a bloody warrior.""",0,Military History
1377,63,2,24,War and Conflict,"The English and American soldiers were quite fraternal in China, hence the adoption of English slang.",0,Military History
1378,63,2,24,War and Conflict,"One would scarcely expect to find natives of Borneo or the Fiji Islands more barbarous in appearance; and it is well known that a great proportion of the Boxer organization is of this sort; indeed, we may even say by far the larger half of the population of the empire is of this low, poor, coolie class.",3,Social Change
1379,63,2,24,War and Conflict,This view was made during a very hot day in a torrid sun; and still they sit here with their heads shaven and uncovered without a sign of discomfort.,3,Social Change
1380,63,2,24,War and Conflict,They are quite devoid of the insolent boldness that characterizes the mountain tribes in the Province of Hunan; they are prisoners and do not yet know their fate.,2,Civilian Impact of War
1381,63,2,24,War and Conflict,"To-morrow they may be shot; but whether it is bambooing, shooting or beheading, one fellow decides he will take a smoke.",2,Civilian Impact of War
1399,64,5,24,War and Conflict,"From where we are standing we stroll directly up the river for a mile, cross to the opposite shore and enter a mile further on a native village in which many of the native Boxers were sheltered during the first attacks on the settlement.",0,Military History
1400,64,5,24,War and Conflict,On the map see number 65 in red near the second eastward bend of the river.,0,Military History
1433,66,5,24,War and Conflict,"Only fifty yards to the left of where we stand I witnessed a spectacle I will not soon forget, a scene too shocking to be shown to the world indiscriminately.",2,Civilian Impact of War
1434,66,5,24,War and Conflict,"It was the shooting of two Chinamen by the French and the beheading of two others by the Japanese; the former were convicted of stealing, the latter of being Boxers.",0,Military History
1435,66,5,24,War and Conflict,"The former were bound to posts and shot; the latter were made to stand among these graves while a shallow pit was dug in their presence, beside one of these mounds; this shallow muddy hole was to be the one grave for the two convicts.",3,Social Change
1436,66,5,24,War and Conflict,"They were made to kneel on the mound looking down into the grave prepared for them, so that when the fatal blow was struck they would fall therein.",2,Civilian Impact of War
1437,66,5,24,War and Conflict,"Only a few of us had learned the hour of execution and were present, among us an American doctor who, when this grave was being dug and the two poor fellows stood near by, held the hand of one, feeling his pulse.",2,Civilian Impact of War
1438,66,5,24,War and Conflict,"“One hundred and twentysix,"" replied the physician; and yet the doomed man showed no outward mental disturbance.",1,Political History
1439,66,5,24,War and Conflict,"Another, speaking his language, asked him if he was a Boxer, to which he replied meekly and with mysterious resignation, ""I am no Boxer; all the village people hereabouts know me.""",2,Civilian Impact of War
1440,66,5,24,War and Conflict,"I was told afterward that this sympathetic medical man, who was not unfamiliar with blood, was so disturbed by this heartless butchery that he was disqualified for duty for several days.",2,Civilian Impact of War
1441,66,5,24,War and Conflict,It is too grewsome for presentation in a popular series; yet those who would fully realize the cruelties and barbarities of war should know and see; the view may be had of the publishers.,0,Military History
1457,67,3,24,War and Conflict,"But for those who may not be, I will take the following résumé from ""The Chinese Empire Past and Present.""",1,Political History
1471,67,11,24,War and Conflict,"If she had developed the arts of war as long and as well as she has the arts of peace, the foreign nations, even the allied foreign nations, would not have dared to coerce treaty ports and naval stations in her borders, or to thrust a new religion and a new civilization upon her.",1,Political History
1472,67,12,24,War and Conflict,"When might makes right, justice is usually out of the balance, and there is apt to be greed and cowardice in its place.",1,Political History
1474,67,14,24,War and Conflict,"The retaliation by the so-called Christian armies was often characterized by rape, plunder, cruelty, and enormous indemnities dictated by allied might.",2,Civilian Impact of War
1475,67,14,24,War and Conflict,What would we think if England should demand a cession of territory on Casco Bay that she might have a winter port for the Canadian Pacific Railway?,1,Political History
1476,67,14,24,War and Conflict,"And again, if these demands should be followed by one from Germany for a grant of territory in Plymouth harbor, because some alien countryman had been killed by irresponsible ruffians at Worcester?",1,Political History
1479,67,16,24,War and Conflict,"In the meantime many additional forces had arrived, among them many additional troops from Germany, from India, from Japan and Russia.",0,Military History
1480,67,16,24,War and Conflict,"On the way they fought the battles of Peitsang and Yangtsun, and burned the city of Tung-Chow and all the villages left standing by the Boxers in their line of march.",0,Military History
1481,67,17,24,War and Conflict,"This march of the allied troops between Tien-tsin and Pekin occupied ten days, and they entered the latter place on August 15, just a month and a day after the capture of the former city.",0,Military History
1482,67,17,24,War and Conflict,"Now that about twenty thousand troops were quartered in the Imperial capital, the transportation of vast quantities of army stores to that place was necessary.",0,Military History
1483,67,17,24,War and Conflict,"To accomplish this the different armies requisitioned great numbers of native junks, and these plied constantly between Tien-tsin and Tung-Chow, the nearest port to Pekin.",0,Military History
1484,67,17,24,War and Conflict,Before boarding one of these junks at Tien-tsin for Tung-Chow I shall tell you briefly how I maintained my existence during and after the investment of the former place.,2,Civilian Impact of War
1485,67,18,24,War and Conflict,"It would seem that under even a quasi-military rule, civilians have few if any rights; the civilian furnishes the sinews of war; he pays the taxes which maintain the army and the navy; but he has scarcely a right to his own property or his own soul when petty military officers are invested with a little brief authority.",2,Civilian Impact of War
1486,67,18,24,War and Conflict,"Many citizens, both American and English, complained bitterly of the high-handed, unlawful and impudent way in which officers took possession of private houses which had been temporarily vacated, using and misusing everything found therein, including libraries, pianos, bedding, etc., notwithstanding the fact that these same civilian owners are paying taxes to furnish the army with all necessary camp equipments.",2,Civilian Impact of War
1487,67,18,24,War and Conflict,"Three times I had received permission from agents of the owners to occupy private houses which had for a time been vacated, when American officers came, and in a way which I fear is somewhat characteristic of my countrymen said: Get out of this%; we want these rooms!",2,Civilian Impact of War
1488,67,18,24,War and Conflict,"An English, a Japanese or a Russian officer would have said: ""Sorry to disturb you, but we will require these rooms.""",0,Military History
1519,68,3,24,War and Conflict,The boats touch the banks at many points and one can debark and embark almost at any time without stopping the progress of the fleet.,0,Military History
1520,68,3,24,War and Conflict,"I found walking on the tow-path in the cool autumn weather much pleasanter than the deck of a junk like this, and I walked the greater part of the distance between Tien-tsin and Pekin.",0,Military History
1521,68,3,24,War and Conflict,"Standing here, we get a true aspect of the Pei-ho and the kind of boats that ply the river; we see also the level character of the river plain and the small growth of shrubbery and trees in the distance.",0,Military History
1522,68,3,24,War and Conflict,"The soil everywhere is exceedingly rich, and alternating crops of corn, millet, beans, sweet potatoes, peanuts, sorghum and melons have marked the fertile valley all the way between these two great cities.",0,Military History
1523,68,3,24,War and Conflict,I said the crops had not been harvested-I meant by the owners; many of them for almost a mile on either side of the river have been plundered by the men of the junk-fleets belonging to the different armies.,2,Civilian Impact of War
1524,68,3,24,War and Conflict,The native junkmen were permitted to go ashore and gather in corn and millet to fill all the empty space available; the Europeans took whatever they could use.,2,Civilian Impact of War
1525,68,3,24,War and Conflict,"The inhabitants had fled well back from the river, leaving crops and sometimes live stock.",2,Civilian Impact of War
1526,68,3,24,War and Conflict,Many a pig that had been left behind and ventured to the river bank became a victim to the deadly army rifle.,2,Civilian Impact of War
1527,68,3,24,War and Conflict,Occasionally some of the people who had fled from their homes returned under cover of night to gather in something of their wasting harvest.,2,Civilian Impact of War
1528,68,3,24,War and Conflict,"It was a sad sight to see such vast fields of valuable crops being lost, and cold winter near at hand and starvation awaiting many.",2,Civilian Impact of War
1529,68,3,24,War and Conflict,"On one occasion I attempted, while walking, to cut off a great bend in the river by what I imagined would be a short way across country.",0,Military History
1530,68,3,24,War and Conflict,"After penetrating about three miles I reached villages containing skulking refugees, at least stragglers, partially in hiding.",2,Civilian Impact of War
1531,68,3,24,War and Conflict,At first sight of me they scampered pell-mell into the forests of millet; this grain is often from twelve to fifteen feet high and affords a safe and interminable retreat.,0,Military History
1532,68,3,24,War and Conflict,"At one farm where a poor old woman carrying a bundle of grain on her back attempted to cross the road some fifty yards ahead of me, and little suspecting the presence of a ""foreign devil"" so far back from the river, furtively cast her eyes both ways on the road.",3,Social Change
1533,68,3,24,War and Conflict,"She spied me, dropped her bundle as though she had been fired upon, jumped into the dry millet field and in a moment was out of sight.",3,Social Change
1534,68,3,24,War and Conflict,"It gave me a sensation of sadness I never before experienced, and even now, long afterward, it steals over me when I recall the incident—an innocent, harmless fellow mortal fleeing from me in frenzied terror.",2,Civilian Impact of War
1535,68,3,24,War and Conflict,"She thought I sought her life; and to be suspected of seeking to take life shocked me, I dare say, as much as my presence frightened her.",3,Social Change
1536,68,3,24,War and Conflict,"By this time I had decided that the road I had been following did not lead to the river, and was on my way back by the same road on which I had come.",0,Military History
1537,68,3,24,War and Conflict,I secured two cornstalks and arranged them to have the appearance of a gun and carried this makebelieve affair as I would have carried a gun so that Boxers back in the fields would think I was not defenseless.,2,Civilian Impact of War
1538,68,3,24,War and Conflict,In this mood of nervous apprehension I was working my way back when the poor terrified woman dived into the field of millet.,2,Civilian Impact of War
1562,69,3,24,War and Conflict,"Keep clearly in mind the location of the gate a mile behind us where we passed within the wall, the same at which the American troops entered.",0,Military History
1563,69,3,24,War and Conflict,"The English force came in on the same side at a gate three-fourths of a mile southward, and followed a principal thoroughfare in the Chinese City, running parallel to this wall, until they reached another thoroughfare running at right angles to the street already mentioned and passing through this wall at a point half-way between us and the gate which we can see far away on the horizon.",0,Military History
1564,69,3,24,War and Conflict,Yonder gate in the distance is a very important one both in connection with the Boxer war and in reference to its important central location between the Chinese and Tartar cities.,0,Military History
1565,69,3,24,War and Conflict,"Later we shall stand upon the ruins of its tower, on the very spot where the brave Reilly fell while in command of his famous battery.",0,Military History
1566,69,3,24,War and Conflict,"The Americans passed through that gate on their way to the Legations, after passing along that open space by the dry canal on the left of the wall.",0,Military History
1567,69,3,24,War and Conflict,"At certain points a troublesome fire was directed upon them from the top of the wall; but not from the portion of the wall some distance in front of us, as that part was captured by a daring sortie from the hemmed-in Legations.",0,Military History
1568,69,3,24,War and Conflict,"To the right of this wall, not two hundred yards away, is a parallel street; it is called Legation Street; and on or near that street the Legations are located.",1,Political History
1569,69,3,24,War and Conflict,"You may know, therefore, how this wall overlooks and commands the Legations, which you will understand better when we advance to a point abreast of them.",0,Military History
1570,69,3,24,War and Conflict,"Three miles away you can see the faint outlines of the Umbrella Pagoda, and beyond you can dimly descry the western hills, thirteen miles away.",0,Military History
1571,69,4,24,War and Conflict,"We are looking upon historic ground; every prospect bears a record of thirty centuries of human life and activity, and events of the past year have added another chapter.",1,Political History
1572,69,4,24,War and Conflict,"You see a partial barricade of brick just before us, and beyond the small building; you see another at the second small building, and further on you see others extending half way across the top of the wall; still further on there is one extending quite across; that is nearly abreast of the English Legation.",0,Military History
1573,69,4,24,War and Conflict,"That point of the wall, for some unaccountable reason, the Chinese never occupied; they had approached it from both gates, fighting and holding their ground with great tenacity until only a short distance was unoccupied.",0,Military History
1574,69,5,24,War and Conflict,"This gate, over which we are standing, was occupied all through the siege by the Chinese, and from here the Legations were badly harassed by cannon fire.",0,Military History
1575,69,5,24,War and Conflict,Between this gate and the Chien Gate the American soldiers were on guard and were so worn with constant watching that Captain Meyers thought the wall must be abandoned.,0,Military History
1576,69,5,24,War and Conflict,"Minister Conger thought to abandon the wall would only mean death to all the Legations, as the Chinese could occupy such an advantageous position and shoot directly into the foreign lines.",0,Military History
1577,69,5,24,War and Conflict,"As a last resort a midnight charge was decided upon, hoping thereby to rid the wall further west of the Chinese and give more space for the Americans.",0,Military History
1578,69,5,24,War and Conflict,"The gallant Captain Meyers, with a force of fiftyfive men, consisting of American, English and Russian marines, were to make the charge.",0,Military History
1579,69,5,24,War and Conflict,"It was a desperate undertaking for fifty-five men to attack unknown hundreds, perhaps thousands, in front of them.",0,Military History
1580,69,6,24,War and Conflict,This well-planned and bravely executed sortie at this moment was justly considered the salvation of the beleaguered inmates of the British Legation.,0,Military History
1581,69,6,24,War and Conflict,For if the enemy had succeeded in planting their guns on the wall between these two gates the raking fire at close range would inevitably have destroyed all in a brief space of time.,0,Military History
1582,69,7,24,War and Conflict,A branch canal from that dry one on our left leads north beneath the wall at the point I have just mentioned in line with the British Legation.,1,Political History
1583,69,7,24,War and Conflict,"The opening beneath the wall, called the Water Gate, was barricaded; but it was through this that the first of the relief force reached the Legation.",0,Military History
1584,69,7,24,War and Conflict,A missionary lady in the Legation told me that the first men she saw were a Sikh soldier and an English officer who had crawled through the Water Gate beneath the wall.,0,Military History
1585,69,7,24,War and Conflict,"The first greetings were: ""I am so glad to see you!"" and the reply, ""I suppose you are!""",3,Social Change
1586,69,7,24,War and Conflict,"about as brief and expressive as Cæsar's famous speech, ""Veni, vidi, vici.""",0,Military History
1600,70,4,24,War and Conflict,"This street before us has been rendered famous by the murder of the German Minister, Baron von Ketteler, whose name it now bears, being formerly called Ha-ta-men Street.",1,Political History
1601,70,4,24,War and Conflict,"The German Legation is near the other Legations, about a half mile to the left from where you see its termination on Von Ketteler Street below us.",1,Political History
1602,70,4,24,War and Conflict,"Along that side street came the German Minister on June 20, accompanied by his Secretary, and turned north on the street stretching away in front of us.",1,Political History
1603,70,4,24,War and Conflict,The Minister and his Secretary were in their official chairs and had reached a point in the distance near where you see what seems to be a dark arch across the way.,1,Political History
1604,70,4,24,War and Conflict,"A narrow street extending from Von Ketteler Street toward the east at that point leads to the Tsung-li Yamên, as the map shows.",1,Political History
1605,70,5,24,War and Conflict,The story of the murder of Baron von Ketteler and the wounding of his Secretary are too well known to need repetition.,1,Political History
1606,70,5,24,War and Conflict,"The wounded Secretary made his way to the American Mission, which lies to the west of the place of attack and in the vicinity of that small white tower which rises from among those trees quite beyond the larger building with the white roof; that is another way back to the Legations.",0,Military History
1619,71,2,24,War and Conflict,"We are again looking northward from the top of the wall, and that large two-story building beyond the bridge is the most prominent building of the British Legation.",1,Political History
1620,71,2,24,War and Conflict,"It is surrounded by many one-story buildings, which do not show distinctly behind walls and surrounding trees.",0,Military History
1621,71,2,24,War and Conflict,Probably never in history was the interest and anxiety of the entire civilized world so centered on one small spot as on that British Legation during the months of June and July of 1900.,1,Political History
1622,71,2,24,War and Conflict,"For sixty days four thousand human beings were penned within those narrow quarters, and not only living on limited food supplies, but under an incessant hail of cannon and rifle fire.",2,Civilian Impact of War
1623,71,2,24,War and Conflict,"Since this place before us is so full of history, episode and thrilling association, let us make a careful inspection of it from our commanding outlook.",0,Military History
1624,71,2,24,War and Conflict,"First note the fatal stupidity of the enemy in not gaining this position, from which, with the modern artillery in their possession, they could have swept the Legation with a plunging fire and annihilated the four thousand inmates in a few hours.",0,Military History
1625,71,2,24,War and Conflict,I pointed out to you the eastern end of Legation Street from our last position; here again you may see it where it passes over that low arched bridge between us and the British Legation.,0,Military History
1626,71,2,24,War and Conflict,The French and German Legations are a short distance toward the right from that bridge; the Russian and American are to the left.,1,Political History
1627,71,2,24,War and Conflict,"A canal at this time dry, passes beneath that bridge past the English Legation and on toward another bridge in the distance.",1,Political History
1628,71,2,24,War and Conflict,It was on the second bridge that Professor James was killed as he was returning from doing what he could to find a place for the suffering native Christians.,2,Civilian Impact of War
1629,71,2,24,War and Conflict,"I have already mentioned that canal as issuing from the canal on the south side of the wall and passing beneath through a small barricaded opening known as the Water Gate, at which the English first entered.",0,Military History
1630,71,2,24,War and Conflict,"That now historic gate is almost below us, a little to the left, as you may see, by the course of the so-called canal.",0,Military History
1631,71,2,24,War and Conflict,"Out of that entrance beneath those trees rushed the long-imprisoned, the longbesieged Ministers and missionaries to welcome their deliverers.",1,Political History
1632,71,2,24,War and Conflict,"Try to imagine the emotions of those people as they saw the brave American and English boys, covered with the grime and dust of a ten days' march in the hot sun, reach Legation Street at the bridge and turn toward them.",0,Military History
1633,71,2,24,War and Conflict,"Sixty days in hourly expectation of massacre, and now the space between them and the bridge filling up with serried lines of guns which means deliverance.",2,Civilian Impact of War
1634,71,2,24,War and Conflict,"Could there have been present some sort of a cardioscope, if I may coin a word, to register heart-beats and emotions, what a picture we would have had!",3,Social Change
1635,71,2,24,War and Conflict,"Think of four thousand choking utterances of the greeting aforementioned: ""I'm so glad to see you!""",3,Social Change
1636,71,3,24,War and Conflict,We have heard of the sinking and explosion of mines during the siege of the Legation; so I must point out the locality where they were sunk.,0,Military History
1637,71,3,24,War and Conflict,"The second bridge marks a street running parallel with Legation Street; following that street a short distance to the left to a point about in line with the conical hill in the distance, you will reach the entrance to the Imperial stables on this side of the street, and not a great distance from the rear portions of the Legation Compound.",0,Military History
1638,71,3,24,War and Conflict,"There shafts were sunk and a tunnel was under construction toward the Legation; with a little longer delay in the relief it would have been under the Legation, with such results as one may conceive.",0,Military History
1639,71,3,24,War and Conflict,Give your attention next to that area of ground lying beyond the British Legation and extending to the street in the distance; it seems to be now mostly covered with trees because the important buildings standing there before the outbreak have been razed to the ground.,2,Civilian Impact of War
1640,71,3,24,War and Conflict,"It is the site of the famous Hanlin Yuen College, the great national school of the Empire in which all Chinese learning and literature were centered.",1,Political History
1641,71,3,24,War and Conflict,"The Classics of Confucius inscribed on tablets of marble were treasured there; these are gone; the twenty thousand volumes of precious literature are gone; and this venerable institution, founded a thousand years before the Christian era an alma mater from periods immemorial, is a heap of ruins below the level of those trees.",2,Civilian Impact of War
1642,71,3,24,War and Conflict,"The loss of thousands of volumes of ancient records recalls the destruction of the Alexandrian Library as an irreparable loss; not so many precious books, perhaps, yet the Hanlin College antedated the Alexandrian Library by nearly seven hundred years; but what do Boxers care for colleges or precious tomes of ancient literature!",2,Civilian Impact of War
1643,71,4,24,War and Conflict,We must give special attention to that place; it is historic; by its prominence it is a landmark in Pekin; in a little while we shall stand upon its summit and overlook the Sacred City.,1,Political History
1644,71,4,24,War and Conflict,"We shall see it from other standpoints, and so it will serve as a guide to us in the matter of position and direction over the wide-spread city.",1,Political History
1645,71,4,24,War and Conflict,"It is said to be artificial and to consist of coal, which can be used in case of siege; this is tradition, however, which is often no more than the gossip of history.",0,Military History
1646,71,4,24,War and Conflict,"History relates the tragic death of Tsung Cheng, the last emperor of the Ming dynasty, who hanged himself on that hill when the victorious hordes of the Manchus entered the capital.",1,Political History
1647,71,4,24,War and Conflict,"The Sacred or Forbidden City, surrounded also by a heavy wall in the form of a quadrangle, lies directly south of Coal Hill.",1,Political History
1648,71,4,24,War and Conflict,During the siege the Chinese erected an emplacement on the wall of the Forbidden City at the end of this street on which was planted a cannon which gave the Legations the most trouble.,0,Military History
1649,71,4,24,War and Conflict,"It was not until the famous ""Aunt Betsey"" was found and put to use by an ingenious American that its fire could be stopped.",3,Social Change
1654,71,8,24,War and Conflict,This barricade was built by the Legation guards after driving back the Chinese by the concerted night sortie.,0,Military History
1655,71,8,24,War and Conflict,"This was the easterly barricade occupied by the American soldiers, who could, on the one hand, keep in check the Chinese at the Ha-ta Gate to our right, and on the other control somewhat the canal in front and assist in case the enemy tried to cross it.",0,Military History
1668,72,4,24,War and Conflict,You can see the barricade of brick thrown up on the wall of the bridge; this defensive preparation evidently anticipated the occupation of the wall facing this by the enemy.,0,Military History
1669,72,4,24,War and Conflict,We do not here see many traces of shots on the walls of the buildings; this is owing to the circumstance that we are here in the line between fires from opposite directions.,0,Military History
1670,72,4,24,War and Conflict,"The attacks were chiefly from the east and from the west-from the Ha-ta Gate and beyond it to the east, and from the direction of the Chien Gate and the west and northwest.",0,Military History
1671,72,4,24,War and Conflict,Should we go back to the American Legation we would see the west sides of the building riddled with bullets; and should we go eastward till we reached the east sides of the French and German Legations we would find the same condition.,0,Military History
1672,72,4,24,War and Conflict,"You can see some French soldiers in the distance, and a couple of American soldiers to our right on the bridge, and the familiar looking telegraph poles and wires which a stranger might be surprised to find in Pekin.",0,Military History
1675,73,2,24,War and Conflict,"Ruins of the French Legation are nearest us on our right, and this shows us the woeful destruction of the more exposed quarters of the foreigners.",2,Civilian Impact of War
1676,73,2,24,War and Conflict,"A cannon ball came through the wall of this Legation and carried off the head of Mr. Wagener, a gentleman in the customs service.",2,Civilian Impact of War
1677,73,2,24,War and Conflict,On the paved street to our left a young Russian was killed; he had been drinking heavily and did not know the direction he was going.,2,Civilian Impact of War
1678,73,2,24,War and Conflict,Just beyond the head of that ragged woman near us you can see a narrow depression in the road.,2,Civilian Impact of War
1679,73,2,24,War and Conflict,"That is the remnant of the trench dug by the Chinese across the road, and marks the place of their nearest barricade.",0,Military History
1680,73,3,24,War and Conflict,Of course some telegraph poles have hardly been brought back to the perpendicular; and some portions of the barricades remain.,2,Civilian Impact of War
1681,73,3,24,War and Conflict,"The lions before the door of the Legation seem to have been imbued with the alleged Boxer impenetrability, for there they stand, at least one of them, unscarred and as rampant as ever.",0,Military History
1682,73,3,24,War and Conflict,These pitted walls tell of the risks and difficulties and the impossibility of a longer tenure of these buildings; notice also the scarred remnant of that tree by the telegraph post.,2,Civilian Impact of War
1683,73,3,24,War and Conflict,"The marks even show the direction of the bullets as coming directly from the locality of the Ha-ta Gate; and now we can understand why we saw no traces of bullets on walls facing the west, from our last position.",0,Military History
1684,73,3,24,War and Conflict,"We see only the entrance to the Legation; the buildings belonging to all the Legations are Chinese, and they are always back in the compound a short distance from the gate.",1,Political History
1685,73,3,24,War and Conflict,"Notice how the Legations have improved this street; it is macadamized and sewered and lined with lamp posts, although I see none here.",3,Social Change
1686,73,3,24,War and Conflict,This is the way to the Tsung-li Yamên; this is the street along which all the Ministers are carried in their official chairs to the Chinese Foreign Office.,1,Political History
1695,74,3,24,War and Conflict,"Mr. Bainbridge, the Second Secretary, and Mrs. Bainbridge, occupied rooms on the second floor of the main building.",3,Social Change
1696,74,3,24,War and Conflict,"They undoubtedly thought that all those low buildings were filled with legation guards, and they are evidently not fond of taking great risks.",0,Military History
1697,74,3,24,War and Conflict,The walls of the rooms of the Second Secretary on the west side of the building were pitted all over with rifle bullets.,0,Military History
1698,74,3,24,War and Conflict,In line with the Legation we can discern superstructures connected with the large gate which is the entrance to the Sacred City on the south.,0,Military History
1701,74,5,24,War and Conflict,"If we now go to the Chien Gate, to our left, and look toward the northeast over the territory lying to the west and north of the American Legation, we shall realize more fully the havoc done during the siege.",0,Military History
1702,74,5,24,War and Conflict,"We are to see the section lying between the two red lines which branch toward the northeast, each having the number 75 at its end on the map margin.",0,Military History
1703,75,2,24,War and Conflict,"When we stood on the Ha-ta Gate for our first view in Pekin, we looked westward along the wall to the Chien Gate, which we could see in the distance, about a mile away.",0,Military History
1704,75,2,24,War and Conflict,I told you then that later we would visit the latter and stand on the place where Captain Reilly fell.,0,Military History
1705,75,2,24,War and Conflict,"Now we are on that spot, as nearly as I could have it located, and looking a little north of east and toward the British Legation, which we can see in the middle distance to the right of that tall pole.",0,Military History
1706,75,3,24,War and Conflict,"The Boxers and Imperial troops in the vicinity of this gate, after repeated attempts on the united Legations, thought to facilitate further attacks by burning the intervening portion of the city.",0,Military History
1707,75,3,24,War and Conflict,"I was told by good authorities that this burned district, destroyed ruthlessly and uselessly, represented, at a low estimate, five million dollars' worth of property.",2,Civilian Impact of War
1708,75,3,24,War and Conflict,"The fire that swept this district also swept away the Methodist Mission and the Austrian, Belgian, Netherland and French Legations.",2,Civilian Impact of War
1709,75,3,24,War and Conflict,"The day after the foreign armies entered the city the guns of Captain Reilly's battery were mounted on this gate and trained on the gates of the Imperial City, which lie north of us to our left; after the gates had been demolished and the way cleared for the entry of the troops, and at the moment of victory the gallant leader, standing where we now stand, was instantly killed by a rifle bullet.",0,Military History
1725,77,3,24,War and Conflict,"The beginning of the Spanish-American war aroused new interest in the American army and navy and recalled to the public mind the fact that while ample provision was made by the government for clothing, feeding and arming the American soldier and sailor, it could not provide through strictly military channels those mental, moral and social influences required for the best development of young manhood.",0,Military History
1726,77,3,24,War and Conflict,"Beginning three days after the first call for volunteers in 1898 down to the present, the one agency that has most diligently and systematically endeavored to supply these needs of the soldier and sailor has been the Young Men's Christian Association.",0,Military History
1727,77,3,24,War and Conflict,"In southern camps, under the sunny skies of Cuba, Porto Rico and the Philippines, or in frozen Alaska, the men in blue have found the Association anticipating their needs, and with wellequipped places of resort bountifully supplied with games, books, magazines, writing paper and other comforts, has made it possible for the soldier and sailor to keep in touch with civil life and remain good men as well as good fighters.",0,Military History
1735,77,6,24,War and Conflict,"South of us lie the Temples of Heaven and Agriculture, which were the headquarters of the British and American forces during the winter of 1900 and 1901.",0,Military History
1736,77,6,24,War and Conflict,"Only a short distance west of us is the place of public execution, where two of the Boxer princes were executed among the other criminals during the occupancy of the Allies.",0,Military History
1776,79,6,24,War and Conflict,"Friends who had previously visited Pekin advised me to endeavor to gain the top of this hill by stealth, as the only way of obtaining a panoramic view of the Forbidden City; but stealth is uncalled for when European troops cook their rations in the pavilion we occupy.",0,Military History
1777,79,6,24,War and Conflict,"The exigencies of war, therefore, have gained for us, not only a panorama of the forbidden ground, but also of the sanctum sanctorum itself, to which I will introduce you after we walk around to the opposite approach of the sacred enclosure.",0,Military History
1788,80,4,24,War and Conflict,"After the occupation of the city by the Allies, the American and Japanese troops were placed in charge of the Palace grounds.",0,Military History
1789,80,4,24,War and Conflict,At this time you see them lined along both sides of this Imperial highway as a mark of military respect to the Field Marshal.,0,Military History
1790,80,4,24,War and Conflict,"The central figure, partially hidden by the German flag at the head of the escort, in the rear of the three mounted officers, is the Field Marshal.",0,Military History
1791,80,4,24,War and Conflict,"The American Sixth Cavalry lines the way between the gate on which we stand and the next gate behind us toward the Chien-men, and representatives of troops from other nations occupy positions along the route followed.",0,Military History
2014,93,2,24,War and Conflict,We are in the presence of a host of homeless human beings all depending for food and shelter upon the noble little woman seated near the front with a child by her side.,3,Social Change
2015,93,2,24,War and Conflict,All these were sheltered and fed within the English Legation during two of the longest months which any of them have ever experienced.,2,Civilian Impact of War
2016,93,2,24,War and Conflict,"Many friends and kin of these poor people were not so fortunate, but were mercilessly slain by the bloodthirsty Boxers.",2,Civilian Impact of War
2017,93,3,24,War and Conflict,"When Miss Smith, at my request, seated herself in front of her flock I asked her to have a native child stand by her side; not wishing to give the appearance of any partiality in such a choice, she asked me to choose one.",3,Social Change
2018,93,3,24,War and Conflict,"""Why, how strange,"" exclaims Miss Smith, ""that you have brought to me this poor little thing that is the object of my tenderest love and sympathy!",3,Social Change
2019,93,3,24,War and Conflict,"Do you know,"" she continued, “ that both the father and mother of this little one were not only killed, but were dismembered and horribly chopped to pieces; her parents are gone, and all her friends are gone; there is no one left to look after her, and she is very dear to me.""",2,Civilian Impact of War
2020,93,3,24,War and Conflict,"These are the tender motherly words of the woman, who, when the shells were crashing into the Legation, was as brave as she was loving after the Allies had brought safety-another evidence to prove, if proof were necessary, that tenderest hearts are bravest.",2,Civilian Impact of War
2027,93,6,24,War and Conflict,"You have, no doubt, noticed the gentleman seated near Miss Smith; that is the Rev. Joseph Stonehouse of the Mission, who had spent over twenty years in mission work in China.",3,Social Change
2028,93,6,24,War and Conflict,"1 met him on several occasions and found him a very amiable gentleman and zealous worker; and only a short time after I met him here, Mr. Stonehouse was visiting some of the mission stations not far from Yang-tsun when he was set upon by armed natives, presumably Boxers, while crossing a river in a large ferryboat.",2,Civilian Impact of War
2029,93,6,24,War and Conflict,"Cavalry was at once dispatched from Yang-tsun, and the villages near the place were burned, but the bloodthirsty and unreasoning assassins were never found.",0,Military History
2030,93,6,24,War and Conflict,Their work was prosperous when the Boxer war broke out and their fine premises were reduced to the condition seen before us.,2,Civilian Impact of War
2094,98,2,24,War and Conflict,"Another prince has earned for himself an infamy as world-wide as this man's fame; I refer to Prince Tuan who was the head and inspiration of the Boxer horde, and who is now likely to reap the fate which due retribution will probably mete to him, that is, banishment or some other extreme penalty.",1,Political History
2095,98,2,24,War and Conflict,"Prince Ching, who sits before us, has always been favorably disposed toward foreigners, and at the crucial moment, when the fate of the Legations and all the foreigners in Pekin was in the hands of the shuffling Yamên, he did not hesitate to admit that he had failed to convince the court of the danger of inactivity and that he was helplesss in adjusting matters.",1,Political History
2096,98,2,24,War and Conflict,"When Sir Claude Macdonald found it was useless to discuss matters longer with the vacillating Yamên he demanded an interview with Prince Ching, who stated to him frankly that the government was not able to control the Boxers, and that foreigners could not expect protection either in Pekin or in any part of China.",1,Political History
2097,98,2,24,War and Conflict,"Prince Ching was President of the Tsung-li Yamên, and for his suspected sympathy with the foreigners was suddenly removed from the head of the Yamên by the Empress, and the Boxer chief, Prince Tuan, appointed in his place.",1,Political History
2098,98,2,24,War and Conflict,"There can be little doubt that only for these frank and friendly avowals of Prince Ching the Legations and all the Europeans would have attempted to obey the order which they had received to quit the capital and proceed to Tien-tsin; and this step, in the minds of everyone, would have resulted in indiscriminate slaughter.",1,Political History
2099,98,2,24,War and Conflict,"Can we wonder then that there exists a kindly feeling toward this true prince, or that when peace commissioners were to be chosen from among the Chinese to confer with the foreign ministers in the settlement of the great question between the Empire and the Allies, that Prince Ching should be the choice of the nations whose representatives he had saved?",1,Political History
2100,98,2,24,War and Conflict,"In 1885 he was appointed along with Prince Chun and Li Hung Chang to take control of naval affairs, and now he has been coupled with China's famous statesman and viceroy in the adjudication of the Empire's imbroglio with the world.",1,Political History
2101,98,2,24,War and Conflict,"He is a near relative of the Emperor, and has now been mentioned as a possible successor to Li Hung Chang as Secretary of State and Viceroy; being so important a personage in the affairs of China and the world you can understand why our minister told me if I could secure his photograph I would ""score a success.""",1,Political History
2102,98,2,24,War and Conflict,"Along with an irrepressible New York correspondent who had secured credentials to Prince Ching from the Secretary of Li Hung Chang, and, couriered through the ramshackle wilderness of the Tartar City by a native ""boy,"" I reached the palace of Prince Ching in the extreme northwestern portion of the city.",1,Political History
2103,98,2,24,War and Conflict,Like all Chinese palaces it is a series of courts flanked by low buildings on every side.,1,Political History
2104,98,2,24,War and Conflict,"In an alley outside we were met by the official interpreter for the Prince, who explained to us that in a short time his excellency would receive us; finally we were taken to this interior court, where the Prince soon appeared and greeted us kindly.",1,Political History
2105,98,2,24,War and Conflict,"The interpreter had, of course, already explained to him that we desired his photograph for the American people, who looked upon him as their friend.",1,Political History
2106,98,2,24,War and Conflict,His garments are of heavy brocaded silk; the ample sleeves take the place of gloves; a magnificent ruby within a circle of pearls ornaments the front of his cap.,3,Social Change
2116,99,2,24,War and Conflict,"The Chinese government is administered through several branches, such as the Board of Civil Office, the Board of Revenue, the Board of Rites, the Board of War, the Board of Punishments, the Board of Works, etc., and only in recent years has a new board been created called the Tsung-li Yamên, or Board of Foreign Affairs.",1,Political History
2117,99,2,24,War and Conflict,The whole duty of the Tsung-li Yamên is to receive and confer with foreign ministers and to act as an intermediary between them and the Court.,1,Political History
2118,99,2,24,War and Conflict,It was painfully exemplified during the siege of 1900 when this treacherous go-between Board screened the sinister motives of the crafty Empress.,1,Political History
2119,99,2,24,War and Conflict,"In the peace negotiations, now signed at Pekin, it is said that a radical alteration has been made in the relations of the foreign ministers to the Court, and that the article relating thereto is as follows:",1,Political History
2121,99,4,24,War and Conflict,"I hope you will not fail to notice the fine feathers in their caps, because I swung two of these dignitaries partially around that you might see them.",1,Political History
2122,99,4,24,War and Conflict,"How we would like to know just what they did and said and thought during those dark days of the siege; being identified with Prince Ching they, of course, pretend that they were friendly, but sincerity is a rare thing in the ""Middle Kingdom,"" and then the faces of Chinamen so often possess a coldness which dispels confidence.",1,Political History
2125,99,6,24,War and Conflict,A careful student of Chinese affairs in Pekin for many years said to me of the representatives of the Tsung-li Yamên.,1,Political History
2126,99,6,24,War and Conflict,"There are eleven members and nine are requisite for the transaction of business, and as most of them are reactionary there is little hope that a man with progressive spirit will have any special influence.",1,Political History
2127,99,6,24,War and Conflict,"However, there were two men of high courage in the summer of 1900 who protested against the murder of unarmed foreigners, and for endeavoring to protect the helpless these two men were beheaded.",1,Political History
2128,99,6,24,War and Conflict,"The Yamên has proved to be practically useless for the transaction of business, and now it is replaced by the Office of Foreign Affairs.",1,Political History
2129,99,7,24,War and Conflict,"An assemblage of the representatives of the great powers are meeting daily to discuss the great questions of indemnities, penalties and the future relations of the Empire to the nations concerned.",1,Political History
2130,99,7,24,War and Conflict,"Both for the terrible siege through which most of them passed and for the important work they are doing, it is both a pleasure and an honor to meet these noteworthy men.",0,Military History
2136,100,4,24,War and Conflict,Thus in a few moments this scene was snatched by the sun-ray and registered for the future centuries among the annals of history.,1,Political History
2141,100,6,24,War and Conflict,"It is impossible for people not versed in diplomacy to comprehend the endless number of subtle and perplexing matters that have demanded its careful deliberations, and the whole civilized world is its censor.",1,Political History
2142,100,6,24,War and Conflict,"Of course these men are but intermediaries between their respective governments and the Chinese Empire, yet their duties are complex.",1,Political History
2143,100,6,24,War and Conflict,"Most of them endured the privations and suspense of the siege, yet a year's struggle with perplexing problems awaited them.",2,Civilian Impact of War
2144,100,6,24,War and Conflict,Diplomacy has been slow to learn that in dealing with the Chinese Government confidence is never safe; the Boxer uprising is not the first.,1,Political History
2145,100,6,24,War and Conflict,"Treaties have been often made, but seldom honored, and now all the world wonders what will be the outcome of this last insurrection.",1,Political History
2146,100,6,24,War and Conflict,"Will China modernize and assimilate, or will she compromise in order to gain time only to make greater preparation to debar the Caucasian of the West, as she walled out the Tartar from the North?",1,Political History
2147,100,6,24,War and Conflict,"Time holds the secrets of the future, and for the issues of this great international settlement made by these ministers, we must wait.",1,Political History
