chapter,paragraph,paraph_class,paraph_class_name,text,sentence_paraph_class,logprob,categories,categories_probs,length_cats
1,2,11,Geography and Topography,"We are on the upper deck of one of the many steamers that ride at anchor in the beautiful harbor of Hongkong, and there we see before us in the distance, at the base of that dark, green mountain side, the city of Victoria, generally called Hongkong, after the island on which it is situated.",Geography and Topography,0.9748411490001676,"['Harbor and Waterways', 'Geography and Topography', 'Transportation', 'British Colonialism']","[0.25008841409945526, 0.2500870726371863, 0.24997732320795713, 0.24984683228423432]",4
1,2,11,Geography and Topography,"We are looking southwest and the mainland lies on our right, distant only a mile or two, and which we shall soon see from the slope of the mountain in front of us.",Geography and Topography,0.999999940388081,['Geography and Topography'],[0.9999918942133156],1
1,2,11,Geography and Topography,"A little to the left of the highest point of that somber elevation floats the English flag, that grand old symbol of our fatherland, on which, you know, the sun never sets.",British Colonialism,0.999993086147496,['British Colonialism'],[0.9998206526392062],1
1,2,11,Geography and Topography,"To our left, the city skirts the base of the rugged mountain for several miles; and should we follow the winding and irregular coast line and complete a circuit of the island, it would require a journey of over thirty miles; and should we ascend that dark green slope by cable tramway or by winding shady path, a climb of two thousand feet would be rewarded by a panorama scarcely surpassed in the whole world.",Geography and Topography,0.999999940388081,"['Geography and Topography', 'Transportation']","[0.4998269850303233, 0.499815426720533]",2
1,2,11,Geography and Topography,The summit of that mountain island is a maze of peaks and dells dotted everywhere with cozy villas of the wealthy who find there a cool and healthful retreat from the languishing summer heat of the city below.,Geography and Topography,0.9999997615523456,"['Geography and Topography', 'Social Classes and Customs']","[0.49986034576133115, 0.4997560387286847]",2
1,3,11,Geography and Topography,"Then by reference to the maps we can see that the great mass of China lies off to our right, stretching away for over two thousand miles.",Geography and Topography,0.999999940388081,['Geography and Topography'],[0.9999811652414899],1
1,3,11,Geography and Topography,"Directly before us, six hundred miles distant, is French or Indo-China, and further in that direction is Siam and the Malay Peninsula, Singapore being nearly fifteen hundred miles away.",Geography and Topography,0.9999998807761656,"['Geography and Topography', 'British Colonialism']","[0.5002830615297473, 0.4997121079840656]",2
1,3,11,Geography and Topography,"Luzon, the northernmost of the Philippine Islands, lies over six hundred miles sharply to our left.",Geography and Topography,0.999999940388081,['Geography and Topography'],[0.9999997615513649],1
1,3,11,Geography and Topography,"Back of us is Formosa, about four hundred miles away, while Tokio, Japan, is one thousand miles beyond Formosa.",Geography and Topography,1.0,['Geography and Topography'],[0.999995351075231],1
1,3,11,Geography and Topography,San Francisco is nearly six thousand miles distant behind us and over our left shoulder.,Geography and Topography,0.9999998211970382,"['Geography and Topography', 'Transportation']","[0.6736649979209659, 0.32633411865440626]",2
1,3,11,Geography and Topography,"Now, with a clearer sense of our location in this part of the earth, we will give further attention to this place immediately before us.",Geography and Topography,0.9999998807761656,['Geography and Topography'],[0.9999971389211411],1
1,4,2,British Colonialism,"Hongkong is a British crown colony and was a ""voluntary"" cession from China made sixty years ago, in settlement of trade difficulties between the two countries which had extended over a period of two hundred years.",British Colonialism,0.999979437900438,"['British Colonialism', 'Trade and Commerce']","[0.4998567773524779, 0.499855466529803]",2
1,4,2,British Colonialism,"It is now the most important entrepot of the far East, with a native population of two hundred and fifty thousand and about twelve thousand Europeans.",Trade and Commerce,0.9999662631832792,"['Trade and Commerce', 'Harbor and Waterways', 'British Colonialism']","[0.41408460301109146, 0.41403263251265127, 0.1718136114159105]",3
1,5,12,Harbor and Waterways,"That water front, which you see, is lined with commodious modern office buildings, granite quays and landing stages, around which queer native boats called sampans, manned by native women, ply their trade of carrying passengers from point to point.",Harbor and Waterways,0.999992251734516,"['Harbor and Waterways', 'Transportation', 'Daily Life and Occupations', 'Trade and Commerce', 'Architecture and Building']","[0.12647760714946518, 0.12647744129938743, 0.12647729054584253, 0.12647435065577237, 0.1264736716648798]",5
1,6,16,Plague and Disease,"It is Mount Davis, nearly nine hundred feet high, and around its base is a Chinese cemetery.",Geography and Topography,0.9996025105095084,"['Cemeteries and Burial Practices', 'Geography and Topography', 'Religion (Buddhism and Ancestor Worship)']","[0.33332651417260717, 0.33332643475390494, 0.33318925055076853]",3
1,6,16,Plague and Disease,"Between Mount Davis and the sea, on a gentle slope facing the northeast, thousands of little mounds, designated by simple board tablets, indicate the burial place of the victims of the bubonic plague which has prevailed for many years in this city.",Cemeteries and Burial Practices,0.9987657924387192,"['Plague and Disease', 'Cemeteries and Burial Practices', 'Geography and Topography']","[0.3333257318979124, 0.33332569215754054, 0.3333152409195017]",3
1,6,16,Plague and Disease,Neither the friends of the victims buried there nor leisure strollers are ever seen near the silent hillside; there even the dead menace the lives of the living.,Cemeteries and Burial Practices,0.9991475241250172,"['Cemeteries and Burial Practices', 'War and Conflict', 'Plague and Disease']","[0.33357110420976616, 0.3335001056070569, 0.3328817564056996]",3
1,7,20,Social Classes and Customs,"On the roof of this little house directly before us, in which John ""makee washee, washee,"" we see squatted three coolies in the characteristic position of the lower classes, not only of China, but of many other Oriental countries.",Social Classes and Customs,0.9999893315649124,"['Social Classes and Customs', 'Daily Life and Occupations', 'Family and Social Structures', 'Photography and Imaging', 'British Colonialism']","[0.20153619911324444, 0.20153146655018594, 0.2014892429958501, 0.20098918131611698, 0.19445352562653856]",5
1,7,20,Social Classes and Customs,"If the classification of men were made on the same plan as that of birds by ornithologists, these fellows would be styled perchers; for, whether eating, smoking, resting, or in social confab, they are always in this couchant and ungraceful pose.",Social Classes and Customs,0.9999884376243212,"['Daily Life and Occupations', 'Social Classes and Customs']","[0.5098420934599842, 0.48196510934606274]",2
1,8,24,War and Conflict,"We can see three large, new buildings on the quay, facing the harbor; the farthest of those buildings was a place of much importance during the Spanish-American war.",War and Conflict,0.9999819401612596,"['Harbor and Waterways', 'War and Conflict', 'Architecture and Building', 'Military and Naval Defenses', 'Geography and Topography']","[0.22882120709649048, 0.22882090706546643, 0.22881921585747242, 0.22881725185548502, 0.08471792628013401]",5
1,8,24,War and Conflict,"It is the Cable building, and it was to that place that all war dispatches were brought for transmission after the cable was cut in the bay of Manila.",War and Conflict,0.9999994039743072,"['War and Conflict', 'Military and Naval Defenses', 'Architecture and Building', 'Harbor and Waterways', 'Transportation']","[0.20039144669374157, 0.2003611876450684, 0.200251993948566, 0.1994676850641603, 0.19920686196544227]",5
1,9,11,Geography and Topography,"We shall go ashore in a sampan, most likely sculled by a Chinese mother with a babe tied at her back.",Harbor and Waterways,0.9976949769598672,"['Transportation', 'Harbor and Waterways', 'Daily Life and Occupations', 'Family and Social Structures', 'Social Classes and Customs']","[0.1773511391868651, 0.177349130881303, 0.17734016577267653, 0.17733331894684984, 0.17385375210384338]",5
1,9,11,Geography and Topography,We shall land near those same buildings and follow a well-paved street toward the mountain side.,Geography and Topography,0.9999997019404409,"['Transportation', 'Geography and Topography', 'Architecture and Building']","[0.36981975957068736, 0.36677453251287373, 0.26340531106184756]",3
1,9,11,Geography and Topography,"The second street we pass, Queen's Road, the chief thoroughfare, is almost impassable at times, so full is it with darting jinrikishas and sedan chairs, borne by chair coolies.",Transportation,0.9999509508367346,"['Transportation', 'Daily Life and Occupations', 'Social Classes and Customs', 'British Colonialism']","[0.2500196719942792, 0.2500190759222192, 0.25001064144590884, 0.24994327915500358]",4
1,9,11,Geography and Topography,"We ascend the mountain slope along beautiful walks and through botanical gardens embowered in every species of tropical palm and tree-fern, and past well kept lawns studded with bright flower beds, until we have reached an elevation of nearly a thousand feet somewhat farther to the left than we can see, when we turn about and from our elevated viewpoint look back in this direction upon the busiest and most beautiful harbor of the Orient.",Geography and Topography,0.999967513802584,"['Geography and Topography', 'Harbor and Waterways']","[0.49999916550774537, 0.4999986289104654]",2
1,9,11,Geography and Topography,"This new position is given on the map of Hongkong and vicinity by the two red lines that branch north from the island, each having the number 2 at its end.",Geography and Topography,0.9999986887770048,"['Geography and Topography', 'Harbor and Waterways']","[0.5088679348408631, 0.4909895371177005]",2
2,2,2,British Colonialism,"Now we obtain our first sight of the main-land of China, but scarcely yet do we see Chinese territory, for all that portion of the mainland now within our view is under the British flag, England having in recent years leased for a period of ninety-nine years (which an Englishman knows means forever) a peninsula embracing many square miles of territory, and extending many miles beyond those rocky mountains.",British Colonialism,0.9999997019871092,"['British Colonialism', 'Geography and Topography']","[0.49999538065546323, 0.4999936520565042]",2
2,2,2,British Colonialism,The military and naval defenses of Hongkong would be quite insecure unless England held adjacent lands on the mainland shore before us.,Military and Naval Defenses,0.9999977350560768,"['Military and Naval Defenses', 'War and Conflict', 'British Colonialism', 'Harbor and Waterways', 'Geography and Topography']","[0.21919574574527675, 0.21919561510726635, 0.21919548446410062, 0.2191861046505642, 0.12322699776607432]",5
2,2,2,British Colonialism,To the right and to the left of those bold barren mountains are sheltered bays from which a foreign fleet with modern guns could hurl monstrous projectiles to the very spot on which we stand.,Military and Naval Defenses,0.9978922065937352,"['War and Conflict', 'Military and Naval Defenses', 'Harbor and Waterways', 'Geography and Topography']","[0.249937602572803, 0.24993745361301814, 0.24993658950879116, 0.24993575525215203]",4
2,2,2,British Colonialism,"Mirs Bay, that memorable retreat of Admiral Dewey, when compelled by the enforcement of England's neutrality to leave the port of Hongkong, is only ten miles away, just behind those mountains to the right.",Harbor and Waterways,0.999545589308556,"['Harbor and Waterways', 'Geography and Topography', 'War and Conflict', 'British Colonialism']","[0.24620447868312387, 0.24620227768895353, 0.24619499962967564, 0.24616243317152967]",4
2,3,12,Harbor and Waterways,"If we now look down to the harbor before us we may see, quite to the right and farthest away, the long black cargo ship on which we stood when we obtained our first view, and a little nearer we see a large white mastless hull roofed over and anchored fore and aft;",Harbor and Waterways,0.9999998211642538,"['Harbor and Waterways', 'Transportation', 'Trade and Commerce']","[0.3456252071052246, 0.3456194799109056, 0.3087505336672407]",3
2,3,12,Harbor and Waterways,"that is a naval receiving ship of the station, to which naval men and officers are brought when transfers are to be made.",Military and Naval Defenses,0.909685360237515,"['Transportation', 'Military and Naval Defenses', 'Harbor and Waterways', 'Daily Life and Occupations']","[0.2506624115020658, 0.2506603197381069, 0.25059585402509926, 0.24807576740974296]",4
2,4,13,Military and Naval Defenses,"A little nearer we see a long, rakish, crouching, demoniacal looking craft with a skulking lowness in the water.",Military and Naval Defenses,0.9996243621499734,"['Harbor and Waterways', 'Transportation']","[0.49987188892571444, 0.49986402308401645]",2
2,4,13,Military and Naval Defenses,In the center of our field of vision we see a large white ship with three funnels; her lines indicate other purposes than the pursuit of commerce.,Military and Naval Defenses,0.9999951126684496,"['Transportation', 'Harbor and Waterways', 'Military and Naval Defenses', 'Photography and Imaging']","[0.2491816526205593, 0.24916332692877838, 0.2491455413489446, 0.24841742597783711]",4
2,4,13,Military and Naval Defenses,"Our field of vision embraces only a narrow space across the channel; throughout its full length there are seldom fewer than fifteen or twenty of these grim arbiters anchored in this focus of Oriental commerce, and they are mostly English.",Military and Naval Defenses,0.9999243780839904,"['Trade and Commerce', 'Harbor and Waterways', 'British Colonialism', 'Tea Production and Trade']","[0.24452242609650876, 0.24452195970293497, 0.2445204438708221, 0.2438887800198425]",4
2,5,22,Trade and Commerce,"Across the harbor immediately before us, and to the right of the projecting headland, are situated the city and harbor of Kowloon, at which are dry docks that will accommodate the largest warships.",Harbor and Waterways,0.9999703178585704,"['Harbor and Waterways', 'Geography and Topography', 'Military and Naval Defenses', 'Transportation', 'War and Conflict']","[0.20009243959404194, 0.20009186716087632, 0.20008974433766608, 0.20005295144750385, 0.1992256931969025]",5
2,5,22,Trade and Commerce,"We can faintly see the docks across that small bay point of land, to the right of the city.",Harbor and Waterways,0.999016026283562,"['Harbor and Waterways', 'Geography and Topography']","[0.49960161343495735, 0.4995995888270908]",2
2,5,22,Trade and Commerce,"It was there that several of the Spanish warships destroyed by our fleet in Manila Bay were taken for reconstruction under the supervision of the brave hero of the ""Merrimac,"" Lieutenant Hobson.",War and Conflict,0.9739604074667948,"['War and Conflict', 'Military and Naval Defenses', 'Harbor and Waterways']","[0.3333396378743964, 0.33333490923640313, 0.33332159832126645]",3
2,5,22,Trade and Commerce,"Vast storehouses, or ""godowns"" as they are named in the East, to accommodate transshipment, are ranged near the piers.",Trade and Commerce,0.99946693469373,"['Harbor and Waterways', 'Trade and Commerce', 'Transportation', 'Architecture and Building', 'Tea Production and Trade']","[0.14317646077102317, 0.14317644370097654, 0.14317572690383415, 0.14316507758838198, 0.14315376662152174]",5
2,5,22,Trade and Commerce,"It is estimated that the actual trade of the European colony, exclusive of the cargoes which pass through this port without breaking bulk, is over 100,000,000 pounds per annum.",Trade and Commerce,0.9999994039743072,"['Trade and Commerce', 'British Colonialism', 'Harbor and Waterways']","[0.3333508196656971, 0.3333501043573644, 0.333222163612686]",3
2,5,22,Trade and Commerce,"Many passenger steamers for Europe and America coal and embark passengers from the docks at Kowloon; but the boats of the Pacific Mail, the Canadian Pacific and most of the great lines for Europe receive and discharge their cargoes and embark and debark passengers at their anchorage in the harbor, which extends a mile or more on either hand in the bay between us and the opposite shore.",Harbor and Waterways,0.9638830939437848,"['Harbor and Waterways', 'Transportation', 'Trade and Commerce', 'Daily Life and Occupations', 'Geography and Topography']","[0.1685721881472677, 0.16857216804944508, 0.1685714245485179, 0.16855105062663744, 0.16854707516854076]",5
2,5,22,Trade and Commerce,"The harbor front at Kowloon presents a busy scene; rail-trucks are constantly thundering back and forth between the long piers and the godowns, coolies, in long lines, waddling under heavy loads carried on bamboo poles, pass to and fro uttering a weird, rhythmical cry which they think helps to dispel a consciousness of physical burden.",Trade and Commerce,0.9934443326829367,"['Harbor and Waterways', 'Daily Life and Occupations', 'Trade and Commerce', 'Transportation', 'Social Classes and Customs']","[0.19864683300949884, 0.19864676195919598, 0.1986467382943084, 0.19864652517013584, 0.1986177129266223]",5
2,5,22,Trade and Commerce,"At frequent intervals small steam ferry-boats ply between Hongkong and Kowloon, carrying first-class passengers at five-cent fares and second-class at half that amount.",Transportation,0.9398480780995648,"['Transportation', 'Harbor and Waterways', 'Daily Life and Occupations', 'Social Classes and Customs', 'British Colonialism']","[0.17189343503226168, 0.17189337355088571, 0.17189111961211706, 0.17186977239046572, 0.17034894307194454]",5
2,5,22,Trade and Commerce,"I must remind you, however, that the busy commercial port we see across the bay is not the native city of Kowloon.",Trade and Commerce,0.9755294066048256,"['Harbor and Waterways', 'Trade and Commerce', 'Geography and Topography', 'British Colonialism']","[0.3174350327230876, 0.31743007552817576, 0.31416065657205366, 0.050879963018474535]",4
2,5,22,Trade and Commerce,A water-front embracing about three square miles was here added to the colony of Hongkong thirty-five years ago.,Harbor and Waterways,0.9999569697738092,"['Harbor and Waterways', 'British Colonialism', 'Geography and Topography']","[0.3333322207922972, 0.3333320618277438, 0.33333098893055446]",3
2,5,22,Trade and Commerce,A few miles out among those low hills a granite bowlder marks the place of the surrender of the last of the Taipings.,War and Conflict,0.9999893911761992,"['War and Conflict', 'Geography and Topography', 'British Colonialism', 'Prisoners and Punishment']","[0.2506096112481592, 0.25059213494059474, 0.25056714159916427, 0.2481004988171164]",4
2,6,11,Geography and Topography,The native city of the same name is hidden among the low hills three miles distant and a little to our right.,Geography and Topography,0.999999940388081,['Geography and Topography'],[0.9999997615515639],1
2,6,11,Geography and Topography,The native Kowloon is a typical old Chinese city of low onestory buildings with tile roofs and surrounded by a dilapidated brick wall.,Architecture and Building,0.9999793782479088,['Architecture and Building'],[0.9995515828055855],1
2,7,11,Geography and Topography,"but beyond are many fertile and well-cultivated valleys producing rice, sugar-cane, sweet potatoes, garden fruits and vegetables.",Agriculture and Farming,0.999989033575835,"['Agriculture and Farming', 'Food and Diet', 'Geography and Topography', 'Daily Life and Occupations']","[0.25003388430752166, 0.25003388430752166, 0.2500336756659904, 0.24989348873694534]",4
2,7,11,Geography and Topography,"In some portions of this peninsula that curious nut or fruit, sometimes seen in our markets, called the lichee, is abundantly produced.",Food and Diet,0.978120903062355,"['Food and Diet', 'Agriculture and Farming', 'Trade and Commerce', 'Geography and Topography']","[0.30007177707699884, 0.30007131204348203, 0.29944185259297473, 0.10039556123635125]",4
2,7,11,Geography and Topography,"Along that mountain range to the left, distinctly visible from positions near us, is a long line of excavation that shows the beginning of a railroad that is to connect Hongkong and Canton.",Geography and Topography,0.9753561539300548,"['Transportation', 'Geography and Topography', 'Trade and Commerce', 'British Colonialism', 'Architecture and Building']","[0.20036686116743832, 0.20036616846917968, 0.2003635170934007, 0.20035759447140156, 0.1985384784034291]",5
2,8,5,Education,"When we looked at Hongkong from the ship your attention was called to three buildings, one containing the cable office; those buildings are again before us, down by the harbor.",Harbor and Waterways,0.9991369394177512,"['Harbor and Waterways', 'Architecture and Building', 'British Colonialism']","[0.4154014582285425, 0.41532136020367527, 0.1660775745891671]",3
2,8,5,Education,"A little further to the left, just to the right of the tree before us, and about half way to the Cable building, is St. John's Protestant Cathedral, a pretty building erected over fifty years ago, with a seating capacity for eight hundred.",Architecture and Building,0.9999971391850973,"['Architecture and Building', 'Geography and Topography']","[0.5003722410993434, 0.4995476721683877]",2
2,8,5,Education,"And below us to the left of the tree we see the spire of the Union Church, erected two years before the former and seating about five hundred people.",Architecture and Building,0.9999793782588224,['Architecture and Building'],[0.9997365619672287],1
2,8,5,Education,"Much encouragement has been given in that direction in Hongkong, and the Chinese inhabitants are quite alive to the importance of education.",Education,0.999999940388081,"['Education', 'British Colonialism']","[0.499876062100039, 0.49984447767340917]",2
2,8,5,Education,When approaching the schoolhouse I was amazed at the great volume of vocal noise proceeding from within the schoolroom.,Education,0.9999998211642538,"['Education', 'Daily Life and Occupations']","[0.5000437083436297, 0.49995617240690515]",2
2,8,5,Education,"I asked the teacher, who spoke intelligible English, if Chinese pupils always study in this fashion.",Education,0.999999940388081,['Education'],[0.999661897613407],1
2,8,5,Education,"He replied that ""Chinamen believe study muchee loud remember more better.""",Education,0.9999997615523456,['Education'],[0.998995770081947],1
2,8,5,Education,"This is a thought for the teacher who is fond of hearing a ""pin drop,"" and a plea for the boy who isn't.",Education,0.999999940388081,['Education'],[0.9990879227185541],1
2,9,20,Social Classes and Customs,"I do not now remember whether his back presentation was from choice or necessity, because sometimes the lower classes can be induced to present their backs to the camera when vast sums of money would not induce them to face that dire instrument of evil, believing that when their faces are photographed a part of their identity is forever lost to them, and this becomes a serious matter in their ancestral worship.",Social Classes and Customs,0.900346547975563,"['Photography and Imaging', 'Social Classes and Customs', 'Family and Social Structures', 'Religion (Buddhism and Ancestor Worship)']","[0.23767936570951942, 0.23767911072298617, 0.23767636252223784, 0.2376739544629893]",4
2,11,12,Harbor and Waterways,"We shall return again to the harbor, pass along the waterfront to the left for a half-mile, and board a steamer for Canton, distant about seventy-five miles.",Harbor and Waterways,0.989241805898971,"['Harbor and Waterways', 'Transportation', 'Geography and Topography']","[0.465459710050047, 0.4654596545561557, 0.06891334251459376]",3
2,11,12,Harbor and Waterways,"After landing at Canton we shall go a short distance above the landingplace to the Imperial Custom House, from the roof of which we shall look back down the river over the route from Hongkong.",Harbor and Waterways,0.9999990463231824,"['Harbor and Waterways', 'Transportation', 'British Colonialism', 'Geography and Topography']","[0.249623150011191, 0.24961425290064354, 0.24957855735558535, 0.24945701423851954]",4
2,12,11,Geography and Topography,"Let us turn to the special map of Canton, Map No. 4, where we find our position and field of vision shown by the red lines which start from near the river and branch toward the right.",Geography and Topography,0.9999831314111672,"['Geography and Topography', 'Harbor and Waterways', 'Military and Naval Defenses']","[0.46378912640333436, 0.4637814447745086, 0.07240825444692311]",3
3,2,23,Transportation,"Two steamers of this class, besides several other boats that carry freight and a few passengers, ply daily between Canton and Hongkong.",Harbor and Waterways,0.581431208694235,"['Transportation', 'Harbor and Waterways', 'Trade and Commerce', 'Daily Life and Occupations', 'Tea Production and Trade']","[0.17549301233601675, 0.17549290773767248, 0.1754928868213689, 0.1754922591875279, 0.17192447480515644]",5
3,2,23,Transportation,These side-wheel boats are of European construction and are quite similar to those that ply between New York and Albany on the Hudson River.,Harbor and Waterways,0.8672053497593034,"['Transportation', 'Harbor and Waterways', 'Trade and Commerce', 'Daily Life and Occupations']","[0.25001307288959673, 0.25001295368288473, 0.250001390912597, 0.2499692744336246]",4
3,2,23,Transportation,"They have accommodations for first-class European passengers and a separate accommodation for first-class native passengers, besides an entire lower deck for the second-class Chinese, who are carried between the two ports at fifty-cent fares; first-class natives are carried for one dollar, while European travellers are charged at the civilized rate of eight dollars for the same short passage.",Transportation,0.7509868195059779,"['Transportation', 'Social Classes and Customs', 'British Colonialism', 'Trade and Commerce', 'Harbor and Waterways']","[0.2019277621865345, 0.20192773809869224, 0.2019267271854403, 0.20183813674082557, 0.19235133004523425]",5
3,3,12,Harbor and Waterways,"We are looking due east, and the water before us is only one branch of the Canton or Pearl River.",Harbor and Waterways,0.9999940995841278,"['Harbor and Waterways', 'Geography and Topography']","[0.499940831363743, 0.49993999700350333]",2
3,3,12,Harbor and Waterways,"The land on the right of the steamer is an island five or six miles long, and beyond it is another broad affluent of the Canton River.",Harbor and Waterways,0.9642083373845004,"['Geography and Topography', 'Harbor and Waterways', 'Transportation']","[0.3333746862358609, 0.3333744478023998, 0.3332508659617393]",3
3,3,12,Harbor and Waterways,"That island on the right bank is densely populated and forms an important suburb to the city of Canton, which lies on the north bank and extends several miles in every direction from our point of view.",Geography and Topography,0.9977356654710324,['Geography and Topography'],[0.9990381528526329],1
3,4,12,Harbor and Waterways,The scene before us is one of the most interesting features of the myriad life of China's greatest commercial city.,Harbor and Waterways,0.9998332176309354,"['Trade and Commerce', 'Daily Life and Occupations']","[0.819920506796971, 0.17816870897596637]",2
3,4,12,Harbor and Waterways,"As far as our sight can reach we see boats; these boats are homes in which millions of human beings have been born, have lived and have died; and in many cases, without ever having set foot on land.",Harbor and Waterways,0.9813525695982348,"['Harbor and Waterways', 'Transportation', 'River Dwellers (Tankia)']","[0.32068266712045984, 0.3206638968188016, 0.32065499372457007]",3
3,4,12,Harbor and Waterways,It has been estimated that in these floating homes from two hundred and fifty to four hundred thousand lives are daily rising and falling with the tide.,Harbor and Waterways,0.9913471129142032,"['Harbor and Waterways', 'Architecture and Building', 'Daily Life and Occupations', 'River Dwellers (Tankia)']","[0.25476388218639806, 0.254738678251248, 0.2547328479494896, 0.23544038885939442]",4
3,5,19,River Dwellers (Tankia),"The inhabitants of these floating dwellings are called Tankia, which means boat-dwellers; their ancestors were also amphibians.",River Dwellers (Tankia),0.9999991655854572,"['River Dwellers (Tankia)', 'Harbor and Waterways']","[0.49992146927736225, 0.49991080262019755]",2
3,5,19,River Dwellers (Tankia),"It has been estimated that eighty-five thousand of these boats are about Canton and that, of this number, forty thousand are permanently located.",Harbor and Waterways,0.9928531149721088,"['Harbor and Waterways', 'Transportation', 'Trade and Commerce', 'Daily Life and Occupations']","[0.24965621051137082, 0.24965615097263438, 0.24962166492729065, 0.24682789421481255]",4
3,5,19,River Dwellers (Tankia),"On many of them pigs and chickens are reared, and in many cases when the smallness of the boat does not afford deck space for such stock, a box or cage is suspended from the stern to serve as a pig-pen or a chickencoop.",Daily Life and Occupations,0.9999143699017824,"['Transportation', 'Agriculture and Farming', 'Daily Life and Occupations', 'Food and Diet']","[0.2499027934832232, 0.2499023462814511, 0.2499016615006079, 0.2498797981186937]",4
3,5,19,River Dwellers (Tankia),"For centuries the Chinese have used boats for dwellings, and having a free anchorage their building sites cost nothing.",Architecture and Building,0.9984356110337896,"['Architecture and Building', 'Harbor and Waterways', 'Daily Life and Occupations', 'Transportation', 'Social Classes and Customs']","[0.1841434724475808, 0.18414329684527353, 0.18414255052767456, 0.18408718613935146, 0.18283232979223654]",5
3,5,19,River Dwellers (Tankia),"A house for twenty dollars and a free site surpass all Western residential economics; but for one hundred dollars a boat almost luxurious in appointments, according to the Tankia's order of life, can be obtained.",Daily Life and Occupations,0.9798644683441442,"['River Dwellers (Tankia)', 'Social Classes and Customs', 'Architecture and Building', 'Trade and Commerce', 'Transportation']","[0.20197407608419496, 0.20191962784328385, 0.20190675873505556, 0.20188510392710204, 0.19210649398436766]",5
3,6,4,Daily Life and Occupations,A thatch of palm leaves or a cover of matting over a portion of each boat protects the occupants from sun and rain and serves as an eating and sleeping place.,Daily Life and Occupations,0.9982449047434032,"['Daily Life and Occupations', 'Transportation', 'Architecture and Building', 'River Dwellers (Tankia)']","[0.29479267018294336, 0.2947856063720498, 0.2946227316772063, 0.11566187439849562]",4
3,6,4,Daily Life and Occupations,"We speak of limitation of space, as things ""in a nutshell,"" but here in the small compass of a fifteen-foot boat there are births, deaths and funerals there are henneries and pig-pens, and even flower-gardening, particularly on the larger boats, where considerable space in the bow is set apart for flower-pots.",Daily Life and Occupations,0.999601319996672,"['Daily Life and Occupations', 'Transportation', 'Family and Social Structures', 'Agriculture and Farming']","[0.24928971944556855, 0.24923288497633878, 0.2492212103120667, 0.24839538936119795]",4
3,7,23,Transportation,"Sometimes European travellers who wish to make a prolonged sojourn in the vicinity of Canton, and do not care to pay the high prices charged in the one hotel, hire a comfortable house-boat which can be had for one dollar per day.",Transportation,0.9996505000748876,"['Harbor and Waterways', 'Transportation', 'Daily Life and Occupations', 'Social Classes and Customs']","[0.2499551850573274, 0.24995277163203677, 0.24994365386454104, 0.24993561096360728]",4
3,7,23,Transportation,"In that case the native owners occupy a small space in the bow, where all cooking is done for the traveller without extra cost, with the additional advantage of free transportation to any point on the river.",Transportation,0.999933431321815,"['Transportation', 'Harbor and Waterways', 'Food and Diet', 'Social Classes and Customs', 'Daily Life and Occupations']","[0.15809462607730768, 0.1580932880527559, 0.1580837520294905, 0.15807862762146657, 0.15805119719072974]",5
3,8,4,Daily Life and Occupations,"One naturally wonders how this swarming population of river-dwellers is maintained, and the answer is chiefly by transporting merchandise and by carrying passengers from place to place.",Transportation,0.8924597139836231,"['Trade and Commerce', 'Transportation', 'Daily Life and Occupations', 'Harbor and Waterways', 'River Dwellers (Tankia)']","[0.20000199777340735, 0.20000199777340735, 0.20000156863842142, 0.2000013540396231, 0.1999870260330003]",5
3,8,4,Daily Life and Occupations,In some cases daughters go ashore to work in factories as girls do in other countries; but the factory girl's annual income in China would scarcely buy an American girl's hat.,Daily Life and Occupations,0.9999666204608256,"['Daily Life and Occupations', 'Social Classes and Customs', 'Family and Social Structures', 'Fashion and Dress']","[0.2502501958860773, 0.2502466756395688, 0.25024351375829756, 0.24704209895938384]",4
3,9,22,Trade and Commerce,"if you were on board the steamer you would find many of these filled with water and alive with large and beautiful fish for the Hongkong market, where they are delivered alive.",Trade and Commerce,0.9999953508844396,"['Trade and Commerce', 'Harbor and Waterways', 'Transportation', 'Food and Diet', 'Daily Life and Occupations']","[0.1690722482529564, 0.16907154287611995, 0.1690712808681012, 0.1690700514304343, 0.16902538093586647]",5
3,10,12,Harbor and Waterways,Down the river beyond the steamer and before reaching that dark group of buildings we can see several ranges of larger boats extending from mid-stream toward the shore on the left.,Harbor and Waterways,0.9999995231614776,"['Harbor and Waterways', 'Transportation', 'Geography and Topography']","[0.33339673730343067, 0.3333954654195483, 0.33320064293637547]",3
3,10,12,Harbor and Waterways,"From those boats called ""flower-boats"" we shall look toward the city, on our left here.",Harbor and Waterways,0.9999926687115006,"['Harbor and Waterways', 'Transportation']","[0.499849001062734, 0.4998221885274564]",2
4,2,10,Gambling and Opium,We stand on the upper deck or roof of one of these boats and look northward toward the shore and over the city.,Harbor and Waterways,0.9999827736202322,"['Harbor and Waterways', 'Transportation']","[0.5002176159955634, 0.49975602660187907]",2
4,2,10,Gambling and Opium,"They are often gorgeously furnished within; the woodwork is carved; the walls are hung with pictures and embroideries; wall mirrors duplicate all objects of ornamentation; the furniture is inlaid with mother-of-pearl; flowers, both natural and artificial, furnish an abundance of color; and every night these popular resorts are filled with seekers after pleasure and recreation.",Gambling and Opium,0.9999817017924888,"['Social Classes and Customs', 'Architecture and Building', 'Daily Life and Occupations']","[0.33372103005480386, 0.3333308199136091, 0.33258055767375144]",3
4,2,10,Gambling and Opium,"The opium smoker with his seductive pipe comes here to dispel his cares with this insidious narcotic; the gambler comes to these flower-boats to try his fortune at fan-tan or other Chinese games, for gambling is one of China's national vices.",Gambling and Opium,1.0,"['Gambling and Opium', 'Social Classes and Customs', 'Daily Life and Occupations']","[0.3332850604964245, 0.3332823983432657, 0.3332678982238484]",3
4,3,10,Gambling and Opium,"Although the Chinese are an industrious race, they often have an excess of leisure, and too much leisure always creates a desire for a pastime or for pleasure resorts.",Gambling and Opium,0.9938420048887088,"['Daily Life and Occupations', 'Social Classes and Customs']","[0.5000027385940229, 0.4999954728502966]",2
4,3,10,Gambling and Opium,"As our idlers repair to a saloon or a summer-garden, so the Chinese idlers, as well as Chinese professional chance men, come to these flower-boats to win at cards, at dominoes, or dice.",Gambling and Opium,1.0,"['Social Classes and Customs', 'Daily Life and Occupations', 'Gambling and Opium']","[0.3309950496408619, 0.3309904724956634, 0.33078965144012396]",3
4,3,10,Gambling and Opium,"The passion for gambling is universal, and the stereotyped invitation ""Buy a chance and get rich,"" is heard everywhere.",Gambling and Opium,1.0,"['Gambling and Opium', 'Social Classes and Customs']","[0.7095027290302888, 0.29039503516459964]",2
4,3,10,Gambling and Opium,"So the gaudy interiors of these floating dens of vice are nightly filled with sharpers, with idlers, with gamblers and desperate characters.",Gambling and Opium,0.999999940388081,"['Gambling and Opium', 'Social Classes and Customs', 'Daily Life and Occupations', 'Harbor and Waterways']","[0.2472048011043387, 0.2472023551702987, 0.24719165823528833, 0.2466225000322023]",4
4,4,20,Social Classes and Customs,Most travellers and tourists who come to Canton seldom spend more than two or three days in visiting the various places of interest.,Social Classes and Customs,0.999978901620782,"['Architecture and Building', 'Daily Life and Occupations', 'Social Classes and Customs', 'Harbor and Waterways', 'Geography and Topography']","[0.24999424420563623, 0.24999424420563623, 0.24999424420563623, 0.12499714445541758, 0.08334669397876156]",5
4,4,20,Social Classes and Customs,"There is so much that is repellent besides the exorbitant prices of poor hotels that a single day may satisfy the sightseer; naturally, therefore, there is a set number of places to be visited in a limited time, and one of these places is the flower-boats.",Social Classes and Customs,0.9999921314356816,['Harbor and Waterways'],[0.9951875928756958],1
4,5,20,Social Classes and Customs,"These boats cost from five hundred to a thousand dollars, and are generally owned by the men in charge of them.",Daily Life and Occupations,0.979300618635033,"['Transportation', 'Daily Life and Occupations', 'Harbor and Waterways', 'Social Classes and Customs', 'Trade and Commerce']","[0.20132716797566602, 0.2013264000294304, 0.2013233042528396, 0.20130513832641914, 0.19466630661103176]",5
4,5,20,Social Classes and Customs,"At night these boats are illuminated brilliantly with lamps and lanterns, and patrons come and go by boats and along those projecting bows.",Harbor and Waterways,0.9996986633431671,"['Harbor and Waterways', 'Transportation', 'Daily Life and Occupations']","[0.33545681664543003, 0.33545533705966574, 0.3290411435848486]",3
4,5,20,Social Classes and Customs,"Then they are not safe places to visit unless accompanied by a guide; but during the day they are vacated except by the owners and their families whom we see engaged in their daily routine of putting their boats in order for another night's round of feasting, gambling and dissipation.",Social Classes and Customs,0.8930446221996607,"['Harbor and Waterways', 'Daily Life and Occupations', 'Social Classes and Customs', 'Family and Social Structures', 'Gambling and Opium']","[0.1392607684543942, 0.13926070209846383, 0.13925741517880227, 0.1392465762701754, 0.13923716878806744]",5
4,5,20,Social Classes and Customs,"A little beyond, a dame with her back toward us is delivering the morning gossip to her neighbors on the next boat, while her liege by her side, with ""turned-up pantaloons,"" is on daily avocations bent.",Daily Life and Occupations,0.8831822297105157,"['Daily Life and Occupations', 'Harbor and Waterways', 'Family and Social Structures', 'Fashion and Dress', 'Social Classes and Customs']","[0.16723664252562945, 0.16723540656747599, 0.16723403095318437, 0.16722924692379276, 0.16722717290161757]",5
4,6,20,Social Classes and Customs,"Beyond the small house-boat two men in characteristic crouching pose are plainly watching the ""foreign devils"" and commenting thereon in a foul sarcasm only possible among Chinese.",Social Classes and Customs,0.999979676235928,"['British Colonialism', 'Social Classes and Customs', 'Harbor and Waterways', 'River Dwellers (Tankia)']","[0.2515086538072668, 0.2515048468803163, 0.2514727762171345, 0.24538536012119233]",4
4,6,20,Social Classes and Customs,"With us ""Time is money,"" with the Chinese time is of little account, but space is money.",Social Classes and Customs,0.9999995827822108,"['Social Classes and Customs', 'Trade and Commerce']","[0.49360441602970895, 0.4935323630504533]",2
4,7,1,Architecture and Building,"Although space is valuable and upper space is free, yet the Chinese do not evidently take to ""sky-scrapers,"" as you can judge from the single story buildings everywhere.",Architecture and Building,0.9999997615523456,"['Architecture and Building', 'Social Classes and Customs', 'Daily Life and Occupations', 'Geography and Topography']","[0.25103665437811884, 0.2509685609306272, 0.2509505624135137, 0.24704392302907366]",4
4,7,1,Architecture and Building,"Pawn shops, however, constitute a curious exception to the rule of low buildings, two of which you may see in the distance.",Architecture and Building,0.9999995827734,"['Architecture and Building', 'Trade and Commerce', 'Daily Life and Occupations']","[0.33335630788016407, 0.33334156595583697, 0.3332866262802336]",3
4,7,1,Architecture and Building,These pawn shops form landmarks in Chinese cities and may be seen at great distances towering above all other buildings.,Architecture and Building,0.9999997615523456,"['Architecture and Building', 'Trade and Commerce', 'Daily Life and Occupations', 'Social Classes and Customs']","[0.31514873450350805, 0.3151217264370636, 0.3151061416874749, 0.05461817544632914]",4
4,8,4,Daily Life and Occupations,"Just before these flower-boats we have a good example of a small house-boat-its shape, its roof, and a projection over the stern, where, as I have already stated, are placed the pig-box and the hen-coop.",Harbor and Waterways,0.9965754631343168,"['Harbor and Waterways', 'Architecture and Building', 'Transportation']","[0.3273930248499292, 0.32738842074050406, 0.32738564959324395]",3
4,8,4,Daily Life and Occupations,"There is not much choice, however, for the porcine member in one case has more space, in the other better ventilation.",Daily Life and Occupations,0.9373519431066686,"['Agriculture and Farming', 'Prisoners and Punishment']","[0.5097916136347248, 0.4902005467481504]",2
4,9,4,Daily Life and Occupations,"You see those garments hung out to dry on poles and near them, also on poles, objects that might be mistaken for sheepskins.",Daily Life and Occupations,0.9912874376987346,"['Daily Life and Occupations', 'Fashion and Dress']","[0.49679981005235124, 0.496741899973137]",2
4,10,20,Social Classes and Customs,"Notice now a short distance over in the city an object which in other countries would be taken for a flag-pole, with an arrangement resembling the cross trees on a ship's mast.",Social Classes and Customs,0.9999740140622084,['Harbor and Waterways'],[0.9934808473389317],1
4,10,20,Social Classes and Customs,"It marks the residence of a mandarin, and it is often a convenience when travelling in China to know just where the mandarin, in a town or village, lives.",Social Classes and Customs,0.9999901657494488,"['Social Classes and Customs', 'Daily Life and Occupations', 'Family and Social Structures']","[0.3262625770511383, 0.32624943219363023, 0.32607972845185296]",3
4,11,11,Geography and Topography,"We are here looking almost due north, and by following a northerly direction for several miles we shall find ourselves next standing on the northern side of the city and looking almost directly towards the spot we now occupy.",Geography and Topography,0.999999940388081,['Geography and Topography'],[0.9999996423906982],1
4,11,11,Geography and Topography,The red lines starting from the number 5 near the top of Map No. 4 and toward the southeast show our position and field of vision.,Geography and Topography,0.999999940388081,"['Military and Naval Defenses', 'War and Conflict', 'Geography and Topography']","[0.3333655016405862, 0.3333544151242897, 0.3332779373683244]",3
5,2,22,Trade and Commerce,"We are now standing on a low hill on the northern side of the city with the city wall just behind us, and looking a little east of south toward the Canton River, which we see in the distance.",Geography and Topography,0.999133494177883,"['Geography and Topography', 'Harbor and Waterways']","[0.49988254206665883, 0.49987890666695695]",2
5,2,22,Trade and Commerce,"The greatest commercial emporium of Asia is spread out over the plain before us, extending eastward and westward for many miles.",Trade and Commerce,0.999996423776366,"['Trade and Commerce', 'Geography and Topography']","[0.49996150121104554, 0.49996036888903167]",2
5,2,22,Trade and Commerce,"That vast hive of human life is encompassed by a high brick wall seven miles in circumference, and within that wall a million human beings are toiling for a livelihood.",Daily Life and Occupations,0.9998814709944768,"['Daily Life and Occupations', 'Architecture and Building']","[0.5073773912648881, 0.491583592224788]",2
5,2,22,Trade and Commerce,Almost an equal number have outgrown the limits of the ancient wall and spread out into the suburbs and across the river.,Trade and Commerce,0.9999643571667846,['Geography and Topography'],[0.9997212139162045],1
5,3,1,Architecture and Building,"A distant panoramic view of any city always leaves much for the imagination, just as when we look at the exterior of a single house, the interior life is for the imagination.",Architecture and Building,0.9999995827822108,"['Photography and Imaging', 'Architecture and Building']","[0.5000004768122301, 0.4999988673860133]",2
5,3,1,Architecture and Building,"But you notice here that, although the Chinese are innocent of the expensive æstheticism of paint, they are not ignorant of the use of whitewash.",Architecture and Building,0.9999997615523456,['Architecture and Building'],[0.9998839343741652],1
5,4,5,Education,We can see no church spires; but there are one hundred and twenty temples down in that great sea of lowly homes.,Religion (Buddhism and Ancestor Worship),0.9999982118710092,"['Architecture and Building', 'Social Classes and Customs', 'Religion (Buddhism and Ancestor Worship)']","[0.4618610994222705, 0.4617217443067183, 0.07599347891693008]",3
5,5,23,Transportation,"People are carried from place to place through the narrow winding streets in sedan-chairs, and it is probably not unsafe with respect to truth to say that not one wheeled vehicle could be found within the entire range of our vision.",Transportation,0.9999979733115724,"['Transportation', 'Daily Life and Occupations', 'Social Classes and Customs']","[0.33247510438656047, 0.33247114128625427, 0.332452394307721]",3
5,6,4,Daily Life and Occupations,"If by some power the real inwardness of all the social and industrial life in this panorama could be disclosed to us, what a marvelous scene we should behold!",Daily Life and Occupations,0.3578931162912862,"['Family and Social Structures', 'Social Classes and Customs', 'Daily Life and Occupations']","[0.32991628913916066, 0.3299103878654002, 0.3298957619726354]",3
5,6,4,Daily Life and Occupations,"There are palaces after a fashion; there are hospitals; there are arsenals; there are ancestral halls; there are prisons; there is the imperial mint; there is the execution ground where beheading is done; there are scores of markets, including a cat-market and a dog-market, where these domestic friends are sold for food.",Daily Life and Occupations,0.9998802787162104,"['Trade and Commerce', 'Prisoners and Punishment', 'Daily Life and Occupations', 'Food and Diet', 'Architecture and Building']","[0.16581770915520946, 0.16581727435949972, 0.16581717550723793, 0.16581515943364694, 0.16581502103538515]",5
5,6,4,Daily Life and Occupations,"There are seventeen thousand people engaged in silk weaving; and not in great factories, but in small dingy homes where handmade bamboo looms turn out the delicate fabrics with which our stores are filled, and those magnificent brocades which charm our fancies.",Daily Life and Occupations,0.9999995827822108,"['Daily Life and Occupations', 'Trade and Commerce', 'Fashion and Dress', 'Family and Social Structures', 'Social Classes and Customs']","[0.20030063559865535, 0.2002996805558319, 0.200298820958053, 0.20022211306474405, 0.19887418956795286]",5
5,6,4,Daily Life and Occupations,"There are fifty thousand people making cloth; and there are over four thousand shoemakers; there are great numbers of wood-carvers, stonecutters and workers in iron, brass, ivory and silver.",Daily Life and Occupations,0.9999997019404409,"['Daily Life and Occupations', 'Trade and Commerce', 'Fashion and Dress']","[0.324893468985431, 0.3248600490648816, 0.3243662181591868]",3
5,7,10,Gambling and Opium,"It is a world of ceaseless industry; it is likewise a world of vice, as I have already intimated, and has acquired an infamous celebrity for profligacy and corruption; it contains the greatest number of the worst specimens that can be found in the empire.",Gambling and Opium,0.9987619310649808,"['Social Classes and Customs', 'Prisoners and Punishment']","[0.5048682766133887, 0.49475138936172575]",2
5,7,10,Gambling and Opium,"A retiring viceroy once expressed himself thus about Canton: ""Deceit and falsehood prevail everywhere in this city, in all ranks and in all places.",Social Classes and Customs,0.9942613742976986,"['British Colonialism', 'Social Classes and Customs']","[0.5001652280770141, 0.49980382900698517]",2
5,8,11,Geography and Topography,We must now turn our attention in the opposite direction; we shall step upon the wall and look northwest.,Geography and Topography,0.999999940388081,['Geography and Topography'],[0.9995613642732485],1
6,2,18,Religion (Buddhism and Ancestor Worship),We see a country where only the low land is cultivated and where the hills and mountains are without timber except for an occasional clump of trees.,Geography and Topography,0.9999991655627198,"['Geography and Topography', 'Agriculture and Farming']","[0.48697923799062964, 0.48697819306660306]",2
6,2,18,Religion (Buddhism and Ancestor Worship),The area of valuable land occupied by graves has long been a serious curtailment of agricultural resources.,Cemeteries and Burial Practices,0.9999946359401458,"['Agriculture and Farming', 'Cemeteries and Burial Practices', 'Food and Diet', 'Geography and Topography', 'Daily Life and Occupations']","[0.19972638368496307, 0.19972638368496307, 0.19972136030542095, 0.1995327138991078, 0.1995265750406304]",5
6,3,0,Agriculture and Farming,"Here he is evidently a truck gardener for the great market near at hand; you see how carefully the ground is ridged; how the streamlet from the hillside is carried around the walled compound and along the slope at a proper elevation for irrigating his plot of ground; that it is continued along the base of the hill to his neighbor beyond, where it again does its work of irrigation, and so down the plain in the benevolent perpetuity of Tennyson's ""Brook.""",Agriculture and Farming,0.9999962448857804,"['Agriculture and Farming', 'Daily Life and Occupations', 'Geography and Topography', 'Food and Diet', 'Trade and Commerce']","[0.20160745663505256, 0.2016072643438207, 0.20157838282482224, 0.20157595721582852, 0.19361613468426153]",5
6,4,1,Architecture and Building,They built the greatest wall in the world-a barrier to repel the Tartars-and how long before that period they were wall-builders we do not know.,Architecture and Building,0.9999129399285192,"['Architecture and Building', 'Military and Naval Defenses', 'War and Conflict']","[0.3333298101990194, 0.3333298101990194, 0.3333295320488475]",3
6,4,1,Architecture and Building,"We know that from time to time to the present they have been defending their cities by prodigious fortifications; that their homes within walled cities are also protected by walls; that even their country houses are encompassed in the same way; that our missionaries in China imitate the wall-building instinct of the natives and encompass their compounds with high, exclusive and defensive walls.",Architecture and Building,0.9999553013243978,"['Architecture and Building', 'Missionary Work', 'Military and Naval Defenses', 'War and Conflict', 'British Colonialism']","[0.14347344612318286, 0.14347045328400657, 0.14347040198359537, 0.14346417583998725, 0.1434283096019752]",5
6,4,1,Architecture and Building,Now notice the home of that evidently well-to-do gardener-how carefully a wall incloses and defends all within; yet it must be confessed that these ramparts would scarcely be a protection against Western thieves.,Architecture and Building,0.9999994635464606,"['Social Classes and Customs', 'Architecture and Building', 'Daily Life and Occupations', 'Agriculture and Farming']","[0.3081718917065339, 0.30815026488080005, 0.30811948400818867, 0.07554109154748556]",4
6,5,4,Daily Life and Occupations,"Let us now turn about, pass through the heart of the great city and look into one of the narrow congested thoroughfares.",Daily Life and Occupations,0.9999946955517486,['Transportation'],[0.9637217205770455],1
7,2,22,Trade and Commerce,"We are standing on a foot-bridge that enables night. policemen to pass from roof to roof, and are looking down into Shappat-po Street, one of the principal business streets, especially for merchants who deal in European goods.",Trade and Commerce,0.9999969007658642,"['Trade and Commerce', 'Daily Life and Occupations', 'Social Classes and Customs', 'Transportation']","[0.2510839314129036, 0.25108369186823554, 0.24899658987203854, 0.2482397076933865]",4
7,2,22,Trade and Commerce,"Another street near by called Hog Lane is more intelligible to the Anglo-Saxon, and would scarcely be a misnomer if applied to any of the streets, so narrow and dirty are they all.",Daily Life and Occupations,0.9987824291887828,"['Daily Life and Occupations', 'Geography and Topography', 'Social Classes and Customs']","[0.4992428092819378, 0.2891010079464526, 0.21001310030132536]",3
7,3,15,Photography and Imaging,"I am sure it will not diminish your interest in the scene before us should I state how difficult it is to photograph a dark, narrow, crowded thoroughfare in Canton.",Photography and Imaging,0.999999940388081,['Photography and Imaging'],[0.9806442109891914],1
7,3,15,Photography and Imaging,"Before finding this street, which is more open and better lighted than most streets, I had made three different unsuccessful attempts on different days to obtain a street scene.",Photography and Imaging,0.999999940388081,"['Photography and Imaging', 'Daily Life and Occupations']","[0.5818490658662457, 0.4181437205764294]",2
7,3,15,Photography and Imaging,"I had endeavored to hire policemen to stop, for a few moments only, the passing throng, until I could set my camera for a time exposure, as all streets are too dark for instantaneous work.",Photography and Imaging,0.999999940388081,"['Photography and Imaging', 'Daily Life and Occupations']","[0.4999995530809591, 0.4999912678212586]",2
7,3,15,Photography and Imaging,"In this place I found an American Mission reading-room, from the roof of which I reached the bridge on which we stand, where some light penetrates into the street below.",Missionary Work,0.994084636074325,['Missionary Work'],[0.9978451352069257],1
7,4,4,Daily Life and Occupations,"A little farther along we can see another foot-bridge over this street, similar to the one on which we stand.",Daily Life and Occupations,0.9161121490538072,"['Transportation', 'Architecture and Building']","[0.49987025475980307, 0.49985113134211406]",2
7,4,4,Daily Life and Occupations,The buildings are low and the streets are closed by gates or barricades at frequent distances; so that thieves can most readily reach the shops and pass from place to place along the roofs.,Daily Life and Occupations,0.9959149783978908,"['Architecture and Building', 'Daily Life and Occupations', 'Social Classes and Customs']","[0.35847622154468656, 0.3584484474752276, 0.26206798392704456]",3
7,4,4,Daily Life and Occupations,A further reason for the bridges is that much industrial work is done on the roofs; clothes are here hung out to dry; frames are erected everywhere for the coloring and drying of cloth and yarn.,Daily Life and Occupations,0.9999982118448614,"['Daily Life and Occupations', 'Architecture and Building', 'Fashion and Dress', 'Trade and Commerce', 'Social Classes and Customs']","[0.20000350503482878, 0.20000274207697996, 0.19999892771321942, 0.19987434550772093, 0.1998513471800456]",5
7,4,4,Daily Life and Occupations,"You will perceive a halt among those passers below; they have plainly spied the operator, but do not suspect that the eyes of a stereoscopic camera ever look down into that closely sheltered chasm.",Photography and Imaging,0.9999982118448614,"['Photography and Imaging', 'Daily Life and Occupations']","[0.5054607518797708, 0.49453412624635057]",2
7,5,4,Daily Life and Occupations,"The second, in the center of the street, gives the owner's name, Tai Chung Loong, followed by words which in English would be Sewing machine manufactured goods.",Daily Life and Occupations,0.9999982714566772,"['Daily Life and Occupations', 'Trade and Commerce']","[0.4812146418672443, 0.4812122326514756]",2
7,5,4,Daily Life and Occupations,"Another to Wing Fong Lau, who, according to his sign, is a dealer in paper fans, panels and decorated pictures.",Daily Life and Occupations,0.99977465430963,"['Trade and Commerce', 'Daily Life and Occupations']","[0.49978442569250797, 0.4997840682408616]",2
7,5,4,Daily Life and Occupations,"Do you see the one horizontal board both in English and Chinese which tells us that artificial speech and song have a fascination for the ""heathen Chinee""?",Social Classes and Customs,0.9964886535100674,['British Colonialism'],[0.9993941719308369],1
7,6,20,Social Classes and Customs,"Should we go down and enter one of those stores, the doorway would soon be blocked by men and boys (not women, because very few are seen on the streets) who would stop and glower at us as we might stop and gaze curiously at a wild man from some strange land.",Social Classes and Customs,0.999991595475724,"['Social Classes and Customs', 'Family and Social Structures']","[0.7533873791841718, 0.24172778530572375]",2
7,6,20,Social Classes and Customs,"The shopkeeper would not importune us to buy, neither would he attempt to repel the gaping crowd that fills his doorway; he would stare at us himself, smoke his pipe and keep his seat in statuesque stolidity and scornful indifference, as much as to say: ""Not dependent on the patronage of foreign-devils.'""",Social Classes and Customs,0.9999739544427438,"['Trade and Commerce', 'Social Classes and Customs', 'Daily Life and Occupations', 'British Colonialism']","[0.25000005970164463, 0.24999931451161772, 0.2499985398960305, 0.24999788403794393]",4
7,7,1,Architecture and Building,"We have looked at the dingy house-boats and over a wilderness of paintless houses, and now, lest I should lead you to think that the Chinaman has no appreciation of architecture, no love of beauty and no artistic development, we will descend, enter a sedan-chair and be carried and jostled through lanes and byways for some distance, and then enter the court of one of the most beautiful buildings in Canton.",Architecture and Building,0.9999997019404409,"['Architecture and Building', 'Transportation']","[0.47934712849284977, 0.47932364503207453]",2
8,2,6,Family and Social Structures,"Many believe that nothing has contributed more to the vastness and perpetuity of the Chinese Empire than their practical recognition of a commandment promulgated both by Moses and Confucius, the fifth in the Mosaic decalogue: ""Honor thy father and thy mother that thy days may be long upon the land which the Lord thy God giveth thee.""",Family and Social Structures,0.99956738166768,"['Family and Social Structures', 'Social Classes and Customs']","[0.49998188370918734, 0.4999503526024064]",2
8,3,18,Religion (Buddhism and Ancestor Worship),"According to Confucius, in his ""Filial Piety Classic,"" ""There are three thousand crimes to which one or the other of the five kinds of punishments is attached as a penalty, and of those no one is greater than disobedience to parents"";",Family and Social Structures,0.9999655483157134,"['Family and Social Structures', 'Prisoners and Punishment']","[0.4957888567144529, 0.49577165826612807]",2
8,3,18,Religion (Buddhism and Ancestor Worship),It is not at all identical with what we look upon as children's obedience and respect for their parents in Western countries.,Family and Social Structures,0.9999934438475342,"['Family and Social Structures', 'Social Classes and Customs']","[0.5000057415081293, 0.4999195190577715]",2
8,3,18,Religion (Buddhism and Ancestor Worship),"The meaning would be better expressed if the so-called filial piety were termed veneration for ancestors, both immediate and remote, which, of course, should naturally begin with reverence for parents living.",Family and Social Structures,0.9999843235192248,"['Family and Social Structures', 'Social Classes and Customs', 'Religion (Buddhism and Ancestor Worship)']","[0.3333533868032563, 0.3333303787753346, 0.33331516150977036]",3
8,3,18,Religion (Buddhism and Ancestor Worship),"To honor and commemorate the family line, therefore, shrines or temples are erected in which memorial tablets are placed to different members of the clan or family.",Architecture and Building,0.99752485332735,"['Family and Social Structures', 'Architecture and Building', 'Religion (Buddhism and Ancestor Worship)', 'Social Classes and Customs']","[0.24982632968739785, 0.24982519806440365, 0.24982433427674597, 0.24982406639532703]",4
8,3,18,Religion (Buddhism and Ancestor Worship),"This temple or ancestral hall before us has been erected, and is maintained by members of the Chun Clan, which has existed for some sixty generations.",Architecture and Building,0.9451356052941956,"['Family and Social Structures', 'Architecture and Building', 'Religion (Buddhism and Ancestor Worship)', 'Social Classes and Customs']","[0.2500348681653976, 0.2500287285167996, 0.25000250349492165, 0.24993378058246804]",4
8,3,18,Religion (Buddhism and Ancestor Worship),"The Chun family were the founders and are still the proprietors of the Chun-li-Chai, the house name of an old medicine firm which has been in existence for a thousand years, and of which there are two establishments still to be found.",Family and Social Structures,0.9960717918511944,"['Trade and Commerce', 'Family and Social Structures', 'Daily Life and Occupations']","[0.33331578749508406, 0.33331264880218603, 0.33328821527366365]",3
8,3,18,Religion (Buddhism and Ancestor Worship),"This beautiful ancestral temple is a shrine at which all members of the Chun Clan, from the humblest to the highest, can place their memorial tablets for those who have gone before.",Cemeteries and Burial Practices,0.9576089170145008,"['Family and Social Structures', 'Social Classes and Customs', 'Religion (Buddhism and Ancestor Worship)', 'Cemeteries and Burial Practices', 'Architecture and Building']","[0.20000366689894333, 0.20000245095934893, 0.2000022362836148, 0.20000121127225062, 0.1999901961550673]",5
8,3,18,Religion (Buddhism and Ancestor Worship),"The second pavilion is for members who can afford only one hundred taels, a third for those who are only able to pay forty taels.",Social Classes and Customs,0.9998959565196353,"['Social Classes and Customs', 'Architecture and Building', 'Family and Social Structures', 'Trade and Commerce']","[0.2736516026163144, 0.27286092679337254, 0.2712307031127144, 0.18209565027372737]",4
8,3,18,Religion (Buddhism and Ancestor Worship),"Considerable time could be spent in examining the wonderful carving and grotesque decorative art in this charming structure, which is considered the finest in this part of the Empire.",Architecture and Building,0.9999991655627198,['Architecture and Building'],[0.9999837867553124],1
8,3,18,Religion (Buddhism and Ancestor Worship),"By a handful of ""cash"" (a small copper coin, seventeen of which make one cent) I induced those three juvenile Celestials to stand where you see them;",Religion (Buddhism and Ancestor Worship),0.9999775905817676,"['Trade and Commerce', 'Social Classes and Customs', 'Photography and Imaging']","[0.33530732896377263, 0.3333632364840507, 0.3303295811773493]",3
8,3,18,Religion (Buddhism and Ancestor Worship),"just out of sight at our left, the court is well filled with gaping onlookers, who were kept back with great difficulty.",Religion (Buddhism and Ancestor Worship),0.9129463978352154,['Prisoners and Punishment'],[0.9914070685679143],1
8,3,18,Religion (Buddhism and Ancestor Worship),"The ready laugh usually denotes a genial nature, which is often lacking in the Chinese people.",Social Classes and Customs,0.999994457183575,['Social Classes and Customs'],[0.9821270743478727],1
8,3,18,Religion (Buddhism and Ancestor Worship),Everywhere one may see very small boys and girls carrying and caring for younger brothers and sisters;,Family and Social Structures,0.9998259509008988,"['Family and Social Structures', 'Daily Life and Occupations', 'Social Classes and Customs']","[0.33334091017238815, 0.33333932080469125, 0.3333196895383587]",3
8,4,1,Architecture and Building,"We have had a single glance into one court of this beautiful Ancestral Hall of Chun-Ka-Chie and will now, followed by a hundred gazing onlookers, turn out into the narrow street again and wend our way toward the west to another temple, old and dingy, but which constitutes one of the chief attractions to all who visit Canton.",Architecture and Building,0.9999988079127036,"['Religion (Buddhism and Ancestor Worship)', 'Architecture and Building']","[0.5000023804405157, 0.4999905261815745]",2
9,2,18,Religion (Buddhism and Ancestor Worship),"This temple was founded 500 A. D., or about fourteen hundred years ago, and is called the Flowery Forest Monastery, or Temple of Five Hundred Genii.",Architecture and Building,0.99998730510797,"['Architecture and Building', 'Religion (Buddhism and Ancestor Worship)']","[0.500647406976581, 0.4993525333314766]",2
9,2,18,Religion (Buddhism and Ancestor Worship),At the early date of its establishment its surroundings probably made the former rural name appropriate.,Geography and Topography,0.9942879039231376,['Geography and Topography'],[0.9992321600340666],1
9,2,18,Religion (Buddhism and Ancestor Worship),"The exterior consists of a series of low, grimy buildings quite unattractive in appearance; so we lose little in confining ourselves to this view within where you can see a phalanx of the celebrated so-called Genii from which the temple takes the latter name.",Architecture and Building,0.9999985695686744,['Architecture and Building'],[0.999980927558537],1
9,2,18,Religion (Buddhism and Ancestor Worship),These really are statues representing noteworthy disciples of Buddha; they are familiarly called Josses or idols.,Religion (Buddhism and Ancestor Worship),0.999999940388081,['Religion (Buddhism and Ancestor Worship)'],[0.9999474358895271],1
9,2,18,Religion (Buddhism and Ancestor Worship),"This being a Buddhistic shrine, let me, while we look at these odd figures, tell you briefly who Buddha was; you may easily know much more about this famous character than I do myself, yet it may be otherwise with some.",Religion (Buddhism and Ancestor Worship),0.9999998211970382,['Religion (Buddhism and Ancestor Worship)'],[0.9999749683394048],1
9,2,18,Religion (Buddhism and Ancestor Worship),"I have visited many of the most noted Buddhistic temples in India, Burmah and Ceylon, and have often been surprised to find how much error exists with reference to Buddhism.",Religion (Buddhism and Ancestor Worship),0.9994193281439469,['Religion (Buddhism and Ancestor Worship)'],[0.9999670949289251],1
9,2,18,Religion (Buddhism and Ancestor Worship),"For instance, many do not know that there are more Buddhists than Christians; that about one-third of the population of the world are Buddhists; that Buddhism is numerically the religion of the world; that two-thirds of the population of China are followers of Gautama, or Buddha.",Religion (Buddhism and Ancestor Worship),0.999999940388081,['Religion (Buddhism and Ancestor Worship)'],[0.999999880765805],1
9,2,18,Religion (Buddhism and Ancestor Worship),Yet till the middle of this century there was nothing but vague notion and conjecture in Europe or America respecting the nature and origin of this world religion.,Religion (Buddhism and Ancestor Worship),0.9521843233600932,['Religion (Buddhism and Ancestor Worship)'],[0.9999265832059843],1
9,2,18,Religion (Buddhism and Ancestor Worship),"There are eminent scholars who doubt that such a person ever existed, and believe that Buddha was only a metaphorical figment; but Oriental authorities have no doubt as to the historical reality of a personal Buddha.",Religion (Buddhism and Ancestor Worship),0.999999940388081,['Religion (Buddhism and Ancestor Worship)'],[1.0],1
9,2,18,Religion (Buddhism and Ancestor Worship),"Many are inclined to laugh at these Josses or so-called idols, and suppose the Chinese followers of Buddha worship them; some of the more ignorant may do so; but intelligent followers do not worship these statues.",Religion (Buddhism and Ancestor Worship),0.999999940388081,"['Religion (Buddhism and Ancestor Worship)', 'Social Classes and Customs', 'Missionary Work']","[0.335363785339652, 0.335119108167488, 0.32951490779057596]",3
9,2,18,Religion (Buddhism and Ancestor Worship),"You see small sticks, called Joss-sticks, in those pots; these are burned before the statues, and this naturally leads one to believe this is idol worship.",Religion (Buddhism and Ancestor Worship),0.999999940388081,"['Religion (Buddhism and Ancestor Worship)', 'Missionary Work', 'Social Classes and Customs']","[0.3344407415064753, 0.3344260720454597, 0.3309976590538384]",3
9,2,18,Religion (Buddhism and Ancestor Worship),"Buddhists offer flowers and oil and make reverence before the statues of Buddha, his relics, and the monuments containing them; yes, these things are done and offered as before stated, but not in the spirit of an idolater.",Religion (Buddhism and Ancestor Worship),0.999999940388081,"['Religion (Buddhism and Ancestor Worship)', 'Social Classes and Customs']","[0.5049576820683203, 0.49501053474790324]",2
9,2,18,Religion (Buddhism and Ancestor Worship),We see essentially the same thing in our Christian religion; great and worthy men in the church have been canonized and are called saints.,Religion (Buddhism and Ancestor Worship),0.9999973775541372,['Social Classes and Customs'],[0.999962154421833],1
9,2,18,Religion (Buddhism and Ancestor Worship),"In the same way, these statues representing noteworthy examples of Buddhism are honored by the followers of that great teacher, and the honor shown in some cases may resemble worship.",Religion (Buddhism and Ancestor Worship),0.999999940388081,['Religion (Buddhism and Ancestor Worship)'],[0.9999877224197996],1
9,2,18,Religion (Buddhism and Ancestor Worship),"They are intended, however, only to remind the disciple of those who have pointed the way to Nirvana, as they call a state of deliverance from the ills of the present life.",Religion (Buddhism and Ancestor Worship),0.9999998807761656,['Religion (Buddhism and Ancestor Worship)'],[0.9999893901308489],1
9,2,18,Religion (Buddhism and Ancestor Worship),"More interesting even than these figures, however, are the teachings of Buddha, the tenets and principles of life that have won the faith and following of more than a third of the human race, a full account of which would require volumes; but here I can only mention a few cardinal points in his life and teachings, taken from a carefully compiled Buddhist catechism:",Religion (Buddhism and Ancestor Worship),0.9999998211642538,['Religion (Buddhism and Ancestor Worship)'],[0.9999891517179877],1
9,2,18,Religion (Buddhism and Ancestor Worship),"(1) Buddha was not a God, but a man born at Kapilavastu, one hundred miles northeast of Benares, in India, 623 B. C.",Religion (Buddhism and Ancestor Worship),0.999999940388081,"['Religion (Buddhism and Ancestor Worship)', 'Geography and Topography']","[0.5037614654500078, 0.49623841442608085]",2
9,2,18,Religion (Buddhism and Ancestor Worship),"(2) Buddha is not his real name, but the name of a condition or state of mind; it means enlightened, or he who has the perfect wisdom.",Religion (Buddhism and Ancestor Worship),0.999999940388081,['Religion (Buddhism and Ancestor Worship)'],[1.0],1
9,2,18,Religion (Buddhism and Ancestor Worship),"His father was King Suddhodana; his mother, Queen Maya, who ruled over the Sakyas, an Aryan tribe.",Family and Social Structures,0.999996483431049,"['Family and Social Structures', 'Religion (Buddhism and Ancestor Worship)', 'Social Classes and Customs']","[0.3357256770551976, 0.33405400879921177, 0.33022011404368373]",3
9,2,18,Religion (Buddhism and Ancestor Worship),"(4) Buddha was born and reared in a splendid palace, and when he was but a child he seemed to understand all arts and sciences, almost without study; but he did not become a Buddha in his splendid palace; he saw the vanity and sufferings of human life and, in order to discover the cause of them and how to escape from them, he left his beautiful palaces, his beloved wife and only son, and retired to the solitude of the jungle, where he spent several years in meditation and fasting.",Religion (Buddhism and Ancestor Worship),0.9999959465722283,"['Religion (Buddhism and Ancestor Worship)', 'Family and Social Structures']","[0.5002066575684804, 0.4996934678181335]",2
9,2,18,Religion (Buddhism and Ancestor Worship),At one time he was at the point of death from starvation; after years of struggle he decided that the higher knowledge could never be attained by fasting or penance.,Religion (Buddhism and Ancestor Worship),0.99999976158513,['Food and Diet'],[0.9999543460678513],1
9,2,18,Religion (Buddhism and Ancestor Worship),"He took food, repaired to an asvattha tree and determined not to leave the spot till he attained Buddhaship.",Religion (Buddhism and Ancestor Worship),0.999999940388081,"['Religion (Buddhism and Ancestor Worship)', 'Food and Diet']","[0.7491992918563807, 0.2507020352720254]",2
9,2,18,Religion (Buddhism and Ancestor Worship),"Just before the dawn of the next day, the light of supreme knowledge was revealed to him and he saw at once the cause of all human suffering and the means of escape.",Religion (Buddhism and Ancestor Worship),0.9999998807761656,['Religion (Buddhism and Ancestor Worship)'],[0.9908731312250451],1
9,2,18,Religion (Buddhism and Ancestor Worship),"(5) Of things that cause sorrow, he gives: Birth, growth, decay, illness, death, separation from things we love, hating what cannot be avoided, craving for what cannot be obtained.",Religion (Buddhism and Ancestor Worship),0.9999998807761656,"['Plague and Disease', 'Religion (Buddhism and Ancestor Worship)']","[0.569725557560623, 0.4302698903362679]",2
9,2,18,Religion (Buddhism and Ancestor Worship),The parts of this path are: (1) Right Belief; (2) Right Thought; (3) Right Speech; (4) Right Doctrine; (5) Right Means of Living; (6) Right Endeavor; (7) Right Memory; (8) Right Meditation.,Religion (Buddhism and Ancestor Worship),0.999999940388081,['Religion (Buddhism and Ancestor Worship)'],[0.9999235871575025],1
9,2,18,Religion (Buddhism and Ancestor Worship),"Buddha has summed up his whole religion in one verse: ""To cease from all sin, To get virtue, To cleanse one's own heart, This is the religion of the Buddhists.""",Religion (Buddhism and Ancestor Worship),0.999999940388081,['Religion (Buddhism and Ancestor Worship)'],[0.999999761496279],1
9,2,18,Religion (Buddhism and Ancestor Worship),"The following are five precepts imposed on the laity, in general: (1) I observe the precept to abstain from destroying the life of any being.",Religion (Buddhism and Ancestor Worship),0.9999998807761656,"['Religion (Buddhism and Ancestor Worship)', 'War and Conflict']","[0.5023828982122543, 0.49736683853178665]",2
9,2,18,Religion (Buddhism and Ancestor Worship),(5) I observe the precept to abstain from using intoxicating liquors and drugs that tend to procrastination (stupefy).,Religion (Buddhism and Ancestor Worship),0.9999989866549318,['Daily Life and Occupations'],[0.9998770348659454],1
9,2,18,Religion (Buddhism and Ancestor Worship),"Yes, the Buddhist believes, according to Alcott's interpretation of their philosophy, that ""The unsatisfied desire for things that belong to the state of personal existence in the material world causes us to be reborn.",Religion (Buddhism and Ancestor Worship),0.9999998807761656,['Religion (Buddhism and Ancestor Worship)'],[0.9999992846406505],1
9,2,18,Religion (Buddhism and Ancestor Worship),"This unquenched thirst for physical existence is a force, and has a creative power in itself, so strong that it draws the being back into mundane life.",Religion (Buddhism and Ancestor Worship),0.9999997019871092,['Daily Life and Occupations'],[0.9999989188877381],1
9,2,18,Religion (Buddhism and Ancestor Worship),"Science teaches that man is the result of a law of development, from an imperfect and a lower to a higher and a perfect condition which is called evolution.""",Religion (Buddhism and Ancestor Worship),0.999963642384252,['Education'],[1.0],1
9,2,18,Religion (Buddhism and Ancestor Worship),"Now, with this brief résumé of some salient features of this world-wide philosophy, we will go on with our inspection of this line of figures.",Religion (Buddhism and Ancestor Worship),0.9999994039345736,"['Social Classes and Customs', 'Missionary Work']","[0.6666662296195233, 0.33333377038047673]",2
9,2,18,Religion (Buddhism and Ancestor Worship),"You see that these statues represent Mongolianized types of Buddha as represented in India; they have the drooping, looped ears; they all have the sitting posture; their heads are shaved after the fashion of Buddhist priests the world over; they wear the flowing, loose robe of cotton, dyed yellow; they have Chinese shoes; no two are in the same pose.",Religion (Buddhism and Ancestor Worship),0.9999998807761656,"['Religion (Buddhism and Ancestor Worship)', 'Fashion and Dress']","[0.4998909144978499, 0.4998610007343255]",2
9,2,18,Religion (Buddhism and Ancestor Worship),"Sometimes I think the great Buddha must have been lazy; I have scarcely, if ever, seen a statue in any way typical of him.",Religion (Buddhism and Ancestor Worship),0.9999998807761656,['Religion (Buddhism and Ancestor Worship)'],[0.9999859323949232],1
9,2,18,Religion (Buddhism and Ancestor Worship),"These are certainly a goodnatured lot of worthies, and some of them must be guilty of telling a good story, for, from one end of the line to the other, they wear a pleasant smile.",Social Classes and Customs,0.999966918117636,"['Prisoners and Punishment', 'Family and Social Structures']","[0.8398168819198834, 0.10822631538906322]",2
9,2,18,Religion (Buddhism and Ancestor Worship),"I told you at the Ancestral Hall that a smile is a rare phenomenon in China, and I cannot help entertaining a mild suspicion that some slight consanguinity exists between the grinning boy at the former place and these sacerdotal figures.",Religion (Buddhism and Ancestor Worship),0.9999758621073068,"['Religion (Buddhism and Ancestor Worship)', 'Social Classes and Customs', 'Family and Social Structures']","[0.33339307177286914, 0.3332559006722711, 0.33318532487246993]",3
9,2,18,Religion (Buddhism and Ancestor Worship),"The interior of this temple is quadrangular, and every side of the square is flanked by double rows of figures, 51 five hundred in all, and all blackened with the smoke of incense that has been curling up before them for centuries.",Architecture and Building,0.9999951721000016,"['Architecture and Building', 'Religion (Buddhism and Ancestor Worship)']","[0.49999993946315047, 0.49998283355391343]",2
9,2,18,Religion (Buddhism and Ancestor Worship),"But we have stopped here for considerable time; let us betake ourselves hence to a great national institution, one of another type.",Transportation,0.3801901970426584,"['Daily Life and Occupations', 'Architecture and Building', 'Education', 'Family and Social Structures', 'Social Classes and Customs']","[0.3684213359642251, 0.15788740982024846, 0.15788740982024846, 0.15788740982024846, 0.10527755403309305]",5
10,2,5,Education,"You will scarcely think it possible that those low, shedlike structures, hardly more imposing in appearance than the cattle-pens in some city stockyards, are the halls in which applicants for examination for degrees that nearly correspond with our college degrees of Bachelor of Arts and Master of Arts are held.",Education,0.9999998211970382,"['Education', 'Architecture and Building', 'Daily Life and Occupations']","[0.32977551682890704, 0.32974662604808547, 0.32384390208522856]",3
10,2,5,Education,"Yes, once in three years learned examiners come from Pekin to test here the literary merit of those who aim to fill government offices or to obtain honorary degrees.",Education,0.999999940388081,"['Education', 'Social Classes and Customs', 'Daily Life and Occupations']","[0.33360959260968076, 0.3335703094464401, 0.33281810947999513]",3
10,2,5,Education,"The government of China has encouraged the higher education of the few by dispensing state offices and honors only to scholars, and the distribution is based on this system of elaborate examinations.",Education,0.9999998807761656,"['Education', 'Social Classes and Customs']","[0.49312986554782384, 0.49312821935113804]",2
10,2,5,Education,As far as it goes it is an equitable system of civil service; for the poorest may rise to the highest rank next to the Emperor.,Social Classes and Customs,0.9997187311351216,['Social Classes and Customs'],[0.9989797353221155],1
10,2,5,Education,China is the only country in the world in which titles of honor for learning are higher and more lucrative than those conferred on military officials.,Education,0.9999996423941084,"['Social Classes and Customs', 'Education', 'Daily Life and Occupations', 'Family and Social Structures']","[0.25619762230226406, 0.25619621753371835, 0.25582508769278745, 0.2317699562114765]",4
10,2,5,Education,The preparation for these triennial examinations is very unlike our preparation for a degree in college; it consists largely in a cramming with obsolete Confucian classics.,Education,0.999999940388081,"['Education', 'Daily Life and Occupations']","[0.4989887231163824, 0.4980273361046335]",2
10,2,5,Education,The applicant most likely to secure a degree is the one who has memorized and can best quote the four sacred books and the five classics of Confucius.,Education,0.9999998807761656,"['Education', 'Social Classes and Customs']","[0.6216919595096909, 0.37777372028438094]",2
10,2,5,Education,"Examinations for the first degree are held in provincial towns throughout the Empire; for the second, in each capital of the eighteen provinces.",Education,0.9999998807761656,['Education'],[0.99978611104193],1
10,2,5,Education,Those for the third are held in Pekin; the final examination gives the successful candidate a membership in the Imperial Academy.,Education,0.999999940388081,"['Education', 'Social Classes and Customs']","[0.5000012798044239, 0.4999654000308912]",2
10,2,5,Education,"Every male, without respect to age or position, is eligible, and should a degree be obtained, even though no government appointment be the result, the possessor is not only honored in his community, but enjoys an immunity from the baser penalties of the law, such as bamboo flagellations, which are inflicted for many trivial offenses.",Education,0.9985839538683542,"['Education', 'Social Classes and Customs', 'Prisoners and Punishment', 'Family and Social Structures', 'Daily Life and Occupations']","[0.19629861631301873, 0.19629861631301873, 0.19629517658357867, 0.19385877108391858, 0.17861471414516034]",5
10,2,5,Education,The examinations are very rigorous and often only a very small number out of the thousands of applicants carry away the honors of a degree.,Education,0.999999940388081,['Education'],[0.9991784699324047],1
10,3,5,Education,"Women are not eligible in these examinations; indeed, they can hardly be considered eligible to any education whatever, as immemorial usage has placed them on a lamentable plane of inferiority, as is exemplified by the prevalence of female infanticide.",Education,0.9783509695065018,"['Family and Social Structures', 'Education', 'Social Classes and Customs']","[0.3333085862148798, 0.33330787121869304, 0.33328145200720716]",3
10,4,5,Education,The grounds of this Examination Hall cover about twenty acres and contain accommodation for twelve thousand competitors.,Education,0.9999883184191456,"['Education', 'Architecture and Building', 'Geography and Topography']","[0.33347645315486185, 0.3334433455924081, 0.3330182821580987]",3
10,4,5,Education,"We entered through a gate at the farther end of this causeway, and we are now standing on the upper floor of a building which contains apartments for two chiefs and ten junior examiners; also for the Viceroy and the Governor of the Province, whose presence is required during the examinations.",Education,0.99995452671722,"['British Colonialism', 'Architecture and Building', 'Daily Life and Occupations', 'Social Classes and Customs', 'Education']","[0.2000323009855375, 0.20002309745205973, 0.2000110808791496, 0.20001067542909826, 0.19991833876534104]",5
10,4,5,Education,"You will notice the low, narrow brick structures with half-roofs sloping toward the entrance side, with a narrow alley or lane between them; these long, shed-like buildings are partitioned off into spaces five feet six inches deep, three feet eight inches broad and six feet high.",Architecture and Building,0.9999795570690851,"['Architecture and Building', 'Prisoners and Punishment', 'Daily Life and Occupations']","[0.33682836025276097, 0.3368223775077253, 0.3263379393794736]",3
10,4,5,Education,"In these solid brick quarters the candidate is confined for two whole days and nights, during which time he is to complete his essay or poem.",Education,0.9999989270430732,"['Daily Life and Occupations', 'Prisoners and Punishment', 'Social Classes and Customs', 'Education']","[0.2522345069485897, 0.25218577731010355, 0.2515867487690438, 0.2439046257200656]",4
10,4,5,Education,"From a tower built for the purpose, a close watch is maintained over the whole area, and the utmost precaution is taken to prevent students from smuggling into their cells any available item of literature.",Education,0.999978305718052,"['Prisoners and Punishment', 'Education', 'Daily Life and Occupations']","[0.331935668072647, 0.3318174843121907, 0.331807638162997]",3
10,4,5,Education,"You will notice, on the end of each range of cells, characters designating the number of the range and the cells included.",Education,0.9999995827734,[],[],0
10,4,5,Education,"You can see also the source of the water supply for the twelve thousand feverish and anxious competitors that are locked in those close, hot cells for two days and two nights; I mean the cisterns with stone curbs that extend along the space between the causeway and the buildings.",Architecture and Building,0.998656323804695,"['Architecture and Building', 'Plague and Disease', 'Prisoners and Punishment']","[0.33300130320557175, 0.3329632431231464, 0.3327510618778271]",3
10,4,5,Education,"I need not tell you that the two Oriental specimens below us, with bare heads and poorly shod feet and stiffly akimboed arms are not defeated candidates for literary honors; they are but common coolies who, as you can readily see, impose on art when they pose for ""cash.""",Daily Life and Occupations,0.9997648813257008,"['Photography and Imaging', 'Social Classes and Customs', 'Daily Life and Occupations', 'British Colonialism', 'Trade and Commerce']","[0.17689828957814413, 0.17689588571340542, 0.1768954849378238, 0.1768939875444634, 0.16529450100466878]",5
10,4,5,Education,"This becomes an interesting fact when I remind you that we are here just within the tropics, Canton being only a few miles below the Tropic of Cancer, and that frost seldom occurs here.",Geography and Topography,0.9999759813191827,"['Geography and Topography', 'Tea Production and Trade']","[0.5435519407447067, 0.4564321843572275]",2
10,6,11,Geography and Topography,Our position and field of vision are given by the lines connected with the number II on the lower left-hand corner of the Canton map.,Geography and Topography,0.999999940388081,['Geography and Topography'],[0.9999947534752127],1
11,2,11,Geography and Topography,"Here we are looking slightly north of west, toward the west end of an artificial island, built up of sand and called Shameen (sand).",Geography and Topography,0.999997973255866,"['Geography and Topography', 'Harbor and Waterways', 'Architecture and Building']","[0.33335255239779155, 0.3333306957675517, 0.33331583785710955]",3
11,2,11,Geography and Topography,"It is about half a mile long, comprises the European Settlement, and is connected with the native city by two bridges.",Geography and Topography,0.9999938015395148,"['Geography and Topography', 'British Colonialism', 'Transportation']","[0.3334334495748821, 0.3332926464200766, 0.33319502457264394]",3
11,2,11,Geography and Topography,Among the trees yonder you can see the west end of a row of European houses that extends the full length of the ísland; many of them are much more imposing than those we see; some are four stories in height and surrounded by fine shrubbery and flower-gardens.,Architecture and Building,0.9984100529581442,"['Architecture and Building', 'Geography and Topography']","[0.49890444259362876, 0.4980303758610782]",2
11,2,11,Geography and Topography,"In this line of buildings are all the consulates, where Li Hung Chang occasionally called during his official term in Canton.",Architecture and Building,0.9999717483504346,"['Architecture and Building', 'Daily Life and Occupations']","[0.5559070757837486, 0.44374146944337756]",2
11,2,11,Geography and Topography,"I witnessed one of these formal calls; it was marked by what we would look upon as semi-barbaric pomp; Earl Li was carried in his state-chair, followed by a motley retinue of soldiers, musicians, standard-bearers and a few horsemen on miserable and ill-caparisoned ponies.",Social Classes and Customs,0.9999942187995422,"['Social Classes and Customs', 'Transportation', 'Family and Social Structures']","[0.32999619002931113, 0.3299073470000741, 0.3288467444975048]",3
11,3,12,Harbor and Waterways,"You may see by the Bund at the end of the row of trees a low building, on piles; it is a boathouse, in which the Europeans keep their pleasure boats.",Harbor and Waterways,0.9999935631606404,"['Harbor and Waterways', 'Architecture and Building', 'British Colonialism', 'Transportation', 'Social Classes and Customs']","[0.14291745846522425, 0.14291679396763476, 0.14291214329229554, 0.14289877216969926, 0.14289093996232255]",5
11,3,12,Harbor and Waterways,"In all the Orient Europeans indulge in their home sports and pastimes; they have the race-course, the boat club, the tennis court, etc.",Harbor and Waterways,0.9999778884437466,"['Social Classes and Customs', 'Daily Life and Occupations']","[0.4995304337982174, 0.49922475887821327]",2
11,3,12,Harbor and Waterways,Lying between us and the shore is another assemblage of house-boats; and here we obtain a better view of their appearance.,Harbor and Waterways,0.9999998211642538,['Harbor and Waterways'],[0.9541384124807686],1
11,3,12,Harbor and Waterways,"At first glance one might think these boat people meant to tell us they were not the river pirates, which are so troublesome on some parts of the river.",Harbor and Waterways,0.9999093054232556,"['Harbor and Waterways', 'Transportation']","[0.4999379418004708, 0.4998193143300849]",2
11,3,12,Harbor and Waterways,"I am sure I have seen, during the war, both in the Philippines and in China, less dignified truce emblems than those we see here, displayed by humble non-combatants craving protection of the enemy.",War and Conflict,0.999991297659684,"['War and Conflict', 'Social Classes and Customs']","[0.547244493410863, 0.45240284662769237]",2
11,3,12,Harbor and Waterways,"In the small sampan one woman sculls and another rows with a single oar, while a third, sheltered by a prodigious bamboo hat, carries a child on her back, supported in the usual way by a strong cloth, which leaves the mother's hands free for manual work of any kind.",Daily Life and Occupations,0.9969862973292376,"['Daily Life and Occupations', 'Transportation', 'Harbor and Waterways', 'Family and Social Structures', 'Social Classes and Customs']","[0.20193930385954995, 0.2019382206583354, 0.20193773900645115, 0.20193583734237153, 0.19177567445059282]",5
11,3,12,Harbor and Waterways,"These boats are all called sampans when used for carrying passengers, and whenever a European approaches that walk by the shore a number of them will at once dart toward him, vociferating: ""Want sampan?"" ""Have sampan?"" in good English; but one soon learns on entering a boat that these syncopated sentences constitute their whole stock of our language.",Harbor and Waterways,0.9998727612156848,"['Transportation', 'Harbor and Waterways', 'Daily Life and Occupations', 'British Colonialism', 'Social Classes and Customs']","[0.19854108339965285, 0.19854070474494506, 0.19853963955288437, 0.1985097556743244, 0.19557154777033875]",5
11,4,11,Geography and Topography,Before leaving this place I will direct your attention to only one other feature; it is the color and character of the water in the Pearl River.,Harbor and Waterways,0.9995098459426656,"['Harbor and Waterways', 'Geography and Topography']","[0.5001870180425478, 0.4998129223223281]",2
11,4,11,Geography and Topography,"In physiography, considerable importance is always attached to the character of the water in great rivers, whether clear or turbid; whether wholesome for drinking and cooking purposes or whether malarious (whatever that may mean) and fever-producing.",Geography and Topography,0.9995163544049716,"['Geography and Topography', 'Plague and Disease']","[0.5001234782419326, 0.4997898552595502]",2
11,4,11,Geography and Topography,"I have among my collection of objects from foreign countries, bottles of water from the Jordan River, the Dead Sea, the Nile, the Amazon and the Yang-tse-Kiang.",Geography and Topography,0.999998092420356,['Geography and Topography'],[0.9994519100837818],1
11,5,12,Harbor and Waterways,"These samples, when shaken up, show the amount of turbidity, and when allowed to settle the relative amount of sediment in those bodies of water.",Harbor and Waterways,0.999999940388081,['Harbor and Waterways'],[0.9982955632853603],1
11,5,12,Harbor and Waterways,"Rivers often take their name from the appearance of their water, as the Hoang Ho (or Yellow River) from the pronounced yellow color of its water; Missouri (Mud River) from its muddy aspect;",Harbor and Waterways,0.999985277620144,['Geography and Topography'],[0.9949641648366249],1
11,5,12,Harbor and Waterways,"but you will feel sure that the river before us is not named Pearl River after the pearly aspect of its waters, for you can distinctly see the yellowish muddy appearance and how the reflections are diminished thereby;",Harbor and Waterways,0.999998092420356,"['Harbor and Waterways', 'Geography and Topography']","[0.5000013112587474, 0.49999547024836805]",2
11,6,12,Harbor and Waterways,"We will call that little sampan and be landed about two hundred yards to the right of what we see here, on the wall beneath that row of beautiful trees, and look back toward the river to Hongkong again.",Harbor and Waterways,0.9999081137229232,"['Harbor and Waterways', 'Transportation', 'Geography and Topography']","[0.4718752516133698, 0.4718679389296466, 0.05624944075125494]",3
12,2,14,Missionary Work,"We are now in the European Settlement, on the walk by the water, looking eastward, down the river, with a group of mission children gathered under the shade of a range of stately banyan-trees.",Missionary Work,0.99983845934515,"['British Colonialism', 'Missionary Work', 'Harbor and Waterways', 'Geography and Topography']","[0.2500250780151223, 0.25002331958339824, 0.2500089234399087, 0.24977364162687185]",4
12,2,14,Missionary Work,"This island is only about three hundred yards in width, separated from the city of Canton by a narrow canal congested with every style of small craft.",Harbor and Waterways,0.8729922381108499,"['Geography and Topography', 'Harbor and Waterways', 'Transportation', 'Trade and Commerce']","[0.25002859274643596, 0.25002856295346254, 0.2500260892472135, 0.24991407263200918]",4
12,2,14,Missionary Work,"It comprises chiefly the English and French concessions, and is considered one of the most beautiful and healthful foreign settlements in the Far East.",Geography and Topography,0.9999116291924254,['British Colonialism'],[0.9999017786651161],1
12,2,14,Missionary Work,"The whole island is a bower of beauty; the rows of fine modern buildings are flanked by magnificent banyan-trees, such as you see here on the river-front.",Geography and Topography,0.9999433799553024,"['Architecture and Building', 'Geography and Topography']","[0.5376933326180756, 0.45809067694425526]",2
12,2,14,Missionary Work,"There are beautiful flower-gardens, tennis-courts, cycle paths and avenues of palms; and all the feathered tribes of the neighborhood seem to appreciate European conditions and protection; these beautiful trees are all alive with birds of brilliant plumage and melodious with birdsongs.",Missionary Work,0.9995299895058906,['British Colonialism'],[0.9999828935533152],1
12,2,14,Missionary Work,"But perhaps most interesting of all is this group of pretty and welldressed Chinese girls, who have been brought by their devoted American lady teacher from the other side of the river.",Education,0.9996053088981062,"['Education', 'Fashion and Dress', 'Missionary Work', 'Family and Social Structures', 'Social Classes and Customs']","[0.2004350079708295, 0.20043070757922538, 0.2004174472016849, 0.20030822362142123, 0.1983718983119207]",5
12,2,14,Missionary Work,"The little party filled a sampan and landed on the Shameen bright and early, because I had promised them one of their pictures.",Missionary Work,0.9976536020815902,"['Transportation', 'Harbor and Waterways', 'Photography and Imaging']","[0.33320219313349797, 0.3332000883436978, 0.33319885689783624]",3
12,2,14,Missionary Work,"They are children of the better class, well dressed and tidy and happy in expectation of receiving a picture.",Social Classes and Customs,0.9156218973881542,"['Social Classes and Customs', 'Photography and Imaging', 'Fashion and Dress', 'Family and Social Structures']","[0.24998896630966094, 0.24998601607721924, 0.2499749005102862, 0.2499647115777469]",4
12,2,14,Missionary Work,"The missionary influence on these children is marvelous; they have no superstitious dread of foreigners or cameras; they have been taught self-respect, and to respect foreigners; they are girls, and girls in China, you must know, when they are fortunate enough to escape infanticide, have but meager consideration, and they respond most touchingly to the love bestowed upon them by their affectionate teachers.",Missionary Work,0.9999982117574364,"['Missionary Work', 'Social Classes and Customs', 'Family and Social Structures', 'Education', 'British Colonialism']","[0.20004076535192356, 0.20003742672034558, 0.20003661634955897, 0.20003599641094455, 0.1997683403795185]",5
12,2,14,Missionary Work,"It is worth while noticing how beautifully they are attired, in silken garments, how carefully the hair is arranged after their fashion, smooth and glossy.",Fashion and Dress,0.9999963044974792,"['Fashion and Dress', 'Social Classes and Customs', 'Daily Life and Occupations']","[0.3333512078544203, 0.3333496183773292, 0.33324863866925003]",3
12,2,14,Missionary Work,"Notice also the one American child on the end of the stone seat, and the difference in features between the Caucasian and the Mongolian types; the stiff, straight, black hair of the latter, with oblique eyes, flat nose and rather poor facial lines generally, and the soft, flaxen ringlets that float about the prominent forehead of the former, with mouth and chin that are modeled on Hogarth lines of beauty.",Missionary Work,0.9998204110206264,['Photography and Imaging'],[0.9999492211713522],1
12,3,14,Missionary Work,"There appears to be the promise of a smile on the face of the girl next the river; a scarce article in China, as already mentioned.",Missionary Work,0.9997706617499684,"['Photography and Imaging', 'Daily Life and Occupations', 'Social Classes and Customs']","[0.604561792670919, 0.17870109933436037, 0.1406906522909698]",3
12,3,14,Missionary Work,"Their garments are not ungraceful, with their capacious sleeves and a simple cord at the neck, instead of a stiff starched collar that enforces awkwardness of head movement; note also that at least one girl has her hair knotted on the side of the head, something that is quite common with small girls in China.",Fashion and Dress,0.999998629165164,"['Fashion and Dress', 'Social Classes and Customs']","[0.49709682689760015, 0.49705114474524253]",2
12,3,14,Missionary Work,"This bevy of Christianized little Orientals seemed much attached to their teacher, and clung to her skirts and fingers as confiding children do in Western lands.",Missionary Work,0.9999825951750048,"['Missionary Work', 'Education', 'British Colonialism', 'Family and Social Structures', 'Social Classes and Customs']","[0.20021969318463456, 0.20021530179865332, 0.20021191288768436, 0.2001703433700441, 0.19917503964362596]",5
12,3,14,Missionary Work,"I have seen children just as innocent and attractive as those composing this little group, dead in the streets of Tien-tsin after the siege, and floating in the Pei-ho to be devoured by dogs.",Missionary Work,0.6114559302283837,"['War and Conflict', 'Missionary Work', 'Harbor and Waterways']","[0.6754143750978702, 0.2354732563982687, 0.08739708908297257]",3
12,4,14,Missionary Work,"These little Christian girls will now return to their boat down there by the wall, recross the great river and tell to their parents the strange things they have seen in the foreign settlement.",Missionary Work,0.99999678154149,"['Harbor and Waterways', 'Missionary Work', 'Family and Social Structures', 'Transportation', 'British Colonialism']","[0.2204365256601378, 0.22042541214020445, 0.22040192658984428, 0.22036786593143123, 0.11710722883884898]",5
12,4,14,Missionary Work,"And we will take an opposite direction, to our left, to a bridge that connects this foreign settlement with the native city.",Geography and Topography,0.99672267872076,"['Transportation', 'Geography and Topography']","[0.49897972887789654, 0.49895914976766337]",2
13,2,20,Social Classes and Customs,"Here we have a perfect example of the stupid, sullen, gazing crowd that assembles instantly wherever a foreigner halts for a moment; and this is not peculiar to Canton, but to every part of the country.",Social Classes and Customs,0.9999998807761656,"['Social Classes and Customs', 'Daily Life and Occupations', 'British Colonialism']","[0.3549977375216727, 0.3526990942539011, 0.27596064853544316]",3
13,2,20,Social Classes and Customs,"We are standing on the English bridge with our back to the island, and this strong iron gate is a barrier to prevent the natives from entering the foreign settlement.",British Colonialism,0.9999606637999746,"['British Colonialism', 'Social Classes and Customs', 'Harbor and Waterways']","[0.32829113149546624, 0.32828576974753415, 0.32813352797228]",3
13,2,20,Social Classes and Customs,"It is closed securely at night, and during the day is guarded closely by native police, who permit Europeans to enter the native city and duly authorized Chinese to enter the foreign quarters.",Social Classes and Customs,0.9998370894754912,"['British Colonialism', 'Social Classes and Customs']","[0.49833014540052306, 0.4983291954097521]",2
13,2,20,Social Classes and Customs,"The street along which this crowd is passing faces the canal over which we stand, and runs parallel with the island of Shameen and the river.",Geography and Topography,0.998992350634408,"['Harbor and Waterways', 'Geography and Topography']","[0.4999994336598702, 0.49999853953994217]",2
13,2,20,Social Classes and Customs,"I had, up to this moment, been photographing the busy scene on the canal from the bridge on which we stand; so the crowd in a twinkling surged up to the gate to view the operation.",Daily Life and Occupations,0.850360939918255,"['Photography and Imaging', 'Harbor and Waterways', 'Daily Life and Occupations', 'Transportation']","[0.31377727677030665, 0.3137766782824386, 0.3137252612763673, 0.05871737962767998]",4
13,2,20,Social Classes and Customs,"Knowing that any appearance of deliberately making a picture of this gaping horde would scatter them precipitately beyond reach, I focus for the proper distance while the camera is aimed in another direction, swing instantly on the tripod, expose and return to the original position, without arousing their suspicion.",Photography and Imaging,0.9999783652177252,['Photography and Imaging'],[0.9988770455564606],1
13,2,20,Social Classes and Customs,"There are none of the upper class in this group; a few wear caps, indicating a position above the majority, who are bareheaded coolies; there are a few boys; but, as usual, no women.",Social Classes and Customs,0.999985635466544,"['Social Classes and Customs', 'Family and Social Structures', 'Fashion and Dress', 'British Colonialism']","[0.24993629688503496, 0.24993531370416466, 0.24992983178427822, 0.24986013801734824]",4
13,2,20,Social Classes and Customs,"We can see dimly, across the narrow street, a drug-shop with a modern lamp suspended from the ceiling, and shelves of bottles on two sides of the room which has its whole front thrown open to the street.",Daily Life and Occupations,0.9316208973721228,"['Daily Life and Occupations', 'Trade and Commerce']","[0.5008928694698921, 0.49904479121176015]",2
13,2,20,Social Classes and Customs,"This shop is considerably patronized by the Europeans, and usually some one in it can be found who can speak a few words of English.",Social Classes and Customs,0.9999064452822766,"['Trade and Commerce', 'Daily Life and Occupations', 'British Colonialism']","[0.33329107621699217, 0.3332859510634939, 0.3331442174109725]",3
13,2,20,Social Classes and Customs,"They advertise and issue pamphlets setting forth the cureall principles of their discoveries and preparations, and undoubtedly do a flourishing business in an empire where from fifty to seventy-five per cent. of the people are illiterate.",Social Classes and Customs,0.9998824845103284,"['Trade and Commerce', 'Daily Life and Occupations', 'Education', 'Plague and Disease', 'Social Classes and Customs']","[0.17166902082646832, 0.171660774293636, 0.17165406323554935, 0.17163454867174205, 0.17145580920021028]",5
13,3,22,Trade and Commerce,"Once I was taken by my guide into a first-class native pharmacy, where the proprietor presented me with a halfdozen small sample bottles of a preparation said to be wonderfully efficacious in curing every form of disease.",Trade and Commerce,0.9999764581504584,"['Plague and Disease', 'Trade and Commerce', 'Daily Life and Occupations']","[0.3422950711683813, 0.3411247507602408, 0.299197699888881]",3
13,3,22,Trade and Commerce,"I can vouch furthermore for the prohibitive duties put upon it in our own country, for while the six small vials were valueless to me and to everybody, the custom-house appraiser in New York, ignorant of the contents of the tiny bottles, called them medical preparations and taxed me one dollar and fifty cents duty.",Trade and Commerce,0.9999998807761656,"['Trade and Commerce', 'Daily Life and Occupations']","[0.5053106070787011, 0.4936990795872782]",2
13,4,22,Trade and Commerce,"You will not fail to notice that Scott's Codfish man, notwithstanding his piscatory impedimenta, has found his way to Canton, as he has to most parts of the world, and, without doubt, he has brought with him a supply of the universal emulsion.",Trade and Commerce,0.9999973179664764,"['Trade and Commerce', 'Food and Diet', 'Transportation', 'Daily Life and Occupations']","[0.25055542439402484, 0.2505521689252056, 0.2504112789243788, 0.24827252463228897]",4
13,5,20,Social Classes and Customs,"We are ready for a change of scene, however, and so will leave them behind the gate and stroll down the river to a place near the steamboat-landing called the ""Dying-place.""",Social Classes and Customs,0.9999163359464784,"['Harbor and Waterways', 'Transportation']","[0.5000594823934379, 0.4997537034657994]",2
14,2,20,Social Classes and Customs,"Dying-places are ordinarily in homes or in hospitals, but this poor fellow has neither a home nor a hospital in which to die.",Social Classes and Customs,0.9999913571765012,"['Social Classes and Customs', 'Family and Social Structures', 'Prisoners and Punishment']","[0.33688737820557885, 0.3368587901399275, 0.3257574659967589]",3
14,2,20,Social Classes and Customs,We are here in a vacant space near the river a sort of a common littered with refuse and scavenged by starving dogs.,Daily Life and Occupations,0.6039724201006054,['Harbor and Waterways'],[0.9494184108567486],1
14,2,20,Social Classes and Customs,"It has been named the Dyingplace, because poor, starving, miserable outcasts and homeless sick, homeless poor, homeless misery of every form come here to die.",Social Classes and Customs,0.9995069302998087,"['Social Classes and Customs', 'Plague and Disease', 'Family and Social Structures']","[0.3337160896292988, 0.33318365599248545, 0.33303132962611404]",3
14,2,20,Social Classes and Customs,"The world scarcely can present a more sad and depressing spectacle than this field of suicides; I say suicides, because many that come here come to voluntarily give up the struggle for existence and to die by sheer will force through a slow starvation.",Social Classes and Customs,0.9999942783911112,"['Food and Diet', 'Prisoners and Punishment']","[0.5298263481467841, 0.47015135318369194]",2
14,2,20,Social Classes and Customs,They may be enfeebled by lingering disease; they may be unable to find employment; they may be professional vagrants; they come from different parts of the city and sometimes from the country round about.,Social Classes and Customs,0.9907150808675886,"['Social Classes and Customs', 'Plague and Disease', 'Family and Social Structures', 'Daily Life and Occupations']","[0.25151444183539096, 0.2515101537193601, 0.2511887261164205, 0.2457855087484445]",4
14,2,20,Social Classes and Customs,They are friendless; they are passed unnoticed by a poor and inadequate hospital service; they become utterly discouraged and hopeless and choose to die.,Social Classes and Customs,0.9999892719745476,"['Family and Social Structures', 'Prisoners and Punishment', 'Social Classes and Customs']","[0.5752550431321378, 0.2687445961859392, 0.1559668667944466]",3
14,2,20,Social Classes and Customs,"Their fellow natives pass and repass without noticing them or thought of bestowing aid or alms, and here it is not expected; they have passed beyond the pale of charity; it is the last ditch; they are here to die, not to receive alms, and no one thinks of bestowing them.",Social Classes and Customs,0.9999994634928572,"['Social Classes and Customs', 'Cemeteries and Burial Practices', 'Prisoners and Punishment', 'Family and Social Structures', 'Plague and Disease']","[0.20566610350004738, 0.2051903678477451, 0.20239701650786893, 0.20122213126763844, 0.18549653327449941]",5
14,2,20,Social Classes and Customs,The pitiable specimen before us is near the end-too near to heed the usually dreaded camera.,Social Classes and Customs,0.9984573854696018,"['Photography and Imaging', 'Prisoners and Punishment']","[0.5003445239875252, 0.49965350777956036]",2
14,2,20,Social Classes and Customs,"I attempted to catch a view of others, who, having a trifle more vitality left, crawled away on hands and knees.",Social Classes and Customs,0.9998381020079096,"['Plague and Disease', 'Prisoners and Punishment', 'War and Conflict']","[0.3341710398988014, 0.3341695253867131, 0.3316126713100543]",3
14,2,20,Social Classes and Customs,"His glassy, fixed gaze tells how soon his long, hard struggle will be over; how soon even the grimy rags that cover his nakedness will be unnecessary.",Social Classes and Customs,0.995925387060421,"['Prisoners and Punishment', 'Fashion and Dress']","[0.5257707975790422, 0.4696966262998419]",2
14,2,20,Social Classes and Customs,"With a stone for his pillow, a sack for his garment, without food or friends, an uncoffined grave will soon be his; he has begged a fellow mortal for work, but it was refused him.",Daily Life and Occupations,0.947452353900995,"['Social Classes and Customs', 'Prisoners and Punishment', 'Daily Life and Occupations', 'Food and Diet']","[0.3079668186741265, 0.3079306993571712, 0.3068424722416266, 0.07372923519449004]",4
14,2,20,Social Classes and Customs,Would that the vast numbers who squander extravagantly and needlessly unearned wealth could witness the innumerable instances like this-of existence so full of suffering that death is welcome.,Social Classes and Customs,0.9999994634928572,['Social Classes and Customs'],[0.9997352747094811],1
14,2,20,Social Classes and Customs,"This far-gone case of destitution and misery is not the only one in this last retreat of human agony; you see another in the distance, probably a new arrival, as he yet has strength to sit erect.",Social Classes and Customs,0.9999989270430732,"['Plague and Disease', 'Missionary Work', 'Social Classes and Customs']","[0.5475375520783207, 0.28028906289599287, 0.11717058856527789]",3
14,2,20,Social Classes and Customs,I have been several times to this haunt of agony and have always found several sitting or lying in different parts of the ground.,Cemeteries and Burial Practices,0.9989423309470338,"['Prisoners and Punishment', 'Cemeteries and Burial Practices', 'Plague and Disease']","[0.33333881701183365, 0.3333332142332165, 0.3333190677903909]",3
14,2,20,Social Classes and Customs,"When death ends their sufferings they often remain several days before the tardy authorities remove the body, and when removed it is borne to an unknown grave in the potter's field.",Cemeteries and Burial Practices,0.999999642375208,"['Cemeteries and Burial Practices', 'Prisoners and Punishment', 'Social Classes and Customs', 'Plague and Disease', 'Family and Social Structures']","[0.19188519831235926, 0.19188428339271216, 0.1918723428296524, 0.19186527716504345, 0.19165728355669695]",5
14,2,20,Social Classes and Customs,"Go with me to the Shameen, to the home of a faithful missionary, and there we can see a different face, a countenance illuminated by Christian ""Nirvana,"" a Chinese Biblewoman.",Missionary Work,0.9999988674932913,"['Missionary Work', 'British Colonialism']","[0.5218939559526176, 0.4774846547533008]",2
15,2,14,Missionary Work,Buddhistic asceticism has left her; almost the Mongolian obliquity of eyes has deserted her since Christian light entered her mind and Christian love her heart.,Missionary Work,0.9999994038809704,"['Missionary Work', 'Religion (Buddhism and Ancestor Worship)']","[0.5000125145365896, 0.49998593557374743]",2
15,2,14,Missionary Work,"She has been lifted from the low level of her sex among her own people to the level of European culture and refinement, and that by missionary influence.",Missionary Work,0.9999951722127784,"['Missionary Work', 'British Colonialism', 'Social Classes and Customs', 'Family and Social Structures']","[0.24997973803051904, 0.2499787843484654, 0.24997219853312388, 0.2498417833089066]",4
15,2,14,Missionary Work,"Her adopted Christian religion permits her to smile, which she can do charmingly when not posing for a picture; it also permits her to shake hands Western fashion, on an equality with European men and women, which she does gracefully and modestly.",Missionary Work,0.9699829813209052,"['Social Classes and Customs', 'Family and Social Structures', 'British Colonialism']","[0.4081390111378043, 0.4066296878776775, 0.1849931170732946]",3
15,2,14,Missionary Work,"Her new religion has removed her superstitious fear of the camera, and she is pleased, even anxious, to have her picture taken.",Missionary Work,0.9990468893799074,['Photography and Imaging'],[0.9995905479936991],1
15,2,14,Missionary Work,"Their education is practically forbidden; socially they are ostracised; they do not appear in the streets nor at public functions, and I have been told that a Chinese gentleman is supposed to turn his back when one of the opposite sex passes on the street.",Social Classes and Customs,0.9990341791382152,"['Family and Social Structures', 'Social Classes and Customs', 'Education', 'Daily Life and Occupations']","[0.25006519392778215, 0.25006495546141433, 0.25002707686684195, 0.24982306918325328]",4
15,2,14,Missionary Work,"A man, in China, may even kill his wife with impunity, provided he obtains the sanction of the mother (his mother-in-law).",Family and Social Structures,0.9999707345240108,"['Family and Social Structures', 'Social Classes and Customs']","[0.49979855352413904, 0.4997974215418528]",2
15,2,14,Missionary Work,"Can we wonder, either, that the prayer of the Chinese woman who is a Buddhist and believes in transmigration, is often that in the future existence she may be a man?",Religion (Buddhism and Ancestor Worship),0.9997054540951398,['Religion (Buddhism and Ancestor Worship)'],[0.9869631872826476],1
15,2,14,Missionary Work,It would appear from views expressed by the great founder of the Indian religion that his teachings did little to elevate the low state of women in China; for he refers to them in words which might afford grains of comfort to the misogynist and the henpecked husband.,Family and Social Structures,0.9996279338041576,"['Family and Social Structures', 'Religion (Buddhism and Ancestor Worship)', 'Social Classes and Customs']","[0.3355639900070261, 0.3342036809918195, 0.3302321689694524]",3
15,2,14,Missionary Work,"Here are his words: ""A woman's body has many evil things in it; at birth her parents are not happy; rearing her is without taste' (distasteful); her heart fears men; she must rise early and late, and be very busy; she can never eat before others; her father and mother begrudge the money spent on her wedding; she must leave father and mother; she fears her husband and has times of travail; if her husband curse her she is not permitted to get angry (talk back); in youth her father and mother rule; in middle life her husband; in old age she is at the beck and call of her grandchildren.""",Family and Social Structures,0.99999684115413,"['Family and Social Structures', 'Daily Life and Occupations', 'Social Classes and Customs']","[0.3333922369854092, 0.33335492183079174, 0.3332527219387686]",3
15,3,14,Missionary Work,"These devoted workers in the field of the foreign mission were evidently much interested in this woman, and spared no effort to enable me to secure views of native types, who under their Christian influence had come to think of foreigners in a reasonable way.",Missionary Work,0.9999995827822108,"['Missionary Work', 'Photography and Imaging', 'British Colonialism', 'Social Classes and Customs']","[0.2557823528079734, 0.25574473522746205, 0.25572053174684706, 0.2327394218925619]",4
15,3,14,Missionary Work,"Mr. Nelson explained to me the difficulty of reaching Chinese homes; only men can go to the services when general meetings are held, for it is not considered proper in China for women to assemble with men, or even for young women and ladies of the better class to be seen on the street.",Social Classes and Customs,0.9981740500401846,"['Social Classes and Customs', 'Family and Social Structures', 'Missionary Work', 'Daily Life and Occupations']","[0.25001487025047275, 0.2500148404521921, 0.25001442320488043, 0.24991390990109988]",4
15,3,14,Missionary Work,"In order, therefore, that the homes may be reached and mothers and daughters taught to forsake their idolatrous ways, elderly native Christian women are chosen and specially trained and educated for this work.",Missionary Work,0.9999964238520812,"['Missionary Work', 'Education', 'Family and Social Structures', 'British Colonialism', 'Social Classes and Customs']","[0.1666680474523608, 0.16666733217722585, 0.16666707397691233, 0.16666508709464994, 0.16666445157609097]",5
15,3,14,Missionary Work,"This Biblewoman is fifty-three years of age; her name is Mak; she belongs to the middle class; is a widow, and had an only son who died of the plague three years ago.",Family and Social Structures,0.9999504740558188,"['Family and Social Structures', 'Plague and Disease', 'Social Classes and Customs']","[0.333336604228489, 0.3333359683938975, 0.3333010438414941]",3
15,3,14,Missionary Work,"On his death bed his faith in his new found “Nirvana was so firm and strong as to turn his mother, who had never been in a Christian church, to the same source of consolation and hope.",Missionary Work,0.9803303602189252,['Family and Social Structures'],[0.9996445083139359],1
15,3,14,Missionary Work,She applied to Christian women to learn about Jesus; then she applied for admission to the Woman's School of the American Board.,Education,0.9995705372576036,"['Education', 'Missionary Work']","[0.4997898002429079, 0.4997242739096035]",2
15,3,14,Missionary Work,"She at once set to work to learn the Chinese characters; she did not ask for aid, but supported herself by selling needles, thread, yarn, etc.",Daily Life and Occupations,0.9987366826297752,"['Daily Life and Occupations', 'Trade and Commerce', 'Education']","[0.3332708880546133, 0.33326155192688134, 0.3332512621356654]",3
15,3,14,Missionary Work,"Mr. Nelson says it is a common thing to see her with her Testament in hand going out from the school to sit at some home and tell the ""Story.""",Missionary Work,0.9999980328085508,"['Missionary Work', 'Daily Life and Occupations', 'Family and Social Structures']","[0.32868682746340194, 0.3286837322682561, 0.31262826802942617]",3
15,3,14,Missionary Work,"Her education necessary for the best work is not yet complete, but while now doing a good work she is still engaged in educating herself.",Education,0.9999791399561444,"['Education', 'Daily Life and Occupations']","[0.5000451702770172, 0.4999533395562638]",2
15,3,14,Missionary Work,"She is very correct in her deportment, and, to show how quick she is to observe, Mr. Nelson tells that when she first entered their foreign built house she remarked: ""Your religion is better than the Chinese religions; you are even allowed to move your chair about and sit where you please; while in a Chinese house chairs are not to be moved from their places against the walls.""",Social Classes and Customs,0.614398280218287,"['Social Classes and Customs', 'Missionary Work', 'Family and Social Structures', 'Daily Life and Occupations', 'Religion (Buddhism and Ancestor Worship)']","[0.15897386209595757, 0.15894726279300014, 0.15893828170629065, 0.15893602305153742, 0.15881338623530525]",5
15,3,14,Missionary Work,"These women are paid not more than two dollars and a half a month, barely enough for food and clothing.",Daily Life and Occupations,0.999982237957233,"['Daily Life and Occupations', 'Social Classes and Customs', 'Food and Diet', 'Family and Social Structures', 'Fashion and Dress']","[0.2000382709458463, 0.20003765091013684, 0.2000312841446243, 0.2000216996787247, 0.19971879841455759]",5
15,3,14,Missionary Work,"In reference to their value and efficiency in the mission field, I give Mr. Nelson's exact words in a letter to me: ""One cannot overestimate the amount of good done in China by a Bible-woman, and there are many doing work which far outshines that of their sisters in this country (America).",Missionary Work,0.9999997019404409,"['Missionary Work', 'Daily Life and Occupations']","[0.5000660769494167, 0.4998957130280257]",2
15,3,14,Missionary Work,"It can be said of many of these humble workers what the Lord said of Mary-'She hath done what she could.'""",Missionary Work,0.9999997019404409,['Daily Life and Occupations'],[0.9977507307423454],1
15,4,22,Trade and Commerce,"should you desire to make further exploration in this great city on the Pearl River, many other stereographed places may be had of Underwood & Underwood that will enable you to return and visit again this great emporium of the East.",Trade and Commerce,0.9998370894318428,['Photography and Imaging'],[0.9997487008744544],1
15,6,23,Transportation,"You have not forgotten that great side-wheel steamer that lay within our first panorama overlooking the river at Canton; we now go on board of her and in a few hours we shall be landed back in Hongkong, our startingplace.",Transportation,0.9999006052235694,"['Transportation', 'Harbor and Waterways', 'British Colonialism']","[0.3334226848772262, 0.33342228742246544, 0.33308388849310766]",3
15,6,23,Transportation,"From Hongkong we shall go northward over a treacherous sea that is the terror of navigators, the China Sea, and through the Formosa Channel to Shanghai, almost a thousand miles north.",Transportation,0.996968820260798,"['Transportation', 'Geography and Topography', 'Harbor and Waterways']","[0.3333339425378732, 0.33333390274058844, 0.3333306049938135]",3
15,6,23,Transportation,"If you have but recently quit your mother's apron-strings or have been accustomed to a nice bed from which you had to lay away the lovely pillow-shams every night, why you must go first class, by the French Mail or the P. & O., which will cost you about fifty dollars.",Transportation,0.9999175870599062,"['Transportation', 'Social Classes and Customs', 'Family and Social Structures']","[0.3536989769065805, 0.3536968265630534, 0.2924004019606537]",3
15,6,23,Transportation,If you are a graduate from the school of hard experience you can go third class on any of the lines plying between the two ports for about fifteen dollars.,Transportation,0.9997903253647952,"['Transportation', 'Social Classes and Customs', 'Harbor and Waterways', 'Daily Life and Occupations']","[0.2495460682060678, 0.24954359929229072, 0.24952500905637312, 0.24920512711533574]",4
15,6,23,Transportation,"An intermediate passage, comfortable for those not disturbed by three days of plain living, may be secured for twentyfive dollars.",Transportation,0.9999997615523456,"['Social Classes and Customs', 'Daily Life and Occupations']","[0.49571827540818536, 0.48329716498417424]",2
15,6,23,Transportation,"So, then, circumstances being a dictator, let us decide and take one of the many boats that leave Hongkong and touch at Shanghai.",Transportation,0.9618901933303317,"['Transportation', 'Harbor and Waterways', 'Trade and Commerce']","[0.3348225274786201, 0.33481937444259396, 0.3302569457489931]",3
15,6,23,Transportation,"The channel is not very wide, and for that reason it is particularly dangerous during typhoons; but we shall pass through in the early spring and typhoons prevail mostly in midsummer.",Harbor and Waterways,0.9999937419297844,"['Harbor and Waterways', 'Transportation', 'Geography and Topography']","[0.3333443670387872, 0.33333105626195947, 0.3333242190146885]",3
15,6,23,Transportation,"In the meantime, on our way, I must tell you something about that city, and when we arrive we shall find an elevated position as we did at Canton, from which we can get a general view.",Transportation,0.9999378976575204,"['Transportation', 'Geography and Topography']","[0.4998626163711468, 0.49985630543737397]",2
15,6,23,Transportation,"If we turn to Map No. 2, the map of ""Eastern China,"" we find the route line in red which shows our course from Canton to Shanghai.",Transportation,0.9999989866549318,"['Transportation', 'Trade and Commerce', 'Geography and Topography', 'Harbor and Waterways']","[0.312705013952152, 0.3126646862613412, 0.31256897723065435, 0.061544241222604906]",4
15,7,12,Harbor and Waterways,"Far out at sea, before entering the estuary of the great Yang-tse-Kiang, every voyager is struck by the discoloration of the water.",Harbor and Waterways,0.999993920763534,"['Geography and Topography', 'Harbor and Waterways', 'Transportation']","[0.3341024936372884, 0.3341005023942751, 0.33179688446899686]",3
15,7,12,Harbor and Waterways,"If countless giants of the deep had been stirring up an entire sea-bottom of yellow ocher, the water would not exhibit a more turbid yellow.",Harbor and Waterways,0.9999998211642538,"['Harbor and Waterways', 'Geography and Topography']","[0.8067936587975975, 0.19320634120240254]",2
15,7,12,Harbor and Waterways,"This discoloration continues far north through what is known as the Yellow Sea, and is due to the vast amount of yellow deposit from the two great rivers, the Yang-tseKiang and the Hoang Ho.",Harbor and Waterways,0.8157032979713361,"['Geography and Topography', 'Harbor and Waterways']","[0.500007390464063, 0.4999880199819716]",2
15,7,12,Harbor and Waterways,"The map of China is frequently drawn on so small a scale that the location of the city of Shanghai appears to be on the sea-coast; but by the sailing course, when land is first sighted, we are yet forty miles from the city.",Harbor and Waterways,0.9999758024986456,"['Geography and Topography', 'Transportation', 'Harbor and Waterways']","[0.33339416736936917, 0.3333464065368413, 0.3332417812620413]",3
15,7,12,Harbor and Waterways,When we first enter the estuary of the Yang-tse-Kiang we can but indistinctly discover a low lying land at a great distance on the horizon.,Harbor and Waterways,0.9997868099289526,"['Geography and Topography', 'Harbor and Waterways']","[0.5000012218003249, 0.49999871858747724]",2
15,7,12,Harbor and Waterways,"After a sail of nearly twenty miles up this broad Amazon-like river, we reach the mouth of the Wusung River, where all the great ocean liners anchor to debark passengers for Shanghai.",Harbor and Waterways,0.9999963641385125,"['Harbor and Waterways', 'Transportation', 'Geography and Topography']","[0.3331661072801106, 0.33316598811610243, 0.3331644393045217]",3
15,7,12,Harbor and Waterways,The city is yet twelve miles distant along this river and is reached by steam launches or by railway.,Harbor and Waterways,0.8684622362256301,"['Transportation', 'Geography and Topography', 'Harbor and Waterways']","[0.3333362473594879, 0.3333323534672848, 0.3333308428481046]",3
15,7,12,Harbor and Waterways,"The Yang-tse, at the mouth of the Wusung, is like a broad muddy lake, and in the direction of its course from the west, the horizon is a meeting of sky and water, as out at sea.",Harbor and Waterways,0.9999923703890108,"['Geography and Topography', 'Harbor and Waterways']","[0.49999964237019867, 0.4999995828049925]",2
15,7,12,Harbor and Waterways,"As we ascend the Wusung, one-story, tile-roofed, gray-brick buildings appear, with evidences of excellent cultivation everywhere.",Harbor and Waterways,0.9999337881692912,"['Architecture and Building', 'Agriculture and Farming', 'Harbor and Waterways', 'Geography and Topography']","[0.24962741931892762, 0.2496268241994056, 0.2496267349465726, 0.24958517575079583]",4
15,7,12,Harbor and Waterways,I have said that the great ocean liners anchor at the mouth of the Wusung; yet nearly all large coasting steamers ascend the river and discharge cargo at the docks in Shanghai; even light-draught warships anchor in the river before the city.,Harbor and Waterways,0.9999990463231824,"['Harbor and Waterways', 'Transportation', 'Trade and Commerce', 'Geography and Topography']","[0.24999213537387519, 0.24999198638158943, 0.24998858906037877, 0.24998492353776555]",4
15,8,23,Transportation,"There are a few cabs out on the street, and an ample supply of the jaunty little man-carts called jinrikishas, or ""rikishas.""",Transportation,0.9999996423941084,"['Transportation', 'Daily Life and Occupations']","[0.4998363442967459, 0.499828418918304]",2
15,8,23,Transportation,"For luggage, a droll array of wheelbarrows is in waiting wheelbarrows advanced to a state of utility and capacity unknown in the Western world.",Transportation,0.9999995231614776,"['Transportation', 'Daily Life and Occupations']","[0.5014192278076025, 0.49836898052936474]",2
15,8,23,Transportation,"Our luggage on the wheelbarrow and ourselves mounted on a dashing, coolie-propelled ""rikisha,"" we are off for a hotel in the European quarter of the city.",Transportation,0.9999991059054896,"['Transportation', 'Social Classes and Customs', 'Daily Life and Occupations', 'British Colonialism']","[0.25001784174979835, 0.2500093176570535, 0.24999537220033588, 0.24997699152806865]",4
15,8,23,Transportation,"As we pass along we are amazed at the evidences of up-to-date conditions-wellpaved streets, magnificent modern buildings, street lamps, electric lights, public gardens with music-stands.",Architecture and Building,0.7180456398169016,"['Architecture and Building', 'Daily Life and Occupations']","[0.5177836496966013, 0.48178524435830256]",2
15,8,23,Transportation,"But for a panorama, that we may get the general view of the city which I promised you, we will ascend to the roof of the Imperial Bank of China and look northward over the street along which we came from the landing-place.",Transportation,0.9997518934459017,"['Architecture and Building', 'Geography and Topography']","[0.8894048887231849, 0.062417897185419464]",2
15,9,12,Harbor and Waterways,"First, though, let us turn to Map 5, a map of the old city of Shanghai, and the English, French and American settlements.",Harbor and Waterways,0.999988675992879,"['British Colonialism', 'Geography and Topography', 'Trade and Commerce']","[0.36747139031161385, 0.36745011070981004, 0.26408148670260084]",3
15,9,12,Harbor and Waterways,"Following the river shore to the Soochow Creek, and then southward along the Bund or Yangtsze road, we come to the Imperial Bank, where we are to stand first in Shanghai.",Harbor and Waterways,0.999995112635708,"['Harbor and Waterways', 'Geography and Topography', 'Transportation', 'Trade and Commerce']","[0.30660818409225693, 0.3065641169076811, 0.24776411028923653, 0.1389740590780924]",4
15,9,12,Harbor and Waterways,"The red lines connected with the number 16, which branch toward the north from this point, show what our field of vision is to be.",Harbor and Waterways,0.9999864703328374,"['Photography and Imaging', 'Geography and Topography']","[0.8089053652322895, 0.18470159402238645]",2
15,9,12,Harbor and Waterways,According to these lines we should have the Whangpoo River on our right and part of the row of buildings fronting the river on our left.,Harbor and Waterways,0.999990761502815,"['Harbor and Waterways', 'Geography and Topography', 'Architecture and Building']","[0.33392794682172333, 0.33392531958578736, 0.33214390736109833]",3
16,2,12,Harbor and Waterways,"It is a half-mile in width here and turns first toward the northeast, then again to the north; so that its confluence with the Yang-tse-Kiang and the anchorage of the large ocean vessels lies directly north of us in line with the direction of our vision and twelve miles distant.",Harbor and Waterways,0.999916872190762,"['Geography and Topography', 'Harbor and Waterways', 'Transportation']","[0.3333482320681545, 0.33334819232510016, 0.3333023040511772]",3
16,2,12,Harbor and Waterways,"In our ""rikishas"" and with our wheelbarrows laden with luggage we came along a street a short distance in the rear of those far-away buildings; then, along the street before us, which is the center of the English quarter of the European settlement.",Transportation,0.9998831999514468,"['Transportation', 'British Colonialism', 'Daily Life and Occupations']","[0.3384894865319654, 0.33848738841056214, 0.32290778774511997]",3
16,2,12,Harbor and Waterways,"The French quarter, which we shall see from our next position, lies behind us and extends southward to the walls of the native city.",Geography and Topography,0.9952053048403218,['Geography and Topography'],[0.9999769938227792],1
16,3,11,Geography and Topography,"Pekin is now about six hundred miles directly in front of us; the homes of millions of Chinese lie off to our left, while the island empire of Japan lies directly to our right.",Geography and Topography,0.999999940388081,['Geography and Topography'],[0.9997913630782767],1
16,4,22,Trade and Commerce,"The well-paved streets lined with shade-trees, and the green lawns near the river, in the distance, are not Chinese.",British Colonialism,0.9999689430644764,['Geography and Topography'],[0.992053216904038],1
16,4,22,Trade and Commerce,"Just beyond, at the end of that promenade next the water, you see a small, round dome that is just within a paling that surrounds beautiful public gardens.",Geography and Topography,0.6577695095742061,"['Architecture and Building', 'Harbor and Waterways']","[0.4999787907024136, 0.4998705781927836]",2
16,4,22,Trade and Commerce,"Those tall posts bearing myriad wires that span the streets tell of a busy, ceaseless, commercial enterprise that is not Chinese.",Trade and Commerce,0.9999962448532662,"['Trade and Commerce', 'Daily Life and Occupations', 'Architecture and Building']","[0.38135961083312514, 0.38124217957530704, 0.23737902625003052]",3
16,4,22,Trade and Commerce,"Those dismasted clipperhulls in the river are not junks, but old ""have-beens"" refitted to receive cargoes of opium, which, owing to heavy duties, is not landed but held in these hulls for reshipment.",Trade and Commerce,0.9009242272313552,"['Trade and Commerce', 'Transportation', 'Harbor and Waterways', 'British Colonialism', 'Gambling and Opium']","[0.16684291778693053, 0.16684259953982047, 0.16684253990823084, 0.1668311636601067, 0.1668280426191034]",5
16,4,22,Trade and Commerce,"So you must see that on the river-front, at least, little can be seen to tell you we are in China or in even the Orient.",Harbor and Waterways,0.9995310015527684,['Harbor and Waterways'],[0.9998658085285334],1
16,4,22,Trade and Commerce,"A few things, however, are not quite familiar to Western eyes-the sampans and house-boats are huddled along the waterfront and around the landing-stages.",Harbor and Waterways,0.9999706756559624,"['Harbor and Waterways', 'Transportation', 'River Dwellers (Tankia)']","[0.3711074645986178, 0.3711013593694736, 0.2570511138269032]",3
16,4,22,Trade and Commerce,"The ""rikishas "" ""are bounding along the street below us, drawn by Chinese coolies or ""rikisha-men.""",Daily Life and Occupations,0.2293745012020283,"['Transportation', 'Daily Life and Occupations', 'Social Classes and Customs', 'British Colonialism']","[0.25004779843049507, 0.2500475003623299, 0.24995579081500321, 0.2499482546313898]",4
16,4,22,Trade and Commerce,You see one of them below us bowling along at a lively gait with a European gentleman on the seat.,Transportation,0.9991357537048906,['Transportation'],[0.9505088820982065],1
16,5,23,Transportation,"75 standing before hotels and shops; they take the place of the cab, the tramway and the trolley; indeed, in many respects they are more convenient and much less expensive than the cab.",Transportation,0.9999997019871092,"['Transportation', 'Daily Life and Occupations', 'Trade and Commerce', 'Social Classes and Customs']","[0.25665268817233344, 0.25665173960138477, 0.25593376325077866, 0.23076159481523117]",4
16,5,23,Transportation,"Their speed is about the same as that of an ordinary horse-carriage, while they will carry one to any part of the city for five cents, or, by the day, at ten cents an hour.",Transportation,0.9999996423941084,"['Transportation', 'Daily Life and Occupations', 'Trade and Commerce']","[0.33301406694886365, 0.33301220127136943, 0.33284903976073893]",3
16,5,23,Transportation,"The ""rikisha-men"" have wonderful endurance and maintain a constant run; but they are said to be short-lived.",Daily Life and Occupations,0.9999814040257784,"['Daily Life and Occupations', 'Transportation', 'Social Classes and Customs']","[0.3368301331654742, 0.3368292096806167, 0.3263397737763641]",3
16,6,22,Trade and Commerce,"The post and cable offices are on this street, to our left, between us and the public gardens; the Custom-house, the banks and most of the principal offices are here also.",Trade and Commerce,0.9999998211642538,"['Daily Life and Occupations', 'Trade and Commerce', 'Geography and Topography']","[0.33336096519485786, 0.3332855961531436, 0.3332437467344722]",3
16,6,22,Trade and Commerce,You would like to know whether European Shanghai is confined to this street along the river?,Trade and Commerce,0.9999738948123692,['Harbor and Waterways'],[0.9996839753672445],1
16,6,22,Trade and Commerce,"You may travel westward or away from the river for a mile and still be within a densely populous city; but only a few streets away from the front will you find modern buildings; beyond this, although still within the European quarter, you will find the buildings and population largely Chinese.",Architecture and Building,0.9883543185219998,"['Architecture and Building', 'British Colonialism', 'Geography and Topography', 'Social Classes and Customs']","[0.25408560558326815, 0.25406885814006275, 0.24979677880475898, 0.24204418390068744]",4
16,6,22,Trade and Commerce,"In this city we have the best opportunity possible of comparing and contrasting the East and the West, Chinese civilization with European; but before making further comparison we will change our position to the tower of the Customhouse, which is a little behind the large building beyond the trees on our left.",Trade and Commerce,0.9999510104348198,['Architecture and Building'],[0.9725440939245574],1
16,6,22,Trade and Commerce,"From that point we shall look in the opposite direction, southward, and up the river toward the native city.",Harbor and Waterways,0.9981348984981646,"['Harbor and Waterways', 'Geography and Topography']","[0.4998887573037704, 0.49968391731108797]",2
16,7,11,Geography and Topography,"On the map of Shanghai, Map No. 5, the red lines which start from the Custom-house, just north of our first position, and branch toward the southeast to the map margin, give our next field of vision.",Geography and Topography,0.999907756215283,"['Geography and Topography', 'Harbor and Waterways', 'Military and Naval Defenses', 'War and Conflict']","[0.2873694501285005, 0.28736797783352996, 0.28690920724209434, 0.1369748803352202]",4
17,2,11,Geography and Topography,"The native city lies in the distance before us, and many hundred miles in that direction is Formosa and the Philippine Islands.",Geography and Topography,0.999999940388081,['Geography and Topography'],[0.9999988078424755],1
17,3,22,Trade and Commerce,"That fine building on the right-hand side of the street is the Imperial Bank of China, and we looked from that dormer window in this direction toward the north.",Trade and Commerce,0.9963736231853062,['Architecture and Building'],[0.9994736886519175],1
17,3,22,Trade and Commerce,"I think we can see the English flag on the first one and the French red, white and blue on the signal staff by the black ball.",Trade and Commerce,0.9999583403279242,"['Harbor and Waterways', 'Military and Naval Defenses']","[0.4843762222116005, 0.4823762805491634]",2
17,4,20,Social Classes and Customs,"I have alluded to the suitableness of Shanghai for a comparison between Chinese and European civilization; this comparison you could make better should I take you through the native city, for it is considered a typical Chinese city; but I am afraid you will have to judge in a measure from what you have seen of Canton and from what you will see later of other cities and be satisfied with this distant view of the native city.",Social Classes and Customs,0.9999981521999662,"['Architecture and Building', 'British Colonialism', 'Social Classes and Customs']","[0.39694457131091815, 0.3778577881633754, 0.1736630212539433]",3
17,4,20,Social Classes and Customs,I entered it several times for the purpose or getting a representative view and as often returned in despair.,Social Classes and Customs,0.9999191955191684,['Prisoners and Punishment'],[0.9999366113259684],1
17,4,20,Social Classes and Customs,There is no accessible point of elevation over the city for a panorama; there is no street with light and space enough to enable one to obtain a view.,Geography and Topography,0.9998643659078482,['Geography and Topography'],[0.9779723187264456],1
17,4,20,Social Classes and Customs,"It is a wilderness of low, one-story buildings with weather-blackened tile roofs, surrounded by five miles of old crenulated brick wall, and is supposed to contain about a million inhabitants.",Architecture and Building,0.9900867067448788,"['Architecture and Building', 'Geography and Topography']","[0.5001877892814475, 0.49976075909966244]",2
17,4,20,Social Classes and Customs,Within it is traversed by lanes or streets which might better be termed fetid tunnels seething with filth and teeming with miserable and vicious-looking humanity.,Social Classes and Customs,0.9997002148675624,"['Transportation', 'Social Classes and Customs', 'Daily Life and Occupations', 'Plague and Disease']","[0.2674219420823825, 0.26723385648934367, 0.25693256623747224, 0.20502550685606172]",4
17,4,20,Social Classes and Customs,"Odors are suffocating, and the eyes can find nothing attractive or beautiful to rest upon; squalor, indigence, misery, slush, stench, depravity, dilapidation, decay prevail everywhere.",Social Classes and Customs,0.9999991655627198,"['Social Classes and Customs', 'Prisoners and Punishment', 'Daily Life and Occupations']","[0.36362851116442363, 0.35959271758994305, 0.2567104836663645]",3
17,4,20,Social Classes and Customs,One almost fears to enter a place of so many repugnant scenes and hurries away after a brief glance.,Social Classes and Customs,0.9999983907379588,"['Prisoners and Punishment', 'Plague and Disease', 'Cemeteries and Burial Practices']","[0.4542311616282451, 0.45403027839135207, 0.09172387783868838]",3
17,4,20,Social Classes and Customs,"The saying that distance lends enchantment"" will answer for the native city of Shanghai; therefore, you will, I hope, be satisfied to view the dim outline of it by those long, square structures near the white space far away and in line with that signal staff which bears the French flag and marks the beginning of the French quarter of the city.",Social Classes and Customs,0.999936349278308,['Harbor and Waterways'],[0.9875398738684036],1
17,4,20,Social Classes and Customs,"In greatest possible contrast there lies directly before us a continuation of the Bund in the European city, where all is bustle and activity; the streets are broad, well macadamized and lined with beautiful trees.",Social Classes and Customs,0.9995025850390538,['Geography and Topography'],[0.9995991527144992],1
17,4,20,Social Classes and Customs,"The river before the native city is a chaos of junks and sampans; here, out in the stream are many fine coasting steamers from all ports of the Empire, and farther up you see lying at the wharf stately, modern steamers that ply on the Yang-tse or down the coast to Ningpo.",Harbor and Waterways,0.999929498878045,"['Harbor and Waterways', 'Transportation', 'Trade and Commerce', 'Geography and Topography']","[0.30395995004788956, 0.30395995004788956, 0.3039575221659091, 0.08174807980359258]",4
17,4,20,Social Classes and Customs,All the comforts and luxuries of Western life are to be found side by side with what I have mentioned within the walls of the native city.,Social Classes and Customs,0.9999993443882876,"['British Colonialism', 'Social Classes and Customs']","[0.5044726963608087, 0.49544300505664857]",2
17,4,20,Social Classes and Customs,"Yet stranger still is the fact that, though the Chinese note the contrast, they are, with few exceptions, happy in their own way.",Social Classes and Customs,0.9999998211970382,['Social Classes and Customs'],[0.9799153355896891],1
17,4,20,Social Classes and Customs,"They live in the present, guided by the past; with them the present and the past are wedded, and a divorcement of the two is wonderfully slow.",Social Classes and Customs,0.9999966026710764,['Religion (Buddhism and Ancestor Worship)'],[0.997962388545055],1
17,4,20,Social Classes and Customs,"It will require every influence for a great period of time; it will require the missionary seconded by the locomotive and possibly by ""Krupps,"" and this for many generations.",British Colonialism,0.8270110282280416,"['Missionary Work', 'Transportation', 'British Colonialism']","[0.33327341682586853, 0.3332588376127585, 0.3330720789453126]",3
17,4,20,Social Classes and Customs,"We can see the French settlement commencing at the signal-pole and continuing on to the wall of the native city, showing all the concomitants of Western progress.",Social Classes and Customs,0.999660502553874,['Architecture and Building'],[0.9986113890740362],1
17,4,20,Social Classes and Customs,Just notice those jaunty wide-awake little steam launches by the landing-stages side by side with the sampans.,Harbor and Waterways,0.9999636410164215,"['Harbor and Waterways', 'Transportation', 'Daily Life and Occupations', 'Social Classes and Customs']","[0.2564514547443389, 0.25645133246779406, 0.2563302035818904, 0.2305806119712383]",4
17,4,20,Social Classes and Customs,There is a comparison by itself; you may notice at the same time that those sampans are quite dissimilar in model to those we saw in Canton.,Social Classes and Customs,0.9942085333747582,"['Transportation', 'Harbor and Waterways']","[0.49998843723201775, 0.4999878416062435]",2
17,4,20,Social Classes and Customs,"In this direction we see again the promenade along which pedestrians stroll to enjoy the river breeze in hot summer weather; and the same street life, the ""rikishas,"" some scudding along with an occupant and others waiting in the shade of those trees; but here we also see the indispensable wheelbarrow doing transport service.",Daily Life and Occupations,0.9976726690907604,"['Daily Life and Occupations', 'Transportation', 'Social Classes and Customs', 'Harbor and Waterways']","[0.24987363816644165, 0.2498734296570516, 0.2498030630653781, 0.24947442696127817]",4
17,4,20,Social Classes and Customs,Could you tell by those little docks or landing-steps that extend along the bank of the river as far as we can see that there is a tide at Shanghai?,Harbor and Waterways,0.9999430223768488,"['Harbor and Waterways', 'Geography and Topography']","[0.49992726694762507, 0.49989943673243536]",2
17,5,22,Trade and Commerce,"Do you remember that when we were at Hongkong I told you that a building for storing goods. is called a ""godown"" in the East?",Trade and Commerce,0.9999880799988328,"['Architecture and Building', 'Trade and Commerce']","[0.49978152073266263, 0.49815351789073714]",2
17,5,22,Trade and Commerce,When I returned from the north of China I was obliged to store my luggage in those godowns until I had complied with the tedious Custom-house requirements.,Trade and Commerce,0.9999916549843736,"['Trade and Commerce', 'British Colonialism']","[0.5571631411473456, 0.4141087077054821]",2
17,5,22,Trade and Commerce,"While looking in this direction permit me to remind you that in a few days we shall make a trip from Shanghai to Ningpo, and when we go we shall take that first large white steamer lying on the hither side of the godowns.",Trade and Commerce,0.8725424906627731,"['Transportation', 'Harbor and Waterways']","[0.499464408186742, 0.4994620267117554]",2
17,5,22,Trade and Commerce,"If that great hull were filled with opium at ten dollars per pound, a moderate wholesale price, it would be worth a risky, piratical ""hold-up.""",Gambling and Opium,0.9999643566429344,"['Trade and Commerce', 'Gambling and Opium', 'Transportation', 'War and Conflict']","[0.25500361592495213, 0.25498112382555554, 0.254411359575091, 0.23391739819453594]",4
17,6,2,British Colonialism,"We have obtained a general view of European Shanghai along the river-front; have looked toward the French settlement, in which the streets have French names.",British Colonialism,0.9998587681390774,"['Harbor and Waterways', 'Geography and Topography']","[0.5127155542540578, 0.4869696636336617]",2
17,6,2,British Colonialism,"We have seen the American settlement, where the principal street is called Broadway and the leading hotel the Astor House; and now, as I promised to show you a street back from the river, a street in which, while in the European section, the shops and inhabitants are altogether Chinese, we will leave our elevated view-point over the Custom-house and enter Nankin Road, a cross-street which leads from the Bund through the heart of the English settlement.",British Colonialism,0.9999564336171562,"['Geography and Topography', 'British Colonialism', 'Social Classes and Customs']","[0.3386725381220432, 0.33839683404480103, 0.3226637353979142]",3
18,2,2,British Colonialism,"Here we are looking nearly eastward and toward the Bund in a street which, although filled with Chinamen and lined with Chinese shops, is plainly not in a typical Chinese city.",British Colonialism,0.999712836927748,"['Photography and Imaging', 'British Colonialism', 'Daily Life and Occupations', 'Social Classes and Customs']","[0.400217519290168, 0.262694102029884, 0.17703005821408407, 0.12509782929443747]",4
18,2,2,British Colonialism,"The streets are broad, well macadamized and clean, very unlike the narrow, filthy lanes seen in any really Chinese city.",British Colonialism,0.454137493343889,['British Colonialism'],[0.9911501486939854],1
18,2,2,British Colonialism,Those chimneys in the distance to the right plainly tell that we have not gone far into the native quarter to gain a glimpse of the Chinese portion of the settlement.,British Colonialism,0.9999639998209274,"['Architecture and Building', 'British Colonialism', 'Social Classes and Customs']","[0.4543593647102527, 0.45390402052243967, 0.09172599628333362]",3
18,3,20,Social Classes and Customs,"There is one feature, however, about this street which gives more evidence of assimilation; it leads out to the most fashionable suburbs and to the race-course, and on Sundays and during the cool afternoon hours of weekdays it is filled with stylish modern vehicles, many of which are occupied and owned by wealthy Chinese, including the ""upper-ten-dom"" of Chinese ladies, elegantly attired, richly bejeweled and coiffured and painted.",Social Classes and Customs,0.9999793187045204,"['Social Classes and Customs', 'Fashion and Dress', 'Transportation', 'Family and Social Structures', 'Daily Life and Occupations']","[0.20031608567943557, 0.200314796234704, 0.200304934449513, 0.20025950781111454, 0.19879825231843673]",5
18,3,20,Social Classes and Customs,"That these Chinese drive out in European carriages, that they attend the races, are among the hopeful signs that there is a trifling infiltration of occidentalism.",Social Classes and Customs,0.999997973255866,"['Social Classes and Customs', 'Transportation', 'Daily Life and Occupations']","[0.3326909816061457, 0.33264970533885035, 0.3252817096114438]",3
18,4,2,British Colonialism,"Here, again, is the ""rikisha,"" showing its inward construction and suggesting a stunted survival of the ""Onehoss Shay.""",Transportation,0.9999992251745926,['Transportation'],[0.9995873686758141],1
18,4,2,British Colonialism,Standing nearest us is one of England's Indian soldiers who aspires to live in art as a man of letters and has probably succeeded beyond his hopes when he halts for a moment before the camera.,British Colonialism,0.7544435068695465,"['Photography and Imaging', 'British Colonialism', 'Social Classes and Customs', 'Daily Life and Occupations']","[0.250483026137313, 0.2504817721277005, 0.250130711760815, 0.2483354887682166]",4
18,4,2,British Colonialism,"Notice his costume, his khaki suit, his curious cap, his heavy shoes, and especially his leggings; they are such as are worn by all his Majesty's native troops in India, not buttoned nor laced at the side, but consisting of a continuous piece of cloth wrapped from the foot upward to the knee and fastened.",Fashion and Dress,0.9998091520485752,"['Fashion and Dress', 'British Colonialism', 'Social Classes and Customs', 'Military and Naval Defenses', 'War and Conflict']","[0.21434779410787852, 0.21434733421395982, 0.21434048618262697, 0.21417007808482688, 0.142621796007927]",5
18,4,2,British Colonialism,A noteworthy physical feature of nearly all East Indian types is a deficiency of calves; but that cannot be regarded as an intellectual disparagement if it be true according to anthropologists that all human development is headwards; it is quite easy to believe on general principles that the less calf the more brain.,Social Classes and Customs,0.9999846799155708,['British Colonialism'],[0.9983924669987745],1
18,4,2,British Colonialism,"Notwithstanding this headward development theory, I am rather suspicious of the literary attainments of this Hindoo, as real scholars are not always fond of disporting literature.",Social Classes and Customs,0.8831915473517303,['British Colonialism'],[0.9882722890372517],1
18,5,15,Photography and Imaging,"It is quite plain that here, as usual, the people are watching the operator; but the picture-making process is not altogether strange to them.",Photography and Imaging,0.9999998807761656,"['Photography and Imaging', 'Daily Life and Occupations']","[0.5008375920000057, 0.499146405593652]",2
18,5,15,Photography and Imaging,"There are at least five or six well-equipped photographic galleries in this street, all belonging to Chinamen and well supplied with the latest appurtenances of the art.",Photography and Imaging,0.9999998807761656,"['Photography and Imaging', 'Daily Life and Occupations', 'Trade and Commerce', 'Social Classes and Customs', 'British Colonialism']","[0.21280386413051305, 0.21280325533262792, 0.21280322995913373, 0.21278108624738368, 0.14880815843807857]",5
19,2,1,Architecture and Building,"We can readily see we are still on the wide and wellkept street of the European quarter, but the building opposite is Chinese except the upper half-roof, which is covered with corrugated iron, an entirely foreign product.",Architecture and Building,0.9999995827822108,['Architecture and Building'],[0.9997962099060804],1
19,2,1,Architecture and Building,"It is a matter of commercial interest to see into what general use this corrugated iron has come, not only in the coast towns in China, but in our newly acquired islands in the East, where it constitutes a large part of the building material; indeed, in Manila, I decided on different occasions that it was useless to make panoramic views looking over central portions of the city because it was one monotonous characterless glare of corrugated iron.",Architecture and Building,0.9999985693149258,"['Architecture and Building', 'Trade and Commerce', 'British Colonialism', 'Photography and Imaging', 'Daily Life and Occupations']","[0.20220027549016992, 0.2022002513963358, 0.2021990944809654, 0.2019946961039291, 0.19140211519068245]",5
19,2,1,Architecture and Building,"The ground floor is occupied by different shops with their fronts widely open to the street, and the native proprietors are standing in the doorway to see what is attracting the attention of those outside.",Architecture and Building,0.9992555590486027,"['Trade and Commerce', 'Daily Life and Occupations', 'Social Classes and Customs', 'Architecture and Building']","[0.2504246424628745, 0.25042461261575466, 0.2503938975477637, 0.2483422489558409]",4
19,2,1,Architecture and Building,"You will note that most of the persons in this gathering are of the better class-merchants, clerks, servants many of them wearing caps which generally indicates a rank above the coolie, who is the most menial type of the East.",Social Classes and Customs,0.9999955892541904,"['Social Classes and Customs', 'Daily Life and Occupations', 'British Colonialism', 'Fashion and Dress', 'Family and Social Structures']","[0.16928820452309132, 0.16928483459389668, 0.16928188830688648, 0.169276197515107, 0.1692704073252352]",5
19,3,20,Social Classes and Customs,"The tea-house is a national institution in China; they are found in every city and town and village, and even in country places by the wayside, where they consist often of a shed or a simple shelter of thatch or matting.",Social Classes and Customs,0.9261389272397782,"['Daily Life and Occupations', 'Architecture and Building', 'Social Classes and Customs', 'Family and Social Structures']","[0.2534777554542012, 0.2534690235786992, 0.25344165582281303, 0.23953770487147283]",4
19,3,20,Social Classes and Customs,"Comparisons may be odious, but in studying a people or a nation one is compelled to make them, and since reaching Shanghai most of the comparisons have been against the Chinaman; but in the matter of the respective national resorts, as the teahouse versus the beer-saloon, a comparison is scarcely admissible, because the frequenters of the tea-house are people of the highest respectability, and I cannot say so much in reference to patrons of the beer-saloon.",Social Classes and Customs,0.9999996423941084,"['Social Classes and Customs', 'Daily Life and Occupations', 'Family and Social Structures']","[0.3282533513121619, 0.3281328414260524, 0.32752114161414997]",3
19,4,20,Social Classes and Customs,"To see ourselves as others see us is a moral impossibility, and could we do so it would scarcely mend matters, as the ethical vision of the second person would probably be no better than that of the first;",Social Classes and Customs,0.9999992847764076,"['Family and Social Structures', 'Social Classes and Customs', 'Prisoners and Punishment']","[0.37498282800953076, 0.37498282800953076, 0.2500343439809385]",3
19,4,20,Social Classes and Customs,"but it is curious to reflect on what would be the impressions of a Chinese gentleman who should for a first time pass through an American city or a single street of an average American town and examine the character of our national resort, the beer-saloon-what they drink and how they act therein, the numerical relation between the bakery and the beer-shop;",Social Classes and Customs,0.9999991059054896,"['Social Classes and Customs', 'Daily Life and Occupations', 'Food and Diet', 'Family and Social Structures']","[0.2947254695901266, 0.2947179861159288, 0.29469497702112923, 0.11563520594095847]",4
19,4,20,Social Classes and Customs,"He might at the same time see a frequenter of this national resort come staggering to the door and in drunken stupor and maudlin profanity point his finger of scorn at some poor humble, industrious tea-drinking Chinaman passing by.",Social Classes and Customs,0.9999963044974792,"['Social Classes and Customs', 'British Colonialism', 'Daily Life and Occupations']","[0.36352699910990227, 0.36190435762831885, 0.2744491074524106]",3
19,5,20,Social Classes and Customs,"First, though, note the native policeman in regulation garb; his feet, his arms and his head are all in a position that clearly betrays a consciousness of authority over his fellows about him.",Social Classes and Customs,0.99996161706981,"['Social Classes and Customs', 'British Colonialism', 'Daily Life and Occupations', 'Photography and Imaging', 'Family and Social Structures']","[0.1988132630443888, 0.19880683990618345, 0.1987765631123275, 0.1985068137285516, 0.1984394118623926]",5
19,5,20,Social Classes and Customs,"Just at the right-hand side of that front we will enter and ascend to the room above, where we can see the interior of the Chinese national resort.",Social Classes and Customs,0.9962034316849896,['Architecture and Building'],[0.9999980917721165],1
20,2,4,Daily Life and Occupations,"Seated on one of these black stools we are permitted to look around; if you spy any drunken men about do not fail to call my attention, because, while I have been many times in these tea-houses, I have never yet seen any in such a condition.",Daily Life and Occupations,0.5097318357010523,"['Social Classes and Customs', 'Daily Life and Occupations']","[0.5000223232088421, 0.4999705231559153]",2
20,2,4,Daily Life and Occupations,"A tea-house usually consists of two large rooms furnished with many small tables and square stools, as you see here.",Daily Life and Occupations,0.9995552352471164,"['Architecture and Building', 'Daily Life and Occupations']","[0.4999897446983138, 0.49992610722619457]",2
20,2,4,Daily Life and Occupations,"The rooms are decorated with handsome mirrors, rich carving in wood, and elegant painted wall-screens.",Daily Life and Occupations,0.6015914346981254,['Architecture and Building'],[0.9997748056849031],1
20,2,4,Daily Life and Occupations,You see the tops of these tables are of mottled marble; the frame-work and the stools are of rich black wood.,Daily Life and Occupations,0.9996315664502547,"['Architecture and Building', 'Daily Life and Occupations']","[0.9233550511773737, 0.062154971724381565]",2
20,2,4,Daily Life and Occupations,"The rooms are lighted by large lanterns of glass set in wooden frames, which you can see suspended from the ceiling.",Daily Life and Occupations,0.9999854565478756,['Architecture and Building'],[0.995815627294521],1
20,2,4,Daily Life and Occupations,"In the rear of this room there is a large kitchen where professional cooks, noted for their cleanliness, are employed in making all sorts of pastry.",Daily Life and Occupations,0.8746053879295667,"['Food and Diet', 'Daily Life and Occupations']","[0.47984792964453854, 0.4798476435665933]",2
20,2,4,Daily Life and Occupations,A peculiar feature of these kitchens is the large stock of boiling water kept on hand and sold at two cash a kettleful-two cash being about one-eighth of a cent.,Food and Diet,0.6012572625903203,"['Trade and Commerce', 'Daily Life and Occupations', 'Food and Diet', 'Social Classes and Customs']","[0.24990009713129685, 0.24989956096819013, 0.24989875669051517, 0.24989235114756786]",4
20,2,4,Daily Life and Occupations,"This is a rather clever bit of economy where fuel is quite expensive, and, some time, perhaps, stands for the sale of hot water may become a paying business in America when the exigencies of vastly increased population compel a more grinding economy.",Daily Life and Occupations,0.9971185836327076,"['Trade and Commerce', 'Daily Life and Occupations']","[0.500012832142261, 0.4999551533074527]",2
20,2,4,Daily Life and Occupations,"As guests enter and seat themselves at these tables, trays of sweetmeats and fruits of many sorts are placed on the tables occupied.",Food and Diet,0.9977593507137054,"['Food and Diet', 'Daily Life and Occupations', 'Social Classes and Customs']","[0.3337480856657398, 0.33349993856341414, 0.33211076524608774]",3
20,2,4,Daily Life and Occupations,"Small cups of tea, well made but never strong as it is taken in Western countries, are also placed before the guests.",Food and Diet,0.999968883156104,"['Food and Diet', 'Social Classes and Customs', 'Daily Life and Occupations', 'Family and Social Structures']","[0.261332652828527, 0.26132956823968206, 0.2612873387215573, 0.21604243419817729]",4
20,2,4,Daily Life and Occupations,"When the temperate, harmless beverage is finished, guests, the occasional guests, are expected to leave and give place to others; but the man of leisure may be expected to spend his excess of time here in tea-inspired sociality with friends and neighbors.",Social Classes and Customs,0.999973298652514,"['Social Classes and Customs', 'Family and Social Structures', 'Daily Life and Occupations', 'Food and Diet']","[0.2500884541243454, 0.25008714245171154, 0.2500764701409656, 0.24974781401642668]",4
20,2,4,Daily Life and Occupations,To increase the hilarity proprietors often engage vocalists and professional story-tellers and reciters who sing and relate and recite all day long.,Daily Life and Occupations,0.9999967219183942,"['Daily Life and Occupations', 'Folk Festivals and Celebrations']","[0.9428319530375454, 0.0566599596526299]",2
20,2,4,Daily Life and Occupations,Smaller rooms are connected with these places in which those addicted to the opium habit can retire to inhale the fumes of that seductive alkaloid.,Gambling and Opium,0.999999642375208,"['Gambling and Opium', 'Social Classes and Customs', 'Architecture and Building', 'Daily Life and Occupations', 'Family and Social Structures']","[0.21031532561828742, 0.21026825436586638, 0.21020562047241428, 0.20335801357263794, 0.16572083665949833]",5
20,2,4,Daily Life and Occupations,"Old men are found here who, between their pipes and occasional cups of tea, pass away many weary hours.",Daily Life and Occupations,0.9998954796740008,"['Daily Life and Occupations', 'Social Classes and Customs', 'Prisoners and Punishment', 'Food and Diet']","[0.2976478380937599, 0.29722477503667705, 0.296285635520678, 0.10589345153921702]",4
20,2,4,Daily Life and Occupations,"Public thoroughfares are naturally chosen for tea-rooms; they are, therefore, not infrequently found adjoining temples and yamens.",Daily Life and Occupations,0.9999502356163358,"['Architecture and Building', 'Social Classes and Customs', 'Daily Life and Occupations', 'Food and Diet', 'Trade and Commerce']","[0.18816305860618052, 0.18813960362286034, 0.18812332220458902, 0.18786591517496934, 0.1871865778806589]",5
20,2,4,Daily Life and Occupations,"This, then, is what I have called the national resort of China, with seldom anything more than tea for a beverage and sweetmeats and the pipe as indulgences.",Food and Diet,0.8082297565425887,"['Food and Diet', 'Social Classes and Customs', 'Daily Life and Occupations', 'Tea Production and Trade']","[0.30122555267462664, 0.301213308932438, 0.3009165711064927, 0.09664126352802127]",4
20,2,4,Daily Life and Occupations,You see these men at the tables; the trays of cakes and fruits have been mostly removed; the small teacups may be refilled.,Daily Life and Occupations,0.9998807556418966,"['Food and Diet', 'Daily Life and Occupations']","[0.4785067109721621, 0.47835748498011377]",2
20,2,4,Daily Life and Occupations,"The delicious tea costs less than a cent a cup; there is no drunkenness here; there are no bar-room brawls; there may be the mild merriment and sociability that come of theine, but not the maniacal madness of alcohol.",Food and Diet,0.999251634011079,['Food and Diet'],[0.999819416866451],1
20,3,4,Daily Life and Occupations,"You may see two pipes standing on the table by the teacups; they are not opium-pipes, but a not uncommon style of metal tobacco-pipe.",Daily Life and Occupations,0.9999961252326592,"['Daily Life and Occupations', 'Social Classes and Customs']","[0.7723940528737022, 0.2276052093834785]",2
20,3,4,Daily Life and Occupations,The horizontal bowl is filled with water; the small upright bowl for the tobacco is attached to the top of the water-bowl; a small quantity of tobacco is used at one time; the smoke is drawn through the water and thereby cooled and purified.,Daily Life and Occupations,0.9999973775541372,['Daily Life and Occupations'],[0.9990560415215743],1
20,3,4,Daily Life and Occupations,"Water-pipes in endless varieties are used, not only in China, but in all Oriental countries; so between sipping draughts of mild tea and whiffing a smoke well freed of its harmful alkaloid, the Chinaman whiles away his leisure.",Daily Life and Occupations,0.9997109912290322,"['Daily Life and Occupations', 'Social Classes and Customs']","[0.6807388351796109, 0.3191886060913203]",2
20,4,4,Daily Life and Occupations,"For the peerless poet makes Cæsar say: ""Yon Cassius has a lean and hungry look; he thinks too much; such men are dangerous.""",Daily Life and Occupations,0.8154202102512172,['War and Conflict'],[0.9994082373093581],1
20,4,4,Daily Life and Occupations,"One lady noticing the sharp, thin face of this man remarked, ""When the Chinese are skinny they are so awful skinny!""",Social Classes and Customs,0.9994952643809132,['Food and Diet'],[0.975339933431541],1
20,4,4,Daily Life and Occupations,"For no sooner had we entered the place than he ordered a cup of tea for himself, and ordered his cup several times refilled.",Daily Life and Occupations,0.9999917740262392,"['Food and Diet', 'Daily Life and Occupations']","[0.5000432048374821, 0.4995772579553541]",2
20,5,20,Social Classes and Customs,"I smiled at his many generous draughts; but when leaving the place I learned that although his face was thin, there was no lack of “ cheek""; the several cups were all charged to me.",Social Classes and Customs,0.9999958274575612,['Social Classes and Customs'],[0.9989516292443337],1
20,5,20,Social Classes and Customs,"This was the third time in the one day's service that this old picked-up guide had ""squeezed my pigeon""; but I should explain this curious phrase, which is current and well understood in all parts of China where the so-called ""pigeon English ""is spoken.",Social Classes and Customs,0.9999938015413338,"['Social Classes and Customs', 'Daily Life and Occupations', 'British Colonialism']","[0.33391017393613726, 0.3337135717855256, 0.3323758548394128]",3
20,5,20,Social Classes and Customs,"“Pigeon,"" or ""pigin,"" is as near as the Chinese lingual organs can come to saying business.",Trade and Commerce,0.9974790252542663,"['Trade and Commerce', 'Daily Life and Occupations']","[0.4999053083775394, 0.49980605307910897]",2
20,5,20,Social Classes and Customs,"A Chinaman, for instance, who wishes to say, ""That is not my business,"" will say, ""That no my pigeon.""",Social Classes and Customs,0.9999992847764076,"['Social Classes and Customs', 'British Colonialism']","[0.7646361054775092, 0.23531370100485188]",2
20,5,20,Social Classes and Customs,"All Chinese servants, without exception, will in some way get a commission or a profit out of any handling of money for their employers.",Social Classes and Customs,0.9999693004557544,"['Social Classes and Customs', 'Daily Life and Occupations', 'Family and Social Structures']","[0.3337171158973494, 0.3337147292685638, 0.33236017324188544]",3
20,6,2,British Colonialism,"On the same day this cadaverous-looking old Cassius accompanied me to the native city where he pretended that certain fees were required, a part of which, I am sure, he kept himself.",British Colonialism,0.9780730558789956,"['Daily Life and Occupations', 'Social Classes and Customs']","[0.4988661467210228, 0.49798893611088213]",2
20,6,2,British Colonialism,"Later in the day he engaged to find a native woman who would allow her compressed feet to be photographed; he found one who would thus expose her feet for two dollars, as he said.",Photography and Imaging,0.9971133159416308,"['Photography and Imaging', 'Social Classes and Customs', 'Fashion and Dress', 'Daily Life and Occupations', 'Trade and Commerce']","[0.16589789742255276, 0.16589726456822326, 0.1658840752511216, 0.1658838973324326, 0.16576137812600128]",5
20,6,2,British Colonialism,"Thus at this tea-house was my ""pigeon squeezed ""for the third time in one day.",Gambling and Opium,0.982953722938956,['Daily Life and Occupations'],[0.9988415495214609],1
20,6,2,British Colonialism,"As we reached the street I entered a rikisha"" and said to my hungry old guide: ""You squeeze my pigeon three times, I squeeze your pigeon one time,"" and deducted from his pay three ""squeezes,"" and we parted.",Social Classes and Customs,0.99955249625667,"['Transportation', 'Social Classes and Customs', 'Daily Life and Occupations']","[0.3371699378456143, 0.33680403327519076, 0.3260187537320092]",3
20,7,17,Prisoners and Punishment,He had previously committed several murders; but his last offense was the gouging out of a man's eyes.,Prisoners and Punishment,0.9999998807761656,['Prisoners and Punishment'],[0.9999998807757962],1
20,7,17,Prisoners and Punishment,He was taken in this crime and brought to the native city where he was tried before a Chinese tribunal and condemned to die by what is known as the cage.,Prisoners and Punishment,0.9999998807761656,['Prisoners and Punishment'],[0.9982400794593039],1
21,2,17,Prisoners and Punishment,"The public announcement that the death penalty by the ""cage"" was to be inflicted upon this notorious fiend created great excitement among the natives of Shanghai.",Prisoners and Punishment,0.999999940388081,"['Prisoners and Punishment', 'Social Classes and Customs', 'British Colonialism']","[0.3498931021154748, 0.34800878471291424, 0.30209527693766414]",3
21,2,17,Prisoners and Punishment,"This means of execution had not been employed for many years; few had ever seen a criminal in a cage,"" which consists, as you can see, of a frame of rough sticks.",Prisoners and Punishment,0.9999998807761656,"['Prisoners and Punishment', 'Social Classes and Customs']","[0.5024361314209393, 0.49755871781706557]",2
21,2,17,Prisoners and Punishment,"Boards are placed close around his neck and made fast to the frame; flat stones are placed beneath his feet, supporting him about twelve inches above the ground.",Prisoners and Punishment,0.999999940388081,"['Prisoners and Punishment', 'Cemeteries and Burial Practices']","[0.6871883770194898, 0.311481410582302]",2
21,2,17,Prisoners and Punishment,"After a stated time these stones are removed one by one, causing a gradual suspension by the neck and a slow strangulation.",Prisoners and Punishment,0.999999940388081,"['Prisoners and Punishment', 'Cemeteries and Burial Practices']","[0.5908033305274304, 0.4091924439293746]",2
21,2,17,Prisoners and Punishment,"Before the termination of this prolonged death penalty, the criminal in his cage is compelled to stand one day before each gate of the city.",Prisoners and Punishment,0.9999998807761656,"['Prisoners and Punishment', 'Social Classes and Customs']","[0.5005927949623717, 0.49939288402804627]",2
21,2,17,Prisoners and Punishment,There are six gates to the old city of Shanghai; that means a week of unimaginable fatigue before the scornful gaze of crowds in the thoroughfares.,Prisoners and Punishment,0.9999965431057442,"['Prisoners and Punishment', 'Architecture and Building', 'Transportation']","[0.4232698849409062, 0.41613636412473576, 0.15990008092695435]",3
21,2,17,Prisoners and Punishment,"When I heard of this unusual spectacle of a caged criminal, I arranged with a Chinese shopkeeper, with whom I had become acquainted, to go with me as interpreter, he being able to speak a little English.",Prisoners and Punishment,0.999999642375208,['Prisoners and Punishment'],[0.9988913278210088],1
21,2,17,Prisoners and Punishment,"When we finally found him he was surrounded by an impenetrable crowd of natives, and his charges had gone up to five dollars under a lively patronage.",Prisoners and Punishment,0.9999902253289532,"['Trade and Commerce', 'Missionary Work', 'British Colonialism']","[0.4785093664247917, 0.45776666729042736, 0.061919177134676054]",3
21,2,17,Prisoners and Punishment,"We found we had to negotiate with the police in charge, who were evidently dividing the ""squeezes"" with the prisoner.",Prisoners and Punishment,0.9999998807761656,"['Prisoners and Punishment', 'Social Classes and Customs', 'Daily Life and Occupations']","[0.33354987439485695, 0.3334921570663041, 0.33292727535655897]",3
21,2,17,Prisoners and Punishment,"My Chinese friend succeeded after tedious parley in a surging crowd in reducing the license from five Mexican dollars to four, with the proviso that the crowd must be cleared out of the way, and that the prisoner must remove his hat and turn his face toward the light.",Prisoners and Punishment,0.9999998807761656,"['Prisoners and Punishment', 'Daily Life and Occupations', 'Social Classes and Customs']","[0.3415158034139798, 0.34140254873167275, 0.31707220290504906]",3
21,2,17,Prisoners and Punishment,"Notice how he holds the straw hat, which by our verbal contract he was obliged to remove; and note also the peculiarities of his hair; his queue has been removed and his front hair allowed to grow.",Prisoners and Punishment,0.9910324720334835,"['Fashion and Dress', 'Social Classes and Customs', 'Prisoners and Punishment', 'Photography and Imaging']","[0.28197326332641987, 0.28196724699632136, 0.2818848238118378, 0.15416384297032995]",4
21,2,17,Prisoners and Punishment,The queue and the shaven front are marks of loyalty to the reigning dynasty and not permitted on the part of those under condemnation.,Prisoners and Punishment,0.999999940388081,"['Social Classes and Customs', 'Prisoners and Punishment', 'Fashion and Dress', 'Family and Social Structures']","[0.25000211580218795, 0.25000110259665526, 0.24999800308381862, 0.24999070252148603]",4
21,2,17,Prisoners and Punishment,"Notice the iron hasps on the side of the cage, through which poles are put to carry it from gate to gate; also the flat stones beneath his feet soon to be removed one by one.",Prisoners and Punishment,0.9999998211642538,"['Prisoners and Punishment', 'Transportation']","[0.49981362695838066, 0.49979849153695516]",2
21,2,17,Prisoners and Punishment,"When the morrow came this poor callous wretch was dead; his friends had smuggled in to him during the last night a mortal draught, and he cheated the cage of its intended strangulation.",Prisoners and Punishment,0.9999998807761656,['Prisoners and Punishment'],[0.9997806140038269],1
21,2,17,Prisoners and Punishment,"His face is not so bad, less Mongolian than most in that horde behind; but the capacity for heartless crime was there, and he paid the penalty.",Prisoners and Punishment,0.999999940388081,['Prisoners and Punishment'],[0.9944742928624741],1
21,2,17,Prisoners and Punishment,This is one of the many strange devices for torture and punishment practiced in China; further on in our itinerary I will explain others.,Prisoners and Punishment,0.9999998807761656,['Prisoners and Punishment'],[0.999875456522252],1
21,3,7,Fashion and Dress,"You are accustomed to see the former contracted beyond the normal condition, but not the latter; so we will enter a room at the hotel where you can see what has rarely been seen, the unwrapped, exposed small feet of a Chinese woman.",Fashion and Dress,0.9999995231047478,"['Social Classes and Customs', 'Fashion and Dress']","[0.49617801670396694, 0.49541527710799643]",2
21,3,7,Fashion and Dress,"All the world has heard of these small feet, but very few, even of the missionaries who dwell in that land, have ever seen them.",Fashion and Dress,0.999995767947754,"['Missionary Work', 'Social Classes and Customs']","[0.6400087904202538, 0.35980426079740196]",2
22,2,20,Social Classes and Customs,"Much has been written about this strange custom of binding the feet, and many different ideas advanced as to its origin.",Social Classes and Customs,0.9999629276204194,"['Social Classes and Customs', 'Fashion and Dress', 'Family and Social Structures']","[0.47034164487238134, 0.4703410280419626, 0.05922411259292317]",3
22,2,20,Social Classes and Customs,Some Chinese tell us that it was a handicap placed on woman's gadding proclivities many centuries ago.,Social Classes and Customs,0.999995589208716,"['Social Classes and Customs', 'Family and Social Structures']","[0.49998727482970184, 0.499978633508559]",2
22,2,20,Social Classes and Customs,"Another tradition tells how a beautiful princess, having club feet, so skillfully concealed the fact that others imitated her methods and in this way her imitators brought about a fashion of binding the feet.",Fashion and Dress,0.9999980328085508,"['Fashion and Dress', 'Social Classes and Customs', 'Family and Social Structures']","[0.3331788192371516, 0.33317770706226724, 0.3329161437027686]",3
22,2,20,Social Classes and Customs,"I am more inclined to believe, however, that it is an innovation of fashion; that through all time small feet have been considered more comely than large feet; and fashion exaggerates every means to an end, and this custom has been exaggerated into a deformity in China.",Fashion and Dress,0.999990701931464,"['Fashion and Dress', 'Social Classes and Customs']","[0.49997425210483737, 0.4999707356247105]",2
22,2,20,Social Classes and Customs,Western nations are not guiltless in this matter; corns and bunions and other feet ailments are often attributable to feet-binding by shoes which are too small.,Fashion and Dress,0.970604686163102,"['Fashion and Dress', 'Social Classes and Customs']","[0.4998602944564844, 0.4997388177220604]",2
22,2,20,Social Classes and Customs,Any person who wears shoes a size or a half-size too small lives in a glass house and must not criticise foot-binding in China; it is therefore a matter of degree and not principle.,Social Classes and Customs,0.999914072020528,"['Fashion and Dress', 'Social Classes and Customs']","[0.5000107886331584, 0.49998855559137195]",2
22,2,20,Social Classes and Customs,"The Chinese insist that tight lacing in Western countries is in worse taste and more injurious to health than feet-binding; that the waist is more vital than the feet, and that a slight compression of the former is more disastrous than even malformation of the latter.",Social Classes and Customs,0.9747945643810956,"['Fashion and Dress', 'Social Classes and Customs']","[0.4999875135016558, 0.499976905045358]",2
22,2,20,Social Classes and Customs,"It is generally believed that feet-binding is only practiced by the upper classes, and that ""lily feet"" are a badge of refinement; later writers and travellers in China claim this is a mistake, and my own observations have been that it is practiced by all classes except the Manchus, though no doubt less by the lower class, who are obliged to work.",Social Classes and Customs,0.999998867481354,"['Social Classes and Customs', 'Fashion and Dress', 'Family and Social Structures', 'Daily Life and Occupations']","[0.25000763677196813, 0.25000519306821384, 0.24999392804184845, 0.2499930633095086]",4
22,3,20,Social Classes and Customs,"When the little miss has her muscles of locomotion fairly well developed, say at from five to eight years of age, pieces of cloth from two to three inches wide are wound tightly around the feet, commencing at the great toe and winding upward to and over the ankle; the toes are turned under, as you see them in this case; the heel is drawn toward the sole of the foot.",Social Classes and Customs,0.9686210068607148,['Fashion and Dress'],[0.9993721579479525],1
22,3,20,Social Classes and Customs,until the two extremes are nearly in contact; other and stronger wrappings are added; occasionally the bandages are removed and readjusted; the circulation is sufficiently arrested to stop further growth and development.,Cemeteries and Burial Practices,0.9979109865709944,"['Plague and Disease', 'Prisoners and Punishment']","[0.7440830570466608, 0.20762751469699806]",2
22,3,20,Social Classes and Customs,"Disuse of the feet deteriorates the muscles of the legs, and the calves almost disappear; but this adds to the symmetry of the ideal female form which, according to the Chinese fancy, should taper gradually from the shoulders to the point of the little foot.",Social Classes and Customs,0.9998372086071692,"['Fashion and Dress', 'Social Classes and Customs']","[0.49985315439855327, 0.4998330158708951]",2
22,3,20,Social Classes and Customs,"These dainty feet are well nigh useless for pedestrian purposes, and impart a gait which one can imitate perfectly by trying to walk on the heels without touching the front part of the foot to the ground.",Social Classes and Customs,0.9964590544151044,['Fashion and Dress'],[0.999644010617051],1
22,4,20,Social Classes and Customs,"Possibly you would like to know how I succeeded in getting this view, since I have told you they are so seldom seen.",Social Classes and Customs,0.9996902123403572,['Photography and Imaging'],[0.999986349647463],1
22,4,20,Social Classes and Customs,"You remember my old guide at the tea-house who squeezed the pigeon"" when trying to find me a smallfooted subject.",Social Classes and Customs,0.999831847884854,"['Daily Life and Occupations', 'Social Classes and Customs']","[0.5016662951206756, 0.49831886104455925]",2
22,4,20,Social Classes and Customs,"I went with him to a native quarter of the city, where he said he had bargained with a pretty girl; because I, of course, stipulated that the face should be pretty as well as the feet, for art purposes.",Social Classes and Customs,0.9999987483371218,"['Photography and Imaging', 'British Colonialism', 'Social Classes and Customs', 'Trade and Commerce']","[0.31879953728059596, 0.2810943827624161, 0.2743478191519759, 0.12520596496315284]",4
22,4,20,Social Classes and Customs,"He took me by devious ways to an upper floor, where, after haggling with the inmates for a tedious length of time, he brought forth an unusually comely specimen who giggled after the fashion of girls the world over; but she had not been made to understand that her feet must be unbound, and when this was explained to her she fled precipitately, and no money consideration would tempt her to return.",Social Classes and Customs,0.9999955296425346,['Social Classes and Customs'],[0.9967108696838605],1
22,4,20,Social Classes and Customs,"We tried a third house, to which we were followed by a wild gang of idlers, who wondered what the ""fangwei"" (foreign devil) was in search of.",Social Classes and Customs,0.9999630467561776,"['British Colonialism', 'Social Classes and Customs', 'Daily Life and Occupations', 'Missionary Work']","[0.40150510366812314, 0.4013976851380382, 0.10311263557133442, 0.09384295539969009]",4
22,4,20,Social Classes and Customs,"After an extended search he found one girl, who, for a consideration of four Mexican dollars, would come to the hotel and unwrap her feet for the camera.",Social Classes and Customs,0.9999809272903678,"['Photography and Imaging', 'Social Classes and Customs', 'Trade and Commerce']","[0.3333069079781425, 0.3332934793833599, 0.33313280860728084]",3
22,4,20,Social Classes and Customs,Long usage has taught them to look upon small feet as beautiful; but it is only when they are encased in dainty silken shoes that they are presentable.,Fashion and Dress,0.9999945167783416,"['Fashion and Dress', 'Social Classes and Customs', 'Family and Social Structures', 'Daily Life and Occupations']","[0.30478180796154447, 0.3047811539832859, 0.3046565531260198, 0.08577507115990024]",4
22,4,20,Social Classes and Customs,"The small feet of the Chinese women are not so small as they appear to be; the sharp front part of the foot is wedged into the small shoe, while the heel is lifted up into the leg of the shoe, thus giving the appearance of a foot scarcely three inches long, when in reality it may be six or seven inches.",Social Classes and Customs,0.998228670547086,"['Fashion and Dress', 'Social Classes and Customs']","[0.4998759479605814, 0.49987463739394283]",2
22,5,23,Transportation,"We shall board that steamer in the evening, pay $7.50 for a first-class fare, and during the following forenoon shall be landed at Ningpo, which, as our map of eastern China shows, is about one hundred and fifty miles south of Shanghai.",Transportation,0.999953871212567,"['Transportation', 'Geography and Topography', 'Harbor and Waterways']","[0.3343879531807198, 0.33325885968027874, 0.33234892184167075]",3
23,2,4,Daily Life and Occupations,"By descending the river and continuing directly eastward for ninety-five miles we would arrive at Chusan, in the group of islands of the same name.",Harbor and Waterways,0.8729866314230897,"['Geography and Topography', 'Transportation', 'Harbor and Waterways']","[0.3333229639046394, 0.3333223281958615, 0.3333219306666641]",3
23,2,4,Daily Life and Occupations,"We have here again the same busy scene to be witnessed at every port in China, the ever-present, burden-bearing coolie who, in his own country, bids defiance to every form of labor-saving machine.",Daily Life and Occupations,0.9999936226966916,"['Daily Life and Occupations', 'Harbor and Waterways', 'Social Classes and Customs', 'Trade and Commerce', 'British Colonialism']","[0.19967945467708997, 0.19967816927639034, 0.19967531319677476, 0.19964483081947854, 0.1995978690950885]",5
23,2,4,Daily Life and Occupations,"He is a labor-machine himself-willing, patient, full of endurance and contentment on ten cents a day, and such a thing as a strike has never dawned on his ox-like willingness to do an ox's work.",Daily Life and Occupations,0.9999576849153546,"['Daily Life and Occupations', 'Social Classes and Customs', 'Trade and Commerce', 'British Colonialism']","[0.2951257289263339, 0.29512513080977487, 0.2938871021905903, 0.11579208067424027]",4
23,2,4,Daily Life and Occupations,His labor has been of great value to his country and to the world; but who has ever thought of erecting a monument in recognition of the world's indebtedness to the poor coolie.,Social Classes and Customs,0.9927507296162386,"['Social Classes and Customs', 'British Colonialism', 'Daily Life and Occupations']","[0.33397284013771206, 0.3339654343153994, 0.3320022495419017]",3
23,2,4,Daily Life and Occupations,We are seeing this place on the last day of April; by the shadows you know the sun is shining; by the umbrellas you know it is warm.,Daily Life and Occupations,0.9999985099653672,"['Daily Life and Occupations', 'Photography and Imaging']","[0.5264434593544857, 0.46694750117936606]",2
23,2,4,Daily Life and Occupations,"For greater comfort some of the coolies, like the Russian peasants, are wearing their shirts outside their trousers, and I am not sure but it is the proper way.",Fashion and Dress,0.9974383258435604,"['Fashion and Dress', 'Social Classes and Customs', 'Daily Life and Occupations', 'British Colonialism']","[0.25002361807757795, 0.2500220086281373, 0.25002090603539295, 0.24993161938164718]",4
23,2,4,Daily Life and Occupations,"I imagine some of these bales contain charcoal, as large quantities of it are shipped to Shanghai; we can see junks in the river; Ningpo is an important place for junk-building.",Harbor and Waterways,0.9998192179203884,"['Trade and Commerce', 'Harbor and Waterways', 'Transportation', 'Daily Life and Occupations', 'Architecture and Building']","[0.2023088191676043, 0.20230857801563287, 0.2023077580994518, 0.19705710738350937, 0.19600797083361876]",5
23,2,4,Daily Life and Occupations,"The Chinese consider Ningpo as one of the finest cities in the Empire; but to Europeans it is difficult to find much that may be considered fine; the streets are narrow and dirty, and it is intersected by numerous canals which are not by any means Venetian in general effect.",Harbor and Waterways,0.7210258355556168,"['Harbor and Waterways', 'Geography and Topography', 'Transportation']","[0.3326822376828733, 0.3326304189560258, 0.33253350654020764]",3
23,2,4,Daily Life and Occupations,"And, as in all cities in China, everything is out of repair; there are no signs of progress; no new buildings or bridges; everything is old; everything is dilapidated; everywhere there is dirt and disorder.",Daily Life and Occupations,0.9991928271830524,['Architecture and Building'],[0.9997723020680322],1
23,2,4,Daily Life and Occupations,"Pope makes order ""Heaven's first law,' but it is surely the tail-end of the Chinese code.",Daily Life and Occupations,0.6024108732885938,['Missionary Work'],[0.9610707822536275],1
23,3,12,Harbor and Waterways,"After a half hour's walk we shall find a position on the upper floor of a native shop, from which we can overlook a long bridge of boats.",Harbor and Waterways,0.9999984503535372,"['Harbor and Waterways', 'Transportation', 'Geography and Topography']","[0.31863030920440316, 0.31859593789122054, 0.3150205960943054]",3
24,2,20,Social Classes and Customs,"This bridge is usually a great thoroughfare in Ningpo, especially on market days, when it is lined from end to end with sellers of all kinds of country produce, as well as manufactured goods.",Daily Life and Occupations,0.9087774954514994,"['Trade and Commerce', 'Daily Life and Occupations', 'Transportation', 'Agriculture and Farming', 'Harbor and Waterways']","[0.1670480905702587, 0.1670480308219242, 0.16704671647579059, 0.1670400860340738, 0.16698694190358856]",5
24,2,20,Social Classes and Customs,"On such days it is next to impossible to pass over it, and ferrymen do a flourishing business, when this branch of the river is impeded by the multitude of small boats carrying passengers to and fro.",Daily Life and Occupations,0.9987997787525782,"['Transportation', 'Daily Life and Occupations', 'Harbor and Waterways', 'Geography and Topography', 'Trade and Commerce']","[0.20002181913931055, 0.20002174759721436, 0.20002167607784951, 0.19996580072926193, 0.19995677227458064]",5
24,2,20,Social Classes and Customs,"The bridge is two hundred yards long and five broad, made of sixteen lighters chained together and covered with planks securely lashed, the whole line of boats being held by anchors.",Harbor and Waterways,0.9632666275027358,"['Harbor and Waterways', 'Transportation', 'Military and Naval Defenses', 'Architecture and Building']","[0.2500146207099555, 0.2500144716982998, 0.24997323488599157, 0.2499699282955151]",4
24,2,20,Social Classes and Customs,It was while making this view that I espied a woman crossing with hair coiffured in a most unusual and fantastic style.,Fashion and Dress,0.9999222931144646,"['Fashion and Dress', 'Photography and Imaging', 'Social Classes and Customs']","[0.3335552860674688, 0.3335311912820097, 0.3327987307427283]",3
24,2,20,Social Classes and Customs,"I dispatched my native guide in great haste to intercept her and negotiate a pose, but all attempts and money offers were unavailing.",Social Classes and Customs,0.99998402483134,"['British Colonialism', 'War and Conflict']","[0.5217720201376123, 0.4781358987014016]",2
24,2,20,Social Classes and Customs,"Her hair was arranged in a thin, vertical coil, projecting about eight inches from her head behind and noticeable at any distance.",Fashion and Dress,0.999996960377602,"['Fashion and Dress', 'Social Classes and Customs']","[0.8178875995177186, 0.18210479589736134]",2
24,2,20,Social Classes and Customs,"The wearers of this odd coiffure are female barbers and belong to an order called the ""To min.""",Fashion and Dress,0.8303072563248207,"['Daily Life and Occupations', 'Social Classes and Customs', 'Fashion and Dress', 'Family and Social Structures']","[0.2500029499416522, 0.2500024432887771, 0.2500020261119359, 0.24998450340952813]",4
24,2,20,Social Classes and Customs,"There are three thousand in the ""To min"" set, and they, like the Tankia at Canton, are despised by the general community.",Social Classes and Customs,0.9999993443882876,"['Social Classes and Customs', 'River Dwellers (Tankia)', 'Family and Social Structures']","[0.33423918864363417, 0.3342369575446458, 0.3315039324571304]",3
24,2,20,Social Classes and Customs,"The men are not allowed to compete in the examinations or follow an honorable vocation; they are often actors, musicians or sedan-chair carriers.",Daily Life and Occupations,0.9933107472501844,"['Daily Life and Occupations', 'Social Classes and Customs', 'Family and Social Structures', 'Transportation', 'Education']","[0.2040918613150078, 0.20409173967101477, 0.2040907908977414, 0.20407758029503417, 0.18350314590887723]",5
24,2,20,Social Classes and Customs,"The “To min"" are supposed to be descendants of one Kin who aided the Japanese in their attack on this province; hence the odium which has rested upon them ever since.",Social Classes and Customs,0.999956254854682,"['War and Conflict', 'Family and Social Structures', 'Social Classes and Customs']","[0.333327823575918, 0.3333252405766322, 0.33331768993033417]",3
24,2,20,Social Classes and Customs,"It is often charged that the Chinese lack patriotism, but this prejudice against the ""To min"" surely resembles patriotism.",Social Classes and Customs,0.9999996423941084,['Social Classes and Customs'],[0.9961679772795661],1
24,3,14,Missionary Work,A Christian Church in the heart of a Chinese city is always a wonderful sight because of its power of suggestion.,Missionary Work,0.99999678154149,['Missionary Work'],[0.99825403045622],1
24,3,14,Missionary Work,"All denominations are represented, and it is said that the people in this province have been more susceptible to Christian influence than in many other parts of the country.",Missionary Work,0.9999995231614776,"['Missionary Work', 'British Colonialism']","[0.5000883846189579, 0.49983353881684917]",2
24,3,14,Missionary Work,"The sights that meet the eye in Ningpo are very similar to those we have seen in Shanghai and Canton, but still there are some curious things worthy our attention.",Missionary Work,0.99895708062734,"['Harbor and Waterways', 'Architecture and Building']","[0.8413303385387197, 0.11589074476150774]",2
24,4,4,Daily Life and Occupations,"On our way, in a yard, a timber-yard, we will call it, we shall stop to inspect an unusual and ancient kind of saw-mill.",Architecture and Building,0.9856739278973649,"['Daily Life and Occupations', 'Architecture and Building', 'Trade and Commerce', 'Transportation']","[0.25006707710418796, 0.25006677894432106, 0.25002648785618753, 0.24983947723272754]",4
25,2,4,Daily Life and Occupations,"This is truly the saw-mill of the country; it is everywhere in the rural districts, in the villages, in the great cities; even in the great cities like Shanghai and Tien-tsin, where manufacturers are partially Europeanized.",Trade and Commerce,0.984181468146484,"['Daily Life and Occupations', 'Trade and Commerce']","[0.6951998824316917, 0.3043763701273518]",2
25,2,4,Daily Life and Occupations,This primitive method of lumber making still bears the sway and the smart modern steam saw-mill can scarcely compete.,Architecture and Building,0.8429613637420063,"['Daily Life and Occupations', 'Architecture and Building', 'Trade and Commerce']","[0.3333769505019247, 0.33337420833410186, 0.33324880141698343]",3
25,2,4,Daily Life and Occupations,"This mill will generally run threescore and ten years without any important renovation or restoration; besides, it is not an eight-hour mill; it runs from sunrise to sunset and seven days in the week, and never goes on a strike; it contains an automatic free orchestra attachment which furnishes music all day long; that is, they sing as they work.",Daily Life and Occupations,0.9999994634928572,['Daily Life and Occupations'],[0.9994440026335755],1
25,2,4,Daily Life and Occupations,"The running expenses are trifling mill rent, twenty cents; fuel (rice), ten cents; extra mill hands, nothing; natural wear and tear, nothing; total daily running expense of the mill, thirty 1OO cents.",Daily Life and Occupations,0.999999046293624,"['Daily Life and Occupations', 'Trade and Commerce']","[0.6943252216032307, 0.3040075901952635]",2
25,2,4,Daily Life and Occupations,See if you can tell how this heavy timber is supported rigidly erect for the heavy strain of a cross-cut saw.,Architecture and Building,0.999997854140503,"['Architecture and Building', 'Daily Life and Occupations']","[0.5000080169954793, 0.4999919830045208]",2
25,2,4,Daily Life and Occupations,"It is after the fashion of our buck-saw, used horizontally, with the saw at right angles to the frame; that is the universal model of saw for the East, both for light and heavy work.",Daily Life and Occupations,0.9999973775541372,['Daily Life and Occupations'],[0.9995311367410903],1
25,2,4,Daily Life and Occupations,"There is a stack of bamboo poles of all sizes, destined to be used for almost every conceivable purpose.",Daily Life and Occupations,0.9725168149070544,"['Architecture and Building', 'Daily Life and Occupations', 'Agriculture and Farming']","[0.34793575004228, 0.34793363515809445, 0.3041290386748128]",3
25,3,20,Social Classes and Customs,We will give those poor toilers a few cash and proceed on our way until we reach a beautiful temple called the Fukien Guild Hall.,Social Classes and Customs,0.9999787228342828,"['Social Classes and Customs', 'Architecture and Building']","[0.5295421868633301, 0.4698335307546869]",2
26,2,1,Architecture and Building,"This magnificent structure was first erected in the twelfth century by men from the Province of Fukien, which lies south of Chien Kiang, the province in which Ningpo is located.",Architecture and Building,0.9999997615523456,"['Architecture and Building', 'Geography and Topography']","[0.5000411467464804, 0.499951581003718]",2
26,2,1,Architecture and Building,"It was rebuilt in 1680, and one can scarcely believe from the bright new appearance of the carved columns that it has been standing as we now see it for over two hundred years.",Architecture and Building,0.9999997615523456,['Architecture and Building'],[0.9999997615523739],1
26,2,1,Architecture and Building,"These Guild Halls in the Flowery Kingdom correspond to clubs in Western 1Ο1 countries; they are social and semi-commercial, being a meeting place for commercial and literary men and people of wealth and standing.",Social Classes and Customs,0.9998789670626204,"['Social Classes and Customs', 'Trade and Commerce', 'Family and Social Structures', 'Daily Life and Occupations']","[0.250008165884427, 0.25000688446650193, 0.2499921616498408, 0.2499915362543813]",4
26,2,1,Architecture and Building,"The buildings cover an extensive area, arranged in different halls of one story with a courtyard in front of each.",Architecture and Building,0.999999940388081,['Architecture and Building'],[0.9994977516275187],1
26,2,1,Architecture and Building,"Merchants from the same province of Fukien have erected another beautiful Guild Hall at Canton at a cost of $120,000.",Architecture and Building,0.9999991059508506,"['Trade and Commerce', 'Architecture and Building', 'Daily Life and Occupations', 'Social Classes and Customs', 'Family and Social Structures']","[0.19801634520679381, 0.1980161091612055, 0.19801263930724164, 0.19800876832626424, 0.19767290628801618]",5
26,2,1,Architecture and Building,"In some of the halls a stage is erected for theatrical performances, and from a balcony members and their friends can enjoy the entertainments.",Architecture and Building,0.999998986597861,"['Architecture and Building', 'Family and Social Structures', 'Social Classes and Customs']","[0.4731287026078738, 0.32769638787547906, 0.18562606881450586]",3
26,2,1,Architecture and Building,"In other halls shrines are dedicated to different so-called deities, such as the Queen of Heaven, the God of Learning, etc.",Religion (Buddhism and Ancestor Worship),0.9999629275767652,"['Architecture and Building', 'Religion (Buddhism and Ancestor Worship)']","[0.627326770837903, 0.3672495100483817]",2
26,2,1,Architecture and Building,"There is also in some part of the temple area an Ancestral Hall, in which tablets are erected in memory of departed members of the guild or club.",Architecture and Building,0.9996784220854664,"['Architecture and Building', 'Family and Social Structures', 'Religion (Buddhism and Ancestor Worship)', 'Social Classes and Customs']","[0.2499867804622892, 0.24998669111758817, 0.2499762022082262, 0.2499740854551899]",4
26,2,1,Architecture and Building,Lanterns and scrolls are suspended from the ceilings on which curious characters and devices are written in gorgeous colors.,Architecture and Building,0.9999994039345736,['Folk Festivals and Celebrations'],[0.9995063707358772],1
26,2,1,Architecture and Building,"Some of these columns, my guide told me, were executed in Amoy and others in Ningpo; they are monolithic and of fine gray granite.",Architecture and Building,0.9999997615523456,"['Architecture and Building', 'Cemeteries and Burial Practices', 'Prisoners and Punishment']","[0.3336762369619461, 0.3335992485927099, 0.3326837824703117]",3
26,2,1,Architecture and Building,We have noticed from time to time on our journey the lack of architectural beauty and attractiveness in Chinese buildings.,Architecture and Building,0.9999998807761656,['Architecture and Building'],[0.9999978541444254],1
26,2,1,Architecture and Building,"Just notice how delicate in every detail, how rich the designs and in what elaborate and bold relief are the figures on the columns of this porch.",Architecture and Building,0.9999997019871092,['Architecture and Building'],[0.9999998807759383],1
26,3,18,Religion (Buddhism and Ancestor Worship),The two national emblems are here brought before us so conspicuously and in such beautiful art that I must tell you something about them.,Religion (Buddhism and Ancestor Worship),0.9999235441116644,"['British Colonialism', 'Photography and Imaging']","[0.8333113125477648, 0.16668868745223517]",2
26,3,18,Religion (Buddhism and Ancestor Worship),"The dragon is the symbol on the Imperial flag; the lion is the guardian of every home, shop and temple.",Religion (Buddhism and Ancestor Worship),0.9992710238999988,"['Family and Social Structures', 'Social Classes and Customs']","[0.5003979697317686, 0.4849978436530207]",2
26,3,18,Religion (Buddhism and Ancestor Worship),"Every people must have a mythology; human nature takes to myth as to food; it seems almost an indispensable psychological aliment, and the people of the Middle Kingdom are no exception.",Religion (Buddhism and Ancestor Worship),0.9999854565478756,"['Religion (Buddhism and Ancestor Worship)', 'Food and Diet']","[0.7276823296095971, 0.24889132399883646]",2
26,3,18,Religion (Buddhism and Ancestor Worship),"In Chinese mythology there is not one dragon, but many; there is the Celestial dragon which presides over the mansions of the gods; the divine dragon which causes the winds to blow.",Religion (Buddhism and Ancestor Worship),0.9999984503535372,['Religion (Buddhism and Ancestor Worship)'],[0.999544671634724],1
26,3,18,Religion (Buddhism and Ancestor Worship),The Buddhists consider their dragons as numerous as the fish of the sea; but the fabulous dragon with scales and claws seems to be a sort of Jupiter or Odin in their polytheism; he performs many functions.,Religion (Buddhism and Ancestor Worship),0.999999940388081,['Religion (Buddhism and Ancestor Worship)'],[0.9999998807705094],1
26,3,18,Religion (Buddhism and Ancestor Worship),"He is represented as a flying Saurian, yet without wings; plainly a different species from the one encountered by St. George.",Religion (Buddhism and Ancestor Worship),0.9999986887546084,"['Transportation', 'War and Conflict']","[0.7499652872267037, 0.2500347127732962]",2
26,3,18,Religion (Buddhism and Ancestor Worship),"He is always represented as a scaly five-clawed crocodile; he presides over the elements; he has power to become visible or invisible; in short, he is a factotum in their divinity business.",Religion (Buddhism and Ancestor Worship),0.999999940388081,"['River Dwellers (Tankia)', 'Religion (Buddhism and Ancestor Worship)']","[0.7500115065315085, 0.24998849346849153]",2
26,3,18,Religion (Buddhism and Ancestor Worship),"He is the crest on royal monuments, is displayed on the Emperor's robes, and the Grand Chair of State is called the dragon throne.",Fashion and Dress,0.9720858695674384,"['Fashion and Dress', 'Social Classes and Customs']","[0.5000327412325296, 0.4999481844565618]",2
26,4,18,Religion (Buddhism and Ancestor Worship),"He figures conspicuously in porcelain, in bronze, in painting, in sculpture, in every form of decoration; he is conventionalized into many grotesque forms with feathery spreading tail and bulging eyes.",Religion (Buddhism and Ancestor Worship),0.999977948158031,"['Religion (Buddhism and Ancestor Worship)', 'Fashion and Dress', 'River Dwellers (Tankia)']","[0.7641650450283809, 0.0698804152907762, 0.0698804152907762]",3
26,4,18,Religion (Buddhism and Ancestor Worship),You may see him carved in stone before every yamen and temple and official residence; at the shop doors in every street you will see him carved in wood and gilded.,Religion (Buddhism and Ancestor Worship),0.3758699591561836,"['Architecture and Building', 'Social Classes and Customs', 'Daily Life and Occupations']","[0.33527063763782783, 0.33502727752412925, 0.3236558593909713]",3
26,4,18,Religion (Buddhism and Ancestor Worship),"The lion, therefore, seems to be a one-headed Cerberus charged with the big task of guarding all the important doors of the Empire.",Religion (Buddhism and Ancestor Worship),0.9842203745123976,"['Military and Naval Defenses', 'British Colonialism']","[0.5820903040756459, 0.40703464645480036]",2
26,4,18,Religion (Buddhism and Ancestor Worship),"Cerberus required three heads to guard the entrance to Hades, and two stern lions always guard important doorways in China.",Religion (Buddhism and Ancestor Worship),0.99996048512769,['Architecture and Building'],[0.8641218147494173],1
26,4,18,Religion (Buddhism and Ancestor Worship),"These guardian lions may be stone during the day, but they are good, vigilant, live lions during the night, so it is believed, and it is said they may be seen roaming about at hours when children should be in doors.",Religion (Buddhism and Ancestor Worship),0.9999974967194656,"['Family and Social Structures', 'Architecture and Building', 'Cemeteries and Burial Practices']","[0.6236151025440844, 0.18819346931206188, 0.10109844410252945]",3
26,4,18,Religion (Buddhism and Ancestor Worship),"Recalling these things, we can better understand why the lion and dragon are in such high esteem and how they outrank all other divinities in the Chinese mythology.",Religion (Buddhism and Ancestor Worship),0.9999997019871092,['Religion (Buddhism and Ancestor Worship)'],[0.9953502372945255],1
26,4,18,Religion (Buddhism and Ancestor Worship),We should not fail to note carefully the splendidly carved dragons on those graceful columns and the one of the two lions which guard the door of this matchless Guild Hall.,Architecture and Building,0.999998152233049,['Architecture and Building'],[0.9999887937947868],1
26,4,18,Religion (Buddhism and Ancestor Worship),"Do not make a mistake and confound our guide who rests on the porch with the Cerberus on the pedestal, because they are both lions on this occasion.",Religion (Buddhism and Ancestor Worship),0.974121066674112,"['Cemeteries and Burial Practices', 'Daily Life and Occupations']","[0.7866648101242467, 0.15332661448024462]",2
26,5,18,Religion (Buddhism and Ancestor Worship),"Before returning to the ship which takes us back to Shanghai, we will enter one hall of a Buddhistic temple to look for a few moments at some gigantic statues of Buddha.",Religion (Buddhism and Ancestor Worship),0.99999976158513,"['Religion (Buddhism and Ancestor Worship)', 'Architecture and Building', 'Transportation']","[0.3349807091020127, 0.3347426121251146, 0.3302711682473732]",3
27,2,18,Religion (Buddhism and Ancestor Worship),"We saw statues in the temple of the Five Hundred Genii at Canton, dedicated to the memory of distinguished followers of that great philosopher; and here we have before us great statues of Buddha himself.",Religion (Buddhism and Ancestor Worship),0.9999997019404409,"['Religion (Buddhism and Ancestor Worship)', 'Architecture and Building']","[0.5215472261007434, 0.47842231075199765]",2
27,2,18,Religion (Buddhism and Ancestor Worship),"These immense figures are carved out of wood according to the conventional model of Buddhas the world over, i.e., in the sitting posture with legs crossed somewhat after the manner of the sartorial artist of earlier days, with eyebrows thinly trimmed down and with looped pendent ear lobes.",Religion (Buddhism and Ancestor Worship),0.9999997019871092,['Religion (Buddhism and Ancestor Worship)'],[0.9998603276653181],1
27,2,18,Religion (Buddhism and Ancestor Worship),"Observe how, in his downcast gaze, the conception of humility has been wrought out as a proper attribute of the real philosopher; at the same time there is the expression of repose as one who has mastered all the ills of life and attained Nirvana.",Religion (Buddhism and Ancestor Worship),0.999999940388081,['Religion (Buddhism and Ancestor Worship)'],[0.9999998806784431],1
27,2,18,Religion (Buddhism and Ancestor Worship),"I have seen some wonderful monolithic statues of Buddha in Ceylon cut from prodigious granite bowlders and standing erect forty feet in height; also some of about an equal length lying prostrate in the rock temples at Dambulla, not far from the same place.",Architecture and Building,0.9999716292936728,"['Religion (Buddhism and Ancestor Worship)', 'Architecture and Building']","[0.4997773247864748, 0.4997689250372597]",2
27,2,18,Religion (Buddhism and Ancestor Worship),Even in this temple you may see the ubiquitous dragon wriggling in that ornate background of the statue.,Architecture and Building,0.9960665510263904,['Architecture and Building'],[0.9998474636612029],1
27,3,14,Missionary Work,"We must now make our obeisance, and leaving the presence of this august image of the great Indian philosopher, zigzag our way through teeming multitudes to our ship.",Missionary Work,0.9724358263718682,"['British Colonialism', 'Transportation']","[0.49843223596450487, 0.4983495020733364]",2
27,3,14,Missionary Work,"Returning again to Shanghai, we enter the vehicle which I likened to the ""One-Hoss Shay,"" and passing around the native city enter the compound of the South Gate Presbyterian School, where we will find a charming group of native schoolgirls under the care of Miss Cogdal and receiving instruction in embroidery.",Education,0.9999904635997124,"['Education', 'Missionary Work', 'Daily Life and Occupations', 'Transportation']","[0.24900715295157713, 0.2490066483167718, 0.24900243353015844, 0.24899070798555753]",4
28,2,4,Daily Life and Occupations,"Embroidery is the crowning glory of every wardrobe, and a wardrobe in China is not pretentious until it reaches a value of from five to ten thousand dollars.",Fashion and Dress,0.9999886164334756,"['Fashion and Dress', 'Social Classes and Customs']","[0.4996790729098508, 0.49967067391351]",2
28,2,4,Daily Life and Occupations,"It is for furniture, wall decoration, screens, indeed, for everything in which rich silk fabric can form a part, from chair cushions to the royal robes of the Imperial Court.",Fashion and Dress,0.9670042201273552,"['Fashion and Dress', 'Daily Life and Occupations', 'Social Classes and Customs', 'Trade and Commerce']","[0.25837788642599024, 0.25833924200153097, 0.2583283430819891, 0.22494636595341994]",4
28,2,4,Daily Life and Occupations,"Birds, butterflies, flowers, life figures and portraiture are all marvelously executed in the most exquisite colors and designs.",Photography and Imaging,0.6529277406369042,['Photography and Imaging'],[0.9928565415318436],1
28,2,4,Daily Life and Occupations,"Here you see a number of girls, nearly all from families of the better class, some grown to womanhood, others little tots, all neatly attired and as diligent as ants, at work on pieces of embroidery, stretched on sticks, after the fashion of the quilting frame of bygone days.",Daily Life and Occupations,0.9999393253310348,"['Daily Life and Occupations', 'Social Classes and Customs', 'Family and Social Structures', 'Fashion and Dress', 'Education']","[0.20644955394670034, 0.2064491109816355, 0.2064417036333864, 0.20644015357900722, 0.17421903487007523]",5
28,2,4,Daily Life and Occupations,"It would be impossible, in all China, nay, in all the world, I am inclined to think, to find a more comely and cultured group of girls than these; so gentle, so refined, so modest.",Social Classes and Customs,0.9999932649652122,"['Social Classes and Customs', 'Family and Social Structures']","[0.7641411165780011, 0.23521309685315714]",2
28,2,4,Daily Life and Occupations,And at this school several natives and others connected with the mission were doing guard duty every night; but no attack was ever made.,Daily Life and Occupations,0.812997078332065,"['Missionary Work', 'Daily Life and Occupations', 'War and Conflict', 'British Colonialism', 'Military and Naval Defenses']","[0.20327500344201044, 0.20326174819649162, 0.20326153028457158, 0.20325845469522263, 0.1869419306228293]",5
28,2,4,Daily Life and Occupations,"Distance destroys sympathy, and those far away cannot realize how terribly cruel and wanton and widespread was the butchery of innocence in that relentless war.",War and Conflict,0.9999997615523456,['War and Conflict'],[0.9989148436055127],1
28,2,4,Daily Life and Occupations,This school is located quite away from the European settlement in one of the suburbs of the native city and is surrounded altogether by a native population.,Education,0.9999955891614224,"['British Colonialism', 'Education', 'Missionary Work', 'Geography and Topography', 'Social Classes and Customs']","[0.20109076853271457, 0.20107272122677283, 0.2008857512722288, 0.19790145990808752, 0.17507810399657317]",5
28,2,4,Daily Life and Occupations,"It was apparently under excellent management, and when these girls were allowed for the first time to look at some of Underwood & Underwood's stereoscopic photographs through the stereoscope, they were quite overpowered with curiosity, wonder and amazement; and when they learned they were to be stereographed they hopped about in the most lively fashion, as girls are wont to do when their joy becomes ecstatic.",Photography and Imaging,0.9812937656159182,"['Photography and Imaging', 'Daily Life and Occupations']","[0.4998650432959007, 0.49973141965835505]",2
28,2,4,Daily Life and Occupations,They could scarcely be longer held at the plodding work of embroidery; they were all in a frolic when Miss Cogdal gave license for a romp in the yard.,Daily Life and Occupations,0.999932001932431,['Daily Life and Occupations'],[0.9998569802729859],1
28,2,4,Daily Life and Occupations,"Then to show me how Occidental these Oriental girls are becoming under Western tuition, Miss Cogdal assembled her little flock for an exercise with the dumbbells.",Education,0.9694804835198552,"['Education', 'British Colonialism', 'Daily Life and Occupations']","[0.33355207286420613, 0.3334660088831186, 0.3327564423246609]",3
29,2,20,Social Classes and Customs,"The little girls are placed in front, the larger ones in the rear; they all engage in the exercises with eagerness and animation and acquit themselves seemingly as well as Western girls could do.",Social Classes and Customs,0.9999905232110664,"['Education', 'Daily Life and Occupations']","[0.4995424144403216, 0.49902763817990653]",2
29,2,20,Social Classes and Customs,On several occasions before I have asked you to notice the sad and expressionless faces in native groups; but these countenances are scarcely more than half Mongolian; they are bright and cheerful.,Social Classes and Customs,0.9999992847764076,['British Colonialism'],[0.9999726228442378],1
29,2,20,Social Classes and Customs,"This is partially owing to the fact that they have just been looking through the stereoscope and are at this moment being immortalized after the fashion of the subjects of the views they have seen, and partly to the loving influence of their kindly teacher.",Social Classes and Customs,0.9715990603635368,"['Photography and Imaging', 'Education', 'Daily Life and Occupations']","[0.35862499590570557, 0.3586221746680958, 0.2825828799762766]",3
29,2,20,Social Classes and Customs,"We find here no bare feet nor dirty faces, no soiled garments; all are neat and tidy, and from refined homes and under a faithful American teacher.",Social Classes and Customs,0.9999738948742132,"['Education', 'Social Classes and Customs', 'Missionary Work', 'Family and Social Structures', 'Fashion and Dress']","[0.2000379076115534, 0.20003507000198215, 0.20000753613888442, 0.1999904143267517, 0.19982638978489736]",5
29,2,20,Social Classes and Customs,"Some four months later when I returned from Pekin and the North, I secured a stereoscope for their teacher with a picture of the class.",Education,0.9789393896811652,"['Photography and Imaging', 'Education', 'Missionary Work']","[0.39127326796230893, 0.3912703297653878, 0.21694808098644408]",3
29,2,20,Social Classes and Customs,"When the stereoscope and the pictures were presented to Miss Cogdal she could scarcely repress her clamorous, importunate pupils, who clung to her skirts, awaiting their turns to witness their own faces under the magical effect, as it seemed to them, of the stereoscope.",Social Classes and Customs,0.9999841437113192,"['Photography and Imaging', 'Daily Life and Occupations', 'Family and Social Structures', 'Education']","[0.33478533930978344, 0.3347188705973885, 0.23627160098497824, 0.09421904018921524]",4
29,2,20,Social Classes and Customs,"Keeping in mind that those pupils in the rear of the line are young ladies, I must tell you how carefully girls of the upper class are reared as regards moral and social training; though we are not to forget that China is full of paradoxes and contradictions.",Social Classes and Customs,0.9999910592141044,"['Social Classes and Customs', 'Family and Social Structures', 'Education', 'Missionary Work']","[0.250064708142273, 0.2500632772539683, 0.25004658477183245, 0.2495441288036472]",4
29,2,20,Social Classes and Customs,"In reconciliation of these paradoxical statements, let me quote from a preface of a most interesting little book translated from the Chinese by Mrs. S. L. Baldwin: ""Few people in the West have any intelligent conception of the remarkable civilization that has existed in China for hundreds of years, and this in strange contrast with her squalor, poverty and heathenism.""",Social Classes and Customs,0.999999046293624,['Missionary Work'],[0.9998773724640094],1
29,2,20,Social Classes and Customs,"Wherever we go in this ""Flowery Kingdom"" we are meeting these contradictions, viz.: remarkable civilization and amazing barbarism; so that one is constantly admiring and as constantly in a mood of imprecation.",Social Classes and Customs,0.9999997019871092,"['Social Classes and Customs', 'British Colonialism']","[0.5228966551704247, 0.4766219781568223]",2
29,2,20,Social Classes and Customs,"The little book to whose translation I have referred, is a book of etiquette entitled: ""Instruction for Chinese Women and Girls.""",Social Classes and Customs,0.9999971987968492,"['Social Classes and Customs', 'Family and Social Structures', 'Daily Life and Occupations', 'Fashion and Dress']","[0.29886600886674475, 0.2988649757240597, 0.27867977365507407, 0.12173347091303865]",4
29,2,20,Social Classes and Customs,"This extraordinary little book of etiquette was written over eighteen hundred years ago by one Pang Tai Ku, a very celebrated literary woman, and her instructions are so remarkable when we consider the time at which they were written that I cannot refrain from quoting some portions to you while these little girls and young ladies are before you; because we can scarcely help associating their grace and good breeding with such moral teaching as has come down through the centuries from Pang Tai Ku.",Social Classes and Customs,0.9999994039345736,"['Family and Social Structures', 'Social Classes and Customs', 'Education']","[0.333542618506042, 0.3334998429856922, 0.33295272674082727]",3
29,2,20,Social Classes and Customs,"Let me first give you the introduction to this venerable book of etiquette: ""Tai Ku, your handmaid, is of an illustrious family and was a philosopher's wife.",Social Classes and Customs,0.9967740892820044,"['Social Classes and Customs', 'Family and Social Structures']","[0.49994944576189776, 0.49994926703609904]",2
29,2,20,Social Classes and Customs,"I have tried to perfect myself in the four womanly virtues, which are: First, carefulness of deportment, which includes manners, dress, and all IIO outward conduct; second, all womanly duties; third, talking little and that of profit; fourth, to be virtuous.",Social Classes and Customs,0.9999940995904942,"['Fashion and Dress', 'Daily Life and Occupations', 'Social Classes and Customs']","[0.3562491776528272, 0.35221958473593856, 0.29126074356062454]",3
29,2,20,Social Classes and Customs,I also earnestly tried to follow the example of the nine upright women' and 'three chaste ones' (ancient Chinese women distinguished for their virtues).,Social Classes and Customs,0.999997854140503,"['Family and Social Structures', 'Social Classes and Customs']","[0.4996134639668424, 0.49959952862633983]",2
29,2,20,Social Classes and Customs,"Of cultivating virtue's method, The most important is To be pure and upright in morals; If pure, you are clean inside and outside; Chastity is your body's glory; Having it, all your acts shine.",Social Classes and Customs,0.9999690027036504,['Education'],[0.9912799970902211],1
29,2,20,Social Classes and Customs,"When walking, look straight, turn not your head; Talking, restrain your voice within your teeth; Sitting, don't shake your knees-a common fault with men.",Social Classes and Customs,0.9999997019871092,"['Daily Life and Occupations', 'Social Classes and Customs']","[0.5281677562612785, 0.47182708083663905]",2
29,2,20,Social Classes and Customs,"Standing, keep quiet your skirts; When pleased, laugh not aloud; If angry, still make no noise; USING THE NEEDLE.",Social Classes and Customs,0.9999184806707002,"['Social Classes and Customs', 'Daily Life and Occupations']","[0.4998189172345259, 0.49974114348069154]",2
29,2,20,Social Classes and Customs,"To embroider shoes, stitch stockings, Mend clothes, and unite cloth, Trim and quilt garments, III All such work should you be able to do.",Daily Life and Occupations,0.9999013799490328,"['Daily Life and Occupations', 'Fashion and Dress']","[0.4998400677557366, 0.49983971027125546]",2
29,2,20,Social Classes and Customs,"If you follow these instructions, Whether it be cold or warm, You will have suitable clothing, And rags and poverty you will not know.",Fashion and Dress,0.942854871924242,"['Fashion and Dress', 'Social Classes and Customs']","[0.5001750421759764, 0.4996592878755735]",2
29,2,20,Social Classes and Customs,Do not imitate lazy women Who from youth to womanhood have been stupid Not having exerted themselves in woman's work.,Social Classes and Customs,0.9999707940887154,"['Daily Life and Occupations', 'Family and Social Structures', 'Social Classes and Customs']","[0.3334599419903027, 0.3334270382851172, 0.33310018007426034]",3
29,2,20,Social Classes and Customs,"The idle girl going forth to be married, Injures the reputation of her husband's whole family.",Family and Social Structures,0.9385041003329276,"['Family and Social Structures', 'Social Classes and Customs']","[0.4999923709745238, 0.49998891394504297]",2
29,2,20,Social Classes and Customs,"If it is a male guest, The wife may not be seen, But, near the reception room Await her husband's orders.",Social Classes and Customs,0.9851150253460302,"['Social Classes and Customs', 'Family and Social Structures']","[0.4993351028206603, 0.4993337930108844]",2
29,2,20,Social Classes and Customs,"If the guest remains to eat and sleep, Wait for the husband to come And say what he wishes prepared; Whether to kill chickens or cook vegetables, Or only offer refreshments.",Social Classes and Customs,0.999955063058379,"['Food and Diet', 'Daily Life and Occupations', 'Family and Social Structures', 'Social Classes and Customs']","[0.25001218122421437, 0.25000267442656643, 0.2499943891749427, 0.24999036770478775]",4
29,2,20,Social Classes and Customs,"Do not imitate those careless women Who do not look after the reception room; Who are hurried and without self-possession, And therefore do nothing properly.",Social Classes and Customs,0.9999986291805116,"['Daily Life and Occupations', 'Social Classes and Customs', 'Family and Social Structures']","[0.33336704722147337, 0.33336275430252893, 0.3332652311077446]",3
29,2,20,Social Classes and Customs,"If a guest arrives When the husband is absent, Send a small child to inquire Whence he comes.",Social Classes and Customs,0.9999622127843408,"['Family and Social Structures', 'Social Classes and Customs', 'Daily Life and Occupations']","[0.33344094804342456, 0.3334196032115019, 0.3331393294817533]",3
29,2,20,Social Classes and Customs,"If he looks like a friend, Send and ask his name And invite him to enter, Then with hair in order and dress neat, The wife may enter the reception room And present her salutation.",Social Classes and Customs,0.999976398565408,"['Social Classes and Customs', 'Family and Social Structures', 'Fashion and Dress', 'Daily Life and Occupations']","[0.2664181457296705, 0.266414842610543, 0.2660289511273691, 0.20113796524051225]",4
29,2,20,Social Classes and Customs,"After he has taken tea, She should inquire his business, And if he is a very near friend or relation, She may invite him to await her husband's return.",Social Classes and Customs,0.9998621627290348,"['Family and Social Structures', 'Social Classes and Customs', 'Daily Life and Occupations']","[0.3333660104886245, 0.3333654143021129, 0.3332496992254529]",3
29,2,20,Social Classes and Customs,"Boys know not how to read; They grow up following their own wills, Drinking wine and seeking only amusement, Living idle and useless lives, Singing songs and dancing, Disregarding their family duties, And fearing not their country's laws.",Social Classes and Customs,0.9932847945754448,"['Family and Social Structures', 'Social Classes and Customs', 'Daily Life and Occupations', 'Education']","[0.25528306918476035, 0.25527524792628775, 0.25526468949069286, 0.23417419357968108]",4
29,2,20,Social Classes and Customs,Girls too are unwilling to learn; They are stubborn and talkative; They know little of woman's duties.,Education,0.9864382848847516,"['Family and Social Structures', 'Education', 'Social Classes and Customs', 'Daily Life and Occupations']","[0.29222891810041335, 0.2922209408056643, 0.2909655242361068, 0.12346681406593635]",4
29,2,20,Social Classes and Customs,"Do not the foregoing quaint precepts written over eighteen hundred years ago plainly tell us that human nature never changes; that proprieties were the same then as now, and that boys and girls were boys and girls eighteen hundred years ago, and after all, human nature in the East is human nature in the West.",Social Classes and Customs,0.9999995827734,"['Family and Social Structures', 'Social Classes and Customs']","[0.8893396977302068, 0.08543765079994071]",2
29,2,20,Social Classes and Customs,"So we will say good-by to our patient, gentle group of Mongolian lassies and take ""rikishas"" five or six miles farther out and southward to a village called Loong Wah, where once a year, during what is called the Peach-blossom Festival, the native inhabitants gather in great numbers to celebrate the bloom and promise of spring.",Folk Festivals and Celebrations,0.9999995827494406,"['Folk Festivals and Celebrations', 'Transportation', 'Social Classes and Customs']","[0.3335192128679303, 0.33349110695792306, 0.33296952343405295]",3
29,2,20,Social Classes and Customs,One of the most remarkable features of this festival celebration is the number of beggars gathered by the roadside on the way to Loong Wah.,Folk Festivals and Celebrations,0.9999771733823372,"['Folk Festivals and Celebrations', 'Daily Life and Occupations', 'Social Classes and Customs', 'Family and Social Structures']","[0.2512203416985371, 0.25121863470387246, 0.25121593966783334, 0.2463419096888786]",4
29,2,20,Social Classes and Customs,"We will have only time and opportunity to look at one of these beggars; but he being the king of beggars, we will consider him a fitting representative of the whole race.",Social Classes and Customs,0.9999977946246634,"['Social Classes and Customs', 'Daily Life and Occupations', 'Family and Social Structures']","[0.6223885488828342, 0.27250270806202953, 0.10510866885002142]",3
30,2,20,Social Classes and Customs,"On our arrival at Loong Wah, near the pagoda of the same name, which you see a few hundred feet before us, this ""Jolly Old Beggar "" marched directly into our presence with greasy, but by no means a starved-looking face, and asked for alms.",Social Classes and Customs,0.9999530964500712,"['Social Classes and Customs', 'Religion (Buddhism and Ancestor Worship)']","[0.49993052541760147, 0.49817822726442]",2
30,2,20,Social Classes and Customs,We were at once struck by his extraordinary manner as well as by his extraordinary appearance; the first thing unusual in his manner was his smiling face and his cheerful willingness to stand before the camera.,Social Classes and Customs,0.991019173957784,['Photography and Imaging'],[0.9999909403306858],1
30,2,20,Social Classes and Customs,"This was done, too, before I had been made aware that he was a distinguished man, well known in his native village and in the country round; he is a royal personage, even a king in his class, and undoubtedly a possessor of considerable wealth.",Social Classes and Customs,0.999965310218232,"['Social Classes and Customs', 'Family and Social Structures']","[0.5000182667827111, 0.49998012385368173]",2
30,2,20,Social Classes and Customs,"There is a membership fee of about four dollars, and all members swear to abide by the rules and regulations of the society.",Social Classes and Customs,0.9999997615523456,"['Social Classes and Customs', 'Family and Social Structures']","[0.5000210025954739, 0.49997786470311556]",2
30,2,20,Social Classes and Customs,The power of the head of a guild is considerable; and they are sometimes appointed watchmen over certain streets because their authority is greatly respected by the unscrupulous element of their own society.,Social Classes and Customs,0.999998867481354,"['Social Classes and Customs', 'Daily Life and Occupations', 'Family and Social Structures', 'Trade and Commerce']","[0.2500029427803623, 0.25000189978450266, 0.24999814490709651, 0.24999701252803852]",4
30,2,20,Social Classes and Customs,"When a member dies the guild furnishes a two-dollar coffin for decent burial, and other members are required to attend the funeral; they maintain a lodging-house in which members are allowed to sleep at the rate of one cash (one-seventeenth of a cent) a night.",Social Classes and Customs,0.9999684071269512,"['Social Classes and Customs', 'Cemeteries and Burial Practices', 'Family and Social Structures', 'Daily Life and Occupations']","[0.2500492404599309, 0.2500486741422719, 0.2500465279855998, 0.24985508044482596]",4
30,2,20,Social Classes and Customs,In some towns the rich merchants furnish a dinner twice a year to the beggars on condition that they are not to be importuned by the guild for alms at other times.,Social Classes and Customs,0.9999994039345736,"['Social Classes and Customs', 'Food and Diet', 'Daily Life and Occupations', 'Family and Social Structures', 'Trade and Commerce']","[0.2000093824805968, 0.20000885797327694, 0.20000704605864375, 0.19999765196016459, 0.19997532097735218]",5
30,2,20,Social Classes and Customs,"Some of these guilds follow curious occupations, as at Fool Chow, where they engage in rearing snakes, which are sold to the medical fraternity, who boil them down for medicinal purposes.",Daily Life and Occupations,0.9999879011752224,"['Daily Life and Occupations', 'Trade and Commerce', 'Social Classes and Customs']","[0.3180412873984994, 0.3180411736145227, 0.3180270333366743]",3
30,2,20,Social Classes and Customs,"All beggars are not members of a guild; many are too poor and miserable to cope with the initiation fees; such beggars you saw at the ""Dyingplace"" in Canton.",Social Classes and Customs,0.9999682880815012,"['Social Classes and Customs', 'Daily Life and Occupations', 'Family and Social Structures']","[0.33359954106518414, 0.33359691656348806, 0.3327876754541465]",3
30,2,20,Social Classes and Customs,The many expedients to which beggars here resort to elicit sympathy and extort alms is an ethnological study.,Social Classes and Customs,0.999998867481354,"['Daily Life and Occupations', 'Social Classes and Customs', 'Family and Social Structures']","[0.3374065085862069, 0.3374064282013085, 0.325187022985347]",3
30,2,20,Social Classes and Customs,"Sometimes they have been known to carry a most unsightly leper, on whom the progress of his incurable disease has sloughed off ears and nose and hands.",Plague and Disease,0.9995726808837512,"['Plague and Disease', 'Transportation']","[0.5473379218816038, 0.45248015068262165]",2
30,2,20,Social Classes and Customs,This is done to compel the inmates of homes to bestow alms in order to rid themselves of a loathsome nuisance.,Social Classes and Customs,0.9999497587339028,"['Social Classes and Customs', 'Prisoners and Punishment', 'Family and Social Structures']","[0.33265402198479166, 0.33261053500643645, 0.3324615453551342]",3
30,2,20,Social Classes and Customs,"Others cut themselves with razors and bespatter themselves with blood, taking care always to present the most bloody appearance with the least cutting possible.",Social Classes and Customs,0.9999995231047478,"['Fashion and Dress', 'Prisoners and Punishment', 'Social Classes and Customs']","[0.3336617856839769, 0.33332733795964126, 0.333007972169606]",3
30,2,20,Social Classes and Customs,Another method is to stand on the street or by one's home and beat the head in a most ferocious manner with a stick.,Prisoners and Punishment,0.945727739253107,['Prisoners and Punishment'],[0.9999955882514326],1
30,2,20,Social Classes and Customs,"When I was in Canton visiting a great temple, a miserable wretch who had been awaiting my exit from one of the courts, staggered for some time and then fell prostrate on the flagstones, to all appearances suffering great agony and in a dying condition.",Social Classes and Customs,0.9999963044974792,['Plague and Disease'],[0.9986888660328065],1
30,2,20,Social Classes and Customs,"My guide told me that it was all affected, but that I might better leave a little cash-balm for him, as we were in an evil crowd, in an unsafe quarter.",Social Classes and Customs,0.9999916549843736,['Social Classes and Customs'],[0.9992309545731097],1
30,3,20,Social Classes and Customs,"An expedient tried by some is to ignite a combustible substance on the tops of their heads, when they howl and writhe with pain and in that way prey upon the sympathy of the onlookers.",Social Classes and Customs,0.9999923100917928,"['Prisoners and Punishment', 'Social Classes and Customs']","[0.507554343183205, 0.4907619702195593]",2
30,3,20,Social Classes and Customs,"Still another device which may always be seen in beggar thoroughfares, is to sit by the wayside and dash the forehead against a flat stone placed on the ground before them; this is done until there is an abrasion of the skin and the blood trickles copiously down the face.",Social Classes and Customs,0.9999720463780158,"['Social Classes and Customs', 'Daily Life and Occupations']","[0.4999162733776816, 0.499907810410985]",2
30,3,20,Social Classes and Customs,"I have mentioned some of the mercenary self-tortures inflicted by the army of mendicants met everywhere in China, while the ""King"" is still waiting for his tribute money.",Social Classes and Customs,0.9999963641385125,"['War and Conflict', 'Social Classes and Customs', 'Prisoners and Punishment']","[0.3227243928974104, 0.32272154685022125, 0.322617101460832]",3
30,3,20,Social Classes and Customs,"Baths and ablutions are unknown to his sovereign majesty, and an enumeration of the entomological attendants of this royal bundle would be as difficult as a census of the empire.",Social Classes and Customs,0.9999955296425346,"['Social Classes and Customs', 'Daily Life and Occupations']","[0.5000159364364597, 0.49995908808923695]",2
30,3,20,Social Classes and Customs,"I had the opportunity of meeting this ""King of the Beggars"" several times, but after I had bestowed a moderate fee for this pose, his Highness. did not deign to ask a second.",Social Classes and Customs,0.9999956488203756,"['Social Classes and Customs', 'Daily Life and Occupations', 'Photography and Imaging']","[0.33334903872858646, 0.33333063823333875, 0.3332966789029672]",3
30,3,20,Social Classes and Customs,"Now let us ""Chin-chin "" (bye-bye) court fashion and return to Shanghai.",Social Classes and Customs,0.9996555012582296,['Fashion and Dress'],[0.995937867517723],1
30,4,11,Geography and Topography,"SOO-CHOW Eighty miles northwest of Shanghai, situated on the Grand Canal, is a city famous in Chinese history, but not so well known to the outside world.",Geography and Topography,0.995734230335194,"['Harbor and Waterways', 'Geography and Topography', 'Transportation']","[0.3333609732203762, 0.3333542580804022, 0.3332840930620466]",3
30,4,11,Geography and Topography,"It was founded 500 B.C. and must have been in its palmiest days a veritable Oriental Venice, being still as of old, intersected by waterways in every direction.",Harbor and Waterways,0.9943828890270302,"['Harbor and Waterways', 'Transportation', 'Geography and Topography']","[0.33223728695828936, 0.3322208124296813, 0.3321957856082737]",3
30,4,11,Geography and Topography,"I refer to the city of Soo-chow (see map of Eastern China), to which the pet name Beautiful Soo"" has been given, because of the many attractive features it possessed during its earlier days.",Geography and Topography,0.999777752897479,['Geography and Topography'],[0.9999860676058687],1
30,4,11,Geography and Topography,"The world is indebted to the scholarship and research of the Rev. Hampden C. Du Bose, D.D., for much information about this historic place.",Geography and Topography,0.993208465939268,['Education'],[0.9997924966972498],1
30,4,11,Geography and Topography,"Dr. Du Bose has written a booklet called ""Beautiful Soo,"" in which he gives information that could scarcely be found elsewhere.",Geography and Topography,0.9999103779700472,"['Missionary Work', 'Daily Life and Occupations']","[0.7580439509658614, 0.10483957207651354]",2
30,4,11,Geography and Topography,"He says the Chinese have a proverb as follows: ""Heaven is above-below is Soo-chow and Hangchow.""",Geography and Topography,0.9999963044974792,['Geography and Topography'],[0.9828480299158256],1
30,5,23,Transportation,"The Grand Canal at Soo-chow is connected with the Wusung at Shanghai by a branch canal, following the course of the Soo-chow creek.",Harbor and Waterways,0.9999946953543892,"['Geography and Topography', 'Harbor and Waterways', 'Transportation']","[0.33332463211287267, 0.33332463211287267, 0.3333242745164438]",3
30,5,23,Transportation,"This waterway is well filled with all sorts of small craft plying between the two places, including steam-tugs towing native cargo and passenger-boats.",Harbor and Waterways,0.999968644959606,"['Harbor and Waterways', 'Transportation', 'Trade and Commerce', 'Daily Life and Occupations']","[0.24999225239790004, 0.24999225239790004, 0.24999189480328265, 0.24999153720917672]",4
30,5,23,Transportation,"One can barely stand erect in the shallow hold and must supply himself with food for the journey, if he cannot eat the native chow.",Transportation,0.9995778015058268,"['Food and Diet', 'Prisoners and Punishment', 'Transportation', 'British Colonialism', 'Daily Life and Occupations']","[0.2040305209953425, 0.20401648748852172, 0.20400999565432162, 0.20228076613862978, 0.18565014178290384]",5
30,5,23,Transportation,"Provided with a packet of luncheon and a shawl and blanket, which have been my shelter and my only companions in many lands, I plunged into an abysmal bunk and abode therein until the following day, when I was landed outside the old wall in a European concession, which has been granted in recent years.",Transportation,0.9999989866549318,"['British Colonialism', 'Transportation', 'Prisoners and Punishment']","[0.389445728921782, 0.3894343097586843, 0.21897660054394474]",3
31,2,17,Prisoners and Punishment,"We are here looking northwest, across the Grand Canal, toward the southern portion of the city, which is entirely within the wall.",Geography and Topography,0.9979231308145308,"['Harbor and Waterways', 'Geography and Topography', 'Transportation']","[0.38022966342044684, 0.3802288474892548, 0.23945616251487556]",3
31,2,17,Prisoners and Punishment,"These prisoners stand upon a broad, well-paved, modern street running along the canal in front of the General Concession.",Prisoners and Punishment,0.9991643482827148,"['Prisoners and Punishment', 'Harbor and Waterways', 'Transportation', 'Geography and Topography']","[0.26586877614351684, 0.26586833251920117, 0.2645653764148282, 0.20072045542284536]",4
31,2,17,Prisoners and Punishment,"There are only a few buildings in this quarter; the police headquarters are just behind us, and these three prisoners have been brought out before us that we may better see how law-breakers are chained and cangued.",Prisoners and Punishment,0.9999998807761656,"['Prisoners and Punishment', 'Daily Life and Occupations', 'Social Classes and Customs']","[0.3577266405427994, 0.3563152272233254, 0.28552931745390875]",3
31,2,17,Prisoners and Punishment,I told you when describing the caged criminal at Shanghai I might show you other forms of punishment later; this is another form of torture.,Prisoners and Punishment,0.9999998807761656,['Prisoners and Punishment'],[0.9919798745861553],1
31,2,17,Prisoners and Punishment,"It consists of this heavy I2I frame of planks about three feet square, closed around the neck by transverse dowels and is called the Cangue.",Prisoners and Punishment,0.9999998807761656,"['Prisoners and Punishment', 'Social Classes and Customs']","[0.5059399443841915, 0.493954763950457]",2
31,3,17,Prisoners and Punishment,"It projects so far that the wearer cannot reach his head with his hands, and is therefore liable to die from starvation unless he have friends to look after him.",Prisoners and Punishment,0.9999995827822108,"['Fashion and Dress', 'Food and Diet', 'Family and Social Structures', 'Prisoners and Punishment']","[0.312048248292265, 0.3120469836545216, 0.3120101982019363, 0.06297848115696425]",4
31,3,17,Prisoners and Punishment,"The cangue usually weighs about thirty-three pounds, and when it is borne for several months it would seem to be quite insupportable to any one but an inhabitant of this land.",Prisoners and Punishment,0.999999940388081,"['Prisoners and Punishment', 'Social Classes and Customs', 'Daily Life and Occupations']","[0.33116864362264553, 0.33116513032610945, 0.3306868183592729]",3
31,3,17,Prisoners and Punishment,"I often think that Chinamen must have cold blood or a very crude sensorium, so callous they seem to physical pain.",Prisoners and Punishment,0.999999642375208,['British Colonialism'],[0.9996008815794271],1
31,4,17,Prisoners and Punishment,"A more common mode of punishment than either the cage or the cangue is the bamboo, which is used for all minor offenses.",Prisoners and Punishment,0.999999940388081,"['Prisoners and Punishment', 'Social Classes and Customs']","[0.5002179020339464, 0.49949012291888667]",2
31,4,17,Prisoners and Punishment,"It is in such universal use that for purposes of punishment, its weight and dimensions are fixed by law, which authorizes two sizes; the first is five feet eight inches in length, two and three-quarter inches in width and two inches thick, weighing two and two-fifth pounds; the second size is the same in length, two inches broad and one and one-fifth inches thick, weighing one and five-sixth pounds.",Prisoners and Punishment,0.9999997019404409,['Prisoners and Punishment'],[0.9994483754081364],1
31,4,17,Prisoners and Punishment,"These bamboos are applied to the back of the culprit, and the number of blows is according to the offense, varying from ten to a hundred, but these are subject to remission by the grace of the Emperor, or by a pecuniary redemption.",Prisoners and Punishment,0.9999998807761656,"['Prisoners and Punishment', 'Social Classes and Customs']","[0.49994095467689825, 0.4999367827864042]",2
31,4,17,Prisoners and Punishment,The first of this trio of cangued prisoners casts a contemptuous glance at us; the second is humility itself; the third betrays a hand-in-the-pocket indifference to what we say or think.,Prisoners and Punishment,0.9999998807761656,"['Prisoners and Punishment', 'Social Classes and Customs']","[0.5032220026130774, 0.49677553779350714]",2
31,4,17,Prisoners and Punishment,"You see written on the upper side of each cangue, in Chinese characters, the name and offense of each prisoner.",Prisoners and Punishment,0.999999940388081,"['Prisoners and Punishment', 'Social Classes and Customs']","[0.49847076477738167, 0.49846102008123766]",2
31,10,12,Harbor and Waterways,"We will not have time to go within that old wall which has stood there for two thousand years; you see it is after the fashion of every Chinese wall, and having seen one you have seen all.",Architecture and Building,0.9629675624578784,['Architecture and Building'],[0.998934677745578],1
31,10,12,Harbor and Waterways,"But here you obtain a good view of China's most celebrated artificial waterway, the Imperial Canal, which extends from Hangchow to Pekin, a distance of seven hundred miles.",Harbor and Waterways,0.9999968411848256,"['Transportation', 'Harbor and Waterways', 'Geography and Topography']","[0.32996125595706877, 0.3299607839482261, 0.32996054798803165]",3
31,10,12,Harbor and Waterways,In its long stretches through the country it is often very narrow and shallow; yet it has long been a very important means of both travel and transportation.,Harbor and Waterways,0.9998521545948208,"['Transportation', 'Geography and Topography', 'Harbor and Waterways', 'Trade and Commerce', 'Daily Life and Occupations']","[0.2001033690951802, 0.20010253418550025, 0.20010212876071598, 0.20006798025019001, 0.19962372531777317]",5
31,11,12,Harbor and Waterways,"But this Imperial Canal is not only important as a means of transit; it is well supplied with many varieties of excellent fish, fish being one of the three staples of animal food, the other two being the hog and the duck.",Food and Diet,0.9999989866817618,"['Food and Diet', 'Transportation', 'Harbor and Waterways', 'Daily Life and Occupations']","[0.24077855521229494, 0.24077703404759926, 0.24077645987536667, 0.24075232367926744]",4
31,11,12,Harbor and Waterways,"By entering a boat down there on the canal and swinging to the right and sailing out of the town a mile or two where the canal is still wide, I may show you one of the strangest and rarest methods of capturing fish you have ever seen-a method much cleverer and much more successful than that which provoked the humorous sarcasm that ""an angler is a rod with a fly at one end and a fool at the other ""-it is fishing with cormorants.",Harbor and Waterways,0.9999988078521086,"['Harbor and Waterways', 'Daily Life and Occupations', 'Food and Diet']","[0.33333297550226443, 0.33332228734974606, 0.33332030068247126]",3
32,2,4,Daily Life and Occupations,"Before visiting China I had read of fishing being done in that far-away land by means of trained water birds, but it seemed almost incredible.",Daily Life and Occupations,0.9999981521999662,['Daily Life and Occupations'],[0.999741909705393],1
32,2,4,Daily Life and Occupations,When I was in Canton I received a letter from the house of Underwood & Underwood saying that if it were possible to find cormorant fishing in any part of the country I should not fail to make a view of it.,Photography and Imaging,0.9983474999255022,"['Photography and Imaging', 'Daily Life and Occupations']","[0.4995833728184011, 0.4995791441949304]",2
32,2,4,Daily Life and Occupations,"I was told in Canton that such a thing could only be seen far in the interior and had almost despaired of finding any opportunity of photographing such a scene; but while being rowed along this canal one day I suddenly came upon these two boats covered with great, unfamiliar birds.",Harbor and Waterways,0.9755593722858964,"['Harbor and Waterways', 'Photography and Imaging', 'Transportation']","[0.321258952416406, 0.32125868435834076, 0.32122307186416993]",3
32,2,4,Daily Life and Occupations,I motioned my boatman to take me ashore that I might obtain the proper light and distance; but the fishermen with their educated birds made away from me as rapidly as possible.,Harbor and Waterways,0.9982406365548524,"['Harbor and Waterways', 'Daily Life and Occupations', 'Transportation']","[0.32176691510784466, 0.3217610084939535, 0.3217520333816658]",3
32,2,4,Daily Life and Occupations,I told him to offer them a dollar and a half; the offer only served to increase their speed; they were thoroughly frightened.,Daily Life and Occupations,0.999928785775592,['Prisoners and Punishment'],[0.9991300640790985],1
32,2,4,Daily Life and Occupations,"A Chinaman working near came to us and seeing apparently no ill designs in my movements, and being told I would give these men two dollars to be allowed to photograph their birds only, he started in pursuit of the fishermen along the bank of the canal.",Daily Life and Occupations,0.999995886960551,"['Photography and Imaging', 'Daily Life and Occupations', 'Harbor and Waterways']","[0.3331164754617058, 0.33311155169934187, 0.33308371831715683]",3
32,2,4,Daily Life and Occupations,"He finally overtook them, explained my object and the money offer, and at last, after long and tedious negotiations, prevailed upon them to return.",Daily Life and Occupations,0.9995424338555726,['Prisoners and Punishment'],[0.9992102926073538],1
32,2,4,Daily Life and Occupations,"It is to be remembered that two dollars meant their earnings for twenty days, which would be equivalent to giving an American fisherman thirty dollars.",Daily Life and Occupations,0.9999936226966916,"['Daily Life and Occupations', 'Trade and Commerce', 'British Colonialism']","[0.3333937831565917, 0.33332310033713974, 0.33309351636199697]",3
32,3,4,Daily Life and Occupations,These birds are thoroughly tamed and wonderfully trained; they sit around on the sides of the boat and sometimes dive off after fish of their own accord; but are more frequently urged by gentle touches with those poles.,Daily Life and Occupations,0.9987469597497428,"['Food and Diet', 'Daily Life and Occupations', 'Harbor and Waterways']","[0.33045367018161487, 0.330383377625376, 0.3215046967320004]",3
32,3,4,Daily Life and Occupations,"The fish are not usually seen from their perches on the boat, the water being often turbid; but they dive several feet under water and search for them.",Harbor and Waterways,0.5235889785465764,['Harbor and Waterways'],[0.9956867674013165],1
32,3,4,Daily Life and Occupations,Strings or bands are put around their necks so that no fish large enough for cooking purposes can be swallowed.,Daily Life and Occupations,0.8944691701163345,"['Food and Diet', 'Daily Life and Occupations', 'River Dwellers (Tankia)']","[0.4674539536661604, 0.46717478498959136, 0.05571955940671017]",3
32,3,4,Daily Life and Occupations,"Fish passing through this gastronomic handicap the birds, of course, devour; those too large are brought to the surface, where the fishermen snatch them from their beaks and deposit them in the specially made fish-basket.",Daily Life and Occupations,0.999747189815444,"['Food and Diet', 'Daily Life and Occupations']","[0.49967332199258346, 0.49967028396436597]",2
32,3,4,Daily Life and Occupations,"Sometimes the fisherman, by way of encouragement, gives to his successful bird a small fish in exchange for a large one.",Daily Life and Occupations,0.9999942784020251,"['Daily Life and Occupations', 'Food and Diet', 'Trade and Commerce', 'Social Classes and Customs']","[0.3142224118937184, 0.3142214753715498, 0.3142169806226257, 0.05732126582504504]",4
32,3,4,Daily Life and Occupations,Neck-bands are not always required; some birds are so well trained that they will deliver their prey without having any check put upon them.,Daily Life and Occupations,0.9999995231614776,['Food and Diet'],[0.985224533156696],1
32,3,4,Daily Life and Occupations,"When several hundred are fishing together, the scene becomes very lively; but there is no confusion; each bird knows his own master.",Daily Life and Occupations,0.9999948743115452,"['Daily Life and Occupations', 'Family and Social Structures']","[0.5001627918286015, 0.49976608919147425]",2
32,3,4,Daily Life and Occupations,"Sometimes when a large fish is taken one bird will go to the assistance of another, and the two together will bring the capture successfully to the boat.",Daily Life and Occupations,0.9999808678232832,"['Family and Social Structures', 'Food and Diet']","[0.48119487220780194, 0.47782222179839345]",2
32,3,4,Daily Life and Occupations,"The eggs are often hatched under hens, and the chickens are fed on eel's blood and hash.",Agriculture and Farming,0.9998131427250594,"['Food and Diet', 'Agriculture and Farming', 'Daily Life and Occupations']","[0.33365111225582256, 0.33364987915865946, 0.332686957754983]",3
32,3,4,Daily Life and Occupations,In some parts of the country cormorants are still trained in great numbers and are worth from five to eight dollars a pair.,Daily Life and Occupations,0.999996423776366,"['Daily Life and Occupations', 'Trade and Commerce', 'Social Classes and Customs', 'Agriculture and Farming']","[0.25002433138864716, 0.25002367572792705, 0.24999167074932088, 0.24992309921668696]",4
32,3,4,Daily Life and Occupations,One of these boats came to the shore for me so I could make a close inspection of these intelligent creatures.,Harbor and Waterways,0.999934383747198,"['Transportation', 'Harbor and Waterways']","[0.49994800231964326, 0.49980596454963017]",2
32,4,12,Harbor and Waterways,"From this fishing-scene we will follow the Imperial Canal back to a picturesque bridge near the south wall of the city, where we will step ashore for a better view and where we can see the kinds of boats that ply along this great waterway.",Harbor and Waterways,0.99999976158513,"['Harbor and Waterways', 'Transportation', 'Geography and Topography', 'Daily Life and Occupations']","[0.24265360254231497, 0.24265319756204565, 0.2425406388237643, 0.2424183072829991]",4
33,2,1,Architecture and Building,No one could feel that he had seen China unless he had seen one of these characteristic bridges or a pagoda.,Architecture and Building,0.999999105935105,['Architecture and Building'],[0.9995054519528335],1
33,2,1,Architecture and Building,The Chinese seem never to have taken to the swing-bridge to allow the passage of boats; and wheeled vehicles are so seldom used that they are not considered in bridge-building.,Architecture and Building,0.999988795207192,"['Transportation', 'Architecture and Building', 'Harbor and Waterways', 'Daily Life and Occupations', 'Social Classes and Customs']","[0.2000330107543515, 0.20003281997729563, 0.20002511844117418, 0.19994849240996213, 0.1999136904029772]",5
33,2,1,Architecture and Building,This is a beautiful arch and built according to sound principles of architecture; but where did the Chinese get their knowledge of the arch?,Architecture and Building,0.9999997019404409,['Architecture and Building'],[0.9999983310002282],1
33,2,1,Architecture and Building,"Yet, in every part of China these perfectly arched bridges are found which, to all appearances, ante-date both the Roman and the Greek periods.",Architecture and Building,0.9999997019871092,"['Architecture and Building', 'Transportation']","[0.49997997855401866, 0.4999447548348746]",2
33,2,1,Architecture and Building,"The former structure was destroyed at that time, and the place we occupy was the scene of a bloody conflict; the forces under Gordon being on the farther side of the canal, and the rebels on this side under Burgovine with sixty foreigners and an army two hundred thousand strong.",War and Conflict,0.9999936823132364,"['War and Conflict', 'Military and Naval Defenses', 'British Colonialism']","[0.3299145688502333, 0.3299047365789714, 0.32990328139032754]",3
33,2,1,Architecture and Building,"The center of this simple, graceful arch is over fifty feet above the water, and the quality of the masonry shows for itself.",Architecture and Building,0.9999995827822108,"['Architecture and Building', 'Harbor and Waterways']","[0.5003545232721266, 0.49951666752361995]",2
33,2,1,Architecture and Building,"People are passing to and fro while some are seated on the side wall, showing that it is probably a rendezvous for loafers.",Daily Life and Occupations,0.9794982476666309,"['Daily Life and Occupations', 'Social Classes and Customs', 'Family and Social Structures']","[0.42581902294957863, 0.42571316629818495, 0.14846765844287876]",3
33,3,4,Daily Life and Occupations,"Near us, at the edge of the canal, we see women engaged, some in washing clothes, others in washing rice; all at the same place and in the same water.",Daily Life and Occupations,0.9999987483008556,"['Daily Life and Occupations', 'Harbor and Waterways', 'Social Classes and Customs', 'Family and Social Structures', 'Food and Diet']","[0.23096221726809593, 0.23095954679153136, 0.2308808914362624, 0.22986389433383939, 0.07727344066654666]",5
33,3,4,Daily Life and Occupations,It is no uncommon thing to see water for cooking and drinking taken from sources impregnated with every form of pollution.,Daily Life and Occupations,0.9999620935249957,"['Food and Diet', 'Daily Life and Occupations', 'Plague and Disease']","[0.3333449693705432, 0.333341951130383, 0.333285740425404]",3
33,3,4,Daily Life and Occupations,"Now that I have mentioned a point against the cleanliness of these women, let me call your attention to another matter in which they are more particular than other women of the same class.",Social Classes and Customs,0.9999876627313624,"['Social Classes and Customs', 'Family and Social Structures', 'Daily Life and Occupations']","[0.47023357757876555, 0.4671839264554507, 0.06252470599419868]",3
33,3,4,Daily Life and Occupations,"These are women of the lower class, poor, and engaged in manual drudgery, yet you will see their hair is carefully and neatly arranged.",Social Classes and Customs,0.9993303243542194,"['Social Classes and Customs', 'Daily Life and Occupations', 'Fashion and Dress', 'Family and Social Structures']","[0.25004279443763444, 0.25003924736047667, 0.2500379957531451, 0.2498715276439459]",4
33,3,4,Daily Life and Occupations,Chinese women are as careful to possess a tidy coiffure as the men are to maintain the integrity of their queues.,Fashion and Dress,0.9982639845642352,"['Fashion and Dress', 'Social Classes and Customs', 'Daily Life and Occupations', 'Family and Social Structures']","[0.25002210310540546, 0.25002147720811185, 0.2499990073928815, 0.24995741229360127]",4
33,3,4,Daily Life and Occupations,"Here again we see family boats, and it is estimated that there is a floating population in and around Soo-chow of thirty thousand.",Harbor and Waterways,0.9730309217587464,"['Harbor and Waterways', 'Transportation', 'Family and Social Structures', 'River Dwellers (Tankia)', 'Daily Life and Occupations']","[0.20004775704145647, 0.2000442992018851, 0.20004422770123592, 0.20001762143911087, 0.19979099679524723]",5
33,3,4,Daily Life and Occupations,"It is an important center for silk manufactures, and no fewer than one hundred thousand women are engaged in making embroidery.",Daily Life and Occupations,0.9999954105056348,"['Daily Life and Occupations', 'Trade and Commerce', 'Fashion and Dress', 'Social Classes and Customs', 'Family and Social Structures']","[0.23070657918330462, 0.2307057265346944, 0.23070003376097614, 0.23068702740314917, 0.07720013805799777]",5
33,3,4,Daily Life and Occupations,"Many valuable cargoes of silk are carried in the small boats such as you see; notice the one before us, near the bridge at the right with a cannon mounted on the bow.",Harbor and Waterways,0.9245343149347142,"['Trade and Commerce', 'Transportation', 'Harbor and Waterways', 'Military and Naval Defenses', 'Daily Life and Occupations']","[0.169838230805893, 0.16983821056826398, 0.1698376233439902, 0.16953761186922076, 0.16556161455611793]",5
33,4,17,Prisoners and Punishment,"You, of course, know that piracy was very common in many parts of the world in the earlier centuries, but that in modern times that form of robbery has ceased to exist in most countries except China, when primitive modes of water transportation, and, indeed, primitive conditions in all respects affords opportunity for the pirate to ply his nefarious occupation; so that on all the great rivers and canals where valuable cargoes pass to and fro a very poor and inefficient gun-boat service is maintained by the government, and besides this, as I have already shown you, cargo-boats have antiquated cannon mounted on them for defense as you see the one before us.",Harbor and Waterways,0.99995649167677,"['Harbor and Waterways', 'Military and Naval Defenses', 'Trade and Commerce', 'Transportation', 'Daily Life and Occupations']","[0.19966652421364353, 0.1996645721686896, 0.1996642391744759, 0.19966159653014287, 0.19965371900879705]",5
33,4,17,Prisoners and Punishment,"The death penalty by beheading is inflicted on all pirates captured, and notwithstanding this extreme deterrent, the inland water-ways are still infested with these reckless robbers.",Prisoners and Punishment,0.99999648341104,"['Prisoners and Punishment', 'Harbor and Waterways', 'War and Conflict', 'Daily Life and Occupations']","[0.24674225860278812, 0.2467411409589747, 0.24455935832093262, 0.22907879771630565]",4
33,4,17,Prisoners and Punishment,"I witnessed and made views of the beheading of a pirate at Canton; as the scene is too revolting for general use it is not included in this series, but may be obtained from the publishers.",Prisoners and Punishment,0.9999963641385125,"['Prisoners and Punishment', 'War and Conflict', 'Photography and Imaging', 'British Colonialism']","[0.25177479615118364, 0.2517725452123506, 0.25172033706714897, 0.24461533373615876]",4
33,5,1,Architecture and Building,I have said that in nearly every representation of a Chinese landscape one finds either a camel-back bridge or a pagoda.,Architecture and Building,0.9999985695686744,"['Architecture and Building', 'Religion (Buddhism and Ancestor Worship)']","[0.832050708854231, 0.1679283629551244]",2
33,5,1,Architecture and Building,"now, in order to see one of the most interesting of the latter, we will travel by boat for several miles, along winding, dark and narrow canals, through the city and beyond, to an elevation of ground called Tiger Hill.",Harbor and Waterways,0.999683720988286,"['Transportation', 'Harbor and Waterways', 'Geography and Topography']","[0.3333336379588979, 0.3333330419533656, 0.3333329624591359]",3
33,5,1,Architecture and Building,"On this hill is located one of the oldest and most famous pagodas of Soo-chow, called Tiger Hill Pagoda.",Architecture and Building,0.999995767737207,"['Architecture and Building', 'Geography and Topography', 'Religion (Buddhism and Ancestor Worship)']","[0.3333540629958403, 0.3333322062399348, 0.33331365127669244]",3
34,2,1,Architecture and Building,"They are all old by Western chronology, all patriarchal, but the senior member of the group, the Methuselah, as Du Bose calls it, is said to be 1,650 years old; and the authority for this antiquity is Fan Fen Chen Kung, a historian who lived nine hundred years ago, who probably had reliable documents for his statements.",Architecture and Building,0.8419825558032724,"['Family and Social Structures', 'Religion (Buddhism and Ancestor Worship)']","[0.7456282169112457, 0.24317657949723365]",2
34,2,1,Architecture and Building,"You cannot wonder it is somewhat stooped, and you see why it is called the ""Leaning Tower of Soo-chow.""",Architecture and Building,0.9999997019871092,"['Architecture and Building', 'Geography and Topography']","[0.5000159153886373, 0.4999838461559761]",2
34,2,1,Architecture and Building,"It is called Tiger Hill Pagoda, from a tradition that after the death of Hoh Lü, the first King of Soo-chow, a white tiger was seen crouching near his grave.",Cemeteries and Burial Practices,0.8776925860059139,"['Cemeteries and Burial Practices', 'Religion (Buddhism and Ancestor Worship)']","[0.49962539824935603, 0.4995079168481017]",2
34,2,1,Architecture and Building,Every race seems to possess the monument-building instinct; a prehistoric race in America built mounds; the Druids had their temples; we find the mysterious round-tower in Ireland; Egypt has pyramids and obelisks.,Architecture and Building,0.9999997615523456,['Architecture and Building'],[0.9998275510017511],1
34,2,1,Architecture and Building,"India, Ceylon and Burmah are covered with towers and dagobas, and China is said to have two thousand pagodas.",Architecture and Building,0.9999907613791248,"['Architecture and Building', 'Religion (Buddhism and Ancestor Worship)']","[0.49994911668343517, 0.49992051025124795]",2
34,2,1,Architecture and Building,"Some people think the native faith in the pagoda is diminishing, as a new one is rarely seen; this might be said of bridges, temples and nearly everything in China, because everything appears old; disrepair and dilapidation are not necessarily evidences of a waning faith in their national institutions.",Architecture and Building,0.999997794528712,"['Architecture and Building', 'Religion (Buddhism and Ancestor Worship)']","[0.5000038437129238, 0.49999180456476017]",2
34,3,1,Architecture and Building,"It seems to have had its origin in India, where it was wholly a religious temple dedicated to the worship of idols which were called pagods, hence the name, pagoda.",Architecture and Building,0.9999944571667496,"['Architecture and Building', 'Religion (Buddhism and Ancestor Worship)']","[0.5001522611135819, 0.49984380392120836]",2
34,3,1,Architecture and Building,"In China the form of the structure gradually changed from that of a temple to the tall, manystoried tower, like the one before us.",Architecture and Building,0.999999642375208,"['Architecture and Building', 'Religion (Buddhism and Ancestor Worship)']","[0.5002832152652299, 0.4997161287257372]",2
34,3,1,Architecture and Building,"The purpose of the pagoda in China has been changed from that of a place set apart wholly for the worship of idols to that of a mixed order-that of a religious shrine, and also at the same time a temple of geomancy, if I may express it in that way.",Architecture and Building,0.9999330731139532,"['Architecture and Building', 'Religion (Buddhism and Ancestor Worship)']","[0.5000023241954797, 0.4999923711907346]",2
34,3,1,Architecture and Building,"It is supposed to bring peace and the protection of Heaven, and to repress all evil influences that may be peculiar to the locality in which it is situated.",Architecture and Building,0.8648738958714426,"['Missionary Work', 'Cemeteries and Burial Practices', 'War and Conflict']","[0.46663133561667586, 0.4666251044799849, 0.06549966484692797]",3
34,3,1,Architecture and Building,"I have been in quite a number of pagodas, in different parts of the country, and I do not remember that I have seen one containing idols or occupied by priests; but all apparently vacant and left to exert their influence on the surrounding country; this is why I prefer to call them temples of geomancy.",Architecture and Building,0.9999961852417985,"['Architecture and Building', 'Religion (Buddhism and Ancestor Worship)']","[0.5039669194781392, 0.49599745302741616]",2
34,3,1,Architecture and Building,Do not laugh at their credulity and simple faith in geomancy; there is not much difference after all; they erect a pagoda and we nail up a horseshoe.,Architecture and Building,0.9999997019871092,"['Architecture and Building', 'Social Classes and Customs']","[0.4998304881120115, 0.49947073923673013]",2
34,4,1,Architecture and Building,"This Leaning Tower"" is an unusually large pagoda; it consists of two walls or a pagoda within a pagoda, each wall being six or seven feet in thickness.",Architecture and Building,0.9999997615523456,"['Architecture and Building', 'Religion (Buddhism and Ancestor Worship)']","[0.5121440670189789, 0.48785538350115776]",2
34,4,1,Architecture and Building,"It does not appear so large because our position is several hundred yards away at the foot of the hill, which has an elevation of some fifty feet, the pagoda being nearly two hundred feet in height.",Architecture and Building,0.9999827144749934,"['Geography and Topography', 'Architecture and Building']","[0.50013401074147, 0.4998620544886908]",2
34,4,1,Architecture and Building,"I was obliged to retire to this distance to obtain a view of the entire structure, and even now the first story is not visible.",Architecture and Building,0.9999998807761656,['Architecture and Building'],[0.998733794694723],1
34,4,1,Architecture and Building,"Formerly the hill was covered with fine temples and palaces before that rebellion, but since then the once magnificent center of ""Beautiful Soo"" has been a wilderness of ruins.",Architecture and Building,0.9999994634928572,"['War and Conflict', 'Architecture and Building']","[0.499955898632625, 0.49995577935375063]",2
34,5,23,Transportation,"We cannot afford to remain long in one place; the Chinese Empire is a little world in itself, and much remains for us yet to explore.",Transportation,0.9992099515198392,['British Colonialism'],[0.9991002158499971],1
34,7,23,Transportation,"People who visit China should not confine their field of observation to seaport towns, as is so frequently done by globe-trotters.",Social Classes and Customs,0.7341402157625775,['Harbor and Waterways'],[0.999891381511054],1
34,7,23,Transportation,"When I returned to Shanghai, from Soochow, I received a cablegram to proceed up the great Yang-tse-Kiang River to Hankow, a distance of six hundred miles (see map of eastern China).",Transportation,0.9730310812509562,"['Transportation', 'Harbor and Waterways', 'Geography and Topography']","[0.3333424855760727, 0.33333827344866446, 0.33331804879614996]",3
34,7,23,Transportation,"Hoping now that our mutual trip to the interior may be equally interesting, we will embark on one of those large side-wheel steamboats, such as that on which we made our trip to Ningpo.",Transportation,0.999993563070601,"['Transportation', 'Harbor and Waterways']","[0.5000019666929266, 0.4999901659373992]",2
34,7,23,Transportation,"The accommodations are as comfortable as on a Hudson River steamer, and we shall reach Hankow in three days.",Transportation,0.9999827145241054,"['Transportation', 'Harbor and Waterways']","[0.5000139178207544, 0.49997946616446975]",2
34,7,23,Transportation,"The scenery en route is interesting, but somewhat monotonous; the valley of the Yang-tse-Kiang is a level plain with no great diversity in its appearance, and all Chinese towns are alike.",Geography and Topography,0.9999567910876332,"['Geography and Topography', 'Transportation']","[0.5000796139252928, 0.49991841879880233]",2
34,7,23,Transportation,The vast expanse of yellow water dotted with characteristic junks moves sullenly along at the rate of two and one-half miles an hour.,Harbor and Waterways,0.9999936227376188,"['Harbor and Waterways', 'Transportation']","[0.49869615677641227, 0.49838123088619135]",2
34,7,23,Transportation,Our fellow passengers are a few missionaries with their families who are on their way to the hill region to pass the hot summer months.,Missionary Work,0.9999986886520632,"['Family and Social Structures', 'Transportation', 'British Colonialism']","[0.36034161003573356, 0.3379212610842585, 0.30153472721051744]",3
34,7,23,Transportation,"Six or eight stops are made between Shanghai and Hankow, and then, at the end of three days, our boat makes fast to the hull of an old ship.",Transportation,0.9978059016350592,"['Transportation', 'Harbor and Waterways']","[0.499991447302304, 0.4999907917139578]",2
35,2,21,Tea Production and Trade,"This is Hankow, six hundred miles from the sea, and undoubtedly the greatest tea market in the world.",Tea Production and Trade,0.999698249698779,"['Trade and Commerce', 'Tea Production and Trade', 'Agriculture and Farming', 'Food and Diet']","[0.24712097954163678, 0.24712039039484804, 0.24706979519076844, 0.24700408096358392]",4
35,2,21,Tea Production and Trade,"But it is European Hankow, and you have already learned that Europeanized cities in China and native cities are very dissimilar.",British Colonialism,0.9830892367430784,['British Colonialism'],[0.9994166220989601],1
35,2,21,Tea Production and Trade,"There are three native cities here, all within sight one of another and also lying adjacent to the foreign settlement before us; they are Wuchang, on the opposite side of the river, and Hanyang and Hankow, lying near together on this side.",Geography and Topography,0.9997934235210996,"['Geography and Topography', 'Harbor and Waterways']","[0.5000578236446815, 0.4998910363382004]",2
35,2,21,Tea Production and Trade,"When I stood here a huge three-funnel merchant steamer from Odessa, Russia's great port on the Black Sea, lay at anchor in midstream.",Harbor and Waterways,0.9910377311357024,"['Harbor and Waterways', 'Transportation', 'Trade and Commerce']","[0.33327725617373755, 0.33327705754452824, 0.33327328351178914]",3
35,2,21,Tea Production and Trade,"Ships from all parts of the world come here for tea; so, I think, for gigantic tea-parties Hankow holds the record.",Tea Production and Trade,0.9999551821895624,"['Trade and Commerce', 'Tea Production and Trade', 'Food and Diet', 'Harbor and Waterways', 'Transportation']","[0.1666628153369023, 0.16666265640433423, 0.16666035167031185, 0.16665635875417703, 0.16664730073872117]",5
35,2,21,Tea Production and Trade,"Our steamer brought a cargo from a point down the river to this place for transshipment, or possibly to be first transformed or pressed into what is called brick-tea.",Tea Production and Trade,0.999983190778344,"['Trade and Commerce', 'Transportation', 'Tea Production and Trade', 'Harbor and Waterways', 'Daily Life and Occupations']","[0.16655957500939117, 0.1665595353045723, 0.1665594955934668, 0.16655919777242803, 0.16655266592072948]",5
35,2,21,Tea Production and Trade,"Should we go ashore a little distance from this shipping front, we would see many places where tea is pressed into hard bricks, chiefly for shipment to Russia, although the best grades of tea are not put up in this manner.",Tea Production and Trade,0.9999990463231824,"['Tea Production and Trade', 'Trade and Commerce', 'Food and Diet', 'Daily Life and Occupations', 'Harbor and Waterways']","[0.12783225271317297, 0.12783223748090347, 0.12783188700413792, 0.12782635588451527, 0.12782000240706068]",5
35,2,21,Tea Production and Trade,"Though this is the most important tea center in the world, I want to tell you that the nearest point where tea is grown is one hundred miles from Hankow.",Tea Production and Trade,0.9985979628460404,"['Agriculture and Farming', 'Food and Diet', 'Tea Production and Trade', 'Trade and Commerce', 'Geography and Topography']","[0.19998548979917163, 0.19998532295035604, 0.1999852991124318, 0.1999819376041516, 0.19996327209199585]",5
35,2,21,Tea Production and Trade,"Tea is brought here from the hill and mountain districts, where it is grown; it is brought from smaller ports up and down the river to Hankow, where it is sometimes repacked and sent to all parts of the world.",Tea Production and Trade,0.9999934439612204,"['Tea Production and Trade', 'Trade and Commerce', 'Transportation', 'Agriculture and Farming', 'Harbor and Waterways']","[0.1250107161687128, 0.1250107161687128, 0.1250105969580434, 0.12501012011175583, 0.12500994129188597]",5
35,2,21,Tea Production and Trade,"There are many docks such as this where lines of barefooted, bareheaded, and sometimes barebacked coolies form a ceaseless line between the ships and the ""godowns,"" carrying chests of tea and uttering their weird, dolorous cry, which they think distracts the mind from the burden.",Daily Life and Occupations,0.8652923293780554,"['Trade and Commerce', 'Daily Life and Occupations', 'Harbor and Waterways', 'Tea Production and Trade', 'British Colonialism']","[0.14285627194886727, 0.14285620382138947, 0.14285610166266663, 0.14285606756653124, 0.14285599949248584]",5
35,2,21,Tea Production and Trade,"The tea is now altogether in the hands of Chinamen; from these landing “go-downs"" it will be carried to the hongs, as business places are called in the East.",Tea Production and Trade,0.999950831655126,"['Trade and Commerce', 'Tea Production and Trade', 'Transportation', 'Food and Diet', 'British Colonialism']","[0.1666606347153466, 0.16666051550280203, 0.1666460737247756, 0.16662830046039795, 0.16661326485455283]",5
35,2,21,Tea Production and Trade,These chests of tea do not look exactly familiar; they are differently marked from those we are accustomed to see in our markets.,Tea Production and Trade,0.999993741962526,"['Trade and Commerce', 'Tea Production and Trade', 'Food and Diet', 'British Colonialism']","[0.23897808127272274, 0.23897238396547876, 0.23895084882110287, 0.2389180684310134]",4
35,2,21,Tea Production and Trade,"Much of the tea used in America is from Japan, and besides, teas from different parts of China are marked differently.",Tea Production and Trade,0.9999971391850973,"['Food and Diet', 'Trade and Commerce', 'Tea Production and Trade', 'Agriculture and Farming']","[0.2499966180851046, 0.24999652860381902, 0.24999634988980288, 0.24997909530982237]",4
35,2,21,Tea Production and Trade,"I was greatly surprised to learn that at this place the difference between high and low water is often forty feet and over, sometimes reaching and flooding the streets above.",Geography and Topography,0.9996963447604922,"['Geography and Topography', 'Harbor and Waterways']","[0.4999757152370151, 0.49997100710496356]",2
35,2,21,Tea Production and Trade,"I think you have not discovered that each coolie carries a small stick in his hand; they have a simple but a very infallible way of checking off the number of packages discharged; after the ancient fashion, each coolie delivers with each package a tallystick to a tally-man on shore.",Tea Production and Trade,0.9999725234893508,"['Daily Life and Occupations', 'Trade and Commerce', 'Social Classes and Customs', 'Harbor and Waterways', 'Transportation']","[0.15607726145525258, 0.15607640547067117, 0.15607540086364713, 0.1560741917586702, 0.15606416458311417]",5
35,2,21,Tea Production and Trade,Not many in the West would like to carry these chests of tea ten hours a day in the hot sun at ten cents a day!,Daily Life and Occupations,0.9999217570637092,"['Daily Life and Occupations', 'Trade and Commerce', 'British Colonialism', 'Social Classes and Customs', 'Tea Production and Trade']","[0.19997511339336604, 0.19997508953972154, 0.19997485119385738, 0.19996963049634398, 0.19996874824488445]",5
35,3,11,Geography and Topography,"Let us go ashore, ascend those forty steps, turn to the right a hundred yards, and we will face a pretty plaza, which, overlooking the river, is called the Bund.",Harbor and Waterways,0.2789217846309972,"['Harbor and Waterways', 'Geography and Topography']","[0.49999588794921335, 0.49998343046866583]",2
36,2,4,Daily Life and Occupations,"The beauty of those buildings and rows of trees with well-kept lawns and walks and well-paved streets is enhanced by the recollection that it is in the heart of China, six hundred miles from the sea.",Architecture and Building,0.9994663390815448,['Architecture and Building'],[0.9927060098847753],1
36,2,4,Daily Life and Occupations,"I expected to find a few Europeans here, but not this charming vista of 136 modern buildings and beautified grounds.",Architecture and Building,0.999997139170318,['Architecture and Building'],[0.9998201975830984],1
36,2,4,Daily Life and Occupations,"We are looking eastward and down the river; behind this line of trees, on our right, is another promenade, overlooking the broad river and some fifty feet above it, flanked by a protecting wall.",Harbor and Waterways,0.9947098747452312,"['Geography and Topography', 'Harbor and Waterways']","[0.49996922920275677, 0.49993460381545185]",2
36,2,4,Daily Life and Occupations,"It is instructive to know that this state of affairs has been established here since 1858, when, by the treaty of Nankin, Hankow became an open port.",British Colonialism,0.9936666409691364,"['Trade and Commerce', 'British Colonialism', 'Harbor and Waterways', 'War and Conflict']","[0.25026010543750615, 0.25025924029341834, 0.25025858395954614, 0.24910663850210227]",4
36,2,4,Daily Life and Occupations,"The native quarter is very unlike this; it is, as I have remarked of other native cities, redolent of every known and unknown odor and teeming with filthy myriads of human life.",Daily Life and Occupations,0.9987308014500836,"['British Colonialism', 'Plague and Disease', 'Social Classes and Customs']","[0.3360566214166073, 0.3354806534301628, 0.3282821207349037]",3
36,2,4,Daily Life and Occupations,"I was told that several Chinese gentlemen of Hankow made an effort to persuade their fellow townsmen to attempt to model the native city in some measure after the European Settlement, but the proposition met with so little favor that it was given up.",Social Classes and Customs,0.8567667152833887,"['Architecture and Building', 'Social Classes and Customs', 'British Colonialism']","[0.35375626218176054, 0.3536930591568129, 0.29246820686306335]",3
36,2,4,Daily Life and Occupations,"To change the ways of the masses of the Chinese people promises to be a ""steady job.""",Daily Life and Occupations,0.9999901657821904,"['Social Classes and Customs', 'Daily Life and Occupations']","[0.49993531275824, 0.4998401270687089]",2
36,2,4,Daily Life and Occupations,"Here again, we see few, if any, Europeans; this will be partially explained if you notice the shortness of the shadows cast by those figures in the foreground; I mean that you may see it is near midday, when Europeans, in hot weather, are seldom on the streets; but the whole place is animated with coolies, many of them pole-coolies, as they are called, because nearly all transportation is done by them by means of these poles.",Daily Life and Occupations,0.9978176863583352,"['Daily Life and Occupations', 'Transportation', 'Social Classes and Customs', 'British Colonialism']","[0.24923344298237207, 0.24923284882244603, 0.24923228435377084, 0.24922868952819263]",4
36,2,4,Daily Life and Occupations,"We are here standing on the balcony of the Town Hall, and when I attempted to make this view the people near at hand fled as though Mara (Chinese Pluto) had suddenly arisen in their midst; a ""Fangqwei"" with a camera is scarcely less dreaded.",Daily Life and Occupations,0.9579232825458628,"['Photography and Imaging', 'Social Classes and Customs', 'Daily Life and Occupations']","[0.3452588788229033, 0.34238859013410794, 0.3123402250475841]",3
36,2,4,Daily Life and Occupations,"The idea occurred to me that if I should cast handful of cash down into the street, cupidity might overcome superstition and bring the coolies close again.",Daily Life and Occupations,0.9999519640701464,"['Social Classes and Customs', 'British Colonialism']","[0.49972775751002996, 0.49848581813373855]",2
36,2,4,Daily Life and Occupations,I have previously explained to you that seventeen cash are equal to one cent and make a good handful.,Daily Life and Occupations,0.9991631596875384,['Trade and Commerce'],[0.9945514122821705],1
36,2,4,Daily Life and Occupations,"I gave to my native porter a handful of cash and explained to him how, at a given time, he must throw the cash to the coolies below.",Daily Life and Occupations,0.999979616654324,"['Daily Life and Occupations', 'Social Classes and Customs', 'British Colonialism']","[0.3332141352492089, 0.3332090512450382, 0.3332004326523288]",3
36,2,4,Daily Life and Occupations,"I returned to an inner room to prepare my apparatus, and when I returned and asked my porter where the cash was he replied: ""Coolie have got.""",Daily Life and Occupations,0.9995797662923795,"['British Colonialism', 'Social Classes and Customs', 'Daily Life and Occupations']","[0.3338650698745956, 0.3338368944626214, 0.33223652187140584]",3
36,2,4,Daily Life and Occupations,"The stupid fellow, not understanding my directions, had thrown them to the street in my absence; but they had served a good purpose, for, by this time, the street was full as you see it now, all eager and expectant.",Daily Life and Occupations,0.999954049996442,['Daily Life and Occupations'],[0.9428544524559843],1
36,2,4,Daily Life and Occupations,"I threw another handful, which was instantly followed by a chaos of heads, heels, poles, prostrations, ""flip-flips"" and somersaults.",Daily Life and Occupations,0.999984262991484,['Prisoners and Punishment'],[0.9953075812568949],1
36,2,4,Daily Life and Occupations,"When there was a partial restoration to mental and physical equipoise, and when they had become engaged, seemingly, in conference as to whether another shower of hard cash was to be expected and whether a madman or a veritable Carnegie had arrived in the foreign settlement, I manipulated my camera.",Photography and Imaging,0.9997434986146336,"['Photography and Imaging', 'Social Classes and Customs']","[0.9330551458995954, 0.06679484349764102]",2
36,3,23,Transportation,"When I first reached Hankow I supposed I was in the heart of the tea-growing region; but I soon learned I could not reach the nearest plantation without a tedious journey of a hundred miles; and that this journey must be made in a house-boat, through canals and inland lakes and rivers for eighty miles, and then, when I reached the mountains, the last part of the trip, some twenty miles, would have to be made in a sedan chair carried by coolies.",Transportation,0.9999976159093646,"['Transportation', 'Geography and Topography', 'Harbor and Waterways', 'Agriculture and Farming', 'Tea Production and Trade']","[0.1935348208559832, 0.19353295220899566, 0.1935288679575567, 0.19344818270531147, 0.19342492885334756]",5
36,3,23,Transportation,"The worst feature of the adventure was the hostility of the people in the province through which the journey lay, for at this time the Boxer uprising was agitating the usual bitterness toward foreigners into frenzied aggressiveness.",War and Conflict,0.999998569577201,"['War and Conflict', 'British Colonialism']","[0.5209237433079549, 0.47906725254100807]",2
36,3,23,Transportation,"The American Vice-Consul found a fearless and adventurous young man, son of ex-Consul Childs, who was quite willing to accompany me for the sport of hunting on the way.",Transportation,0.9999985099653672,"['Daily Life and Occupations', 'Family and Social Structures']","[0.5304811589460414, 0.4682793291218889]",2
36,3,23,Transportation,"This young fellow was powerful and brave almost to recklessness, and, as he said, any half-dozen Boxers would only be “Child's"" play for him.",Social Classes and Customs,0.997481510264775,['War and Conflict'],[0.9637700860988585],1
36,3,23,Transportation,"We at once set to work to prepare for the trip; he furnished one double-barreled breech-loading shot-gun and a Martini-Henri rifle, with an abundance of ammunition; he also engaged from a friend of his, a Russian merchant, a suitable house-boat with sleeping accommodations; later I will show you the boat.",Transportation,0.9999870665714848,"['Transportation', 'Harbor and Waterways']","[0.5500690505061546, 0.44971636656560854]",2
36,3,23,Transportation,"We went to a native grocery and laid in a supply of provisions, such as we could get-chiefly canned goods and several dozen bottles of soda-water-we knew drinking-water would be difficult to find.",Daily Life and Occupations,0.9791876373981016,"['Food and Diet', 'Daily Life and Occupations']","[0.5000106351242062, 0.49994299541820547]",2
36,3,23,Transportation,"Mr. Childs said we must take a couple of bottles of whisky, because he was acquainted with a mandarin up the river who was fond of it, and that his favor was worth two bottles; I remonstrated that one bottle was enough for one mandarin.",Transportation,0.9767277787663536,"['Social Classes and Customs', 'British Colonialism', 'Food and Diet']","[0.3813136690602281, 0.381157871443558, 0.19661449969545963]",3
36,3,23,Transportation,"""Yes,"" he replied, ""but we may find another mandarin""; and so we did.",Transportation,0.9998541826593532,['Social Classes and Customs'],[0.9768798829518898],1
36,3,23,Transportation,Our grocery supply cost fifteen dollars; it included several loaves of settlement bread.,Food and Diet,0.9999951126011472,"['Food and Diet', 'Daily Life and Occupations', 'Agriculture and Farming', 'Trade and Commerce', 'Social Classes and Customs']","[0.20096266130542714, 0.2009613197879309, 0.20091979179425415, 0.2008747572140097, 0.19541887010971806]",5
36,3,23,Transportation,"He returned with a back-load all strung on strings, about one dollar's worth on each, the five straps weighing thirty pounds; this is no exaggeration; because the spectacle of our cook returning with thirty pounds of coin hung over his shoulders and around his neck was so ludicrous that I weighed a one dollar strap, which was just six pounds.",Transportation,0.9996532388392918,"['Daily Life and Occupations', 'Trade and Commerce']","[0.5000093167900079, 0.49992196124938526]",2
36,3,23,Transportation,A very brief and limited shopping expedition in a native town necessitates a coolie with a wheelbarrow to carry the change.,Transportation,0.9903819662062284,"['Daily Life and Occupations', 'Transportation', 'Trade and Commerce', 'Social Classes and Customs', 'British Colonialism']","[0.2000316203563068, 0.20003002237609518, 0.20002720891595407, 0.2000235614065806, 0.19988658536935744]",5
36,3,23,Transportation,"After much preparatory running back and forth, we sailed near eleven o'clock at night.",Transportation,0.999962748955006,"['Transportation', 'Harbor and Waterways']","[0.5007122857258988, 0.49922063529738137]",2
36,3,23,Transportation,"Our houseboat was fitted with sail, but, in the absence of wind, it must be towed by hand by means of long lines from the shore.",Transportation,0.995245652677522,"['Transportation', 'Harbor and Waterways', 'Daily Life and Occupations']","[0.33332569209281177, 0.3333174674778442, 0.3333146851198701]",3
36,3,23,Transportation,"A light night breeze carried us across the river, where the coolies went ashore with the tow-line and towed through the night while we essayed to sleep in our new and confined quarters.",Transportation,0.9996262674165832,"['Transportation', 'Harbor and Waterways', 'Daily Life and Occupations', 'British Colonialism']","[0.25035208753349353, 0.2503519084565197, 0.2503501477073487, 0.24891771536257631]",4
36,3,23,Transportation,"When we arose in the morning we found we had made little progress up the great river, Hankow being still plainly in sight; some time before noon we reached Kinkow, an important town on the Yang-tse only about twenty miles from our starting-place; here we entered a canal or creek which connects the Yang-tse with a small lake some twenty miles inland.",Transportation,0.894104826287185,"['Geography and Topography', 'Transportation', 'Harbor and Waterways']","[0.3333256910035737, 0.33332565122536884, 0.3333254526097777]",3
37,2,23,Transportation,"My captain stands at his right, his high rank and authority indicated by what appears to be, according to rustic parlance, a ""boiled shirt.""",Fashion and Dress,0.993492806916376,"['Fashion and Dress', 'Social Classes and Customs']","[0.49426002608152336, 0.4942586708708862]",2
37,2,23,Transportation,"Our cook left us at this place, becoming suspicious we might never return, and our interpreter, who is clad in black, assumed the duties of the runaway cook.",Daily Life and Occupations,0.9823270082371258,['Daily Life and Occupations'],[0.9890705352111279],1
37,2,23,Transportation,"You see the door leading into our little cabin, which had a table in the center and a seat on either side used for a bed at night.",Daily Life and Occupations,0.9802491537209532,['Architecture and Building'],[0.998566070986656],1
37,2,23,Transportation,"Have you observed the wrought-iron, handmade anchor projecting over the bow, consisting of four radiating hooks?",Harbor and Waterways,0.96132283446678,"['Transportation', 'Military and Naval Defenses']","[0.5193049855495132, 0.4393897790264278]",2
37,2,23,Transportation,Have you observed the detached rudder suspended at one side and beyond it a cross-bar projecting a little over the free-board?,Transportation,0.9998691300792908,['Transportation'],[0.9999639836948528],1
37,2,23,Transportation,"On the end of this a large sculling oar is placed to propel the boat when away from the shore or when becalmed in deep water, where poles cannot be used.",Harbor and Waterways,0.9992512199409348,"['Transportation', 'Harbor and Waterways', 'Daily Life and Occupations']","[0.34306302340588574, 0.3430581972314287, 0.31386904605491694]",3
37,2,23,Transportation,"It is not an Atlantic liner; but withal, it left with me memories more interesting than those obtained from the floating palaces of the sea.",Transportation,0.9999988079489696,['Transportation'],[0.9999458862886611],1
37,3,12,Harbor and Waterways,"You can see the height of the banks, showing the depth of the soil, and the canal, which was originally a creek or river, is here quite deep, and this continues until we reach the high lands.",Geography and Topography,0.7624194285234696,"['Geography and Topography', 'Harbor and Waterways']","[0.4995229157861829, 0.49951970039244087]",2
37,3,12,Harbor and Waterways,"A typical craft from the interior, propelled by a large sculling oar on one side of the boat, is passing down on the other side; it is probably on its way down to Hangkow or other of the great near-by cities, with farm produce.",Harbor and Waterways,0.9266561021212864,"['Transportation', 'Harbor and Waterways', 'Trade and Commerce', 'Agriculture and Farming', 'Daily Life and Occupations']","[0.16667219839510206, 0.16667194005747688, 0.16667182090937532, 0.16667178117482886, 0.16667146327549187]",5
37,3,12,Harbor and Waterways,"You may know by the glossy surface of the water that there is no breeze for our sails; therefore, the tow-line is thrown out, the gang-plank is hauled in and we move slowly on our way.",Harbor and Waterways,0.9977410542284172,"['Transportation', 'Harbor and Waterways', 'Daily Life and Occupations']","[0.3463561413238576, 0.3463528798286467, 0.3072903182264592]",3
37,3,12,Harbor and Waterways,"Our meek little cook had prepared for us a breakfast that would satisfy anyone but a man who has no business to travel; and now he was busy in the galley, which was, indeed, more a hole than a galley, preparing our second meal.",Daily Life and Occupations,0.7285000799838928,"['Food and Diet', 'Daily Life and Occupations']","[0.49999389082332385, 0.4999912684761505]",2
37,3,12,Harbor and Waterways,"When it was on the table it quite astonished us, and while we ate we eulogized the cook and made, I fear, some unflattering remarks about French chefs.",Food and Diet,0.9999952317507445,"['Food and Diet', 'Daily Life and Occupations']","[0.5117014833514592, 0.48814642862214663]",2
37,3,12,Harbor and Waterways,"A light breeze, at times, enabled us to use our sail, and when the wind failed the coolies resorted to the cumbersome sculling oars.",Harbor and Waterways,0.9980228647431314,"['Transportation', 'Daily Life and Occupations', 'Harbor and Waterways']","[0.3318891483236726, 0.3318753811988769, 0.3315649809895571]",3
37,3,12,Harbor and Waterways,"We made the farther side of the lake a little after nightfall, where we entered a second canal, in which we tied up, our crew not being able to work continuously day and night.",Harbor and Waterways,0.999998629165164,"['Harbor and Waterways', 'Transportation', 'Daily Life and Occupations']","[0.33331507566076135, 0.3333147974629752, 0.333304188288998]",3
37,3,12,Harbor and Waterways,"On the following day, after we had been several hours in this canal, we entered a small fishing village where the banks of the canal were lined with villagers of both sexes in charge of ""lift-nets.""",Harbor and Waterways,0.9918574842183204,"['Daily Life and Occupations', 'Harbor and Waterways', 'Transportation']","[0.333051904281771, 0.3330517851964168, 0.33304380554928437]",3
37,3,12,Harbor and Waterways,"This lift-net may be seen in every port of China; it consists of a horizontal net about twenty feet square, attached to a bamboo frame-work projecting over the water from the shore; it is lowered and raised from the shore, and each net requires one attendant; it is lowered until it sinks to the bottom, where it remains for a time, or until fish have assembled over it, when it is raised for a draught of them.",Harbor and Waterways,0.9999943975719864,"['Daily Life and Occupations', 'Harbor and Waterways', 'Food and Diet']","[0.3333368831050524, 0.3333350949809837, 0.3333257171728225]",3
37,3,12,Harbor and Waterways,"This was a novel and interesting scene and we ran our house-boat ashore, thinking to obtain a view of the villagers in their droll piscatory vocation.",Harbor and Waterways,0.936055994017968,"['Daily Life and Occupations', 'Harbor and Waterways', 'Transportation', 'River Dwellers (Tankia)']","[0.28699290743413125, 0.2869894522798407, 0.28687622866709495, 0.1390150541534661]",4
37,3,12,Harbor and Waterways,"I planted my camera in a suitable position, when, instantly, along the whole line, they left their nets and came pell-mell toward us and around us.",Harbor and Waterways,0.9998360155450844,"['Photography and Imaging', 'Daily Life and Occupations']","[0.7029786259056146, 0.2970199494214932]",2
37,3,12,Harbor and Waterways,"We called our ""boy"" (every servant is called a ""boy in the East) to persuade them to stand away from the camera; his appeal had no effect; their curiosity increased and the crowd increased; they at once showed an unfriendly manner; one fellow landed from a boat and came strutting forward with an air of importance and authority and lifted the cloth of the camera to see what was under it.",Harbor and Waterways,0.999966740564694,"['Photography and Imaging', 'Social Classes and Customs', 'British Colonialism', 'Harbor and Waterways']","[0.2591426139398149, 0.2591311231845177, 0.2565878064935004, 0.2246866833714935]",4
37,3,12,Harbor and Waterways,"I took it out of his hands and motioned him back; he straightened up, swelled his chest, compressed his lips and dove his head under the cloth; no self-respecting photographer can brook any liberties with his apparatus.",Photography and Imaging,0.9999942783783784,"['Photography and Imaging', 'Daily Life and Occupations']","[0.5000274171153172, 0.49996960269645]",2
37,3,12,Harbor and Waterways,"He swelled up in importance again, but kept two yards. off; his dignity was damaged; he looked vengeance and sneeringly cried out, ""Fanqwei! fanqwei!""",Social Classes and Customs,0.9616869939574872,"['Social Classes and Customs', 'British Colonialism']","[0.5005827153756196, 0.4994017048430905]",2
37,3,12,Harbor and Waterways,"There was no possibility of getting a picture, the crowd was rapidly increasing, and the half-mile line of nets was deserted.",Harbor and Waterways,0.999964654702872,['Photography and Imaging'],[0.9992687289488956],1
37,3,12,Harbor and Waterways,We started for our boat; but no sooner had we emerged from the crowd than we were greeted by a volley of mud and lumps of CHINA THROUGH THE STEREOSCOope. clay (there were no stones).,Harbor and Waterways,0.9995420167849672,"['Harbor and Waterways', 'Transportation', 'Photography and Imaging']","[0.3555440110326874, 0.32378104374744143, 0.26908346128405286]",3
37,3,12,Harbor and Waterways,"In a mood to even up honors, we brought our guns on deck and donned our cartridge belts; there was a silent but hurried retreat all along the line.",War and Conflict,0.999990046620464,"['War and Conflict', 'Military and Naval Defenses']","[0.49998751340390674, 0.49998667897206805]",2
37,3,12,Harbor and Waterways,"I gave Childs my gun to carry, took my camera, went on shore and we advanced to the place from which we had retreated: but like the clans of Culloden, ""they were scattered in flight.""",War and Conflict,0.9986923716889848,"['War and Conflict', 'Photography and Imaging']","[0.4951571212318737, 0.49506129049506653]",2
37,3,12,Harbor and Waterways,"This showed, as has been shown in a thousand other instances, that the Chinese lack the fighting instinct, or, in other words, that they are cowards; but sometimes will fight a little with ten to one.",War and Conflict,0.9999873646563812,"['War and Conflict', 'Military and Naval Defenses', 'British Colonialism']","[0.3339065000336947, 0.33387645149857725, 0.332216769800179]",3
37,3,12,Harbor and Waterways,"Childs said, on our return, that he had heard of the ""Battle of the Roses,"" but he had never anticipated a ""Battle of Mud.""",War and Conflict,0.9981708529589536,['War and Conflict'],[0.9968161496650189],1
37,3,12,Harbor and Waterways,"A village is often composed of a clan, or family line, where one disposition characterizes the whole village; here we had fallen in with an anti-foreign breed and as soon as we reached our boat, our order to the captain was: ""Walkee, walkee, chop, chop!"" (Start at once).",Harbor and Waterways,0.996194525899834,"['British Colonialism', 'Family and Social Structures', 'Social Classes and Customs', 'Missionary Work', 'Transportation']","[0.20010550835024937, 0.2001043395844191, 0.20010018827745288, 0.20002289054066683, 0.19923963203721756]",5
37,4,0,Agriculture and Farming,"Our coolies kept tugging at the tow-line until, some time in the afternoon, when we spied a typical native plowman quite near the bank of the canal.",Agriculture and Farming,0.999976100529254,"['Daily Life and Occupations', 'Harbor and Waterways', 'Agriculture and Farming', 'Transportation', 'British Colonialism']","[0.19986595314106984, 0.19986368940842728, 0.1998629989152329, 0.19986216521151265, 0.19984787181973063]",5
37,4,0,Agriculture and Farming,I placed my instrument at the point of his nearest approach; when within about twenty paces. the buffalo halted;,War and Conflict,0.9994096886070848,['Daily Life and Occupations'],[0.9956702763296624],1
37,4,0,Agriculture and Farming,"I knew something about the idiosyncrasies of a water-buffalo, and that when he stops to look at a foreigner, something is going to happen.",Daily Life and Occupations,0.9023878674508152,['British Colonialism'],[0.9671096965451383],1
37,4,0,Agriculture and Farming,"it was a level plain, and the last we saw of the water-buffalo was a black spot in the horizon, with a whisking crescent over his back made by the flying plow.",Agriculture and Farming,0.9999951126011472,"['Agriculture and Farming', 'Daily Life and Occupations', 'Geography and Topography']","[0.3321792113712416, 0.33213593720122125, 0.3320343465433265]",3
37,4,0,Agriculture and Farming,"On our return trip several days later, we recognized the same field and saw that no plowing had been done in the meantime.",Agriculture and Farming,0.9999994039345736,"['Agriculture and Farming', 'Transportation']","[0.571388295401169, 0.4280161366954941]",2
37,5,8,Folk Festivals and Celebrations,"At one side of this marshy plain, a large town was located on a hillside, extending down to the edge of the water.",Geography and Topography,0.9999994634928572,"['Geography and Topography', 'Harbor and Waterways']","[0.5000384069607053, 0.4999580166805956]",2
37,5,8,Folk Festivals and Celebrations,"We saw banners flying and a great assemblage of people covering the side of the slope, and decorated boats seemed to fill the broad stream before the town.",Folk Festivals and Celebrations,0.9999995827822108,"['Harbor and Waterways', 'Folk Festivals and Celebrations', 'Transportation']","[0.3834733349703369, 0.3834648329684361, 0.23301904442557306]",3
37,5,8,Folk Festivals and Celebrations,It is not a good day to be in a Chinese crowd in a remote and hostile province; but we thought we would experience no difficulty in making our way past the town in our boat.,Transportation,0.9931201765430724,"['Transportation', 'Harbor and Waterways', 'Missionary Work']","[0.33322202090358305, 0.33311532520832327, 0.3315696260848341]",3
37,5,8,Folk Festivals and Celebrations,"Boat-racing is an important feature of the day; several boats curiously decorated and filled with men rowing with short paddles, dashed back and forth before the town.",Folk Festivals and Celebrations,0.999996900763818,"['Folk Festivals and Celebrations', 'Harbor and Waterways', 'Daily Life and Occupations', 'Transportation']","[0.3064161440877805, 0.3064154500042589, 0.3064075596011608, 0.06824348403621423]",4
37,5,8,Folk Festivals and Celebrations,"While these picturesque race-boats were passing and repassing, I stood on the bow of our little boat attempting to catch views as we moved through among them.",Folk Festivals and Celebrations,0.99772601028999,"['Harbor and Waterways', 'Transportation']","[0.49999782369101964, 0.49999222133045457]",2
37,5,8,Folk Festivals and Celebrations,"This seemed to attract the attention of the great crowds on the shore, who commenced to set up a derisive yell, which is quite peculiar and as distinguishable as the Indian's war-whoop.",Folk Festivals and Celebrations,0.999999940388081,['Harbor and Waterways'],[0.9984954366720844],1
37,5,8,Folk Festivals and Celebrations,"A Chinese crowd, like any other crowd, is always more inflammable and aggressive on a holiday, and a vast assemblage greatly augments individual courage, especially among Chinamen.",Folk Festivals and Celebrations,0.999999642375208,['Folk Festivals and Celebrations'],[0.9995264878256177],1
37,5,8,Folk Festivals and Celebrations,We halted for a while to witness the strange proceedings; the jeers increased; then came a shower of mud; next a volley of stones; several waded into the water up to their waists around our boat; another volley of stones nearly demolished our cabin window.,Folk Festivals and Celebrations,0.9999995827822108,"['Harbor and Waterways', 'Transportation']","[0.49884889747336636, 0.49853366281886485]",2
37,5,8,Folk Festivals and Celebrations,"At this we jumped into our little cabin and brought out our guns and slipped in cartridges; with this threat those in the water moved back a little; the jeers increased, and a hundred voices were shouting, Fanqwei! fanqwei!"" and punctuating their raillery with stones.",Folk Festivals and Celebrations,0.9998517405813776,"['War and Conflict', 'Prisoners and Punishment']","[0.5043762432210978, 0.49354882552006274]",2
37,5,8,Folk Festivals and Celebrations,"The missiles came so furiously at one time, that Childs leveled his gun, when I called to him not to shoot.",War and Conflict,0.9999989866549318,"['War and Conflict', 'Military and Naval Defenses']","[0.500010459782519, 0.4999885269252841]",2
37,5,8,Folk Festivals and Celebrations,"Fortunately, at this point, we were thirty or forty paces from the shore on which the enraged mob stood, while the number in the water near us, on the opposite side, were held back only by our guns; our coolies were as glad as we to get away from this ugly and cowardly band.",War and Conflict,0.9999876627313624,"['War and Conflict', 'British Colonialism', 'Harbor and Waterways']","[0.4000056391846185, 0.399938854686093, 0.20000763505893016]",3
37,5,8,Folk Festivals and Celebrations,"The mob followed for a half-mile along the shore, shouting, no doubt, all manner of ribaldry, but foreign devil was all we could understand.",Folk Festivals and Celebrations,0.9999805698403658,"['British Colonialism', 'Harbor and Waterways', 'Missionary Work']","[0.6348064448331636, 0.23254509124712472, 0.13254918910704858]",3
37,5,8,Folk Festivals and Celebrations,"We soon entered a small lake where they could no longer follow, but until we were out of sight we could hear their peculiar yell of derision.",Folk Festivals and Celebrations,0.999997139170318,"['Prisoners and Punishment', 'Geography and Topography']","[0.9039079181263658, 0.07219936065429561]",2
37,6,23,Transportation,"We anchored late that night in the canal, and got away by daylight in the morning, that we might make the end of our boat journey, some ten miles farther, and have the whole day for the last twenty miles, which must be made in chairs.",Transportation,0.9996451415319147,"['Transportation', 'Harbor and Waterways']","[0.49799123899396114, 0.4979904078642191]",2
37,6,23,Transportation,At nine o'clock in the forenoon we came to a few houses scattered along the bank of the canal; here we must debark and find sedan chairs; they could only be obtained in a town five miles away.,Transportation,0.9999969007649548,"['Transportation', 'Harbor and Waterways', 'Geography and Topography', 'Daily Life and Occupations']","[0.24996378770577246, 0.24996211904551702, 0.249906710725643, 0.24986278841214699]",4
37,6,23,Transportation,"Our ""boy"" must go afoot with several straps of cash over his shoulder-cash to buy eggs in the country, to buy hot water, to mollify the mercenary-cash was our only credential, and the ""boy"" had yet nearly thirty pounds on his back, the equivalent of five Mexican dollars, or two and onehalf dollars in American money.",Transportation,0.948913793239987,"['Food and Diet', 'Daily Life and Occupations', 'Social Classes and Customs']","[0.49273534704875865, 0.39436693091459535, 0.10476448413815906]",3
37,7,23,Transportation,"Twenty miles is a good ride in a carriage; it is a long journey in a sedan chair, in a rough mountain district, where there are no roads, where one has to pass many villages, through countless rice-fields on narrow mud dykes, along rocky declivities and up steep slopes.",Transportation,0.9999359325016924,"['Transportation', 'Geography and Topography', 'Agriculture and Farming']","[0.32931048618098924, 0.3293097795709074, 0.3289957086898857]",3
37,7,23,Transportation,"Our chairs were of the rustic order, made of bamboo suspended on bamboo poles ten feet long.",Transportation,0.9752647342864388,"['Daily Life and Occupations', 'Architecture and Building']","[0.5000545660460204, 0.49988939815796457]",2
37,7,23,Transportation,"These fields are separated by ridges of clay sometimes a foot, sometimes two feet above the mud or water.",Geography and Topography,0.9998930359309964,['Geography and Topography'],[0.9800549664832742],1
37,7,23,Transportation,"To pass around the corners of the mud-fields, on narrow ridges, without being precipitated into the mud, was the most precarious part of our journey, and in this we did not quite succeed.",Transportation,0.9999987483664527,"['Geography and Topography', 'Transportation']","[0.49957483739311, 0.49957334889228705]",2
37,7,23,Transportation,"I would surely be charged with exaggeration should I attempt to say how many times our chair-coolies were pitched over the narrow dyke into the deep mire while attempting to turn the sharp angles, we ourselves only escaping a mudbath by clambering to the treacherous path till the coolies could be extricated.",Transportation,0.9999949339231622,"['Transportation', 'Daily Life and Occupations', 'British Colonialism', 'Geography and Topography']","[0.2971757202843619, 0.2971741970621766, 0.2971600977082699, 0.107859680760474]",4
37,7,23,Transportation,"We were, of course, at once surrounded by curious villagers who showed no unfriendliness, but were greatly interested in our modern firearms, and Childs entertained them by bringing down birds from the highest treetops.",Transportation,0.9981173756155128,"['Daily Life and Occupations', 'British Colonialism']","[0.5285576385460695, 0.47085663476976997]",2
37,7,23,Transportation,"Only one incident occurred here worth relating, an incident which shows how tricky and unscrupulous the Chinese are in ways of extorting money.",Social Classes and Customs,0.9768624779068736,['Trade and Commerce'],[0.9995225441589041],1
37,7,23,Transportation,An old woman hurried into our presence leading a child and affecting great distress of mind; a stream of blood was trickling over the child's face from a scalp wound.,Transportation,0.9680729061496955,['Family and Social Structures'],[0.9981568272971406],1
37,7,23,Transportation,"She showed us the wound and, jabbering explanations, pointed to our guns, intimating we had shot her child.",War and Conflict,0.999987722345278,"['War and Conflict', 'Family and Social Structures']","[0.5001063537953555, 0.4998579951724923]",2
37,7,23,Transportation,My companion broke into a roar of laughter and showed how we had been shooting altogether in an opposite direction and away from the village in which she lived.,Transportation,0.9985634176198288,['Photography and Imaging'],[0.999988550680725],1
37,7,23,Transportation,The natives about us saw the shooting and also laughed at the woman's stupid and futile scheme to obtain money.,Social Classes and Customs,0.9999808675668108,"['Social Classes and Customs', 'British Colonialism']","[0.8417298892314854, 0.14637615577021543]",2
37,7,23,Transportation,The trifling scalp wound was maternally inflicted and her plan proved a bungling and unsuccessful bit of blackmail.,Family and Social Structures,0.9997792424507552,['Family and Social Structures'],[0.9999924895505663],1
37,8,23,Transportation,"The chair-coolies got a feed of rice from the villagers, and we ate our lunch hemmed in by a staring group of onlookers, which was not altogether agreeable, because one is liable at any moment to be colonized by a drift of eleemosynary insects from leeward, and this prospect is somewhat de-appetizing.",Daily Life and Occupations,0.9999706151654264,"['Food and Diet', 'Daily Life and Occupations', 'Social Classes and Customs', 'British Colonialism']","[0.24998938702323814, 0.24998840361070424, 0.24998432124220707, 0.24997430626965736]",4
37,8,23,Transportation,Another plain of rice fields lay before us which involved unpleasant liabilities and greatly retarded our progress.,Transportation,0.988119922999574,"['Agriculture and Farming', 'Geography and Topography', 'Food and Diet', 'Daily Life and Occupations', 'Transportation']","[0.20119338911043771, 0.20119173427142803, 0.20118149295787968, 0.20106365286319836, 0.19529623894409145]",5
37,8,23,Transportation,"I looked back and saw one of his coolies submerged in the liquid soil, the other at the front, upon the ridge of clay.",Transportation,0.99925728600718,"['Daily Life and Occupations', 'Agriculture and Farming', 'British Colonialism']","[0.33351561544693475, 0.3334680009771646, 0.3328573916119261]",3
37,8,23,Transportation,"The mud just reached the seat of the chair and my friend sat quite helpless, holding his gun out of the mud with one hand and projecting his feet upward.",Transportation,0.9998955392724176,"['Daily Life and Occupations', 'War and Conflict']","[0.9433487713798553, 0.053182136060346274]",2
37,8,23,Transportation,"The dilemma was only for a moment, as his loud and intensive language worked as an explosion of dynamite and brought the submerged coolie to the surface and, presto, to the path.",Transportation,0.9999833101402482,['British Colonialism'],[0.9972260448062336],1
37,8,23,Transportation,"As usual, there was no damage except to the coolie's clothes, and that was not serious, as they consisted only of ""onepiece shirt.""",Daily Life and Occupations,0.9999593531941272,"['Daily Life and Occupations', 'British Colonialism', 'Social Classes and Customs', 'Fashion and Dress']","[0.2500064295482498, 0.25000097537486, 0.24999257094648444, 0.24998440794892238]",4
37,8,23,Transportation,"A great part of our journey by chair thus far had been across these rice fields, or ""sloughs of despond,"" as Childs called them, but now we had reached the first mountain slope.",Geography and Topography,0.9994576507353164,"['Geography and Topography', 'Transportation', 'Agriculture and Farming']","[0.3333365912094178, 0.3333328562496139, 0.33332284351643227]",3
37,8,23,Transportation,"In many places the tea stood at the door as a sort of a free-lunch trap for wayfarers; in other places it must be paid for at the rate of a cash"" a cup.",Transportation,0.999898817285382,"['Food and Diet', 'Daily Life and Occupations', 'Trade and Commerce', 'Social Classes and Customs']","[0.24998251794218265, 0.24997772044552063, 0.24997357879135815, 0.2499602304815667]",4
37,8,23,Transportation,"The cups are small and five or six of them would scarcely equal in quantity an American ""schooner ""; besides tea, about the only drink to be obtained at these inns, is ""sam shui,"" a sort of home-made wine.",Daily Life and Occupations,0.9609150466153388,"['Food and Diet', 'Daily Life and Occupations']","[0.49038845576460277, 0.4715470250043923]",2
37,9,11,Geography and Topography,Late in the afternoon we were among the lower mountain slopes and scattering patches of tea plants began to appear.,Geography and Topography,0.9998315478166652,"['Agriculture and Farming', 'Geography and Topography', 'Daily Life and Occupations', 'Tea Production and Trade']","[0.24519955361217588, 0.24519788734063583, 0.24515969521920625, 0.2444002605703544]",4
37,9,11,Geography and Topography,"It was up a steep mountain side, over a crest and down again into a table-land covered with patches of paddy (growing rice in Eastern countries is called paddy) until nightfall, when we entered a broad, fertile valley watered by a small river.",Geography and Topography,0.9999997615523456,"['Geography and Topography', 'Agriculture and Farming', 'Food and Diet']","[0.40371641440819395, 0.4037132858953659, 0.19240225062583874]",3
37,10,23,Transportation,Darkness overtook us and we had yet several miles to go before we reached our destination at a place called Matin.,Transportation,0.999999940388081,['Transportation'],[0.9999968702414701],1
37,10,23,Transportation,"Our chair-bearers had become considerably exhausted and stopped frequently to rest at places on the wayside, where curious rustics would peer around us in the darkness, sometimes thrusting their faces under the front of our covered chairs.",Transportation,0.9999960657392052,"['Transportation', 'Social Classes and Customs', 'Daily Life and Occupations', 'Prisoners and Punishment']","[0.2718247976941486, 0.2717998499909835, 0.27171001052471827, 0.18461690750049506]",4
37,10,23,Transportation,Our men sometimes left us for a few minutes to quench their thirst at some teahouse; we could hear persons passing and repassing in the darkness.,Transportation,0.9869254893574247,"['Daily Life and Occupations', 'Prisoners and Punishment', 'War and Conflict']","[0.35052511905632194, 0.35037685037687244, 0.2986517836084531]",3
37,11,4,Daily Life and Occupations,"Mine waited in a farm-yard till our boy had brought in Childs; meantime, I sat in my chair surrounded by bogey-men; some came with paper lanterns which they held up before me to get a look at a ""foreign devil.""",British Colonialism,0.8915198458390545,"['British Colonialism', 'Missionary Work', 'Family and Social Structures', 'Social Classes and Customs']","[0.2724802051243238, 0.272472409585515, 0.272294191206546, 0.17358893997568528]",4
37,11,4,Daily Life and Occupations,My companion had both guns in his chair; when he was brought back we apportioned our armament and resolved not to become separated again; we knew now we had no house-boat to fall back upon and trusted we might not fall into a dragon-festival crowd.,War and Conflict,0.836170547095538,"['War and Conflict', 'Folk Festivals and Celebrations']","[0.8767308390308177, 0.1230607756549472]",2
37,11,4,Daily Life and Occupations,"The streets were dimly lighted with paper and tin lanterns and we were set down in the heart of a strange town in the Province of Hunan, we were told, but from subsequent examination of maps I believe we were just on the boundary between the provinces of Hupeh and Kiangsi (see map of Eastern China, Map No. 2).",Daily Life and Occupations,0.9950444673382376,"['Geography and Topography', 'Transportation']","[0.5410863585737985, 0.4589129962502892]",2
37,12,20,Social Classes and Customs,"The news of our arrival, even though late at night, spread rapidly; the street was soon a solid mass of struggling humanity; it was difficult for our chair-men to make any headway in such a crowd.",Social Classes and Customs,0.9997987262051756,['Transportation'],[0.998310312258514],1
37,12,20,Social Classes and Customs,"Our ""boy"" and the chair-coolies slowly wedged their way, by inches, through the dense mass.",Daily Life and Occupations,0.9990837438890676,"['Daily Life and Occupations', 'Social Classes and Customs', 'Prisoners and Punishment', 'Transportation', 'British Colonialism']","[0.20159597149954203, 0.20151893911840463, 0.19966317731136674, 0.19919041606542004, 0.19654344392489087]",5
37,12,20,Social Classes and Customs,The mandarin's palace (?) was a half-mile away; and after we emerged from the crowd it followed us to the door of the buildings said to contain the high functionary we sought.,Social Classes and Customs,0.9999917741026362,['Social Classes and Customs'],[0.9995087883749764],1
37,12,20,Social Classes and Customs,"It required several minutes of pounding at a great wooden door before any response came; at last some one, I suppose a servant, arrived.",Daily Life and Occupations,0.7394036511804918,['Social Classes and Customs'],[0.9967700804115065],1
37,12,20,Social Classes and Customs,"Our instructions to our ""boy"" were about as follows: ""Tell the good mandarin we are Americans, come to see Chinese Tea-man-have no place to sleep-will good mandarin let us sleep any place inside his palace?""",Social Classes and Customs,0.9999839652203732,['Social Classes and Customs'],[0.9996449333638348],1
37,12,20,Social Classes and Customs,"Childs, who knew the mandarin character pretty well, said he thought a stronger appeal was necessary-that we must see the mandarin himself; so, to get out of the crowd, by sheer effrontery, we pressed within the outer door; but the crowd followed.",Social Classes and Customs,0.9999968411532204,['Missionary Work'],[0.9982666290664365],1
37,13,2,British Colonialism,"After much wrangling and persuasion by a number of mandarinish flunkies, the crowd was pressed back and the door made fast.",British Colonialism,0.964338913824586,"['Social Classes and Customs', 'Daily Life and Occupations']","[0.4981105242580992, 0.4949960238903907]",2
37,13,2,British Colonialism,"Childs with his gun, accompanied our ""boy"" into the presence of His Excellency and stated the urgency of our case,—that there was no hotel; that there were plenty bad men outside; that our hong at Hankow ""makee"" buy plenty tea; these and numerous other necessitous lies induced the mandarin, after a full half-hour of talking, to allow us to sleep in an empty room.",British Colonialism,0.9995553543161202,"['Missionary Work', 'Trade and Commerce', 'British Colonialism', 'Social Classes and Customs', 'Tea Production and Trade']","[0.18866343816611447, 0.1886599306216449, 0.1886513406954955, 0.18860300981423667, 0.1884382581990075]",5
37,13,2,British Colonialism,"We were too glad to be within walls to complain of a bed of hard boards, and after a midnight repast we stretched out upon our doors to await the strange disclosures of the coming dawn.",Daily Life and Occupations,0.999995767947754,"['Prisoners and Punishment', 'Daily Life and Occupations', 'Food and Diet']","[0.33338164628842487, 0.33329598191820725, 0.3332944733384113]",3
37,14,20,Social Classes and Customs,"I have spoken of the mandarin as ""His Excellency,"" and of his domicile as the palace; but there did not appear to be any excellent qualities about him or anything palatial about his residence.",Social Classes and Customs,0.9999978541900704,"['Social Classes and Customs', 'British Colonialism']","[0.522193023205445, 0.4777675103085801]",2
37,14,20,Social Classes and Customs,"He was ordinary in appearance, stupid and boorish in manner, devoid of hospitality and actuated alone by suspicion.",Social Classes and Customs,0.9999966622964388,['Social Classes and Customs'],[0.9977162096074578],1
37,14,20,Social Classes and Customs,"His home was a tileroofed, one-story agglomeration of sheds made of sundried brick without and finished within in the crudest fashion with hand-sawed lumber.",Architecture and Building,0.9998830809816164,['Architecture and Building'],[0.9992406103287759],1
37,15,21,Tea Production and Trade,"When we arose in the morning we found the town of Matin situated in a beautiful and well-cultivated valley, flanked by lofty, near-by hills with towering mountains in the distance.",Geography and Topography,0.999998629165164,"['Geography and Topography', 'Agriculture and Farming']","[0.7956658034820004, 0.20433391198311862]",2
37,15,21,Tea Production and Trade,"The tea plantations were a great disappointment to me; they consisted of only small, stunted bushes twelve or fourteen inches high, in scattered patches that were worthless as showing a typical tea plantation.",Tea Production and Trade,0.9999879607836952,"['Agriculture and Farming', 'Tea Production and Trade', 'British Colonialism', 'Food and Diet', 'Daily Life and Occupations']","[0.1668126332055401, 0.16680871607839393, 0.1667991124622697, 0.16669239796115423, 0.16645975699884313]",5
37,15,21,Tea Production and Trade,"I have been in many tea plantations in India, in Ceylon and in Japan, and I considered the plantation at this place unworthy a photographic reproduction; but I felt I must go out on the hillsides to look around and possibly make a view.",Photography and Imaging,0.7536004846355812,"['Photography and Imaging', 'Agriculture and Farming', 'British Colonialism', 'Tea Production and Trade', 'Daily Life and Occupations']","[0.16796748575779577, 0.16796704528957293, 0.16793715988045751, 0.1679361791076882, 0.16545539241566684]",5
37,16,2,British Colonialism,"So we set our ""boy"" with the mandarin's servants at work to hire a group to go out with their baskets.",Daily Life and Occupations,0.998385149315246,"['Daily Life and Occupations', 'Social Classes and Customs', 'Family and Social Structures', 'Trade and Commerce']","[0.30529044991618604, 0.30528597353677717, 0.3031867415363711, 0.08591934629237775]",4
37,16,2,British Colonialism,"This we found to be difficult of accomplishment, because of the strange suspicions that seemed at once to fill the minds of the whole people.",British Colonialism,0.8415264628984637,"['Family and Social Structures', 'Missionary Work']","[0.5173163928617435, 0.4825579457537834]",2
37,16,2,British Colonialism,"After long persuasion and offering tempting straps of ""cash,"" a few girls were assembled for the field.",Agriculture and Farming,0.9373888253656092,"['Social Classes and Customs', 'Trade and Commerce', 'Prisoners and Punishment', 'Daily Life and Occupations']","[0.58950222904172, 0.17751983818386696, 0.08793867279790726, 0.08138217799223998]",4
37,16,2,British Colonialism,"When that ""thing of evil,"" the camera, was brought out all was changed; the mandarin sneaked back into his quarters; the tea-pickers, one after another, gradually disappeared.",British Colonialism,0.9595451826431504,"['Photography and Imaging', 'Daily Life and Occupations', 'Tea Production and Trade', 'Agriculture and Farming']","[0.24602491237622662, 0.24596509274247974, 0.24558698708392543, 0.2447608331781624]",4
37,16,2,British Colonialism,"We left our guns in our room to lull fear and suspicion, but the camera was an omen of evil to be dreaded even more than our Martini-Henri rifle.",War and Conflict,0.8749028823624035,"['Photography and Imaging', 'War and Conflict']","[0.49975824686060155, 0.49974573691923385]",2
38,2,11,Geography and Topography,"One portion of the crowd following us is there on the bridge; another squad is on the hillside, toward the right, beyond the range of our vision.",Geography and Topography,0.9999995827822108,"['Geography and Topography', 'War and Conflict']","[0.5265607250190867, 0.47343146691801163]",2
38,2,11,Geography and Topography,"I made several attempts: before this view was taken to stereograph this band of rustics at close quarters, but failed, because, although sadly lacking in intelligence, they seemed to know the business front of a camera and scattered with the slightest turn in their direction; but at this distance they do not imagine their pictures can be taken.",Photography and Imaging,0.9999850987870308,"['Photography and Imaging', 'Social Classes and Customs', 'Daily Life and Occupations']","[0.38616676439565095, 0.38490269210354877, 0.22885882620392184]",3
38,2,11,Geography and Topography,"This is an exceedingly interesting scene; in the first place, because it is in the heart of China; in the second place, because it is in the mountain region where tea is grown; and besides, it shows you paddy or rice fields which I had occasion to mention, but could not show you en route.",Geography and Topography,0.9999945763612884,"['Agriculture and Farming', 'Geography and Topography', 'Tea Production and Trade', 'Food and Diet', 'Daily Life and Occupations']","[0.16681630537620948, 0.1668161462844362, 0.16680626284896713, 0.1668034998878455, 0.1666864170146143]",5
38,2,11,Geography and Topography,"Here, in the interior, we see again the typical arched bridge, such as we saw at Soo-chow; but this has two arches, with only one in sight.",Architecture and Building,0.9995267732748416,"['Architecture and Building', 'Transportation', 'Geography and Topography', 'Harbor and Waterways']","[0.2989336906235842, 0.29889186326890366, 0.2979552012444092, 0.10421867469078633]",4
38,2,11,Geography and Topography,"I have seen beautiful bridges in China with over fifty arches; as usual, this bridge is made for footpassers only and is approached by steps.",Architecture and Building,0.9999912379582446,"['Architecture and Building', 'Transportation']","[0.49992842649260655, 0.4999006560065241]",2
38,2,11,Geography and Topography,"You see, too, the stream that irrigates the valley, flooding the paddy fields; it might be called the purveyor for the whole population.",Agriculture and Farming,0.9798890916145478,"['Agriculture and Farming', 'Geography and Topography', 'Daily Life and Occupations', 'Food and Diet']","[0.250011688398875, 0.2500087678762177, 0.2499997084535078, 0.24997733172503359]",4
38,3,9,Food and Diet,"The Encyclopædia Britannica places it second to wheat, but I refuse to accept that so-called high authority on any statement so obviously erroneous.",Food and Diet,0.9999998807761656,"['Agriculture and Farming', 'Food and Diet']","[0.4998787152744324, 0.49987865571669915]",2
38,3,9,Food and Diet,"Europe and the Americas are the chief wheat-eating countries of the world, and China alone has a greater population than all;",Food and Diet,0.9999340863110612,"['Food and Diet', 'Agriculture and Farming']","[0.4999959764094277, 0.4999932944752063]",2
38,4,0,Agriculture and Farming,"Then we must remember that the vast population of Africa and the other parts of Asia, with the East Indies, are essentially rice-eating peoples.",Food and Diet,0.999998092420356,"['Food and Diet', 'Agriculture and Farming']","[0.4885260255180239, 0.48852509367148306]",2
38,4,0,Agriculture and Farming,"You probably know that rice is an aquatic plant and is supposed to be a native of India, although there are kinds that will grow on high lands.",Agriculture and Farming,0.99991919545369,"['Agriculture and Farming', 'Food and Diet', 'Geography and Topography']","[0.33342254330029525, 0.33342254330029525, 0.3331547146613696]",3
38,4,0,Agriculture and Farming,"It is sown in mud or water, and when it has grown to be eight or ten inches high it is transplanted, as you see it in these fields.",Agriculture and Farming,0.999998986597861,"['Agriculture and Farming', 'Daily Life and Occupations']","[0.499732346264453, 0.49967248023067584]",2
38,5,23,Transportation,"From the appearance of this field you can now understand the difficulties we encountered on our journey in traversing paddy fields for miles along those narrow ridges in sedan-chairs, and especially in turning those angles.",Transportation,0.9999992251745926,"['Transportation', 'Geography and Topography', 'Agriculture and Farming', 'Daily Life and Occupations', 'British Colonialism']","[0.20032777809951247, 0.20032517522454724, 0.20031366495559633, 0.2003099891545701, 0.19871259909727704]",5
38,6,21,Tea Production and Trade,"Those mountains are all tea-lands as far as you can see, although there is no tea in sight except a little line of stunted bushes close down on our right.",Tea Production and Trade,0.9959491441131986,"['Agriculture and Farming', 'Geography and Topography', 'Tea Production and Trade', 'Food and Diet', 'British Colonialism']","[0.17607321117301536, 0.1760724136743382, 0.17596495524515018, 0.1739514076660164, 0.15565678150928752]",5
38,6,21,Tea Production and Trade,"The tea-plant does not like the vicinity of salt water, but thrives best in mountain air and mountain soil.",Tea Production and Trade,0.994901934662608,"['Agriculture and Farming', 'Geography and Topography', 'Tea Production and Trade', 'Food and Diet']","[0.25000400094429837, 0.2500020040719264, 0.24999821969643005, 0.24999559644874939]",4
38,6,21,Tea Production and Trade,"These peasants do not seem to differ in appearance from those we have seen in other localities; they wear the queue; their heads are shaven; some are half nude; some wear trousers with shirts outside; some are barefoot and some are shod, and all are impudent in a cowardly fashion.",Social Classes and Customs,0.9909568392992566,"['Social Classes and Customs', 'Fashion and Dress']","[0.4998201307918923, 0.4998194752382172]",2
38,7,24,War and Conflict,"We will descend from the slope on which we stand, cross the bridge and continue directly across the valley, followed by the gang on the hillside above us and those at the bridge, till we reach the opposite slopes, where we will ascend to a height which will enable us to look back across.",War and Conflict,0.9999995231047478,['Geography and Topography'],[0.9998734233389813],1
38,7,24,War and Conflict,"While we are making that short distance of about a half mile that native escort will, from a distance in the rear, continue to utter their shouts of mockery and their taunting yells.",War and Conflict,0.9999998807761656,"['Prisoners and Punishment', 'British Colonialism', 'War and Conflict']","[0.3351638510018546, 0.3349656555959043, 0.32961699178704296]",3
39,2,15,Photography and Imaging,"Before we had reached a considerable elevation the rabble following had been increased by a contingent from the town, a more belligerent element.",Photography and Imaging,0.929088000385318,['Social Classes and Customs'],[0.998544418126792],1
39,2,15,Photography and Imaging,No sooner was my camera placed for this view than several small stones fell 'around us; it was not easy to ascertain the individuals throwing them.,Photography and Imaging,0.9999998807761656,['Photography and Imaging'],[0.999866393912571],1
39,2,15,Photography and Imaging,Childs stood near with a heavy stone in each hand and held them in check until this stereograph was hurriedly taken.,Photography and Imaging,0.9999998211642538,['Photography and Imaging'],[0.9975875497792582],1
39,2,15,Photography and Imaging,"During this time a heavy clod from some one in the rear of the crowd landed on the camera, but did no serious damage.",Photography and Imaging,1.0,['Photography and Imaging'],[0.9999945165732926],1
39,3,21,Tea Production and Trade,"Our faithful servant is before us and looks off into space, as though he were unconscious of the cowardly demonstration taking place behind him, and that by his own countrymen.",British Colonialism,0.936540684141366,['War and Conflict'],[0.9876421603684884],1
39,3,21,Tea Production and Trade,Two small bushes of tea are just at our feet; these near specimens will show how miserably stunted were the tea-plants in this region.,Tea Production and Trade,0.999841913912416,"['Agriculture and Farming', 'Food and Diet', 'Tea Production and Trade', 'British Colonialism', 'Geography and Topography']","[0.20040988863325807, 0.20040322310585448, 0.20038537966617032, 0.2002700892299736, 0.1985238941575882]",5
39,3,21,Tea Production and Trade,You may see a patch farther down the mountain-side; the mountain on the other side of the valley had only such patches as these scattered here and there among the slopes.,Geography and Topography,0.999973298652514,['Geography and Topography'],[1.0],1
39,3,21,Tea Production and Trade,"It does not follow that tea in all parts of China is like this; we were only unfortunate in getting into a region where the plantations were poor, and a typical tea-picking scene could not be found.",Tea Production and Trade,0.9999949338654096,"['Agriculture and Farming', 'Tea Production and Trade', 'Food and Diet', 'Daily Life and Occupations']","[0.24998913522447455, 0.24998663215330177, 0.2499834138837881, 0.2496483626920995]",4
39,3,21,Tea Production and Trade,In the distance you see mountains of considerable size; they are the same over which we passed on our way to this place and over which we must return.,Geography and Topography,0.9999984503551288,"['Geography and Topography', 'Transportation']","[0.5000218729190276, 0.49997729260734536]",2
39,3,21,Tea Production and Trade,"We shall start at noon, and we must traverse those mountains again and reach our house-boat, twenty miles away, before we can sleep to-night.",Transportation,0.9897687565949866,['Transportation'],[0.9912277374224242],1
39,3,21,Tea Production and Trade,"No doubt, if we could see within those houses, there would be many things in the Iways of the Chinaman which would seem very strange to us.",Social Classes and Customs,0.999727602145518,['Social Classes and Customs'],[0.9720541059538764],1
39,4,23,Transportation,"As soon as our view was made we started for the town, and as we turned Childs received a heavy stone on the shoulder; it might have disabled a less powerful man.",Transportation,0.9999996423941084,['Transportation'],[0.9579688598398918],1
39,4,23,Transportation,"We finally got out of reach and returned to the house of the mandarin, the inhospitable home of the lord of the town, in which our bed had been a door and our food a stone.",Transportation,0.9970736171581024,"['Food and Diet', 'Prisoners and Punishment', 'Social Classes and Customs']","[0.33283003565296326, 0.33282721999069037, 0.33279822103405676]",3
39,4,23,Transportation,"Our reception in Matin had not created in us a wish for a long sojourn, but rather a somewhat ardent desire to reach our house-boat as soon as possible.",Transportation,0.9999969007649548,['Harbor and Waterways'],[0.9983203299390329],1
39,4,23,Transportation,We shook the dust from off our feet-much dust and by midday were in our sedans again with twenty miles of circuitous mountain trails and paddy-pools before us.,Transportation,0.9999998807761656,"['Transportation', 'Geography and Topography']","[0.500032268165497, 0.4999104497637077]",2
39,4,23,Transportation,"I will not relate our experience on the return trip, except to say that at the last town, within five miles of our boat, our chair-bearers left us in total darkness surrounded by a dense gathering of the usual type, while they regaled their chums with tea in some teahouse.",Transportation,0.9999960061839092,"['Transportation', 'Social Classes and Customs', 'British Colonialism', 'Food and Diet']","[0.294862147503076, 0.29476920940248874, 0.2944818367817588, 0.11568903687704168]",4
39,5,2,British Colonialism,"At last, in sheer desperation, we gathered our guns and traps together and commanded our ""boy"" to guide us out of the town on foot.",British Colonialism,0.9992047190185346,"['Transportation', 'Social Classes and Customs']","[0.5003950427130269, 0.498306196923469]",2
39,5,2,British Colonialism,"We had walked a mile, when our coolies, hearing that we had left them and afraid of forfeiting their pay, hurried on and overtook us.",Daily Life and Occupations,0.9999651910967554,"['Daily Life and Occupations', 'British Colonialism', 'Transportation']","[0.3325336146364104, 0.3325234668243266, 0.33249893837678063]",3
39,5,2,British Colonialism,"We reached our boat about ten o'clock at night, weary and sorely out of favor with the Chinese Empire.",British Colonialism,0.8628630997192622,"['Transportation', 'British Colonialism', 'Harbor and Waterways']","[0.3334718774068468, 0.3334013345925536, 0.33268131628477937]",3
39,5,2,British Colonialism,"I still remember my companion's remark when he threw himself upon a bench in our little cabin; shrugging his bruised shoulder, he ejaculated, ""Ricalton, I commence to appreciate what stoning means.""",Prisoners and Punishment,0.9999943975719864,"['Prisoners and Punishment', 'War and Conflict']","[0.5007974043380541, 0.49919865559738513]",2
39,5,2,British Colonialism,"And true it is, our greetings in many places had been quite barbarous; yet it should be remembered that I have made fuller mention of our experience in the hostile villages, and it is but fair to state that we passed through several villages where the inhabitants were mild-mannered and kindly; upon the whole, though, I must say that, while I have been in most of the Oriental countries, I have never, in any place, barring, perhaps, some portions of the Mohammedan world, met with so much suspicion of and hostility to foreigners.",British Colonialism,0.999822615169542,"['War and Conflict', 'British Colonialism']","[0.49967494038222715, 0.4996380740623168]",2
39,5,2,British Colonialism,"The annals of China, however, show us that such was not always the case; that previous to the reign of the present dynasty, which extends over a period of two hundred and fifty years, the sentiment of the people was favorable to foreigners; but the Manchu rulers, being jealous not only of foreign influence but of the Chinese themselves, inaugurated a period of exclusiveness toward everything which might hazard the permanency of their own reign.",Social Classes and Customs,0.9725662887781898,['Trade and Commerce'],[0.9468868984212954],1
39,6,12,Harbor and Waterways,"We will now turn away from our ordeal of stone and mud and omit any mention of our return voyage until we reach Kinkow, the place, you will remember, where I showed you our little house-boat and where we made our first stop after starting out on our trip; the place also where dwelt a mandarin, for whose entertainment my companion showed some forethought when laying in a supply of food at Hankow.",Harbor and Waterways,0.999363340221197,"['Transportation', 'Harbor and Waterways', 'Food and Diet', 'Social Classes and Customs']","[0.25262121189828163, 0.25261624600192323, 0.25239577699354415, 0.24231813881674247]",4
39,6,12,Harbor and Waterways,"This smaller river, on our arrival, was congested with all sorts of native boats, including a fleet of native river gun-boats commanded by a naval mandarin, or, perhaps I should say, a river admiral.",Harbor and Waterways,0.9999955890227252,"['Harbor and Waterways', 'Transportation', 'Military and Naval Defenses', 'British Colonialism', 'Social Classes and Customs']","[0.20063697431298236, 0.2006365438155568, 0.20063209547975902, 0.2005928349613287, 0.1939987165991861]",5
39,6,12,Harbor and Waterways,"My friend, on some previous occasion, met this mandarin and knew something of his predilections for Western stimulants.",Social Classes and Customs,0.9998863000542813,['Social Classes and Customs'],[0.999557519261539],1
39,6,12,Harbor and Waterways,"After our arrival, we dispatched our ""boy"" to find him, on learning he had left his war-junk for some part of the city.",Harbor and Waterways,0.998957080394752,"['War and Conflict', 'Social Classes and Customs', 'British Colonialism', 'Daily Life and Occupations', 'Family and Social Structures']","[0.24225240764611836, 0.24223410095584383, 0.24202788449674245, 0.1957606225867717, 0.0777221542891485]",5
39,6,12,Harbor and Waterways,He was soon found; he returned to his fleet and received us on board his flag-junk with great cordiality.,Harbor and Waterways,0.9999932650252386,['Transportation'],[0.9997883992781591],1
39,6,12,Harbor and Waterways,"He could not speak a word of English, but being very jovial and intelligent, the extent and success of our pantomimic communication was really wonderful; then, when pantomime was inadequate, we fell back upon our boy's ""pigeon"" English.",Harbor and Waterways,0.9991302848348084,"['Missionary Work', 'Daily Life and Occupations']","[0.7928231578080662, 0.19920678756126742]",2
39,7,20,Social Classes and Customs,"We entered the mandarin's home%; we were escorted to a seat of honor, an elevated dais, where a plate of sweetmeats was placed between us; this was followed by a service of tea offered in exquisite porcelain cups.",Social Classes and Customs,0.9999957678972774,"['Social Classes and Customs', 'Food and Diet']","[0.4971537037741247, 0.4971519259629299]",2
39,7,20,Social Classes and Customs,Before we left the flag-ship he expressed a desire to have his picture taken; this was quite unusual in China; but he was intelligent beyond a dread of the camera.,Social Classes and Customs,0.9999783056998623,"['Photography and Imaging', 'Social Classes and Customs']","[0.49702217246941416, 0.4969840199072424]",2
39,7,20,Social Classes and Customs,"I was as anxious to possess his picture as he was to have it taken, but the apartments in his home were poorly lighted and I told him we must find an open space outside.",Daily Life and Occupations,0.5451405508753137,"['Photography and Imaging', 'Daily Life and Occupations']","[0.5029299884081914, 0.4970531044265994]",2
39,7,20,Social Classes and Customs,"Up to this time no female member of the family had been allowed to come into our presence; but when I suggested that his family should be stereographed with him he was evidently well pleased, and orders were at once sent to the female members to don their best.",Family and Social Structures,0.999851800075339,"['Family and Social Structures', 'Photography and Imaging', 'Social Classes and Customs', 'Daily Life and Occupations', 'Fashion and Dress']","[0.20158753021728498, 0.20158724186188573, 0.2015868093250111, 0.2008633503394952, 0.19428636609056732]",5
39,7,20,Social Classes and Customs,"We sipped the mild, delicious tea and ate the very palatable delicacies for a few minutes longer, when the wife and a daughter of the proverbial sweet ten and six appeared, in beautiful attire and most careful toilette.",Social Classes and Customs,0.9968497679590914,"['Food and Diet', 'Fashion and Dress', 'Family and Social Structures']","[0.33327316050447453, 0.333230545008952, 0.3331099613463977]",3
39,7,20,Social Classes and Customs,"We all started off through the narrow streets, accompanied by servants carrying stand, stool, et cetera, for an outdoor group, and followed by a train of onlookers from the street that grew larger and larger as we proceeded.",Social Classes and Customs,0.9999669778731008,"['Social Classes and Customs', 'Daily Life and Occupations', 'Family and Social Structures']","[0.33478420766815564, 0.33476174560417327, 0.32028587771454703]",3
40,2,20,Social Classes and Customs,"As usual we had great difficulty in keeping back the crowd, and a mandarin is not expected to interfere with the obtrusiveness of a street throng.",Social Classes and Customs,0.9999853968749788,"['Social Classes and Customs', 'Daily Life and Occupations', 'British Colonialism']","[0.3573592300433606, 0.3573164220516558, 0.2852376312052341]",3
40,2,20,Social Classes and Customs,"Besides, you can easily perceive by his mellow blink that Western cognac has relegated his basilar instincts to peaceful realms, or, in other words, that he is a good-natured fellow under blissful stimulation; these conditions, added to unusual intelligence, made him a very agreeable personage for us after spending a week among the hostile and unscrupulous tribes out of which Boxers are organized.",Social Classes and Customs,0.9999994039345736,['War and Conflict'],[0.9993902939213091],1
40,2,20,Social Classes and Customs,"The daughter is probably best described in the words of Childs, who stood at my back keeping off the crowd, and whispered: ""Isn't she a dandy?""",Fashion and Dress,0.9995209391062472,"['Family and Social Structures', 'Fashion and Dress']","[0.5000299734084308, 0.49995661396779656]",2
40,2,20,Social Classes and Customs,"A fan is the vade mecum of every Chinaman under the sun and under the moon, too, for that matter, as they carry them at night as well as during the day.",Social Classes and Customs,0.6903403306041535,"['Daily Life and Occupations', 'Social Classes and Customs', 'Fashion and Dress']","[0.3334562334529626, 0.33339694341606096, 0.3331462666014462]",3
40,2,20,Social Classes and Customs,"A Chinaman without a fan is as rare as one without a queue, or as anomalous as a Scotchman without an umbrella.",Social Classes and Customs,0.999982357089835,"['Fashion and Dress', 'Social Classes and Customs']","[0.4997041275648193, 0.499677021354814]",2
40,2,20,Social Classes and Customs,"It would probably be more correct to call them fan carriers rather than fan users, as they are more often carried and not used.",Social Classes and Customs,0.9999100800463304,['Transportation'],[0.9994743855465934],1
40,3,7,Fashion and Dress,This official and his family are very richly attired; their garments are wholly of the richest silks and satins and elaborately wrought in the finest embroidery.,Fashion and Dress,0.9999995231614776,"['Fashion and Dress', 'Social Classes and Customs', 'Family and Social Structures']","[0.3188237954681793, 0.31882356744168483, 0.31879111392943976]",3
40,3,7,Fashion and Dress,"The styles do not change from year to year, as ours do; they can, therefore, provide themselves with the most costly dress without the necessity of a new supply with every change of fashion.",Fashion and Dress,0.9999992251745926,"['Fashion and Dress', 'Social Classes and Customs', 'Trade and Commerce', 'Daily Life and Occupations']","[0.25320787545668033, 0.2532070302974269, 0.25237899899435534, 0.24119942440579742]",4
40,3,7,Fashion and Dress,"Fashions remain essentially the same for centuries, and garments are handed down from one generation to another, without being considered antiquated.",Fashion and Dress,0.9999998807761656,"['Fashion and Dress', 'Social Classes and Customs', 'Daily Life and Occupations', 'Family and Social Structures']","[0.25088437761474186, 0.250680311013516, 0.2503934584044507, 0.2480418230558262]",4
40,3,7,Fashion and Dress,In the outer tunics worn by this family notice the capacious sleeves; they are very full and often exquisitely embroidered.,Fashion and Dress,0.9999998807761656,"['Fashion and Dress', 'Social Classes and Customs']","[0.49882555143061896, 0.4988017678585108]",2
40,3,7,Fashion and Dress,"In cold weather, instead of wearing mittens or gloves, the hands are drawn within the sleeves; and good breeding requires one to keep the hands in such a position as to properly display the sleeves.",Fashion and Dress,0.9999957083847452,"['Fashion and Dress', 'Social Classes and Customs', 'Daily Life and Occupations', 'Family and Social Structures']","[0.25027768037947484, 0.25027657654518226, 0.25026920709665085, 0.24917653597869197]",4
40,3,7,Fashion and Dress,"You may understand from this why I did not require this mandarin to place his hands in a more graceful position; it would have been impertinence and bad manners; that is his way and it is right, according to his standard of good form.",Social Classes and Customs,0.991537788947007,"['Social Classes and Customs', 'British Colonialism', 'Fashion and Dress', 'Family and Social Structures']","[0.2507139563139089, 0.25003357732132986, 0.24977031362014174, 0.24944554814483172]",4
40,3,7,Fashion and Dress,The underskirt is one of the prettiest parts of the female attire; it extends a foot below the outer garment and is beautifully embroidered.,Fashion and Dress,0.9999998807761656,['Fashion and Dress'],[0.9909413050341417],1
40,3,7,Fashion and Dress,You cannot but observe the entire absence of collars or anything about the neck to impede freedom of movement and destroy comfort.,Fashion and Dress,0.9999998807761656,"['Fashion and Dress', 'Social Classes and Customs', 'Daily Life and Occupations', 'Prisoners and Punishment']","[0.26641100934082523, 0.25836192806455827, 0.24620327547817825, 0.22902369182873253]",4
40,3,7,Fashion and Dress,"Probably the most important thing about the dress is that square piece of cloth on the front of the tunic, called by some writers a breastplate.",Fashion and Dress,0.9999998807761656,['Fashion and Dress'],[0.9999876022055976],1
40,3,7,Fashion and Dress,"Sumptuary laws and laws of rank and dress are very comprehensive and specific, to the smallest detail, in China.",Fashion and Dress,0.9999662036243012,"['Fashion and Dress', 'Social Classes and Customs', 'Family and Social Structures', 'Daily Life and Occupations']","[0.25022731541291504, 0.25022731541291504, 0.25021726369454367, 0.24932810547962628]",4
40,3,7,Fashion and Dress,"Houses must be made in a certain way for a certain rank, even to the most trifling detail.",Social Classes and Customs,0.9961707936097566,"['Architecture and Building', 'Social Classes and Customs', 'Family and Social Structures', 'Daily Life and Occupations']","[0.2500103157332372, 0.25001028592604874, 0.2500010174680198, 0.24995704293995405]",4
40,3,7,Fashion and Dress,It is worth while to quote a few lines from Gray's excellent work on China in regard to these laws.,Fashion and Dress,0.3044404810457934,"['British Colonialism', 'Social Classes and Customs']","[0.6713362162724184, 0.2673881466174721]",2
40,4,7,Fashion and Dress,"The ""The law distinctly states, with regard to the winter costume, that the hat to be worn shall be covered with dark satin and the inside lined with dark cloth.",Fashion and Dress,0.9999998807761656,"['Fashion and Dress', 'Social Classes and Customs', 'Prisoners and Punishment', 'Daily Life and Occupations']","[0.2545597601232631, 0.2545533576126501, 0.2545502926572653, 0.23633655925716934]",4
40,4,7,Fashion and Dress,The apex must be adorned with a tassel of red silk so long and so thick as to cover the entire top.,Fashion and Dress,0.9999998807761656,['Fashion and Dress'],[0.9893579382372534],1
40,4,7,Fashion and Dress,The top of a court hat for the winter season must be covered with red floss silk so long as to extend slightly over the brim.,Fashion and Dress,0.9999998807761656,"['Fashion and Dress', 'Social Classes and Customs', 'Daily Life and Occupations']","[0.3352246898957224, 0.3352208938312033, 0.3295544162730743]",3
40,4,7,Fashion and Dress,"The summer hat is to be made either of fine straw or of very thin strips of bamboo or rattan; the outside covered with very fine silk, with a tassel of red silk cord on the top.",Fashion and Dress,0.999999940388081,"['Fashion and Dress', 'Daily Life and Occupations']","[0.5377245543114816, 0.46226185711121043]",2
40,4,7,Fashion and Dress,The court hat for summer is to resemble the ordinary summer hat in all particulars except the following: The rim must be covered with gold lace and the inside lined with red gauze.,Fashion and Dress,0.999999940388081,"['Fashion and Dress', 'Social Classes and Customs']","[0.499040543188967, 0.49902959792925655]",2
40,4,7,Fashion and Dress,"In addition to the tassel, a button, indicating by its color the rank of the wearer, must be attached to the apex of each hat.",Fashion and Dress,0.9999976159093646,"['Fashion and Dress', 'Social Classes and Customs', 'Daily Life and Occupations']","[0.3334904802537575, 0.3334904404937437, 0.33297404478465376]",3
40,4,7,Fashion and Dress,"For example, the hat worn by a gentleman or officers of the first rank, is distinguished by a button of a bright red color on its apex.",Fashion and Dress,0.9999998807761656,"['Fashion and Dress', 'Social Classes and Customs', 'Daily Life and Occupations']","[0.4561452755290913, 0.45614353531779833, 0.08754861468178872]",3
40,4,7,Fashion and Dress,"A dark red button distinguishes the second rank; a dark blue button, the third rank; a light-blue button, the fourth rank; a crystal button, the fifth rank; a white button, the sixth rank; a gold button, the seventh or eighth rank; and a silver button, the ninth rank.",Fashion and Dress,0.9831860175937308,"['Social Classes and Customs', 'Fashion and Dress']","[0.49955710687971155, 0.4995352534869121]",2
40,4,7,Fashion and Dress,"To the back of each hat is also attached a peacock's feather, which, in the case of a person of high rank, has two eyes, while persons of inferior rank are restricted to a feather which has only one eye.",Fashion and Dress,0.6218989790754141,"['Social Classes and Customs', 'Fashion and Dress', 'Family and Social Structures']","[0.3307227308331437, 0.33072253372640054, 0.3307185914673356]",3
40,4,7,Fashion and Dress,"On those so-called breastplates different emblems are used to designate the rank; birds are used for civil ranks, and animals for the military.",Fashion and Dress,0.9998843326645448,"['Social Classes and Customs', 'Fashion and Dress', 'War and Conflict', 'Military and Naval Defenses', 'Daily Life and Occupations']","[0.16692957675087308, 0.1669232689778985, 0.1668736810163852, 0.16675429682173787, 0.16651688847177448]",5
40,4,7,Fashion and Dress,"The uniform of the imperial soldiers has a cloth badge on the breast and on the back, giving the regimental designation.",Fashion and Dress,0.9990196558046543,"['Military and Naval Defenses', 'Fashion and Dress', 'War and Conflict', 'Social Classes and Customs']","[0.2499764200625058, 0.24997639025321997, 0.24997531740003093, 0.2495586612512225]",4
40,4,7,Fashion and Dress,"Official gentlemen of the highest rank have the angelic stork on the breastplate; those of the second rank, the pheasant; of the third rank, the peacock; of the fourth rank, the wild goose; of the fifth, the silver pheasant; of the sixth, the cormorant; of the seventh, a bird called ki chik; of the eighth, the quail; of the ninth, a kind of white bird.",Fashion and Dress,0.961601689745464,"['Social Classes and Customs', 'Fashion and Dress', 'Family and Social Structures']","[0.3333466038157434, 0.3333429879506261, 0.3333044080432563]",3
40,6,20,Social Classes and Customs,This is sufficient to show you how exact are the laws laid down for rank distinctions in dress; the minute rules about the cap are made in all the garments.,Fashion and Dress,0.9999989270430732,"['Fashion and Dress', 'Social Classes and Customs', 'Family and Social Structures']","[0.33324920701585564, 0.3332490084033633, 0.3332208855769689]",3
40,6,20,Social Classes and Customs,"In building houses for persons of different ranks the same detailed rules must be observed, even to the number of nails in certain places.",Architecture and Building,0.9999979731967492,"['Architecture and Building', 'Social Classes and Customs', 'Daily Life and Occupations', 'Family and Social Structures']","[0.2500768975640488, 0.25007576474503274, 0.25006422875803186, 0.2497820952202916]",4
40,6,20,Social Classes and Customs,"I take the bird on the wife's badge to be a wild goose; if that be correct, she is of the fourth rank; but I cannot identify the animal on the breastplate of the mandarin; it is something like a lion and not altogether unlike a yellow dog; but I cannot make out with certainty.",Social Classes and Customs,0.9999938015413338,"['Social Classes and Customs', 'Fashion and Dress', 'Family and Social Structures']","[0.3438715692270121, 0.33828737193782527, 0.31784097682615964]",3
40,6,20,Social Classes and Customs,"The daughter is probably too young to have yet taken a degree, but she surely bears the loveliest insignia of all, the badge of modest maidenhood.",Social Classes and Customs,0.7510553313350641,"['Family and Social Structures', 'Social Classes and Customs']","[0.499980607912652, 0.49992733225429553]",2
40,7,23,Transportation,"A salute of four guns was fired in our honor, that being the highest number given as a mark of honor, and after saluting Chinese fashion, then European fashion, and repeating the formality again and again, bowing like fighting-cocks all the while, we sculled cut into the great yellow Yang-tse-Kiang, where we caught a lively breeze which soon carried us the last twenty miles down stream to Hankow.",Transportation,0.9937637652808592,"['Harbor and Waterways', 'Transportation', 'British Colonialism', 'Social Classes and Customs', 'Geography and Topography']","[0.2003224461091288, 0.20032027295900556, 0.20029152991963073, 0.2002910526007475, 0.19875786245116517]",5
40,7,23,Transportation,"I paid off my crew, returned the house-boat to the owners and this terminated my trip of a hundred miles into the mountain region.",Transportation,0.9999987483664527,"['Transportation', 'Daily Life and Occupations']","[0.5447135892614002, 0.4551071041045314]",2
40,7,23,Transportation,"On the following day I took passage on one of the regular steamers for Shanghai, stopping off for a night at Nankin, in order to visit the famous tombs of the Kings.",Transportation,0.9999612000571172,"['Transportation', 'Cemeteries and Burial Practices', 'Religion (Buddhism and Ancestor Worship)', 'Harbor and Waterways']","[0.26636989810467304, 0.2663671357486128, 0.26583243629267517, 0.19796411377812004]",4
41,2,3,Cemeteries and Burial Practices,"Nankin is still a great city of two hundred thousand inhabitants, although it has suffered much both from the ravages of time and war.",War and Conflict,0.9998601379365886,['War and Conflict'],[0.9999986885370119],1
41,2,3,Cemeteries and Burial Practices,"It lies three miles inland, on the south bank of the Yang-tse, about one hundred miles from Shanghai.",Geography and Topography,0.9999994039345736,"['Geography and Topography', 'Harbor and Waterways']","[0.4999856379968749, 0.49996448093740553]",2
41,2,3,Cemeteries and Burial Practices,"The wall surrounding the ancient city measures about thirty-five miles, but the present wall is only about twenty, and in some places shows the effects of time.",Architecture and Building,0.99960245121948,"['Architecture and Building', 'Military and Naval Defenses', 'Geography and Topography']","[0.3333377307897094, 0.333332604404675, 0.33332966480561554]",3
41,2,3,Cemeteries and Burial Practices,For many years during the Ming dynasty it was the capital of the empire; and here Hung Wu died in 1398 A.D.,Cemeteries and Burial Practices,0.9999981521999662,['Cemeteries and Burial Practices'],[0.9985078889521256],1
41,2,3,Cemeteries and Burial Practices,The founder of that famous order of Kings was buried in the royal tombs a short distance outside the city.,Cemeteries and Burial Practices,0.9999998807761656,"['Cemeteries and Burial Practices', 'Social Classes and Customs']","[0.4854297909292226, 0.48535169138119066]",2
41,2,3,Cemeteries and Burial Practices,"They are known as the ""Tombs of the Kings,"" but are sometimes called the ""Ming Tombs,"" the same as the royal tombs near Pekin.",Cemeteries and Burial Practices,0.9999992251764684,"['Cemeteries and Burial Practices', 'Architecture and Building']","[0.500175265783697, 0.4997440782053304]",2
41,2,3,Cemeteries and Burial Practices,"The ancient royal tombs, both at Pekin and Nankin, are approached by a dromos or avenue of stone figures.",Cemeteries and Burial Practices,0.999997973255866,"['Cemeteries and Burial Practices', 'Architecture and Building', 'Social Classes and Customs', 'Religion (Buddhism and Ancestor Worship)']","[0.250255494902744, 0.25025445084395015, 0.25000930521688197, 0.24947394757783112]",4
41,2,3,Cemeteries and Burial Practices,"They include human figures, seemingly those of warriors and priests, figures of lions, horses, camels and elephants; they are ranged along either side of what has once been a well-paved way, sometimes in single pairs and sometimes in doubles.",Cemeteries and Burial Practices,0.9999924300382222,['War and Conflict'],[0.9961095488222562],1
41,2,3,Cemeteries and Burial Practices,"While the art displayed in the hewing out of these colossal figures is not of the highest order, the amount of labor required and the mechanical appliances necessary are truly wonderful.",Cemeteries and Burial Practices,0.9999103183270944,"['Architecture and Building', 'Daily Life and Occupations']","[0.5001562734557462, 0.49983376902577664]",2
41,2,3,Cemeteries and Burial Practices,The backs of the elephants are covered with stones; whether placed there by the sport of boys or whether they possess some commemorative significance I could not learn.,Cemeteries and Burial Practices,0.999960783004582,['Social Classes and Customs'],[0.998989691526659],1
41,2,3,Cemeteries and Burial Practices,"Gigantic figures of elephants similar to these at the ""Ming Tombs"" near Pekin, are known to have been transported for over a hundred miles by primitive methods.",Cemeteries and Burial Practices,0.9989889599715056,"['Transportation', 'Cemeteries and Burial Practices']","[0.49743775034107135, 0.49741290616715506]",2
41,2,3,Cemeteries and Burial Practices,"I made views of other figures along this monumental highway to the grave of the great Hung Wu, but I have no space for them, and we shall return to the river, only stopping on our way to examine a bamboo plantation.",Cemeteries and Burial Practices,0.9999564336062428,"['Cemeteries and Burial Practices', 'Geography and Topography', 'Transportation']","[0.3309559861975532, 0.33003128650682517, 0.330001901513359]",3
42,2,0,Agriculture and Farming,I have already called your attention to rice as the most universal food product and the most useful cereal in the world.,Food and Diet,0.999581433417002,"['Food and Diet', 'Agriculture and Farming']","[0.49998351962626336, 0.49998298323028195]",2
42,2,0,Agriculture and Farming,"The bamboo belongs to the grass family, and, because of its gigantic size, its great utility, its unsurpassed gracefulness and beauty, it has properly been called the ""King of the Grasses.""",Agriculture and Farming,0.9999977348644012,['Agriculture and Farming'],[0.9999947540342791],1
42,2,0,Agriculture and Farming,"It may be ordinary and uninteresting to you, but it is an arboreal pet of mine, and you must pardon me if I dwell for a little upon it.",Daily Life and Occupations,0.9421163719098686,['Daily Life and Occupations'],[1.0],1
42,2,0,Agriculture and Farming,"and uses, and among all plants which have reached the dignity of a tree, both for usefulness and for beauty, the bamboo is peerless.",Agriculture and Farming,0.9999985695686744,['Agriculture and Farming'],[0.9996806409272259],1
42,2,0,Agriculture and Farming,Many years ago I was engaged by the Wizard of Menlo Park to encircle the globe and to ransack all tropical jungles in search of a superior fiber for the incandescent light.,Trade and Commerce,0.9976124676975664,['Daily Life and Occupations'],[0.9957313708434505],1
42,2,0,Agriculture and Farming,"Equipped with a full set of implements for drawing out and carbonizing fibers, I spent a year among the bamboos of India, Ceylon, Burmah, Malay Peninsula, China and Japan.",Agriculture and Farming,0.9976286836266868,"['Daily Life and Occupations', 'British Colonialism']","[0.49791669705538305, 0.49779771628752784]",2
42,2,0,Agriculture and Farming,"I found about eighty different varieties in the island of Ceylon; about sixty scattered over Hindostan, between Cape Comorin and the Himalayan Range; something like eighty in Burmah and the Malayan Peninsula; nearly the same in China and Japan.",Tea Production and Trade,0.9994377746057052,['Tea Production and Trade'],[0.9961301233649016],1
42,2,0,Agriculture and Farming,"You may see, therefore, I have had some opportunities to become familiar with the bamboo and can assure you familiarity, in this case, has not bred contempt.",Agriculture and Farming,0.99998772234164,['Agriculture and Farming'],[0.9986629142043498],1
42,2,0,Agriculture and Farming,Those who have not seen the bamboo growing in its native climate can have no proper idea of its matchless grace and beauty.,Agriculture and Farming,0.9998919034262942,['Agriculture and Farming'],[0.9999307036984422],1
42,3,4,Daily Life and Occupations,"The average bamboo is about fifty feet in height and five inches in diameter, although the largest species, the giant bamboo (bambusa gigantia), found in Burmah and Ceylon, sometimes reaches a height of one hundred and fifty feet with a diameter of ten to fourteen inches.",Geography and Topography,0.9388692305846656,"['Agriculture and Farming', 'Geography and Topography']","[0.7807507119972956, 0.17091392368971495]",2
42,3,4,Daily Life and Occupations,In Ceylon I have seen clumps of over a hundred swaying gracefully in the breeze and towering skyward to a great height.,Agriculture and Farming,0.9995907212016892,['Agriculture and Farming'],[0.9856488404950778],1
42,3,4,Daily Life and Occupations,"The bamboo here is a small variety, not over two inches in diameter and twenty feet in height, but you see how straight and symmetrical the stalks are; how the whole stem is divided into joints or articulations, separated by an internode or knot; this is nature's ingenious way of giving great strength to a light and slender stalk.",Agriculture and Farming,0.9966873301171716,['Agriculture and Farming'],[0.9999542192600692],1
42,3,4,Daily Life and Occupations,"The septum, or partition at the joint, extends across the stalk and is impervious to air and water, so that each joint can be used as a receptacle for many purposes.",Daily Life and Occupations,0.992255621366756,"['Agriculture and Farming', 'Daily Life and Occupations']","[0.7987070269858553, 0.14934183600111725]",2
42,3,4,Daily Life and Occupations,"For measures, from a gill to a gallon or several gallons, one has only to cut a joint of the right size and length.",Daily Life and Occupations,0.9999805699422272,['Daily Life and Occupations'],[0.9999746085535393],1
42,3,4,Daily Life and Occupations,The rapidity of its growth is almost incredible; sometimes three and four inches in a single day.,Agriculture and Farming,0.9999463609581516,['Agriculture and Farming'],[0.9964194520491321],1
42,3,4,Daily Life and Occupations,It is said that its growth is complete in one year; in confirmation of this a tea-planter in Ceylon showed me a clump.,Tea Production and Trade,0.9971223652902358,"['Agriculture and Farming', 'Tea Production and Trade', 'British Colonialism', 'Daily Life and Occupations']","[0.252409975869867, 0.2524078094792611, 0.2521748041393667, 0.24298866459771518]",4
42,3,4,Daily Life and Occupations,"which we estimated at fully seventy-five feet in height, the shoots of which were planted only eighteen months previous.",Agriculture and Farming,0.9999971391850973,['Agriculture and Farming'],[0.9999918935872258],1
42,3,4,Daily Life and Occupations,"This is another wonderful provision of nature, since, growing in close masses, lateral branches could not develop while a young shoot is growing upward among old stalks.",Agriculture and Farming,0.999994159178873,['Agriculture and Farming'],[0.9998172340017444],1
42,3,4,Daily Life and Occupations,"When the tree grows older a curious liquid is secreted in those hollow joints, which forms an agreeable beverage.",Food and Diet,0.9999822378226302,['Food and Diet'],[0.9697588003048582],1
42,3,4,Daily Life and Occupations,"If this liquid is allowed to remain in the tree, it becomes a concrete substance called tabascheer, which is highly valued for its medicinal properties.",Daily Life and Occupations,0.9691372855333564,['Agriculture and Farming'],[0.9999627000629774],1
42,3,4,Daily Life and Occupations,"This substance, after a time, loses its liquid nature and is found to contain silicious earth, which resists the impression of all acids and with alkalies becomes a transparent glass.",Daily Life and Occupations,0.9996264459600545,"['Architecture and Building', 'Daily Life and Occupations']","[0.942527467293326, 0.05747253270667399]",2
42,3,4,Daily Life and Occupations,Many bamboos absorb from the soil a large percentage of silica; hence the strong flinty nature of its fiber.,Architecture and Building,0.9732080865933248,"['Agriculture and Farming', 'Architecture and Building']","[0.5009310555103459, 0.499068645806747]",2
42,3,4,Daily Life and Occupations,The bamboo shoot comes from the ground much like that of the asparagus-the sprouts as thick as the full-grown tree; when six or eight inches above the ground it is edible and has many culinary uses; it is boiled as a vegetable; it is salted and eaten with rice; it makes an excellent pickle; it is also used for sweetmeats or preserves; a decoction made from the leaves is used for coughs.,Food and Diet,0.9999911189164428,"['Food and Diet', 'Agriculture and Farming', 'Daily Life and Occupations']","[0.3471255898763766, 0.3471250105566207, 0.3057493995670027]",3
42,3,4,Daily Life and Occupations,"There are millions of Oriental people whose houses are built altogether of it; vessels are fitted for sea, entirely of bamboo; ropes of all sizes are made from it; I have seen three-inch cables made of braided strands of bamboo.",Daily Life and Occupations,0.9138123058528425,"['Architecture and Building', 'Daily Life and Occupations', 'Transportation']","[0.33331795902772016, 0.333317839812582, 0.3332721548352695]",3
42,3,4,Daily Life and Occupations,Masts of ships of five hundred tons are built up of many stalks bound together.,Transportation,0.6864470707102889,"['Transportation', 'Architecture and Building', 'Daily Life and Occupations']","[0.37367043296696667, 0.37351985086188316, 0.24339506484548398]",3
42,3,4,Daily Life and Occupations,"Three or four sections of large bamboo make a superior catamaran, the joints being water-tight.",Transportation,0.9964638288821944,"['Transportation', 'Architecture and Building']","[0.48063835382999254, 0.48034707415236333]",2
42,3,4,Daily Life and Occupations,"In the Himalayan Mountains I have seen water conducted for many miles from springs and lakes to the plains below through bamboos used as pipes, the small end of one connecting with the large end of another, the joints or septa being removed.",Daily Life and Occupations,0.9997527865085392,"['Geography and Topography', 'Agriculture and Farming', 'Daily Life and Occupations', 'Architecture and Building']","[0.25143384701027677, 0.2514140371013781, 0.25140714756821414, 0.2454852250937823]",4
42,3,4,Daily Life and Occupations,"The roots are carved into fantastic images; the leaves are used for thatch; rain-coats are also made from them and sold at twenty cents each; the wood, when cut into splints, is sewed into window curtains and door screens and plaited into awnings; the shavings are used for filling pillows.",Daily Life and Occupations,0.9999992251764684,"['Daily Life and Occupations', 'Trade and Commerce', 'Architecture and Building', 'Fashion and Dress']","[0.2497829457233326, 0.2497746981530429, 0.24977041027219274, 0.24971385476373936]",4
42,3,4,Daily Life and Occupations,"Chairs, tables and mattresses, cooking utensils, umbrellas, fans, chop-sticks, bedsteads, agricultural implements, harness, fishing-tackle, baskets, traps of every sort, from the cricket trap to the tiger trap, are made of it.",Daily Life and Occupations,0.9999974371383914,"['Daily Life and Occupations', 'Agriculture and Farming']","[0.49980677320674144, 0.4997624505178902]",2
42,3,4,Daily Life and Occupations,"Two clumps of bamboo will furnish the entire material for a comfortable house in Southern China, at a cost of five dollars.",Architecture and Building,0.999995648773082,"['Architecture and Building', 'Daily Life and Occupations']","[0.4943778975696879, 0.49394140956024124]",2
42,3,4,Daily Life and Occupations,"I have heard an old Jersey woman threaten her recalcitrant progeny with a * quince sucker ""; I have heard of a crispin government by the “slipper"" and of the ""birch"" persuasive; but in China the ""bamboo"" is the universal court of appeal; indeed, it may be considered co-ordinate, in general legislation, with the legislative and executive powers of the empire.",Prisoners and Punishment,0.7221158332622936,"['Family and Social Structures', 'Social Classes and Customs', 'Prisoners and Punishment']","[0.3340756065721937, 0.333519047209759, 0.33237953685629307]",3
42,3,4,Daily Life and Occupations,"It is impossible to enumerate more than a fraction of the many uses of this royal reed; and those in this small plantation give little idea of the stately beauty of the Giant Bamboo, rising one hundred and fifty feet, a veritable arboreal monarch, overtopping all other trees, in the tropical world, and surpassing all others, both in majesty and utility.",Daily Life and Occupations,0.6455726603674313,['Agriculture and Farming'],[0.9997162831080116],1
42,3,4,Daily Life and Occupations,Our two dusky companions have listened patiently to my eulogy of their inanimate benefactors and I will not detain them nor you longer.,Daily Life and Occupations,0.9999975562975878,"['Cemeteries and Burial Practices', 'British Colonialism', 'Family and Social Structures']","[0.6247323402484836, 0.2657170995430664, 0.055939182509038884]",3
42,3,4,Daily Life and Occupations,"We shall hasten to board a steamer for Shanghai, and on the following morning we are once more in the busy streets of the European Settlement.",Transportation,0.6702986269375446,"['Transportation', 'Harbor and Waterways', 'British Colonialism']","[0.3350745687690837, 0.3326886849090512, 0.3321105194115443]",3
42,5,24,War and Conflict,"Even before we set out on our itinerary at Hongkong, in January, a slight agitation in the political world was caused by the abdication of Emperor Kwangsu.",War and Conflict,0.9999553610355146,"['British Colonialism', 'War and Conflict']","[0.8687668827156366, 0.09050116978276372]",2
42,5,24,War and Conflict,Early in the following May an uprising in the northern provinces of Shansi and Pichili began to create alarm.,War and Conflict,1.0,['War and Conflict'],[0.9997830310541743],1
42,5,24,War and Conflict,"Chief among these were the I-Ho-Chuan, or, ""Fist of Righteous Harmony,"" and the Ta-Tao-Hui-"" Sword Society.""",War and Conflict,0.9999989866549318,"['War and Conflict', 'Military and Naval Defenses']","[0.9191831750070973, 0.07283526259273947]",2
42,5,24,War and Conflict,"All members of these organizations became known as Boxers, which is a free interpretation of the literal""Fist of Righteous Harmony.""",War and Conflict,0.9999997019871092,['War and Conflict'],[0.999337377332574],1
42,5,24,War and Conflict,And now we must change our field of observation from peaceful aspects of Chinese life to that latest Chinese crisis widely known as the Boxer uprising.,War and Conflict,1.0,"['War and Conflict', 'Missionary Work', 'Military and Naval Defenses']","[0.43859854138062787, 0.2856877699164663, 0.2665157224249967]",3
42,5,24,War and Conflict,During the time we have been up the Yang-tse many stirring events have transpired; seventy native Christians have been massacred at Paoting-fu.,War and Conflict,0.9999814635983943,"['War and Conflict', 'Missionary Work']","[0.49761826184121716, 0.49761458388144025]",2
42,5,24,War and Conflict,"On May 29, 1900, the very day on which we started from Hankow in the house-boat, the Boxers attacked the railway station near Pekin and cut off communication with Tien-tsin and the outside world.",War and Conflict,0.9999998807761656,"['War and Conflict', 'Transportation', 'Military and Naval Defenses', 'British Colonialism']","[0.26368212622191783, 0.26364293857326754, 0.26353412998732095, 0.20913109264630333]",4
42,6,24,War and Conflict,"On the 12th of June an additional international force, two thousand strong, had started from Tien-tsin under Admiral Seymour.",War and Conflict,0.9999981521599486,"['War and Conflict', 'Military and Naval Defenses', 'British Colonialism']","[0.33280267351169646, 0.33280215775376953, 0.33279573127631173]",3
42,6,24,War and Conflict,"Next, word came that the forts at Taku had been captured with a loss to the Chinese of four hundred, and of twenty-one to the fleet.",War and Conflict,0.9999981521599486,"['War and Conflict', 'Military and Naval Defenses', 'British Colonialism', 'Harbor and Waterways']","[0.25000729369909647, 0.2500068466389986, 0.25000532651517815, 0.24997826805392284]",4
42,6,24,War and Conflict,"I hurried to the post for mail and then to the Consulate, where I found awaiting me a dispatch directing me to proceed at once to Taku.",War and Conflict,0.9999967219081624,"['Daily Life and Occupations', 'Transportation', 'War and Conflict']","[0.40204782108446774, 0.4018753690312639, 0.18561105420683788]",3
42,6,24,War and Conflict,"I hastened to the different steamship offices, and, fortunately, found a boat which was to sail for Cheefoo on the following morning.",Transportation,0.9999855758281968,"['Transportation', 'Harbor and Waterways', 'Daily Life and Occupations']","[0.40005588854426477, 0.39986731272517073, 0.20002787235559386]",3
42,6,24,War and Conflict,"Two and a half days was required to reach that port, which is only about twelve hours from Taku (see map of Eastern China, Map No. 2).",Transportation,0.9952410710473502,"['Transportation', 'Harbor and Waterways', 'Geography and Topography']","[0.3333622707056727, 0.3333585751542736, 0.3332764120751898]",3
42,7,24,War and Conflict,"Notwithstanding all that has been said and written about Boxers and the Boxer movement, it is very difficult to determine the cause and object of this uprising.",War and Conflict,0.999999940388081,"['War and Conflict', 'British Colonialism']","[0.9173450517762465, 0.0826420440151811]",2
42,7,24,War and Conflict,"It is generally admitted, as I have elsewhere stated, that the Chinese are a docile and peace-loving people, and yet, social agitations are not infrequent, and the great Taiping Rebellion, in which over twenty million lives were sacrificed, occurred only forty years ago.",War and Conflict,0.9999992847883448,"['War and Conflict', 'Family and Social Structures']","[0.5000999901440194, 0.49982358648888603]",2
42,7,24,War and Conflict,"It will scarcely be denied that want sows the seeds of revolution and rebellion, and when the struggle for existence becomes general and prolonged, suffering humanity will organize into protective unions, or into I-HoChuan Societies.",War and Conflict,0.999999940388081,"['War and Conflict', 'Social Classes and Customs', 'Family and Social Structures']","[0.33383322267851295, 0.3328983409265263, 0.33049087277842254]",3
42,7,24,War and Conflict,"China's great fertility and her vast territorial area are sometimes insufficient for her teeming millions, especially in the North, where whole provinces are often famine-stricken by reason of flood or drought or pestilence.",Geography and Topography,0.9807462851347364,"['Plague and Disease', 'Food and Diet', 'Agriculture and Farming', 'Geography and Topography', 'Family and Social Structures']","[0.20027734553720516, 0.20027729775226108, 0.20026099325692992, 0.20024650761588103, 0.19893747384307425]",5
42,7,24,War and Conflict,"The Taiping Rebellion, the most bloody, disastrous and long-continued that has occurred in China in modern times, was inaugurated by a secret organization of insurrectionaries with the usual high-sounding name, Taipings, which signifies ""grand peace,"" with the ostensible purpose of overthrowing the Manchu dynasty, whose corrupt and oppressive administration of affairs had exhausted the patience as well as the earnings of the people; in other words, it was hunger that brought about that bloody revolution.",War and Conflict,0.999999940388081,"['War and Conflict', 'Food and Diet']","[0.5411322860134264, 0.45885700570648996]",2
42,7,24,War and Conflict,"A few years ago about ten millions are said to have died of starvation in the northern provinces bordering on the Hoang Ho, a river which has been called “China's Sorrow,"" because of the loss of life caused by flood, famine and pestilence.",War and Conflict,0.9995501743475648,"['Food and Diet', 'Plague and Disease', 'Geography and Topography']","[0.4717441115388364, 0.4716841177566432, 0.0503330886670194]",3
42,7,24,War and Conflict,"While, then, I regard stress. of environment as the primal cause of nearly all insurrectionary uprisings, the immediate causes often appear to be something quite different to the ignorant and unreasoning insurgent.",War and Conflict,0.999999940388081,['War and Conflict'],[0.9999700808749187],1
42,7,24,War and Conflict,"The Boxer, in his struggle for existence, sees the cause in commercial encroachments; he sees the railway driving his wheelbarrow and carrypole out of business; he sees the steamboat supplanting the house-boat and the sampan; he sees the modern carriage and bicycle relegating the sedan chair; he sees all kinds of machinery interfering with his manual labor.",Trade and Commerce,0.9932345863611672,"['Daily Life and Occupations', 'Transportation', 'Trade and Commerce', 'Social Classes and Customs', 'Harbor and Waterways']","[0.19857486076622302, 0.1985748133904726, 0.19857469506758382, 0.19857048183340922, 0.19828375450591246]",5
42,7,24,War and Conflict,"I believe that any of us with a mind cast in the same mould and with the same training for generations, would be little, if any, different.",War and Conflict,0.9999637616037658,['Education'],[0.9893837948050694],1
42,7,24,War and Conflict,"An illiterate and superstitious populace will never discover first causes; struggle and stress of circumstances, then, sets the Boxer to looking around for the immediate cause of his ill conditions; he may turn against the ruling dynasty, or against the introduction of railroads, or against coercive land-grabs, or against the beneficent hand which has come from distant lands to lift him into better conditions.",War and Conflict,0.9999714499973524,"['British Colonialism', 'War and Conflict', 'Trade and Commerce', 'Education', 'Transportation']","[0.14293077304999965, 0.14291739867033149, 0.14290292309592675, 0.14289931056478472, 0.14280566948663637]",5
42,7,24,War and Conflict,Then there are Boxer leaders and Boxer followers-the more intelligent and the ignorant horde who will play the Boxer for plunder.,War and Conflict,0.9999996423941084,"['War and Conflict', 'Social Classes and Customs']","[0.5001228876867785, 0.4998634000632759]",2
42,7,24,War and Conflict,"When times are dull and distress prevails, a popular howl goes up against the government administration, or an army of malcontents marches on Washington, or a wailing and lamentation is heard about unrestricted immigration.",War and Conflict,0.999996543022753,"['War and Conflict', 'Social Classes and Customs']","[0.7490180548678681, 0.24347300260221436]",2
42,7,24,War and Conflict,"Throughout all nature there must always be a certain amount of imperfection; the consequence is distress; the attempted remedy is I-Ho-Chuan Societies, under many different names.",Social Classes and Customs,0.9930042659930568,['Family and Social Structures'],[0.9827044142611618],1
42,7,24,War and Conflict,"I use the words ""must always be"" advisedly; some I know will not agree with this; but I mean, of course, until the millennial days when the rose shall be thornless and the bee shall be without sting and when ""the lamb and the lion shall lie down together.""",War and Conflict,0.9999339672624212,"['War and Conflict', 'Missionary Work', 'Family and Social Structures', 'Religion (Buddhism and Ancestor Worship)']","[0.6607027854275792, 0.1428719585896635, 0.0892810258271025, 0.05356719139646369]",4
42,7,24,War and Conflict,"Until then human nature will continue to be human nature, or, in other words, there shall continue to be wars and rumors of wars,"" and Boxers of many sorts.",War and Conflict,0.999999940388081,['War and Conflict'],[0.9983648583876296],1
42,8,24,War and Conflict,"As I entered the harbor of Cheefoo (see map of Eastern China, Map No. 2) two grim men-of-war anchored in the offing emphasized the fact to me that I was nearing the theater of impending war.",War and Conflict,0.9999988079489696,"['War and Conflict', 'Harbor and Waterways', 'Military and Naval Defenses']","[0.3323910171894353, 0.33238927387884615, 0.3323524664678131]",3
42,8,24,War and Conflict,"Two forts, one on either side of the city, bristling with heavy ordnance, command the harbor and the town.",Military and Naval Defenses,0.9999976159093646,"['Military and Naval Defenses', 'Harbor and Waterways', 'War and Conflict', 'Architecture and Building', 'Geography and Topography']","[0.2000311180418597, 0.2000310226666395, 0.20003095110258123, 0.20001905218915175, 0.19988003441371588]",5
42,8,24,War and Conflict,"Big guns are always grim visaged, but when loaded and trained on an enemy there is mortal gravity in their sullen muzzles.",War and Conflict,0.9998752038397054,"['War and Conflict', 'Military and Naval Defenses']","[0.5000023542532972, 0.49999752652230006]",2
42,8,24,War and Conflict,"These forts are on high bluffs, one a mile east and the other about the same distance west of the city; with glasses all the movements of the men at the forts could be seen.",Military and Naval Defenses,0.9999994635464606,"['Military and Naval Defenses', 'Geography and Topography', 'War and Conflict']","[0.3333345782358003, 0.3333335451116053, 0.3333273070803234]",3
42,8,24,War and Conflict,"Cheefoo is a large city, and while no overt acts of hostility had thus far occurred, large numbers of Boxers were reported to be in the vicinity, and the most trifling affair would be sufficient to turn the treacherous hordes of the city into a fiendish mob.",War and Conflict,0.999999940388081,"['War and Conflict', 'British Colonialism', 'Military and Naval Defenses']","[0.33425091121549716, 0.33410243479828805, 0.33163816746604546]",3
42,8,24,War and Conflict,"The giant English cruiser ""Terrible"" lay at anchor a mile off shore, with her decks cleared for action and her monstrous black broadside grim with vengeful guns trained on the forts.",War and Conflict,0.9647333332721808,"['War and Conflict', 'Military and Naval Defenses', 'Harbor and Waterways', 'British Colonialism']","[0.25004499819394216, 0.2500446703351603, 0.25004270307901305, 0.24986741971262033]",4
42,8,24,War and Conflict,This gave a slight feeling of security; yet it was well known that the forts could lay waste the city in a few hours.,War and Conflict,0.7830906118505095,"['War and Conflict', 'Military and Naval Defenses']","[0.49996680760568607, 0.4999659136374318]",2
43,2,24,War and Conflict,"We are looking slightly south of east toward the rocky, barren hills which encircle the bay at some distance.",Geography and Topography,0.9999972583547172,"['Geography and Topography', 'Harbor and Waterways']","[0.5000122480703478, 0.4999857848188262]",2
43,2,24,War and Conflict,Those hills extend on the left to the sea and terminate in a promontory on which is located one of the forts mentioned.,Geography and Topography,0.999715574757307,"['Geography and Topography', 'Military and Naval Defenses', 'Harbor and Waterways']","[0.34139473280907706, 0.34139448863356925, 0.31695380724548944]",3
43,2,24,War and Conflict,Several Europeans have their homes at the foot of those hills; you can faintly distinguish one near the center of our field of vision a trifle to the right.,Geography and Topography,0.9896159837986862,"['Geography and Topography', 'Photography and Imaging']","[0.5058001852193983, 0.4941834752520209]",2
43,2,24,War and Conflict,"Fearing an attack from the Boxers, they gathered a few more valuable articles and hastened to the security of the settlement, leaving their home in the care of native servants.",War and Conflict,0.9999998807761656,"['War and Conflict', 'British Colonialism', 'Missionary Work']","[0.333441589471143, 0.3334133311622513, 0.33294096162659254]",3
43,2,24,War and Conflict,"The Foreign Concession includes all that flat land lying near the water, and the French Consulate lies midway between the little English church near the beach and the farthest limit of our vision.",Geography and Topography,0.9996585971929186,"['Geography and Topography', 'Harbor and Waterways', 'British Colonialism']","[0.3368437913020714, 0.33679958933455534, 0.3263542904203128]",3
43,2,24,War and Conflict,"The first building on this side of the small church, with shrubbery in front, is a hotel; a second hotel stands next to the one just designated and on the opposite side of a narrow street leading out to the beach between them.",Architecture and Building,0.8821996522889023,['Architecture and Building'],[0.9996641777605365],1
43,2,24,War and Conflict,"The nearer building with four windows in a line toward us is the Club House, before which on the beach several modern row-boats are drawn out.",Daily Life and Occupations,0.7479958657162413,"['Architecture and Building', 'Harbor and Waterways']","[0.4938352677337692, 0.49325800058825753]",2
43,2,24,War and Conflict,"We are here looking southeast, and Taku is toward the northwest, and nearly half-way between us and Taku, at the time I was here, lay the U. S. battleship ""Oregon"" fast upon the rocks.",War and Conflict,0.999976398570865,"['Harbor and Waterways', 'Geography and Topography', 'Military and Naval Defenses', 'War and Conflict']","[0.24969446652886323, 0.24968714336916684, 0.24967940707635436, 0.24967520922111627]",4
43,2,24,War and Conflict,"You see the English flag on the yard of the signal-staff; this, with the one black ball, indicates the movement of an English ship, probably the arrival or departure of a warship.",War and Conflict,0.9999867684493882,"['Harbor and Waterways', 'Military and Naval Defenses', 'War and Conflict', 'Transportation']","[0.24991127826925957, 0.24991053354138568, 0.24990877591536903, 0.24990001805805176]",4
43,2,24,War and Conflict,"Those hotels were filled with missionaries and other refugees; bedding, boxes and bundles filled the courts of the hotels; some had come from stations in the interior, some from Tien-tsin, others from Pekin by the last train before the railway was destroyed.",War and Conflict,0.9999876627313624,"['War and Conflict', 'Missionary Work', 'Transportation']","[0.3332287635812981, 0.33322542704631536, 0.333224433808314]",3
43,2,24,War and Conflict,"some were awaiting a ship for Chemulpo in Corea, some were bound for Japan, others for Shanghai and ports southward, and many for their homes in Europe and America.",Transportation,0.999600426894784,"['Transportation', 'Harbor and Waterways', 'Trade and Commerce']","[0.3333238511518575, 0.3333196393379004, 0.3333157854695328]",3
43,2,24,War and Conflict,"There were all kinds and orders of men, women and children; there were arrivals and departures of refugees daily and hourly; the Consuls were busy, each looking after his own people.",Daily Life and Occupations,0.9999917741026362,"['Daily Life and Occupations', 'War and Conflict', 'Family and Social Structures']","[0.33840648345149754, 0.3384037804639362, 0.3228306463204164]",3
43,2,24,War and Conflict,The American Consul had chartered a ship and sent it to bring some seventyfive missionaries from a remote station.,Missionary Work,0.999998927102645,"['Missionary Work', 'Transportation']","[0.4998783398037587, 0.49987780355653344]",2
44,2,14,Missionary Work,"The missionaries are here landing from sampans, carrying their children and portable belongings; they lined timidly from the boats to the hotels-a matron leading a child, a father carrying a babe, a band of coolies carrying baggage, a man with a tennis set, another mournfully pushing a disabled bicycle-all with the same dual expression on their countenances, that of long anxiety and final deliverance.",Missionary Work,0.9999969603498624,"['Missionary Work', 'British Colonialism', 'Transportation', 'Family and Social Structures', 'Harbor and Waterways']","[0.1996142685064331, 0.19961212634924141, 0.19959844615649347, 0.19958674466104745, 0.19957211353039633]",5
44,2,14,Missionary Work,"I was surprised to see so many children among the missionaries, but my surprise was quite moderated when I learned that there is a premium on progeny in the mission fields; and that for each child born an annuity is added to the income of the lucky parents.",Family and Social Structures,0.9502333030625688,"['Family and Social Structures', 'Missionary Work', 'Social Classes and Customs', 'British Colonialism', 'Daily Life and Occupations']","[0.2004212244351153, 0.20042112893001168, 0.20041520326849924, 0.20026536131699818, 0.1984760069659749]",5
44,2,14,Missionary Work,"The ship chartered by the Consul lies out at anchor; some are landing here, others on the beach near the hotels we saw from our last position.",Harbor and Waterways,0.9889568464030356,"['Harbor and Waterways', 'Transportation']","[0.49996173940405536, 0.49995816298865486]",2
44,2,14,Missionary Work,Even these northern points in China for two or three months in summer are intensely hot.,Geography and Topography,0.9997368900081256,['Geography and Topography'],[0.9999986884040195],1
44,3,24,War and Conflict,"To be prepared for an unexpected attack, many of the Europeans kept sampans in readiness by which they could, on a moment's warning, make for the warships.",Military and Naval Defenses,0.9898360544527884,"['War and Conflict', 'Military and Naval Defenses', 'Transportation', 'Harbor and Waterways', 'British Colonialism']","[0.2022219754649387, 0.20222195135525942, 0.20222146925869658, 0.20221929974875014, 0.19109864777998362]",5
44,3,24,War and Conflict,"Correspondents from all parts were arriving and hounding consuls and naval commanders for transportation to the front, or at least to some point nearer the scene of activities.",War and Conflict,0.9999477916049097,"['War and Conflict', 'Transportation', 'Military and Naval Defenses', 'Daily Life and Occupations']","[0.2561325676396122, 0.25613244549120673, 0.2561028613998194, 0.23029391652488038]",4
44,3,24,War and Conflict,War conditions were everywhere manifest; it was every one for himself; no reliable information could be obtained about anything; all kinds of rumors were afloat.,War and Conflict,0.9999998807761656,"['War and Conflict', 'Daily Life and Occupations']","[0.8454084069113531, 0.15423629391601498]",2
44,4,24,War and Conflict,"Every one sought information, but could fine none; there was a perplexing mystery about all movements, and mystery always increases apprehension.",War and Conflict,0.999999940388081,"['Plague and Disease', 'Prisoners and Punishment']","[0.575683781516597, 0.4093394372047622]",2
44,4,24,War and Conflict,Russian agents had engaged several hundred coolies to work on the Siberian Railway; they were placed on board a ship for transportation to Vladivostok when some misunderstanding about pay arose; then a suspicion was aroused among them that they were to become conscripts for military service in the Russian army.,War and Conflict,0.9999983907256808,"['Transportation', 'War and Conflict', 'Daily Life and Occupations', 'Military and Naval Defenses']","[0.24975034928591552, 0.24974966469726687, 0.24967210643558393, 0.24958570577775746]",4
44,4,24,War and Conflict,"They left the ship in rage and consternation, came ashore in sampans, when thousands of coolies and the rabble of the city gathered around them until the streets near the landing were blocked by a mob of many thousands.",War and Conflict,0.9999987483664527,"['British Colonialism', 'Harbor and Waterways', 'Social Classes and Customs', 'Transportation']","[0.25004240968947805, 0.2500362692467017, 0.2500340634409169, 0.24986219036702867]",4
44,4,24,War and Conflict,"This was at once construed as a Boxer uprising; the people of the settlement were thrown into a frenzy of terror; women fled to the small boats on the beach and were soon well out toward the warships; a small band of volunteers which had been organized for protection and composed of clerks and shopkeepers instantly donned their cartridge belts, seized their guns and formed across the street, at the farther end of which was a solid mass of infuriated coolies held back by a cordon of native police.",War and Conflict,0.9999990462097232,"['War and Conflict', 'British Colonialism', 'Military and Naval Defenses']","[0.3326014866966373, 0.3325856681967237, 0.33101978648671926]",3
44,4,24,War and Conflict,"Every man's face showed an expression of fight ""to the death.""",War and Conflict,0.999999940388081,"['War and Conflict', 'Prisoners and Punishment']","[0.5043457254341146, 0.4955487906380271]",2
44,4,24,War and Conflict,"He soon arrived in his official chair, accompanied by his usual retinue of subordinate functionaries, followed by a band of soldiers armed, not with their guns, but with bamboo flagellators.",War and Conflict,0.9999355751878196,"['Social Classes and Customs', 'Prisoners and Punishment', 'War and Conflict', 'Daily Life and Occupations', 'Military and Naval Defenses']","[0.20368580219599863, 0.20368293726929115, 0.20349265773604777, 0.2034769446456107, 0.1853373846448035]",5
44,4,24,War and Conflict,"After a conference between the Taotai and the European officials, the former harangued the mob, but it refused to disperse, whereupon he ordered the troops to charge with bamboos.",War and Conflict,0.9999998211970382,"['War and Conflict', 'Military and Naval Defenses', 'British Colonialism', 'Social Classes and Customs']","[0.25733107373129854, 0.2573250001502141, 0.25700675855683613, 0.22830704709000602]",4
44,4,24,War and Conflict,"It was a spectacle that was suddenly changed from impending horror to the irresistibly ludicrous; a band of imperial soldiers, backed by a line of native police, rushed upon this impenetrable mass of bareheaded coolies, pelting heads and barebacks with relentless fury; the cracks of the bamboos resounded through the streets; they laid on heavy and fast; the front lines of the mob took the brunt, as the great mass was too solid to be quickly moved.",War and Conflict,0.9999958870692351,"['War and Conflict', 'British Colonialism', 'Social Classes and Customs', 'Military and Naval Defenses']","[0.2833059329351756, 0.283305797841505, 0.28215289292852797, 0.15049462050374]",4
44,4,24,War and Conflict,"The Taotai sat in his chair and urged on the attack; the vigorously laid on strokes rang like pistol shots; after several minutes the dense black crowd began to fall asunder, when the soldiers could better distribute their blows; soon the wilderness of black heads was a pellmell of ignominious flight, and what might have proved a bloody uprising was averted.",War and Conflict,0.999999940388081,"['War and Conflict', 'Military and Naval Defenses', 'Prisoners and Punishment', 'British Colonialism']","[0.31303026654547317, 0.3130204516589943, 0.27772280658990517, 0.09622468388689631]",4
44,4,24,War and Conflict,"The small plucky band of shopkeepers and missionaries returned to their several places of abode, the terrified women who were in sampans off shore were rowed back, and the consternation gradually subsided; but it was a baptismal scene in the Boxer war not to be forgotten, and showed, moreover, the magical efficacy of the bamboo as an arbitrator.",War and Conflict,0.9999997615523456,"['War and Conflict', 'Missionary Work', 'Harbor and Waterways', 'Transportation', 'British Colonialism']","[0.2000914045267186, 0.20008968717145617, 0.20006931932547078, 0.19895357955736404, 0.19660130918061253]",5
44,4,24,War and Conflict,"After five days a German merchant ship arrived, bound for Taku: I secured passage and on the following day reached the naval fleet lying ten miles off the mouth of the Pei-ho, in the bay of Pichili.",War and Conflict,0.9999432605308656,"['Transportation', 'Harbor and Waterways', 'Trade and Commerce', 'Geography and Topography']","[0.251934480359389, 0.25193159741852117, 0.25192372962322085, 0.24359920103643323]",4
44,5,24,War and Conflict,It was a magnificent array of warships and capable of inflicting punishment upon the Boxers if they could have been placed within range.,War and Conflict,0.9526598967215092,"['War and Conflict', 'Military and Naval Defenses', 'British Colonialism', 'Prisoners and Punishment']","[0.25102387423391836, 0.2510237246172398, 0.2509131753398513, 0.24636791743089034]",4
44,5,24,War and Conflict,Our ship anchored with the fleet over night; on the following morning we entered the mouth of the river amidst the ships and forts whose deadly conflicts only a few days before had sent a thrill of horror over the civilized world.,War and Conflict,0.9999995827734,"['War and Conflict', 'Harbor and Waterways', 'Military and Naval Defenses', 'Transportation', 'British Colonialism']","[0.2000313894554035, 0.20003122254946407, 0.20002964884225438, 0.20000128020731409, 0.19990023564552756]",5
44,5,24,War and Conflict,"We landed on the south bank of the Pei-ho, proceeded a few hundred yards back from the river, and ascended a pilot tower, from which we obtained a panoramic view in the very center of the scene of action which resulted in the capture of the Taku forts.",War and Conflict,0.9999997019871092,"['War and Conflict', 'British Colonialism', 'Military and Naval Defenses', 'Harbor and Waterways', 'Geography and Topography']","[0.20036622489114336, 0.20036531728678875, 0.2003646006256295, 0.2003640276028719, 0.19853791874380453]",5
44,6,13,Military and Naval Defenses,"This map gives us a sketch of the Pei-ho River from the Pichili Bay to a point about six miles inland, including the sites of the forts at Taku and the town of Tongku.",Harbor and Waterways,0.9998575166772992,"['Geography and Topography', 'Harbor and Waterways', 'Military and Naval Defenses', 'Transportation']","[0.2799947460325054, 0.2799947460325054, 0.2799939450092407, 0.14437077816427324]",4
44,6,13,Military and Naval Defenses,"Find the number 45 in red, inclosed in a circle, and the two red lines which branch from this circle toward the north.",Military and Naval Defenses,0.9999906423964964,['Geography and Topography'],[1.0],1
45,2,13,Military and Naval Defenses,"On both sides of the river, at its mouth, are mud forts similar to the one we see on the opposite side of the river.",Military and Naval Defenses,0.999975266004485,"['Military and Naval Defenses', 'Geography and Topography', 'Harbor and Waterways', 'Architecture and Building', 'War and Conflict']","[0.20129245283216832, 0.2012919488706179, 0.20129151707210433, 0.20129048533125038, 0.19483095649770182]",5
45,2,13,Military and Naval Defenses,"Almost directly behind us are several other forts, little more than a half mile distant; these, with the North Fort and the Northwest Fort before us, at one o'clock on Sunday morning on June 17, 1900, opened fire with all their guns on the small warships which were lying in that narrow stream off to the left.",Military and Naval Defenses,0.9998749060574196,"['War and Conflict', 'Military and Naval Defenses', 'Harbor and Waterways']","[0.3293550154775864, 0.3293547799190406, 0.329352581196087]",3
45,2,13,Military and Naval Defenses,"The contest was hot, but of short duration, as by 7 o'clock in the morning two of the forts had been blown up and all the others carried by assault.",War and Conflict,0.9997520125674284,"['War and Conflict', 'Military and Naval Defenses']","[0.4999988377191967, 0.4999981821092231]",2
45,2,13,Military and Naval Defenses,"The particulars of that battle are familiar to every one, but no written description can ever convey to you so vivid an idea of the appearance of the now famous mud forts at Taku, the river, and the surrounding country, as this opportunity to view them for yourself.",Military and Naval Defenses,0.9986326923707548,"['War and Conflict', 'Military and Naval Defenses', 'Geography and Topography', 'Harbor and Waterways', 'Photography and Imaging']","[0.16720390274760888, 0.16720278641693212, 0.16720113218431867, 0.16719335812261038, 0.16640887680111652]",5
45,2,13,Military and Naval Defenses,"You see the level mud flats extending to the horizon; the view is the same in every direction, except toward the sea.",Geography and Topography,0.999998033009094,"['Geography and Topography', 'Harbor and Waterways']","[0.6339200862348061, 0.3660790824027969]",2
45,2,13,Military and Naval Defenses,Now you can tell exactly how those forts appear; you can even distinguish the patches of clay detached by the impact of shell.,Military and Naval Defenses,0.9997354611833816,"['War and Conflict', 'Military and Naval Defenses', 'Photography and Imaging', 'Architecture and Building']","[0.2908905452071162, 0.2908901637905977, 0.2908498779404507, 0.1273592530974002]",4
45,2,13,Military and Naval Defenses,"You can almost see the guns on the wall; you can see the flag-poles and flags; indeed, that near pole is not only a flag-pole, it is also used for sending dispatches to the fleet by wireless telegraphy.",Military and Naval Defenses,0.9999997615523456,"['Military and Naval Defenses', 'War and Conflict', 'British Colonialism']","[0.3338722809554401, 0.3338707685662222, 0.33053060367906767]",3
45,2,13,Military and Naval Defenses,"They consist of vast masses of well-put-up clay, which offers more effective resistance to shell than solid masonry; but how they are built, and how mounted with the most improved ordnance, you will see better when we take our next position on the top of the wall of the Northwest Fort, at the left-hand corner, in line with that warship.",Military and Naval Defenses,0.9976375669262822,"['Military and Naval Defenses', 'War and Conflict', 'Architecture and Building', 'Harbor and Waterways']","[0.30236076414465846, 0.3023607280960488, 0.30234281432776833, 0.09292783631278782]",4
45,2,13,Military and Naval Defenses,"Let me call your attention briefly to the buildings near us, that you may know how the houses in Taku are built, and not only in Taku, but throughout the whole valley of the Pei-ho to Pekin I mean of mud, though what you see here are well-made houses and occupied by Europeans.",Architecture and Building,0.999994993445198,"['Architecture and Building', 'Geography and Topography']","[0.8581697470059504, 0.1411983765920046]",2
45,2,13,Military and Naval Defenses,"The two buildings at our feet are portions of the Taku Hotel, which I occupied on three different occasions.",Military and Naval Defenses,0.9602509291730578,"['Architecture and Building', 'Daily Life and Occupations']","[0.9215767667948572, 0.07842312332559508]",2
45,2,13,Military and Naval Defenses,These so-called mudhouses have walls and roof built up of bundles of reeds coated with the universal clay of these alluvial plains.,Architecture and Building,0.9999957083360874,"['Architecture and Building', 'Geography and Topography']","[0.4990763531868232, 0.49905719710682367]",2
45,2,13,Military and Naval Defenses,"The countless villages and towns scattered over these vast northern tracts are constructed largely of mud or clay; they have a miserable appearance, but they are warm and inexpensive.",Architecture and Building,0.9998941683933305,"['Architecture and Building', 'Geography and Topography']","[0.49957849051374253, 0.4994559489429834]",2
45,2,13,Military and Naval Defenses,A mudhouse to accommodate a small family does not cost half the sum required to build a well-to-do farmer's pighouse in Western countries.,Architecture and Building,0.9997395690418392,"['Architecture and Building', 'Social Classes and Customs', 'Agriculture and Farming']","[0.35477591859984847, 0.35434794563590805, 0.28317416009111024]",3
45,2,13,Military and Naval Defenses,"This part of Taku is known as Pilot-Town, because it is the home of many pilots whose services are in great demand on account of the difficulties in navigating the shallow and tortuous river.",Harbor and Waterways,0.9999912975650972,"['Harbor and Waterways', 'Transportation', 'Daily Life and Occupations', 'Geography and Topography']","[0.24993738898386542, 0.24993732940326935, 0.24993729958839447, 0.24993649509447066]",4
45,2,13,Military and Naval Defenses,Our position here is on the top of a pilot's lookout; you may see another lookout beyond the line of buildings on our left.,Military and Naval Defenses,0.9999829527748854,"['Geography and Topography', 'Daily Life and Occupations', 'Transportation']","[0.4794283636790572, 0.4693971906085325, 0.051155127541056514]",3
45,2,13,Military and Naval Defenses,"Before leaving this pilot's lookout, I must call your attention to a causeway which begins at the right-hand side of that Northwest Fort; it extends to the North Fort on the same side of the river and which we can see better from our next position.",Military and Naval Defenses,0.9996641940301318,"['Geography and Topography', 'Military and Naval Defenses', 'Harbor and Waterways', 'Transportation']","[0.2501821685277911, 0.2501816913125416, 0.250181124791324, 0.2494481560857421]",4
45,3,13,Military and Naval Defenses,"Now we are to descend, cross the river in a sampan and enter that Northwest Fort at the gateway at the southeast angle;",Military and Naval Defenses,0.999913118748728,"['Transportation', 'Harbor and Waterways', 'Military and Naval Defenses']","[0.3318096603946083, 0.3317810267328874, 0.33176256254807585]",3
45,3,13,Military and Naval Defenses,we shall ascend the wall at the southwest angle and stand beside a modern gun which did its share of damage to the fleet of the allies and still remains intact.,Military and Naval Defenses,0.999926403333922,"['War and Conflict', 'Military and Naval Defenses', 'Harbor and Waterways']","[0.3333242217949124, 0.33332378473252794, 0.3333070575057536]",3
45,4,11,Geography and Topography,On the map of Taku our position is given by the red lines which branch toward the southeast from the encircled number 46.,Geography and Topography,0.9999998807761656,"['Geography and Topography', 'Military and Naval Defenses']","[0.5005030032413725, 0.4992730853267001]",2
46,2,13,Military and Naval Defenses,Again you can see the character of the surrounding country; you can see the bay of Pichili and almost descry some of the nearer ships of the fleet ten miles away.,Geography and Topography,0.9551795987305536,"['Geography and Topography', 'Harbor and Waterways', 'War and Conflict', 'Military and Naval Defenses']","[0.2530685591506059, 0.25306819706623673, 0.24844688273956395, 0.24518751425474672]",4
46,2,13,Military and Naval Defenses,"In that stretch of water, near the mouth of the river, lies the great obstruction to ships entering the river; I mean a sand-bar lying only a mile or two out from the mouth of the river, and on which often may be seen several ships entrapped by low water and awaiting high tide.",Harbor and Waterways,0.9999929668344466,"['Harbor and Waterways', 'Geography and Topography', 'Transportation', 'Trade and Commerce']","[0.2500031343464158, 0.2500030151444425, 0.25000268725180474, 0.24996160144965446]",4
46,2,13,Military and Naval Defenses,"You can see shipping on the river, the width of the Pei-ho, and almost the muddy character of the water; you can see the North Fort with the flag of the victor flying over it; you can see the long causeway, leading from the fort on which we stand to the North Fort.",Military and Naval Defenses,0.9947416172760674,"['Harbor and Waterways', 'Geography and Topography', 'War and Conflict', 'Military and Naval Defenses', 'Transportation']","[0.1665425966071507, 0.166541663489265, 0.16654158397341035, 0.1665394997200471, 0.1665355294982952]",5
46,2,13,Military and Naval Defenses,"You can see how exposed they were; they could not advance over the level ground in open order, as it is covered with mud and water so that the daring sally was made in close order over that long distance.",War and Conflict,0.5053214571112611,"['War and Conflict', 'Military and Naval Defenses', 'Geography and Topography']","[0.3333357837879853, 0.3333333995886463, 0.3333301410787378]",3
46,2,13,Military and Naval Defenses,This sentinel told me that a handful of old women (Western) in yonder fort with the guns trained on the causeway could have held it against ten thousand men; but John Chinaman is no warrior.,Military and Naval Defenses,0.9323856223512518,"['War and Conflict', 'British Colonialism', 'Military and Naval Defenses']","[0.3330485135023364, 0.3330462107499615, 0.3330446626636118]",3
46,2,13,Military and Naval Defenses,"The term mud always conveys a significance of meanness which naturally leads one to consider them as crude heaps of dirt; now that we see them, we find they are well-built forts with bastions, ramparts, moat and armament which probably could be tagged ""made in Germany.""",Military and Naval Defenses,0.999985933626501,"['Military and Naval Defenses', 'Architecture and Building', 'War and Conflict']","[0.33335991238187873, 0.33333030893144866, 0.33330405629775234]",3
46,2,13,Military and Naval Defenses,That long breech-loading rifle was not made in China; that steel shield for protecting the gunners is up to date.,Military and Naval Defenses,0.9999997019871092,"['Military and Naval Defenses', 'War and Conflict']","[0.49999788417966423, 0.49999639418189157]",2
46,2,13,Military and Naval Defenses,"The shield of the gun next to this, on our left, was penetrated by a three-inch shell, and the brains and blood of the gunner remained spattered on the breach of the gun.",War and Conflict,0.9999446318846904,"['War and Conflict', 'Military and Naval Defenses']","[0.5000007747781129, 0.49999558953529416]",2
46,2,13,Military and Naval Defenses,"This guard you see to our right, neatly dressed in white with his LeeMetford rifle at his side, is a British Marine.",Military and Naval Defenses,0.9999836078838796,"['Military and Naval Defenses', 'War and Conflict', 'Daily Life and Occupations', 'British Colonialism', 'Fashion and Dress']","[0.1668690758761843, 0.16686732550784425, 0.16686563480571187, 0.1668557096757927, 0.1667877934294708]",5
46,3,12,Harbor and Waterways,All steamers with cargo and passengers for Tien-tsin and Pekin proceed five miles beyond Taku to Tongku.,Harbor and Waterways,0.9982675977560914,"['Transportation', 'Harbor and Waterways', 'Trade and Commerce']","[0.33327276925477484, 0.333272570620283, 0.33326212133817196]",3
46,3,12,Harbor and Waterways,"We shall now follow the narrow, winding Pei-ho to the latter place and from the deck of our steamer at the landing look out upon the ravages of war.",War and Conflict,0.9998950028504195,"['War and Conflict', 'Harbor and Waterways', 'Transportation']","[0.33121107292708146, 0.33120799336527684, 0.33117870092510276]",3
47,2,24,War and Conflict,"The relief expedition under Admiral Seymour had failed to reach Pekin, and after great loss and privation had returned to Tien-tsin.",War and Conflict,0.9999998807761656,"['War and Conflict', 'Military and Naval Defenses', 'British Colonialism', 'Transportation']","[0.2671862425257551, 0.26715229424792686, 0.2670878650202591, 0.19857057223572294]",4
47,2,24,War and Conflict,"Notwithstanding the gloomy news from every quarter, every foreign warship flung out the Stars and Stripes in honor of the American nation's birthday.",War and Conflict,0.999995767947754,"['Folk Festivals and Celebrations', 'War and Conflict']","[0.5724444327287704, 0.40524380108009833]",2
47,2,24,War and Conflict,"There was no jubilant popping of firecrackers, which we are wont to hear on this festal day, but there was the crackling of destructive flames which were everywhere devouring the vacated homes of the terrified inhabitants.",War and Conflict,1.0,"['War and Conflict', 'Architecture and Building']","[0.9267482516905393, 0.06829327229139784]",2
47,2,24,War and Conflict,"On the following day, news came that the relieving force which had been dispatched to Tien-tsin had been driven back and might have to retreat to the seacoast.",War and Conflict,0.9999998807761656,"['War and Conflict', 'Military and Naval Defenses', 'British Colonialism']","[0.3333403511789719, 0.3333396756017124, 0.33325974508213024]",3
47,2,24,War and Conflict,The crippled ships which had been in conflict at Taku were strung along the river in different stages of convalescence.,War and Conflict,0.9999934438270708,"['War and Conflict', 'Harbor and Waterways', 'Military and Naval Defenses', 'Transportation', 'British Colonialism']","[0.21942919964057167, 0.2194286242102015, 0.21942687177201872, 0.21835273737380323, 0.12335832952882915]",5
47,2,24,War and Conflict,"Refugees were hourly arriving from Tien-tsin; some, finding passage in departing steamers, while others found temporary shelter on the ""Monocacy.""",War and Conflict,0.9999833101402482,"['Transportation', 'War and Conflict', 'Harbor and Waterways']","[0.3333567744434444, 0.3333481909354072, 0.3332738946116208]",3
47,2,24,War and Conflict,At low tide the opposite shore is lined with bloated human forms which have floated down from villages up the river where the Boxers have done their bloody work or where the Russian relief force slaughtered everything before it on its march to Tien-tsin.,War and Conflict,0.999999940388081,"['War and Conflict', 'Harbor and Waterways', 'Prisoners and Punishment']","[0.3331031529647899, 0.3330925897168468, 0.3330049446304285]",3
47,4,24,War and Conflict,"the steed, The mustering squadron, and the clattering car Went pouring forward with impetuous speed,",War and Conflict,0.9999997615523456,"['War and Conflict', 'Military and Naval Defenses', 'Transportation']","[0.3336164295970855, 0.33348170996735116, 0.33290182066016827]",3
47,5,23,Transportation,"All railway communication was cut off, and the military at Tien-tsin were driving civilians away, and no hotel or lodging place could be found in Tongku.",War and Conflict,0.7812683868166262,"['War and Conflict', 'Transportation', 'Harbor and Waterways']","[0.4519548587199989, 0.4519537273910981, 0.07832724460387573]",3
47,5,23,Transportation,"On the second day I asked for permission to sleep on the bare deck of the ""Monocacy,"" but my modest request was roughly refused by the Captain, who, with the officious consequence of a man commanding nothing better than an oldfashioned side-wheel tub that had been thirty years poking her prow into the mud banks along the Yang-tse, said he was reserving all space for missionaries.",Transportation,0.999873179224551,"['Transportation', 'Missionary Work', 'Harbor and Waterways', 'Daily Life and Occupations']","[0.24956239973111558, 0.24954431257931647, 0.2495164190387614, 0.24951421723085823]",4
47,5,23,Transportation,"Accompanied by a young Swiss gentleman, I trudged several times the length of the slough-bound town to obtain only space in which to sleep for one night, hoping the following day to find some way of reaching Tien-tsin.",Transportation,0.9999893911761992,['Transportation'],[0.9982787179655023],1
47,5,23,Transportation,"Fortunately we fell in with a Russian officer, who, learning of our straits for a lodging place, in the blandest and most hospitable manner told us to follow him to the railway station and he would find us a room where he and his fellow officers were temporarily quartered.",Transportation,0.9999886760374438,"['War and Conflict', 'Social Classes and Customs', 'Transportation']","[0.3335460347895942, 0.33265145704998295, 0.33194598995430546]",3
47,5,23,Transportation,"A Russian servant was turned out of a small hot room which was furnished with two small benches; on these we slept, each wrapping his coat about his head as a protection against myriads of flies-army flies, I suppose.",Daily Life and Occupations,0.988062365274436,"['Daily Life and Occupations', 'Social Classes and Customs', 'War and Conflict']","[0.3534092527876935, 0.35338561904108134, 0.2921749939513217]",3
47,5,23,Transportation,"I have often had occasion to entertain very high opinions of Russian gentility and politeness, while my opinions of the government are quite otherwise.",Social Classes and Customs,0.9999980925481398,['Social Classes and Customs'],[0.999991297290968],1
47,5,23,Transportation,"The charming manner of a Russian gentleman is remarked by every one; and if there is one fault more conspicuous than another in our own country, I should name it national lack of courtesy.",Social Classes and Customs,0.9999988079127036,"['Social Classes and Customs', 'Family and Social Structures']","[0.500125342355232, 0.49987090145705715]",2
47,5,23,Transportation,"We made a slender morning repast from articles we bought from the steward of the German ship, and then I left my companion and set out to find transportation to Tien-tsin.",Transportation,0.9999998211970382,"['Transportation', 'Food and Diet', 'Daily Life and Occupations']","[0.3334024887584533, 0.33338420697889853, 0.33311534943443205]",3
47,7,24,War and Conflict,"I went on board, and a soldier in command said he was neither authorized to carry nor to refuse to carry any one.",War and Conflict,0.9999983907256808,"['Transportation', 'War and Conflict']","[0.49749928231325147, 0.4974058410289134]",2
47,7,24,War and Conflict,"""Tien-tsin is the best place I know of to leave, just now; but go if you like,"" said the blunt commander of the little commissary craft.",War and Conflict,0.9999954105465618,"['War and Conflict', 'British Colonialism']","[0.9212723174181235, 0.05378229029590971]",2
47,7,24,War and Conflict,"Yesterday it was nip and tuck all day, and the Allies may be driven down here to-day, but if you are fond of shells bursting in your hair, go.",War and Conflict,0.999999940388081,"['War and Conflict', 'Military and Naval Defenses']","[0.5000009238768045, 0.49999633442541774]",2
47,7,24,War and Conflict,"""Well, I've never experienced shells in that way,"" I replied, ""but, as the Chinamen say, I will have a 'look see.'”",War and Conflict,0.9999995231047478,"['British Colonialism', 'Social Classes and Customs']","[0.7707130372237494, 0.20560276501398622]",2
47,7,24,War and Conflict,"We were constantly passing dead bodies floating down, and, on either bank of the river, at every turn, hungry dogs from the deserted villages could be seen tearing at the swollen corpses left on the banks by the ebb tide.",War and Conflict,0.999999940388081,"['Plague and Disease', 'War and Conflict', 'Harbor and Waterways']","[0.33325452179767073, 0.333249555604231, 0.3332411349504486]",3
47,7,24,War and Conflict,"It was forty miles of country laid waste, deserted homes, burned villages, along a river polluted and malodorous with human putrefaction.",War and Conflict,0.999999940388081,"['War and Conflict', 'Plague and Disease', 'Prisoners and Punishment']","[0.3332721787287975, 0.3332687225398102, 0.33318499351917247]",3
47,7,24,War and Conflict,The city had been reinvested; the previous day had witnessed a stubbornly contested attack at the railway station.,War and Conflict,0.999999940388081,"['War and Conflict', 'Transportation', 'Military and Naval Defenses']","[0.3333482481697082, 0.33332686813757356, 0.3333236517935262]",3
47,7,24,War and Conflict,"Conflagration had already laid waste the entire French Concession and a good part of the English; housetops were covered with extemporized defenses; storehouses had been employed to provide defensive barricades; bales of wool, bags of peanuts, sacks of licorice-root and sacks of rice, in enormous quantities, had been utilized for breastworks.",War and Conflict,0.6233841767083915,"['War and Conflict', 'Military and Naval Defenses', 'Trade and Commerce', 'Food and Diet']","[0.24910733784130754, 0.24910220083465126, 0.24903582215591183, 0.24887310824754766]",4
47,9,11,Geography and Topography,"Near the center of the map we see the rectangular outline of the Native City, the heavier black line showing the course of its encompassing brick wall.",Architecture and Building,0.9983074816807552,"['Architecture and Building', 'Geography and Topography', 'Military and Naval Defenses']","[0.3334138332016307, 0.3332926991788299, 0.3332726804443199]",3
47,9,11,Geography and Topography,The Pei-ho River winds among the outlying villages in a general course from the northwest toward the southeast.,Geography and Topography,0.9826034090269922,"['Geography and Topography', 'Harbor and Waterways']","[0.49999264333356214, 0.4999372179467045]",2
47,9,11,Geography and Topography,"The Japanese, French, British and German Concessions lie to the southeast of the Native City on the river's right bank; the proposed Russian Concession is on the left bank.",Geography and Topography,0.9999942783911112,"['Geography and Topography', 'British Colonialism', 'Trade and Commerce', 'Harbor and Waterways']","[0.2501218588039462, 0.25011276513503095, 0.2500679956983803, 0.2496968436588792]",4
47,9,11,Geography and Topography,"An earth or mud wall encircles the entire area covered by the old city, the villages and the Foreign Concessions.",Geography and Topography,0.9993563802491928,"['Architecture and Building', 'Geography and Topography', 'Military and Naval Defenses']","[0.4088306770387343, 0.4088145466027507, 0.1821485268793255]",3
47,9,11,Geography and Topography,"By much effort I had made my way up the Pei-ho to a point near that first bend toward the left, or west.",Geography and Topography,0.9637847556545628,"['Harbor and Waterways', 'Transportation', 'Geography and Topography']","[0.3333336777749535, 0.3333330816776427, 0.3333328828738305]",3
47,9,11,Geography and Topography,One of the first places we shall visit together is the pontoon bridge made by the French opposite the French Concession.,Harbor and Waterways,0.9999384916590892,"['Harbor and Waterways', 'Transportation', 'Architecture and Building', 'Geography and Topography']","[0.23800377903097045, 0.23800179257714968, 0.2379958071396886, 0.2379535466614224]",4
47,9,11,Geography and Topography,"We are to stand as the red lines connected with the number 48 show, on the left bank of the river, and look toward a street and range of buildings on the opposite bank, a part of the French Concession.",Geography and Topography,0.9942945873705966,"['Geography and Topography', 'Architecture and Building', 'Harbor and Waterways']","[0.35610372241091637, 0.35602300315845614, 0.2877583997892288]",3
48,2,24,War and Conflict,"Many talk of the horrors of war who know little of their actualities, and for that reason such a scene as this, though it is repulsive, is also educative; for, to know truly, you must see, and even this repellent scene is but a slight hint of war's horrors.",War and Conflict,0.999999940388081,"['War and Conflict', 'Education']","[0.500017997569107, 0.49996167503869954]",2
48,2,24,War and Conflict,"For ten days before I came here, dead bodies, in incredible numbers, had been floating down the river, and, several times a day coolies were sent to this place with poles to set free the accumulation of bodies and allow them to float down stream.",War and Conflict,0.9999988079489696,"['Plague and Disease', 'Harbor and Waterways', 'War and Conflict', 'Daily Life and Occupations', 'British Colonialism']","[0.15212869134332635, 0.15212636997790838, 0.15212636997790838, 0.15210403460815702, 0.15111066783925942]",5
48,2,24,War and Conflict,"At this moment, you see, there are only four or five in view, but at other times there are large numbers, especially in the morning, after a night's accumulation.",War and Conflict,0.9999805103969488,['Harbor and Waterways'],[0.9973269763548847],1
48,2,24,War and Conflict,"Many of these dead have been killed by the relief troop who first entered Tien-tsin; others, by the second advance of reënforcements, and many, previously, by the Boxers and were probably Christian converts.",War and Conflict,0.9999997615523456,"['War and Conflict', 'Missionary Work']","[0.47586054862307614, 0.4757473515440021]",2
48,3,24,War and Conflict,"This part of the city, lying between the railway station and the French Concession, was the center of the heaviest firing on several occasions, and every building is gutted by fire or riddled with shot.",War and Conflict,0.999999940388081,"['War and Conflict', 'Architecture and Building', 'Military and Naval Defenses']","[0.3337646678397262, 0.3336987995433546, 0.3324882363905122]",3
48,3,24,War and Conflict,We are looking nearly south; the railway station is less than a quarter of a mile behind us and is surrounded by a suburban population.,War and Conflict,0.9964695490389552,"['Transportation', 'Geography and Topography']","[0.5030306156017278, 0.4967801518090209]",2
48,3,24,War and Conflict,The shattered windows and pierced walls everywhere tell how the showers of shot swept everything at this point.,War and Conflict,0.999999940388081,"['War and Conflict', 'Military and Naval Defenses']","[0.49979799126401653, 0.4997149004935862]",2
48,3,24,War and Conflict,You see the shell mementoes on this building at the right; there are other buildings along this Bund even more thoroughly scarred than those.,War and Conflict,0.9998517409742212,"['Architecture and Building', 'War and Conflict', 'Harbor and Waterways', 'British Colonialism']","[0.2501374422133124, 0.2501366668904015, 0.2501082521784898, 0.24952866407113608]",4
48,3,24,War and Conflict,Military orders were given that no water should be used unless boiled; but the order was often disregarded.,War and Conflict,0.9999408157216284,"['War and Conflict', 'Plague and Disease', 'Daily Life and Occupations']","[0.3329326888311866, 0.33292411656602056, 0.33291228731318767]",3
48,3,24,War and Conflict,"Soldiers frequently have little regard for sanitary orders or law, and have a happy way of turning privations and hardships into fun.",War and Conflict,0.9999997615523456,"['War and Conflict', 'Daily Life and Occupations', 'Military and Naval Defenses']","[0.33342428306934646, 0.33342185846349315, 0.3331366881661028]",3
48,3,24,War and Conflict,"These poor fellows will, in their turn, float down the river to feed the starving dogs of the river-side villages, and yet, they are somebody's dear ones, and none will ever know how many thousands have been thus borne away uncoffined on the turbid waters of the Pei-ho.",War and Conflict,0.9999971391969203,"['Family and Social Structures', 'Harbor and Waterways', 'Prisoners and Punishment', 'Cemeteries and Burial Practices', 'War and Conflict']","[0.22846589728648029, 0.22840671052555767, 0.22835594562269437, 0.2280994424835792, 0.07967115476882584]",5
48,4,24,War and Conflict,"We will leave this grewsome scene, pass out upon the Bund, and turning to the left, follow it for a mile downstream to a point in the river where small boats depart for Tongku.",Harbor and Waterways,0.716077817690471,"['Harbor and Waterways', 'Transportation', 'Geography and Topography']","[0.33342612848380593, 0.333425611810707, 0.33314555701601123]",3
48,4,24,War and Conflict,"At this time a walk along this street on the river is a perilous undertaking— sniping"" is constantly going on and there is scarcely a minute when one cannot hear the ominous hiss of passing bullets.",War and Conflict,0.9999995231047478,"['War and Conflict', 'Military and Naval Defenses', 'Daily Life and Occupations', 'Harbor and Waterways']","[0.2500583547355654, 0.25001991085347514, 0.24995818113283844, 0.24994391036892977]",4
48,4,24,War and Conflict,"Once I stood talking with a soldier, only for a few moments, when he ejaculated: ""Come out of this! Didn't you hear that bullet come between us?""",War and Conflict,0.999999940388081,"['War and Conflict', 'Military and Naval Defenses']","[0.5001499731808028, 0.4996582459860464]",2
48,4,24,War and Conflict,At length we arrive at the place where barges have been brought in to convey native Christian refugees to Tongku and other places of safety.,War and Conflict,0.9937200583509436,"['Transportation', 'Harbor and Waterways', 'War and Conflict', 'British Colonialism', 'Missionary Work']","[0.2000165670011079, 0.2000143973887008, 0.20001125009386528, 0.1999881753264078, 0.19992125958722917]",5
49,2,24,War and Conflict,"It is evident from the flight of these poor native Christians that there is still no security for life here in Tientsin; even after the arrival of ten thousand foreign troops, a feeling of anxiety and uncertainty prevails.",War and Conflict,0.9999998211970382,"['War and Conflict', 'Military and Naval Defenses', 'British Colonialism', 'Missionary Work']","[0.2503359581567886, 0.25030984920140587, 0.2502448586433914, 0.24910861778406146]",4
49,2,24,War and Conflict,"We see before us only a handful of native Christians, many women and children among them, with coolies to assist in carrying a few bundles which contain all they have left of material possessions.",War and Conflict,0.99984661906521,"['British Colonialism', 'Missionary Work', 'Family and Social Structures', 'War and Conflict', 'Social Classes and Customs']","[0.1725692118109729, 0.17256495311386857, 0.17255684975219157, 0.17249502300225006, 0.17206088164238487]",5
49,2,24,War and Conflict,"The order has been given to go aboard, and these are the first of the line from an assemblage that will pack that big iron barge; and thus they have been leaving since the river was cleared for the passage of boats.",War and Conflict,0.9999837866075888,"['Harbor and Waterways', 'Transportation', 'Daily Life and Occupations', 'Trade and Commerce']","[0.27885716561083507, 0.27885716561083507, 0.2748128040061445, 0.16527403111704217]",4
49,2,24,War and Conflict,They go they know not where; they know not whether they will ever return; their homes are burned; their friends are scattered and many of them killed.,War and Conflict,0.999999940388081,"['War and Conflict', 'Family and Social Structures']","[0.4999945471114111, 0.4999807791519866]",2
49,2,24,War and Conflict,"Their mothers can only tell them that their own bad people have burned their homes and now seek to kill them, but the foreigner will save them; this is all they can be made to understand; they have curious little child-thoughts of their own about it all, but with undiminished faith in maternal guardianship, they cling to their mother's hand, unconscious of their hapless fate.",War and Conflict,0.993628090859403,"['War and Conflict', 'Family and Social Structures']","[0.4999933848486406, 0.49998575482743146]",2
49,3,14,Missionary Work,"We will leave these fleeing refugees now and retrace our steps over half a mile along the river bank to the Church of the Apostolic Mission, where there are assembled and fed between five and six hundred refugees.",Missionary Work,0.999998390733184,"['War and Conflict', 'Food and Diet', 'Missionary Work']","[0.33412081342587346, 0.3333465128536502, 0.3324837646649852]",3
50,2,24,War and Conflict,"This church is situated on the boundary between the English and French Concessions, and escaped, in quite an extraordinary way, destruction from both fire and shell, although in the direct line of bombardment.",War and Conflict,0.999997556331239,"['War and Conflict', 'British Colonialism', 'Architecture and Building', 'Military and Naval Defenses', 'Geography and Topography']","[0.2010282389454106, 0.2009819045837748, 0.20097473960524212, 0.2006062789495524, 0.1964087420464787]",5
50,2,24,War and Conflict,"Soon after my arrival in Tien-tsin I met this worthy father, who told me how large a flock he was sheltering and feeding in the basements and cellars of his church and other church buildings.",Missionary Work,0.9999997615523456,"['Missionary Work', 'Food and Diet', 'Architecture and Building']","[0.32083173189761643, 0.3184007285180613, 0.31250340895916695]",3
50,2,24,War and Conflict,"He said if I would come on the following day, he would do what he could to induce his terrified flock to leave the cellars and come out into the court for a few minutes, but I must be in readiness to operate quickly and not expose them too long to the bursting shells.",War and Conflict,0.9999998807761656,"['War and Conflict', 'Military and Naval Defenses', 'Prisoners and Punishment']","[0.34116537065305524, 0.3379542884162763, 0.320662981203668]",3
50,2,24,War and Conflict,"They were all notified to be in readiness at a given hour, and when I had taken my position, Father Quilloux and another father led the way out into the open yard, followed by this cowering host-men, women and children-young and old.",War and Conflict,0.9999997019871092,"['Family and Social Structures', 'Prisoners and Punishment', 'Missionary Work']","[0.33350286660486805, 0.3333580406176127, 0.3330721053043146]",3
50,2,24,War and Conflict,"Scarcely had they assembled when a shell burst overhead with the crash of a near thunderbolt; they ducked and trembled and began to show an agony of impatience, when Father Quilloux called out from his position in front: ""Be quick! They are afraid!""",War and Conflict,0.999999940388081,"['War and Conflict', 'Military and Naval Defenses']","[0.4999976448167926, 0.4998959314036642]",2
50,2,24,War and Conflict,"The work was done hastily, and it did not seem that the whole time occupied could exceed three minutes, and yet three shells exploded very near during that brief space.",War and Conflict,0.9999998807761656,"['War and Conflict', 'Military and Naval Defenses']","[0.5001567889654794, 0.49983641431981124]",2
50,2,24,War and Conflict,"You may notice all conditions of people in this gathering; on the left, near the front, are three small children carried in arms; further back, on the left, I see two gray heads; on the right, in front, some fairly pretty girls.",War and Conflict,0.9041284954850516,['Family and Social Structures'],[0.98520387306881],1
50,2,24,War and Conflict,"He pointed out to me a fresh grave, near us on the left, where on the previous day he had buried one of them.",War and Conflict,0.8178785215769544,"['Cemeteries and Burial Practices', 'Prisoners and Punishment', 'War and Conflict', 'Plague and Disease']","[0.24915400122972156, 0.24915180334661552, 0.2491451207014959, 0.24912552031399957]",4
50,3,24,War and Conflict,"A hundred sights in Tien-tsin alone would give you a fuller conception, but even the greatest number could not tell vou all.",War and Conflict,0.99999433798996,"['Harbor and Waterways', 'Geography and Topography', 'Daily Life and Occupations', 'Trade and Commerce']","[0.5599886015539244, 0.2285757034639987, 0.08000360230872144, 0.08000360230872144]",4
50,3,24,War and Conflict,It is impossible to picture the apprehension of faces on the street-the roar of bursting shells and deadly smaller missiles that filled the air.,War and Conflict,0.999999940388081,"['War and Conflict', 'Military and Naval Defenses']","[0.49998942383244416, 0.49995646255598547]",2
50,3,24,War and Conflict,"Subterranean housekeepers cannot be "" sculptured by the sun "" nor can pale, fear-stricken faces peering out of cellar windows; nor the measured tread of soldiers at all hours of day and night; nor the thrilling bugle-calls in every direction.",War and Conflict,0.999998569577201,"['War and Conflict', 'Military and Naval Defenses', 'Prisoners and Punishment']","[0.4965260391489898, 0.4126879474961657, 0.09058911718835697]",3
50,3,24,War and Conflict,"The transportation of commissary stores for all the different troops fills the streets with every form of nondescript conveyance-army wagons, carts, rikishas,"" wheelbarrows, pole-coolies, confiscated carriages.",Transportation,0.9958485276529764,"['Transportation', 'War and Conflict', 'Daily Life and Occupations', 'British Colonialism', 'Military and Naval Defenses']","[0.14719925486226557, 0.14719841264730704, 0.14719774587898915, 0.14718692041920656, 0.14542512501208882]",5
50,3,24,War and Conflict,"At one time, when the fire from the enemy was becoming stronger and the rout of the Allies was imminent, a weeping and disconsolate little English mother came running across the street to a near neighbor with this pitiful and tragic request: ""Now, Mr. won't you promise to shoot my children if they get in?""",War and Conflict,0.9999998807761656,"['War and Conflict', 'Family and Social Structures', 'Military and Naval Defenses']","[0.33342319274522464, 0.33338957114344664, 0.3331856064338306]",3
50,3,24,War and Conflict,"This horrible request was prompted by maternal love; its fulfillment would have been humane, in comparison with an assured butchery by the enemy; but, come what would, the manly neighbor could not, even in the name of humanity, promise to take the lives of sweet little children with whom he had been wont to play.",War and Conflict,0.9999997615523456,"['War and Conflict', 'Family and Social Structures']","[0.49998236089769177, 0.49994135904585596]",2
50,4,13,Military and Naval Defenses,"From here I went south again into the British Concession to the public water hydrant, where the soldiers of the Allies and the natives mingled.",British Colonialism,0.739399420290967,"['British Colonialism', 'War and Conflict', 'Social Classes and Customs', 'Daily Life and Occupations']","[0.2567984660283224, 0.2567982211103828, 0.2566620982028172, 0.22939945098813275]",4
50,4,13,Military and Naval Defenses,"See the red lines connected with the number 51, a short distance to the left of our former position by the river (Stereograph 49).",Military and Naval Defenses,0.9520716614865884,"['Photography and Imaging', 'Geography and Topography']","[0.4778612935835568, 0.4778369703660151]",2
51,2,4,Daily Life and Occupations,"The demand for water was so great that these hydrants were opened only twice a day; at such times all the nations were represented by water-carriers with all sorts of vessels, and here we see them at the hydrant waiting their turns.",Daily Life and Occupations,0.999887611470136,"['Daily Life and Occupations', 'Social Classes and Customs']","[0.49999496394778753, 0.4998024089967774]",2
51,2,4,Daily Life and Occupations,"Not all the nations are represented here; but I can make out four; the Russians, being encamped on the other side of the river, are not to be seen; it also happens at this moment that no English soldiers are present, except the Indians, who are under the English.",Military and Naval Defenses,0.5415819285002978,"['War and Conflict', 'British Colonialism', 'Military and Naval Defenses']","[0.33333884307843464, 0.3333303793699964, 0.333325889902532]",3
51,2,4,Daily Life and Occupations,They have newly arrived and are quartered a short distance up that street where the British marines were previously quartered; hence the presence of Hindoos and the absence of the English.,British Colonialism,0.9999879011652182,"['British Colonialism', 'Military and Naval Defenses', 'War and Conflict', 'Social Classes and Customs']","[0.25032982052149994, 0.25029020170354616, 0.25027116777446284, 0.24910176777041546]",4
51,2,4,Daily Life and Occupations,"Those Indians are fine, large men, and their moral and military bearing is highly commendable; they are accustomed to carry water in skins, which are included in their camp outfit in their own country; these skins, filled with water, are carried on the backs of donkeys.",Daily Life and Occupations,0.9999827144749934,"['British Colonialism', 'Transportation', 'Daily Life and Occupations', 'Social Classes and Customs']","[0.2458946861867565, 0.24588838299445218, 0.24574658245251027, 0.2454533607072717]",4
51,2,4,Daily Life and Occupations,"The coolies have a tub, and there are two five-gallon kerosene oil-cans near the little smart Jap with his clean, white suit.",Daily Life and Occupations,0.9999959465722283,"['Social Classes and Customs', 'Daily Life and Occupations', 'British Colonialism', 'Fashion and Dress']","[0.25013784077679174, 0.25005271929470624, 0.24995446958725367, 0.24980231816297901]",4
51,3,24,War and Conflict,"This street, a little beyond the farthest point in sight, was crossed by a breastwork composed of bags of rice; just before us it was defended by the ancient cheval-defrise.",Military and Naval Defenses,0.9992389103461652,"['War and Conflict', 'Military and Naval Defenses', 'Food and Diet', 'Agriculture and Farming']","[0.25044598900650217, 0.250445899445541, 0.25022141134078546, 0.24887060930126575]",4
51,3,24,War and Conflict,"They are cooking-houses and sleepingplaces for the servants of well-to-do English families living in adjoining houses facing on a street called Victoria Terrace; but the occupants had fled, leaving the houses in care of a gentleman, who gave me permission to occupy one of the them.",War and Conflict,0.9992816103185648,"['Social Classes and Customs', 'Family and Social Structures', 'Daily Life and Occupations']","[0.33335671960920565, 0.3333542557516433, 0.3332846535807162]",3
51,3,24,War and Conflict,"Before this time I had taken shelter, as before stated, in a vacated room of a Chinese home, but after three nights my room was claimed by officers of the United States Marines, when I removed to one of those houses opposite us.",War and Conflict,0.9999995827734,['War and Conflict'],[0.996464527824073],1
51,3,24,War and Conflict,The Ninth United States Infantry had arrived from the Philippines and every available house was commandeered.,War and Conflict,0.9999984503497856,"['War and Conflict', 'Military and Naval Defenses']","[0.4995015560556845, 0.49949316005858896]",2
51,3,24,War and Conflict,"One of the shells which passed through that wall by the trees, on the right-hand side of this street, exploded in passing through the wall and the fragments entered the room I occupied and lodged in the back of a fine piano; but each night I took the precaution to haul the sofa on which I slept behind some interior wall.",War and Conflict,0.9999998807761656,"['War and Conflict', 'Prisoners and Punishment', 'Daily Life and Occupations']","[0.33866548800571933, 0.33858108615463434, 0.3226044176095443]",3
51,3,24,War and Conflict,"These houses were of brick, and one wall of brick was sufficient to explode a shell and a second would stop the fragments; but those failing to explode would pass through several brick walls.",Military and Naval Defenses,0.9822674341443648,"['War and Conflict', 'Military and Naval Defenses', 'Architecture and Building']","[0.3333335982254867, 0.333332724050819, 0.3333304989636675]",3
51,3,24,War and Conflict,"The bombardment was intermittent; sometimes for a half-day scarcely a shot would be fired; then it would be resumed again, possibly at midnight, or at some hour in the night.",War and Conflict,0.999999940388081,"['War and Conflict', 'Military and Naval Defenses']","[0.49998125720185815, 0.49997660836096053]",2
51,3,24,War and Conflict,"Those not experienced in conditions of war, and especially of bombardment, cannot possibly imagine the startling effect of bursting shells.",War and Conflict,0.999999940388081,"['War and Conflict', 'Military and Naval Defenses']","[0.5007446482924249, 0.4992517701634409]",2
51,3,24,War and Conflict,"During one afternoon, when firing was unusually severe, three shells struck within the same number of minutes; one tearing through the walls of the City Hall and two others bursting within the barracks of the United States Marines, but doing little damage.",War and Conflict,0.9999998807761656,"['War and Conflict', 'Military and Naval Defenses', 'Architecture and Building']","[0.33372547229994476, 0.33371906753527286, 0.33254459934832875]",3
51,3,24,War and Conflict,"A little later, on the same afternoon, a shell entered the quarters of the British Marines, adjacent to the United States Marines, killing one and wounding two.",War and Conflict,0.9999998807761656,"['War and Conflict', 'Military and Naval Defenses']","[0.4996764891365638, 0.4996749404902066]",2
51,4,1,Architecture and Building,"Let us advance up this street about one hundred yards, swing to the right another hundred yards, and ascend to the roof of a building known as the German Club Rooms.",Architecture and Building,0.9999997615523456,['Architecture and Building'],[0.99942398675392],1
51,5,24,War and Conflict,"On the map we find the six red lines which mark the limits of our vision in these three views starting from the eastern side of the English Concession, one block from the river, and branching toward the west and northwest.",War and Conflict,0.920656563413748,"['Geography and Topography', 'British Colonialism']","[0.49413807882510974, 0.4941171102797223]",2
51,5,24,War and Conflict,"Before we take this position, however, we should get in mind the positions of the Chinese troops, the Allied forces and the general plan of operations.",War and Conflict,0.9998506094110996,"['War and Conflict', 'Military and Naval Defenses']","[0.5000004172267473, 0.4999986290386325]",2
51,5,24,War and Conflict,"For several weeks the Boxer and Imperial troops, located mainly within the walled Native City, have been shelling most of the territory included within the Foreign Concessions.",War and Conflict,0.9999997019871092,"['War and Conflict', 'Military and Naval Defenses', 'British Colonialism']","[0.3334114136130183, 0.33340990329841835, 0.33317478817260215]",3
51,5,24,War and Conflict,"Again and again the Chinese had made sharp attacks upon the Allied troops, especially in their efforts to gain control of the railroad station.",War and Conflict,0.9999998211970382,"['War and Conflict', 'Military and Naval Defenses', 'Transportation']","[0.3333174043546186, 0.3333162520484672, 0.33331478164458544]",3
51,5,24,War and Conflict,Guns from the ships of the Allies had been placed at different points commanding the enemy in the Native City.,War and Conflict,0.9653803248554412,"['War and Conflict', 'Military and Naval Defenses', 'British Colonialism']","[0.3332147701120346, 0.3332145715200662, 0.33320178181201104]",3
51,5,24,War and Conflict,For several days hundreds of shells had been hurled into the walled city and the smoke from burning buildings showed the effectiveness of their work.,War and Conflict,0.999999940388081,"['War and Conflict', 'Military and Naval Defenses']","[0.4999683240737928, 0.4999622452418443]",2
51,5,24,War and Conflict,"One particular point upon which the guns had been trained was the South Gate, in the center of the south wall of the Native City, as we find by the map.",Military and Naval Defenses,0.8975710967646463,"['War and Conflict', 'Military and Naval Defenses', 'Geography and Topography']","[0.33087534004357116, 0.3308749061688572, 0.3254483465043333]",3
51,5,24,War and Conflict,"Four days before, Monday, July 9, a force of Japanese, Russian and British soldiers had captured the West Arsenal, see on the map about a mile south of the Native City, near the earth wall.",War and Conflict,0.999994218799997,"['War and Conflict', 'Military and Naval Defenses', 'British Colonialism', 'Geography and Topography']","[0.25003130715432315, 0.25003044277517733, 0.25000269614704834, 0.24993367623020532]",4
51,5,24,War and Conflict,On the morning of the 13th the Allies had advanced to positions from one-quarter to one-half a mile from the southern wall.,War and Conflict,0.9999998807761656,"['War and Conflict', 'Military and Naval Defenses']","[0.49997210949204673, 0.49997139432054244]",2
51,5,24,War and Conflict,"The American Marines were on the extreme left near the southwest corner of the walled city; next, on the right, were the Welsh Fusiliers; then come the Japanese deployed on either side of the road to the South Gate, then the British Marines, and farthest to the right, near the river, the Eighth United States Infantry.",War and Conflict,0.9995614277268584,"['War and Conflict', 'Military and Naval Defenses']","[0.49996314145387705, 0.4999602212724664]",2
51,6,13,Military and Naval Defenses,"Let us climb now to our lookout point on the German Club building, to look over the territory lying between the two red lines having the number 52 at their ends.",Military and Naval Defenses,0.9998822460397696,"['Geography and Topography', 'Architecture and Building', 'Military and Naval Defenses', 'War and Conflict']","[0.3068001976175284, 0.3067654653279102, 0.19544822940299014, 0.19098424234829217]",4
52,2,11,Geography and Topography,That group of buildings with several smokestacks in the distance to the left belong to the West Arsenal (see map).,Geography and Topography,0.9964838728917208,"['Architecture and Building', 'Military and Naval Defenses', 'Geography and Topography']","[0.33155809283458565, 0.33155062183868633, 0.3309795794975297]",3
52,2,11,Geography and Topography,"In the distance, far to the right, we hardly catch a glimpse of the southwestern corner of the walled city.",Geography and Topography,0.999999940388081,"['Geography and Topography', 'Architecture and Building']","[0.5038501257470361, 0.49586175954951167]",2
52,3,24,War and Conflict,"Perhaps we may at first see nothing extraordinary in this scene, and still, probably not in the history of the world has a landscape been photographed in which, at the time the view was made, events so momentous were being enacted;",War and Conflict,0.9999586978463746,"['Photography and Imaging', 'War and Conflict']","[0.5000044707903272, 0.4999882576050986]",2
52,3,24,War and Conflict,"besides, beyond doubt no other view was taken showing a similar panorama during the action of the Allies before Tien-tsin on that historic day.",War and Conflict,0.999999940388081,"['War and Conflict', 'Military and Naval Defenses', 'British Colonialism']","[0.31956338518911886, 0.31823197922920204, 0.3173570875072956]",3
52,3,24,War and Conflict,Correspondents from all parts. of the world tried to secure these views and offered to pay me any sum I would mention for them;,War and Conflict,0.9998932743168266,"['Daily Life and Occupations', 'Trade and Commerce', 'British Colonialism']","[0.6639075186023307, 0.21211839103173388, 0.08264778034436944]",3
52,3,24,War and Conflict,"These things I mention that we may appreciate the privilege we now have of looking upon the field of battle itself, and that, too, at the time when the battle waged in all its fury, when these very buildings on which we stand were vibrating with the deafening roar of more than a hundred cannon, when the thinned numbers of civilians left in the desolate settlement, were waiting in the utmost anxiety to know how the tide of battle would turn, whether in victory or defeat, which meant safety or massacre.",War and Conflict,0.999999940388081,"['War and Conflict', 'Military and Naval Defenses']","[0.5000324502647574, 0.49996456926054733]",2
52,3,24,War and Conflict,"The cruel enemy was infinitely superior in numbers, and, if their valor should prove even half equal to their numbers, relentless slaughter awaited all of us.",War and Conflict,0.999999940388081,"['War and Conflict', 'Military and Naval Defenses']","[0.5000011324098789, 0.49999588757510927]",2
52,3,24,War and Conflict,"it was a historic day for the world, and it is for these reasons that I ask you to note with more than usual care my explanation of what is before us here and of what we shall see from our next view-points.",War and Conflict,0.9999997019871092,"['War and Conflict', 'Photography and Imaging']","[0.6666662296195233, 0.33333377038047673]",2
52,4,24,War and Conflict,"You see those trees in an open square; the street in which we stood when looking at the public water hydrant, runs along the left side of the square between those trees and the small, low building, the gable end of which we see over this lattice-covered court near us.",War and Conflict,0.9680886948901538,['Architecture and Building'],[0.999704200863674],1
52,4,24,War and Conflict,"I mentioned also a shell which entered the barracks of the English Marines, killing one and wounding two.",War and Conflict,0.9999997019871092,"['War and Conflict', 'Military and Naval Defenses', 'British Colonialism']","[0.33334651136796745, 0.33334114639599877, 0.33330399791577975]",3
52,4,24,War and Conflict,"I want you to see the hole in the tile roof made by that fatal shell; you may see it to the extreme right, at the edge of the roof of that second building, the one with three small, square towers.",War and Conflict,0.9999806295529914,"['War and Conflict', 'Architecture and Building', 'Military and Naval Defenses']","[0.33362062292345374, 0.33359183267115117, 0.33275652740994166]",3
52,5,24,War and Conflict,"The building nearest us was formerly the English Club Rooms, now used as a hospital and already containing wounded men.",War and Conflict,0.9999995827734,"['War and Conflict', 'Architecture and Building', 'British Colonialism', 'Daily Life and Occupations', 'Plague and Disease']","[0.20396016374302747, 0.20379363353715846, 0.20364434013733054, 0.20335211824836055, 0.17964873596219055]",5
52,5,24,War and Conflict,"To-morrow, when the wounded are brought in from the bloody battle now in progress, this and many other extemporized hospitals will be more than full.",War and Conflict,0.9999998807761656,"['War and Conflict', 'Military and Naval Defenses']","[0.4982346954513768, 0.4982114151964763]",2
52,6,24,War and Conflict,"Yesterday the cannonading was heavy, especially on account of several lyddite twelve-pound naval guns brought from British ships-indeed, they had been brought direct from Ladysmith, in the Transvaal, and bore each a tablet with the significant device, ""From Ladysmith to Tien-tsin.""",War and Conflict,0.9999925492975478,"['War and Conflict', 'Military and Naval Defenses', 'British Colonialism', 'Transportation']","[0.25014233544230524, 0.25014185827587804, 0.25014021821592036, 0.24957010154848994]",4
52,6,24,War and Conflict,We suspected some unusual movement was on foot; but in time of war civilians and common soldiers never know the import of military movements.,War and Conflict,0.9999998807761656,"['War and Conflict', 'Military and Naval Defenses']","[0.4998750065933318, 0.49984145750742287]",2
52,6,24,War and Conflict,The night movement of troops was the gathering of the Allies for a general attack on the Native City of Tien-tsin.,War and Conflict,0.9999998807761656,"['War and Conflict', 'Military and Naval Defenses', 'British Colonialism']","[0.33322794475664014, 0.33321992120014615, 0.3332186894352039]",3
52,6,24,War and Conflict,"Americans, English, Japanese, Welsh, French and a few Austrians, numbering in all, over eight thousand, had moved out, under cover of darkness, to gain an advantageous position for an early general attack.",War and Conflict,0.9999998807761656,"['War and Conflict', 'Military and Naval Defenses']","[0.49999931469595416, 0.49999746679147605]",2
52,6,24,War and Conflict,"That West Arsenal, the cluster of buildings and tall chimneys in the distance to the left, has, up to a few days ago, been in active operation, turning out all sorts of modern munitions of war.",War and Conflict,0.9999970795935847,"['War and Conflict', 'Military and Naval Defenses', 'Daily Life and Occupations']","[0.3219060716521779, 0.32190572631919984, 0.32183249057082675]",3
52,6,24,War and Conflict,"Soon after the investment of the European settlement, this arsenal was bombarded and the Chinese driven out; shortly they reoccupied it, and only a few days before the battle now in progress it was shelled again and burned.",War and Conflict,0.9999980328676678,"['War and Conflict', 'Military and Naval Defenses', 'British Colonialism', 'Harbor and Waterways']","[0.2581354968889517, 0.25813420453528724, 0.2580957804775201, 0.22563196396083304]",4
52,6,24,War and Conflict,"It is called the West Arsenal in contradistinction to the East Arsenal, lying at an equal distance on the opposite side of the Pei-ho, or directly behind us, as we stand here.",Military and Naval Defenses,0.8549857974423147,"['Geography and Topography', 'Military and Naval Defenses']","[0.4990146369964999, 0.49900434643446584]",2
52,6,24,War and Conflict,"The East Arsenal, which we shall see later, was captured and burned by the first relief force to Tien-tsin.",War and Conflict,0.9999996423941084,"['War and Conflict', 'Military and Naval Defenses', 'British Colonialism']","[0.33335960739532217, 0.33335690493930376, 0.3332710893210848]",3
52,6,24,War and Conflict,The distance from where we stand to the West Arsenal is about two miles; from the arsenal to the Native City it is a little more than half that distance.,Geography and Topography,0.9955231735253632,"['Geography and Topography', 'Military and Naval Defenses']","[0.5001058289987287, 0.49988361928624253]",2
52,6,24,War and Conflict,"As we have said, the objective point of the Allies is the South Gate of the Native City, which lies directly north of the arsenal and in line with it.",War and Conflict,0.9999984503497856,"['War and Conflict', 'Military and Naval Defenses', 'Geography and Topography']","[0.3332366409703388, 0.3332356876335039, 0.3332280212294083]",3
52,6,24,War and Conflict,"A poor road extends from the arsenal across a muddy and grassy plain to the South Gate, sometimes called the Taku Gate.",Geography and Topography,0.999793304321894,"['Geography and Topography', 'Transportation', 'Military and Naval Defenses']","[0.3333615410353406, 0.33336122313341104, 0.3332722683523505]",3
52,6,24,War and Conflict,"The brick wall surrounding the river city is twenty-five feet high and from ten to fifteen feet thick, with four principal gates.",Military and Naval Defenses,0.9999811657335314,"['Architecture and Building', 'Military and Naval Defenses', 'Geography and Topography', 'Harbor and Waterways']","[0.26232884428550485, 0.2623280938045572, 0.2608715525826693, 0.21446966433627968]",4
52,6,24,War and Conflict,"A mile or over from this wall is the circumvallation of clay, the earth or ""mud-wall,"" some fifteen feet high, which serves as a first line of defense.",Military and Naval Defenses,0.999996960377602,"['Military and Naval Defenses', 'War and Conflict', 'Architecture and Building', 'Geography and Topography']","[0.25000242142654916, 0.25000218300347227, 0.2500011400107824, 0.2499937191391876]",4
52,6,24,War and Conflict,"At the left of the arsenal you can see a dark line extending toward our left; that is the famous ""mudwall"" mentioned so frequently in connection with the exigencies of the Boxer war.",War and Conflict,0.9999952914001266,"['War and Conflict', 'Military and Naval Defenses', 'Geography and Topography', 'British Colonialism']","[0.250053011256502, 0.2500517891798817, 0.25003953860913875, 0.24979080664087497]",4
52,6,24,War and Conflict,The center of our present field of vision is the center of the advance of the Allies in the forenoon; later in the day the lines advanced slowly and with great difficulty toward the city.,War and Conflict,0.999999940388081,"['War and Conflict', 'Military and Naval Defenses']","[0.5000096552581944, 0.499984623022229]",2
52,6,24,War and Conflict,"You can scarcely see a dark line extending from the arsenal toward the right, marking the line of the road to the city.",War and Conflict,0.9999592936464744,"['Transportation', 'Geography and Topography', 'Photography and Imaging']","[0.38865583006544324, 0.3886438786492582, 0.21850882912730452]",3
52,6,24,War and Conflict,"But to the left and to the right of that road, we remember the Allied forces deployed in the following order from left to right: American Marines, Welsh Fusiliers, Japanese, British Marines, Eighth United States Infantry.",War and Conflict,0.9999980328676678,"['War and Conflict', 'Military and Naval Defenses']","[0.49988031068131866, 0.49987304064867055]",2
52,6,24,War and Conflict,"At this distance of two miles the field of battle seems small, but remember that it embraces five or six square miles before us in this direction, and, when we turn in an opposite direction and look across the Pei-ho, we will see another field of an equal area covered by the Russian wing of the Allies.",War and Conflict,0.9999998211970382,"['War and Conflict', 'Geography and Topography', 'Military and Naval Defenses']","[0.3333485380305744, 0.3333319686637098, 0.33331885749226475]",3
52,6,24,War and Conflict,"It is uncertain whether we can now distinguish troops or not; but at times during the battle we could distinguish the different soldiers without our field-glasses, and with them, very distinctly.",War and Conflict,0.9999998807761656,"['War and Conflict', 'Military and Naval Defenses']","[0.5000028905951764, 0.49999675173141617]",2
52,6,24,War and Conflict,"You can dimly see off to the right the line of the city wall vanishing in the distant horizon; and the exact position of the American Ninth Infantry is indicated by those black objects, far to the right, in the hazy distance.",War and Conflict,0.9981872023030568,"['War and Conflict', 'Military and Naval Defenses', 'Geography and Topography', 'Photography and Imaging']","[0.2502529902637717, 0.2502514387245586, 0.2501990094266617, 0.24929626327254029]",4
52,6,24,War and Conflict,"Indeed, I have scarcely been able to convince myself that those dark objects are not the blue shirts of the brave boys of the Ninth; that is the exact position they occupied at midday, when they found shelter for a time behind some mud-houses.",War and Conflict,0.9999995231047478,"['War and Conflict', 'Military and Naval Defenses']","[0.500004199196133, 0.4999583094693258]",2
52,6,24,War and Conflict,It was there they encountered a deadly flank fire from a range of loop-holed walls not two hundred yards distant.,War and Conflict,0.9999996423941084,"['War and Conflict', 'Military and Naval Defenses', 'Architecture and Building']","[0.3629817409752311, 0.3629809620844992, 0.2740359556213054]",3
52,6,24,War and Conflict,"I must remind you that native villages surround the city, outside the walls, and that these places were filled with Boxers well protected and firing from loop-holes.",War and Conflict,0.977784122345556,"['War and Conflict', 'Military and Naval Defenses', 'British Colonialism']","[0.333152353233896, 0.3331505264913027, 0.3331346019130889]",3
52,7,24,War and Conflict,If we turn more to the left we shall obtain a better view of the mud-wall and the course of the night march of the Allies.,War and Conflict,0.9999986291805116,"['War and Conflict', 'Geography and Topography']","[0.4971965554348855, 0.4970827285261403]",2
52,7,24,War and Conflict,"On the map, the lowest of the six red lines which branch out from our standpoint near the river in the English Concession and the third line from the bottom, each with the number 53 at its end, mark the limits of our next field of vision.",War and Conflict,0.9994221249144188,"['Geography and Topography', 'British Colonialism']","[0.5298689006191658, 0.47010558193664337]",2
53,2,24,War and Conflict,"Although we are on the same roof as before, we have so changed our position as to be able to see a number of citizens and one or two missionaries with their fieldglasses watching the progress of the battle.",War and Conflict,0.999998569577201,"['War and Conflict', 'Military and Naval Defenses', 'Missionary Work']","[0.346397827311634, 0.3461669121950778, 0.30732688107483597]",3
53,2,24,War and Conflict,"Notice how some look in one direction and some in another; some are watching the bursting of the lyddite shells at the South Gate, which we hope to enter to-morrow morning if the Allies are successful; some are looking at the burning city, toward which we shall look soon; others are watching the shells from the Chinese guns on the wall of the city, which are exploding over the Allies.",War and Conflict,0.999999940388081,"['War and Conflict', 'Military and Naval Defenses']","[0.4996586097519392, 0.4995793519258123]",2
53,2,24,War and Conflict,"A little farther to our left than we can now see five or six guns from H. M. S. "" Terrible"" are mounted along this wall; these we shall also see to-morrow, if all goes well, when we move in that direction to enter the city.",War and Conflict,0.9999673948227216,"['War and Conflict', 'Military and Naval Defenses', 'British Colonialism', 'Harbor and Waterways']","[0.2568533094157356, 0.25685291139895167, 0.2568413384197259, 0.2294485522839047]",4
53,2,24,War and Conflict,"Also, beyond our vision limit to the left, near the same wall, two twelve-pound lyddite guns are placed; just across the street, not fifty yards. away, is the City Hall, on the tower of which is the signal corps with a telephone communication with these guns, and we can hear the orders given to the gunners.",War and Conflict,0.9995945325121554,"['War and Conflict', 'Military and Naval Defenses']","[0.49971146997534316, 0.49971081474217277]",2
53,2,24,War and Conflict,Seemingly half-way between us and the West Arsenal you see a cluster of buildings sheltered by walls; near that place the Japanese have a field battery; and farther to the right the Sikhs have another.,War and Conflict,0.999578396980795,"['War and Conflict', 'Military and Naval Defenses', 'Geography and Topography', 'British Colonialism']","[0.2500316376848233, 0.2500307136143909, 0.24996325112029444, 0.2499631915680677]",4
53,2,24,War and Conflict,"As we stand here all of these guns and many others are belching lurid flames, while the earth seems to tremble with their unceasing roar.",War and Conflict,0.9999998807761656,"['War and Conflict', 'Military and Naval Defenses']","[0.5001237706330955, 0.49987599086013906]",2
53,2,24,War and Conflict,"The Grand Canal, coming from the southward, reaches the mud-wall off to the left of the arsenal; a small canal extends from the Grand Canal to the Pei-ho, running close behind the mud-wall.",Harbor and Waterways,0.9574488481785212,"['Geography and Topography', 'Harbor and Waterways', 'Transportation']","[0.3324170118996337, 0.3324169722893991, 0.3324154269197325]",3
53,2,24,War and Conflict,"Many of the troops now engaged passed out during the night behind that wall; others passed over those low, grassy plains to the left until on a line with the arsenal, taking shelter behind the wall till the order was given for a general advance.",War and Conflict,0.9999997615523456,"['War and Conflict', 'Military and Naval Defenses', 'Geography and Topography']","[0.3333731504845145, 0.33337136226508035, 0.33325405639562306]",3
53,2,24,War and Conflict,The night movement was intended to conceal the intended attack; but spies had apprised the enemy and they were well prepared.,War and Conflict,0.9999997615523456,"['War and Conflict', 'Military and Naval Defenses']","[0.5000004470892954, 0.4999994932986205]",2
53,3,24,War and Conflict,Only one person in this group of spectators seems to be watching the Russian attack toward the east and northeast.,War and Conflict,1.0,"['War and Conflict', 'Military and Naval Defenses']","[0.5005459286785209, 0.4994535342934355]",2
53,3,24,War and Conflict,"The person in dark clothes near us, with his field-glass at his eyes, is looking toward the center of the Russian wing across the Pei-ho.",War and Conflict,0.9999998807761656,['Harbor and Waterways'],[0.9895186622496795],1
53,4,13,Military and Naval Defenses,"For a few minutes we shall leave our position here and take another on the tower of the Taku Lighter Company's building, from which we shall look across the Pei-ho to the East Arsenal.",Military and Naval Defenses,0.9999483281134324,"['Harbor and Waterways', 'Military and Naval Defenses', 'Architecture and Building', 'Geography and Topography']","[0.25363867570545207, 0.25228015617004546, 0.24745075226856267, 0.24621141042637731]",4
53,4,13,Military and Naval Defenses,"On the map our new field of vision is given by the red lines connected with the number 54, which branch from the west bank of the river to the right-hand map margin.",Geography and Topography,0.983565102023132,['Geography and Topography'],[0.9996184841282123],1
54,2,24,War and Conflict,"We see something of the scattered villages across the river, where Boxers found defenses from which they fired upon the settlement before the arrival of the relief forces.",War and Conflict,0.9999976754843106,"['War and Conflict', 'Military and Naval Defenses', 'Geography and Topography']","[0.3334393242568918, 0.33343542916058827, 0.3331234576961876]",3
54,2,24,War and Conflict,"We are here at the extreme southern end of the English Settlement and the native houses across the river are few, but to our left, up the river, they extend from the river-front well back into the plain.",Geography and Topography,0.999457531590687,"['Geography and Topography', 'British Colonialism', 'Harbor and Waterways']","[0.3330605331761277, 0.3330592230073009, 0.3330471937787908]",3
54,2,24,War and Conflict,"At present they are everywhere in ruins; fire has obliterated every trace of a habitable home; but even after fire had done its work the enemy found secure points for ""sniping"" from among the ruins.",War and Conflict,0.999999940388081,"['War and Conflict', 'Military and Naval Defenses']","[0.499677934014871, 0.4996442790673389]",2
54,2,24,War and Conflict,The tower on which we stand has been penetrated by several shells fired from two forts a mile farther up the river.,War and Conflict,0.9999969007649548,"['War and Conflict', 'Military and Naval Defenses', 'Harbor and Waterways']","[0.3333229506484605, 0.3333221162526086, 0.3333031230062663]",3
54,2,24,War and Conflict,"In this direction we again see the mud-wall, marking a distance of nearly two miles from the Native City.",Geography and Topography,0.9991462759960942,"['Geography and Topography', 'Architecture and Building']","[0.5179909128173407, 0.4819724090617421]",2
54,2,24,War and Conflict,"Other batteries of artillery had been planted on the wall in attempting to silence the two forts farther up the river, which had been a constant menace to the settlement.",War and Conflict,0.9998982213212472,"['War and Conflict', 'Military and Naval Defenses', 'Harbor and Waterways', 'British Colonialism']","[0.2601604397338145, 0.26016040871648927, 0.2601311660214928, 0.2195445432851666]",4
54,2,24,War and Conflict,"Eastward, two miles from us, we see the East Arsenal, which was captured and burned by the relief expedition in June.",War and Conflict,0.9999994039743072,"['War and Conflict', 'Military and Naval Defenses', 'Geography and Topography']","[0.4454042661082615, 0.44540123971120077, 0.1091681605549229]",3
54,2,24,War and Conflict,"Russian cavalry, infantry and artillery spread out and advanced over that plain toward the East Gate of the Native City and the forts on the river.",War and Conflict,0.9999995827734,"['War and Conflict', 'Military and Naval Defenses']","[0.49918420884263714, 0.49917784195837]",2
54,2,24,War and Conflict,"The ground, as you see, is perfectly level; there is no cover for advancing troops, and the Russians have not yet learned the art of taking shelter by prostrating themselves on the ground; they were raked by rifle fire from the villages and by shell from the forts on the river.",War and Conflict,0.9999991655469742,"['War and Conflict', 'Military and Naval Defenses', 'Geography and Topography']","[0.33334065846843025, 0.3333397843011301, 0.33331904066985046]",3
54,2,24,War and Conflict,"From dawn through the long, hot day, the Russian troops advanced slowly but tenaciously, against overwhelming odds; by nightfall they had captured the forts which had wrought so much destruction and caused so much anxiety; but they had not entered the Native City.",War and Conflict,0.999999940388081,"['War and Conflict', 'Military and Naval Defenses']","[0.5000025330835203, 0.49999544022474796]",2
54,3,24,War and Conflict,We will return to our former lookout on the roof of the German Club Building to witness the battle now going on.,War and Conflict,0.999999940388081,"['War and Conflict', 'Military and Naval Defenses', 'Architecture and Building']","[0.45209267419154353, 0.4520434210948647, 0.09586207236165019]",3
54,4,2,British Colonialism,Turn again on the map to the six lines which branch from one point near the river in the British Concession.,Geography and Topography,0.9921348184266728,"['Geography and Topography', 'British Colonialism', 'Harbor and Waterways']","[0.3328986605286578, 0.3328932638901466, 0.3328719560637819]",3
54,4,2,British Colonialism,"Notice the uppermost line and the second one from it, each with the number 55 at its end on the map margin.",Geography and Topography,0.3771161368804457,['Geography and Topography'],[0.9965630140702147],1
55,2,24,War and Conflict,"We can distinguish faintly the outline of the city wall, especially the towers, which at intervals rise quite above the level of the wall.",Military and Naval Defenses,0.9885672035209028,"['Military and Naval Defenses', 'Architecture and Building', 'Geography and Topography']","[0.33333864435803134, 0.3333376907149048, 0.3333229893120889]",3
55,3,24,War and Conflict,"The fire to the right is in the interior of the city; that to the left is at the South Gate, the objective point of attack by the Allies on the west side of the river.",War and Conflict,0.9999997019871092,"['War and Conflict', 'Military and Naval Defenses']","[0.49700755505860034, 0.49700216392286634]",2
55,3,24,War and Conflict,Every gate has a massive superstructure of wood; that of the South Gate is burning fiercely; with our field-glasses we can see the red tongues of flame licking the sky.,War and Conflict,0.9999926685887196,"['Architecture and Building', 'Military and Naval Defenses', 'War and Conflict']","[0.4628511496890358, 0.46097951363077894, 0.07616685346848162]",3
55,3,24,War and Conflict,"There is an occasional lull to allow the overheated guns to cool; then the quick muzzle flashes begin again, followed by the deafening roar and earthquake shocks.",War and Conflict,0.999999940388081,"['War and Conflict', 'Military and Naval Defenses']","[0.49999961255170794, 0.4999966921518202]",2
55,3,24,War and Conflict,This has continued since dawn; there has been no lull in the steady roll of rifle fire; the fitful popping of the automatic guns sometimes joins in the hellish chorus.,War and Conflict,0.999999940388081,"['War and Conflict', 'Military and Naval Defenses']","[0.49999991059987536, 0.49999877812527405]",2
55,3,24,War and Conflict,In such a long continued storm of deadly missiles of destruction one wonders if one soul can be left alive.,War and Conflict,1.0,"['War and Conflict', 'Military and Naval Defenses']","[0.5001569421933267, 0.499842342332477]",2
55,3,24,War and Conflict,"The sky is cloudless; the sun is merciless; the thermometers register nearly a hundred in the shade; and there, before us over that torrid plain, are scattered eight thousand men, under a scorching sun, without shelter of any kind save the shelter they find in prostrating themselves in filthy pools and quagmires, and yet enduring throughout this long, hot day the well-directed and well-protected fire of some fifty thousand Boxers and Imperial troops.",War and Conflict,1.0,"['War and Conflict', 'Military and Naval Defenses', 'British Colonialism']","[0.3385276391560454, 0.3385194476336542, 0.32294399519817957]",3
55,3,24,War and Conflict,The English and the Ninth U. S. Infantry are fighting near each other to the right of the South Gate.,War and Conflict,0.999999940388081,"['War and Conflict', 'Military and Naval Defenses']","[0.49999341388028823, 0.49999222184567027]",2
55,3,24,War and Conflict,"Some one in our eager group of spectators calls out: ""See the Japs advance on the double-quick!""",War and Conflict,1.0,"['War and Conflict', 'Military and Naval Defenses']","[0.5000177592919485, 0.4999709148039714]",2
55,3,24,War and Conflict,All glasses are up to see the bold little heroes rush forward for a hundred yards under a withering fire and then drop out of sight in the long grass and mud; next some one directs attention to a charge of Russian cavalry on the plain across the river-a long advancing cloud of dust which meant that the cavalry was within it.,War and Conflict,0.999999940388081,"['War and Conflict', 'Military and Naval Defenses']","[0.5000364710812291, 0.4999608466396961]",2
55,3,24,War and Conflict,"We turn again toward the west and see riderless horses galloping back to the arsenal; many of the Allies are now lost to sight among the outlying houses in the villages near the wall, and in the long reeds which cover the ground in places.",War and Conflict,0.9999998807761656,"['War and Conflict', 'Military and Naval Defenses']","[0.494974955281421, 0.4949023957973293]",2
55,3,24,War and Conflict,"Night is coming on, and the ponderous gates are still closed and intact, being within a square court and not exposed to shells.",Military and Naval Defenses,0.5097348435660416,"['War and Conflict', 'Military and Naval Defenses', 'Prisoners and Punishment', 'Architecture and Building']","[0.25021151064406294, 0.2500023083617236, 0.24999003750153914, 0.2497942941930128]",4
55,3,24,War and Conflict,"The Allies are within two hundred yards of the city walls, but not even the lyddite shells have breached the walls or gates.",War and Conflict,0.9999612000934957,"['War and Conflict', 'Military and Naval Defenses']","[0.4999933545722858, 0.49999305656340026]",2
55,3,24,War and Conflict,"Night is coming on and darkness will enable the Allies to withdraw; and what a welcome night it is to those weary men who have borne the brunt of battle and the broiling sun from early morn till darkness-no food, no water, no shelter, and every hour of the long day under a raking fire.",War and Conflict,0.999999940388081,"['War and Conflict', 'Military and Naval Defenses', 'Food and Diet']","[0.3580373491320337, 0.35798951199998497, 0.28396046263917135]",3
55,3,24,War and Conflict,"We on the roof wonder how men can live under such a fire; we talk of the dead and wounded now scattered over those fields where they will remain for the night, sweltering in bloody garments, on beds of mire.",War and Conflict,0.999999940388081,"['War and Conflict', 'Military and Naval Defenses']","[0.7956590640809433, 0.20433230460674034]",2
55,3,24,War and Conflict,"Darkness is to be the salvation of the Allies, for they retired under cover of night to the mudwall, where mud-stained and blood-stained, weary and hungry, they caught snatches of sleep on their arms.",War and Conflict,0.999999940388081,"['War and Conflict', 'Military and Naval Defenses']","[0.4999370254385333, 0.49991974228910424]",2
55,4,24,War and Conflict,"It was learned during the night that the Chinese were as much disheartened as the Allies and anticipating, naturally, a renewal of assault in the morning, with reenforcements, commenced to retreat.",War and Conflict,0.999999940388081,"['War and Conflict', 'Military and Naval Defenses']","[0.49999392067361703, 0.4999924306598028]",2
55,4,24,War and Conflict,"The Allies decided upon a vigorous and concerted attack in the morning, which was made and led by the intrepid Japanese.",War and Conflict,1.0,"['War and Conflict', 'Military and Naval Defenses']","[0.5000022647734956, 0.49999552962488386]",2
55,4,24,War and Conflict,"Two unsuccessful attempts were made to blow down the ponderous gates with dynamite, but each time the fuse failed to ignite.",War and Conflict,0.9999381359158114,['Prisoners and Punishment'],[0.9414066044479019],1
55,4,24,War and Conflict,"A Japanese soldier rushed forward, with torch in hand, ignited the explosive and was himself blown to atoms; but the great gate was blown down.",War and Conflict,0.9999995231047478,"['War and Conflict', 'Military and Naval Defenses', 'Architecture and Building']","[0.40000160666211926, 0.39999736311555417, 0.20000093484269402]",3
55,4,24,War and Conflict,"Led by these soldiers, the whole force streamed through, and the great horde of Boxers and Imperial soldiers were making an ignominious exit from all parts of the city.",War and Conflict,0.9999998807761656,"['War and Conflict', 'Military and Naval Defenses', 'British Colonialism']","[0.3338428850230342, 0.33380528062452364, 0.3323509588528757]",3
55,4,24,War and Conflict,"When early morning brought the welcome tidings that the Allies were entering the Native City, we all felt that the midnight of apprehension was past; that our long-beleaguered conditions were at an end; that the last shell had shrieked over the settlement.",War and Conflict,1.0,"['War and Conflict', 'British Colonialism', 'Military and Naval Defenses']","[0.33552808897000375, 0.33461694591477026, 0.32985260536568334]",3
55,5,24,War and Conflict,"Now let us hasten to the South Gate to witness ""after the battle"" scenes.",War and Conflict,0.999999940388081,"['War and Conflict', 'Military and Naval Defenses']","[0.5015757083954999, 0.49842124225813605]",2
55,5,24,War and Conflict,"We halt first to examine a pair of naval guns, already mentioned as having been brought from H. M. S. ""Terrible,"" and to look again toward the burning city.",War and Conflict,0.999998569577201,"['War and Conflict', 'Military and Naval Defenses']","[0.49801694462310864, 0.49800887048694054]",2
55,5,24,War and Conflict,"On the lower portion of the map find the number 56 in red by the earth-wall along the British Concession, and the two red lines which branch toward the northwest.",War and Conflict,0.9378638149662648,"['Geography and Topography', 'British Colonialism']","[0.499470781137227, 0.49946965036587937]",2
56,2,24,War and Conflict,"These hot, smoking guns are not the first of the afterthe-battle scenes; before reaching this point we have passed lines of wounded men, borne on stretchers; just behind us, in a canal in line with the wall on which we stand, are flat-boats filled with wounded Japanese.",War and Conflict,0.999999940388081,"['War and Conflict', 'Transportation', 'Harbor and Waterways', 'Military and Naval Defenses']","[0.2501491550995961, 0.25013561761871744, 0.2500379776055693, 0.24967465532835065]",4
56,2,24,War and Conflict,"These boats are pushed slowly along with poles, and the spectacle they present is pitiful in the extreme; the bottoms of the boats are crowded with wounded men, some sitting, some lying, all in the hot sun; they are just brought from the muddy field where they have lain and moaned away a dreary night.",War and Conflict,0.9999997019871092,"['War and Conflict', 'Transportation', 'Military and Naval Defenses', 'Harbor and Waterways', 'Prisoners and Punishment']","[0.20093946157915407, 0.20092367750496404, 0.20087995562642588, 0.2008095540359989, 0.19539631037515998]",5
56,2,24,War and Conflict,"The silence is funereal; they are not dead men; they are the wounded, many of them mortally; yet no word is spoken, even by the men poling the boats slowly along.",War and Conflict,0.9999995231047478,"['War and Conflict', 'Harbor and Waterways', 'Transportation', 'Military and Naval Defenses']","[0.2501879692072546, 0.250174578785159, 0.25015129361596017, 0.24946775668513668]",4
56,2,24,War and Conflict,The litter-bearers are as silent as pall-bearers; the tender consideration for the suffering wounded is as solemn as the reverence for the dead.,War and Conflict,0.999999940388081,"['War and Conflict', 'Military and Naval Defenses']","[0.5842008246829851, 0.40847948603981576]",2
56,2,24,War and Conflict,"Remembering the dreadful all-day battle, one can scarcely resist an impulse to lift one's hat when passing the familiar uniform of our own boys, spattered with mud and blood-stained beyond recognition, with a crumpled hat sheltering a pallid face from the fierce sun.",War and Conflict,0.999999940388081,"['War and Conflict', 'Military and Naval Defenses']","[0.4999969602498043, 0.4999901656346948]",2
56,3,24,War and Conflict,Now let us examine these instruments of destruction that have added red pigment to the war-picture behind those distant city walls.,War and Conflict,0.999999940388081,"['War and Conflict', 'Military and Naval Defenses']","[0.5000400445467676, 0.4999529218173997]",2
56,3,24,War and Conflict,The gunners have retired to a slight shelter in the wall near where we stand; they are smeared with smoke and dust; they have slept by these guns.,War and Conflict,0.999999940388081,"['War and Conflict', 'Military and Naval Defenses', 'Daily Life and Occupations']","[0.3333335584806935, 0.33333335980532836, 0.3333318499256645]",3
56,3,24,War and Conflict,"Yesterday, from daylight till darkness, these two grim machines were hot with unremittent firing.",War and Conflict,0.9999998807761656,"['War and Conflict', 'Military and Naval Defenses']","[0.4999352363503632, 0.49991884659728697]",2
56,3,24,War and Conflict,"Now, the enemy's guns are silent, and these two, with many others, look restfully and victoriously toward the destruction they have wrought.",War and Conflict,0.999999940388081,"['War and Conflict', 'Military and Naval Defenses']","[0.5129068968535959, 0.4870920025293065]",2
56,3,24,War and Conflict,"We see the smoke still rising from the South Gate directly before us and, to the right, from the burning city; columns of smoke have been thus rising from different parts of the city for several days; a great part of the city is laid waste, as we shall see when we enter it at that South Gate a little later.",War and Conflict,0.999999940388081,['War and Conflict'],[0.9999876029896113],1
56,3,24,War and Conflict,We are nearly a mile from our former lookout on the roof and not yet in line with the ground over which the Allies advanced.,War and Conflict,0.999999940388081,"['War and Conflict', 'Geography and Topography', 'Military and Naval Defenses']","[0.3335767476988122, 0.33327385420739175, 0.33314931855280955]",3
56,3,24,War and Conflict,"We are looking northwest toward the south wall of the city, and here we get an idea of the pools of water which had to be crossed, though on the line of the advance there are no sheltering banks or ditches, nor buildings like those we see before us.",War and Conflict,0.9998126669373618,"['Geography and Topography', 'Military and Naval Defenses', 'Harbor and Waterways', 'War and Conflict', 'Architecture and Building']","[0.2100523610376163, 0.20993996669282441, 0.2098106627037128, 0.20691063141560487, 0.16328394938375645]",5
56,4,24,War and Conflict,"But we cannot linger here; we must hurry along the top of the wall to a point opposite the West Arsenal, in the rear of this mud-wall, where the exhausted and temporarily repulsed Allies lay on their arms during the past night.",War and Conflict,0.9999997615523456,"['War and Conflict', 'Military and Naval Defenses', 'Geography and Topography']","[0.3333455050054158, 0.3333447897084874, 0.33330863234821967]",3
57,2,24,War and Conflict,But we will not turn to see a row of two hundred dead lying a little behind where we are standing; we will only glance at a scene among the wounded and hurry on to the burning city.,War and Conflict,1.0,['War and Conflict'],[0.9997492939110838],1
57,2,24,War and Conflict,And nearest to us you see a fatally-wounded Japanese soldier and the tender-hearted American boy bestowing the only blessing in his powersome water to allay the feverish thirst of his mortal agony.,War and Conflict,0.9999998807761656,['War and Conflict'],[0.9995835396400337],1
57,2,24,War and Conflict,"The average American admires pluck; the little Japanese is an ideal embodiment of suaviter in modo, fortiter in re; our boys recognize this and make pets of the manly little fellows.",War and Conflict,0.9999997019871092,['War and Conflict'],[0.9957788244157544],1
57,2,24,War and Conflict,I have frequently seen an American and a Japanese walking arm in arm when neither could understand a word spoken by the other.,Social Classes and Customs,0.9618559051504304,['Daily Life and Occupations'],[0.9979747498529979],1
57,2,24,War and Conflict,"It has frequently been a great convenience to me, in passing a Japanese guard, that I had only to call out ""American,"" when the cordial recognition, ""All right,"" in quaint English, was quickly given.",War and Conflict,0.9999992847883448,"['War and Conflict', 'Daily Life and Occupations', 'Social Classes and Customs', 'Prisoners and Punishment', 'Military and Naval Defenses']","[0.24066548495361195, 0.24058664780798178, 0.23990245892461054, 0.22781359288187955, 0.05103104082826594]",5
57,2,24,War and Conflict,Photography is merciful and does not portray the blood-smeared garments and the blood clots on the ground where the wounded have lain over night.,Photography and Imaging,0.999994874283351,"['Photography and Imaging', 'War and Conflict']","[0.49792686878450054, 0.49792609712684854]",2
57,4,11,Geography and Topography,"A few rods back from where we stand, we will ascend the mud-wall and look toward the Native City and the South Gate (see map).",Geography and Topography,0.9999998807761656,['Geography and Topography'],[0.9975094642792787],1
58,2,24,War and Conflict,"The allied armies have passed this morning from where we stand across that plain to the wall of the city through which they have just gone, led by the Japanese.",War and Conflict,0.999999940388081,"['War and Conflict', 'Military and Naval Defenses']","[0.4990678792517244, 0.49904610670428734]",2
58,2,24,War and Conflict,"To the extreme left, as I recall, the French flag; nearer the smoke, the American, over the South Gate; between the two columns of smoke, the Japanese, the English being hoisted in another part of the city.",War and Conflict,0.999999940388081,['War and Conflict'],[0.9904923826663556],1
58,2,24,War and Conflict,"You can distinguish the outlines of the walls of the city here, much as we could from the roof of the German Club building, showing still a distance of over a mile.",War and Conflict,0.9996856279682405,"['Geography and Topography', 'Architecture and Building']","[0.47580721500836204, 0.4757977433953414]",2
58,2,24,War and Conflict,"The road which extends from this point to the South Gate lies directly before us; it swings around that pond to the left, then again. to the right, passing around those farther native houses, where we see a number of persons; then again it deflects to the left, and continues directly to the South Gate at the left of the rising smoke, where the American flag flies triumphant over the smoldering ruins.",War and Conflict,0.999999940388081,"['War and Conflict', 'Geography and Topography', 'Transportation']","[0.3383737616081366, 0.33836577462640877, 0.3232571157240297]",3
58,2,24,War and Conflict,"The ruins of the West Arsenal which we have had occasion to mention so frequently, lie at our right, extending nearly up to those trees and facing that small native village on the left.",Military and Naval Defenses,0.926853677841846,"['Geography and Topography', 'Military and Naval Defenses', 'Architecture and Building']","[0.32906865755476195, 0.3290675989114397, 0.32905645921651056]",3
58,2,24,War and Conflict,"These ponds occur frequently over the battlefield; sometimes as drainage canals, sometimes as mere stagnant pools.",Geography and Topography,0.5934705920085809,"['War and Conflict', 'Geography and Topography', 'Military and Naval Defenses']","[0.33339443685098114, 0.3333939997303761, 0.3332093775806781]",3
58,2,24,War and Conflict,"At a point half way to the city the Boxers had breastworks thrown across the road, and behind these were vast quantities of fired rifle shells.",War and Conflict,0.999980450817114,"['War and Conflict', 'Military and Naval Defenses', 'British Colonialism']","[0.3335419089304536, 0.3335407956316266, 0.33290914498718116]",3
58,3,24,War and Conflict,"We see before us a band of coolies bearing a palanquin containing some important personage, probably a civil functionary who has been allowed to pass the guards and escape to the country; or it may be a distinguished prisoner in charge of that officer who follows.",War and Conflict,0.9965190848122082,"['Transportation', 'British Colonialism', 'Prisoners and Punishment', 'Social Classes and Customs', 'Daily Life and Occupations']","[0.2013326136892961, 0.20133165346360182, 0.20133153355657032, 0.20132978150251382, 0.19467187382648543]",5
58,3,24,War and Conflict,"We hurry on to reach the South Gate, and in passing through suburban villages we see many victims of the previous day's fighting; some within their houses, some in the yards of their homes; one little boy, I could not but notice, who lay over the threshold of his home, his feet projecting into the street.",War and Conflict,0.999999940388081,"['War and Conflict', 'Family and Social Structures', 'Military and Naval Defenses']","[0.33376755569453803, 0.3334692558082295, 0.3327448873991497]",3
58,3,24,War and Conflict,When we reach the gate we find all is chaos and consternation; the flames within the walls of the quadrangular square at the gate are still burning fiercely.,War and Conflict,0.999999940388081,['Architecture and Building'],[0.9693472923362361],1
58,3,24,War and Conflict,"The Japanese seem to be in charge, but the Stars and Stripes have been sent up, even amid flame and smoke, and there they still float.",War and Conflict,0.999999940388081,"['War and Conflict', 'Military and Naval Defenses']","[0.49984090001782855, 0.4996510242592965]",2
58,3,24,War and Conflict,"Our position is given on the map by the red lines connected with the number 59, which start a few rods east of the South Gate and branch west.",War and Conflict,0.9995916150512963,['Geography and Topography'],[0.999892371649597],1
59,2,13,Military and Naval Defenses,"We entered there from our left, turned in this direction and ascended the wall at that inclined causeway at the right of the Japanese soldiers on the wall.",Military and Naval Defenses,0.7686032479200121,"['War and Conflict', 'Military and Naval Defenses']","[0.4996843384928345, 0.49965163623923015]",2
59,3,24,War and Conflict,For days we have been looking to this spot before us; now we stand upon it when the victorious Allies are spreading out into every part of the city to our right.,War and Conflict,1.0,"['War and Conflict', 'Military and Naval Defenses']","[0.7880040714680456, 0.21192867727087392]",2
59,3,24,War and Conflict,These poor fellows do not look much like overthrowing the reigning dynasty or even expelling the foreigners.,War and Conflict,0.9999998807761656,"['British Colonialism', 'War and Conflict']","[0.5001289341517214, 0.4997527405250032]",2
59,3,24,War and Conflict,"The greater number of dead are in the streets and houses near this gate, many of whom have been killed by common shells and the deadly gases of the lyddite shells.",War and Conflict,0.999999940388081,['War and Conflict'],[0.9942975700621807],1
59,3,24,War and Conflict,"The wall, at the point where the soldiers are standing, extends to the left for about fifty feet, forming a quadrangle within which the great gates are located; hence, the impossibility of reaching them with shell.",Military and Naval Defenses,0.999988378030372,"['War and Conflict', 'Military and Naval Defenses', 'Geography and Topography', 'Architecture and Building']","[0.2521323597685578, 0.25213190895772963, 0.2519450754776173, 0.24379047545129207]",4
59,3,24,War and Conflict,"While we are considering the wall, let me ask you to notice how it is constructed, as, at this place, the ruinous condition shows the formation, viz., a face wall, eight or ten feet in thickness on both sides, and the interspace filled with clay.",Military and Naval Defenses,0.6796842644133558,"['Architecture and Building', 'Military and Naval Defenses']","[0.5000414146389892, 0.4999501804636884]",2
59,3,24,War and Conflict,"Seated by the wall we see two Japanese civilian onlookers; may be they are attachés of the army, or correspondents; beyond them, standing against the wall, is a large native gun, called a gingal or twoman gun.",War and Conflict,0.999994218799997,"['War and Conflict', 'Military and Naval Defenses', 'British Colonialism', 'Photography and Imaging']","[0.2554396752336648, 0.25541799715813424, 0.2541894031119885, 0.23491757360135948]",4
59,3,24,War and Conflict,"Many of these were brought into requisition by the Boxers, while the regular soldiers were supplied with the Austrian army guns, considered by many the most effective weapon on the field.",War and Conflict,0.999991297659684,"['War and Conflict', 'Military and Naval Defenses']","[0.4999978840005751, 0.49999728797758225]",2
59,4,13,Military and Naval Defenses,"We will pass along to that projecting point on the wall, at the right of the Japanese soldier, and face in this direction, that we may see a continuation of the wall back of us and the aspect of the street running parallel with it down on our right.",Military and Naval Defenses,0.999976756188538,['Photography and Imaging'],[0.9753204587180113],1
59,4,13,Military and Naval Defenses,"On the map see red lines, connected with the number 60, which branch to the east from near the South Gate.",Military and Naval Defenses,0.999518319390731,['Geography and Topography'],[0.9832421640935715],1
60,2,24,War and Conflict,Here we have a general view looking east along the old wall which swings to the left in the distance.,Military and Naval Defenses,0.6564035772267168,"['Photography and Imaging', 'Architecture and Building', 'Military and Naval Defenses', 'Geography and Topography']","[0.25005810639682163, 0.25004195548522146, 0.24995239529516852, 0.2499474533925417]",4
60,2,24,War and Conflict,"The German Club building, from which we obtained our first panoramas of the battlefield, lies over a mile farther to the right than we can see.",War and Conflict,0.9999436182876552,"['War and Conflict', 'Geography and Topography', 'Architecture and Building', 'Photography and Imaging']","[0.25020542902420295, 0.25018341981957304, 0.24987515992368048, 0.2494607066986126]",4
60,2,24,War and Conflict,"We have again, from this position, a view of the Japanese military supply force, and there, near us, is an officer's horse; we see bands of coolies, probably commandeered for service; we see a line of captured “rikishas""; we may observe also this range of poorer houses made of mud; the better buildings are of brick, but all of one low story as usual.",War and Conflict,0.9999858740154206,"['War and Conflict', 'Transportation', 'Military and Naval Defenses', 'Photography and Imaging', 'Architecture and Building']","[0.14293499579111493, 0.142929032654416, 0.14291339574255096, 0.14288046040747515, 0.14286096474782142]",5
60,2,24,War and Conflict,"You may notice many of these mud-houses pinked with bullet holes, made by shots passing over the wall and, more than likely, by some volleys fired after the entrance at the gate, which now lies behind us.",War and Conflict,0.9999998807761656,"['War and Conflict', 'Military and Naval Defenses', 'Architecture and Building']","[0.33336333263769335, 0.3333454905498049, 0.3329611504099273]",3
60,2,24,War and Conflict,"Farther on, a little to the left, we may see where a shell has penetrated a mud-roof; but still more interesting are buildings beyond, fronting on this same street where you see an open space, flanked by a brick wall; they are to the left of the wall and are a little higher than the surrounding structures.",War and Conflict,0.9995059779688584,"['Architecture and Building', 'War and Conflict', 'Military and Naval Defenses', 'Geography and Topography']","[0.2503197887399435, 0.2503191620720772, 0.2500919276681872, 0.24926894247143896]",4
60,2,24,War and Conflict,"They constitute a native arsenal and were well filled with all sorts of war materials, including cannon, rifles of many kinds, swords, ammunition, flags, soldiers' clothing, etc.",Military and Naval Defenses,0.5200732633063492,"['War and Conflict', 'Military and Naval Defenses', 'Fashion and Dress']","[0.3344579777632565, 0.3344576189210208, 0.33108304771146463]",3
60,2,24,War and Conflict,There is no doubt but that the ample supply of this military storehouse furnished many a souvenir to both civilian and soldier.,War and Conflict,0.9999982118117786,"['War and Conflict', 'Military and Naval Defenses']","[0.5004694329861243, 0.49947556332706283]",2
60,2,24,War and Conflict,"After the capture of the city it was divided into districts, and the different districts were assigned to troops of different nations for control and government.",War and Conflict,0.999999940388081,"['War and Conflict', 'Military and Naval Defenses', 'British Colonialism']","[0.44480535853351083, 0.4271742532629712, 0.12801763099776753]",3
60,2,24,War and Conflict,"This district extends from the South Gate nearly to the tower we see in the distance, and to the left an equal distance.",Geography and Topography,0.9999945167719752,['Geography and Topography'],[0.9999878411547521],1
60,2,24,War and Conflict,"Fortunately for the Americans the district contained both an arsenal and a mint; more correctly the so-called mint was a public building for the safe-keeping of syce or silver bullion received from all parts of the Empire, in payment for salt, which is produced in great quantities from sea-water, by solar evaporation, and shipped to the different Provinces.",British Colonialism,0.8948155482759684,"['Trade and Commerce', 'British Colonialism', 'Daily Life and Occupations', 'Food and Diet']","[0.24773524289696033, 0.24772975036829112, 0.24672706205168435, 0.24474954335626373]",4
60,2,24,War and Conflict,"In giving an account of this mint or salt-yamen, as we will call it, I must anticipate, in order that you may understand the interest attached to the scene before us; that is, I must tell you something of what transpired several days after the capture of the city, that you may better understand the scene presented here on the day following the battle.",War and Conflict,0.9999996423941084,"['War and Conflict', 'British Colonialism']","[0.5006089347696879, 0.49937196941715867]",2
60,3,24,War and Conflict,"The location of the salt-yamen is indicated by those two tall poles resembling flag-poles off to our left; the buildings, at the time we are looking on the scene, are still smoldering, and few seemed to know that said buildings contained great quantities of bullion.",War and Conflict,0.9999986291805116,"['War and Conflict', 'Architecture and Building']","[0.4998424327928273, 0.49959596549985835]",2
60,3,24,War and Conflict,Soon after I was here I met an Anierican soldier who had in his possession an old bag containing about as much silver as he could conveniently carry.,War and Conflict,0.9999998211970382,['War and Conflict'],[0.9999495790490869],1
60,3,24,War and Conflict,"It proved, however, to be silver of the first quality, worth thirty-five dollars per bar.",Trade and Commerce,0.9815785693615174,['Trade and Commerce'],[0.999631452958159],1
60,3,24,War and Conflict,"During the following night, and before the military officers in command were fully aware of the great quantity of silver in the burning ruins, soldiers and others had carried off vast amounts.",War and Conflict,0.9999998211970382,['War and Conflict'],[0.9992847117185418],1
60,3,24,War and Conflict,"From this source syce became so plentiful in the settlement that the military authorities prohibited the banks from buying it, and made some attempts to confiscate what had been thus taken by individuals.",War and Conflict,0.9999951722473392,"['Trade and Commerce', 'British Colonialism', 'War and Conflict', 'Daily Life and Occupations', 'Military and Naval Defenses']","[0.1679027706833453, 0.1678920620382218, 0.16789042196381607, 0.1678509486745805, 0.16707934235555832]",5
60,3,24,War and Conflict,"A guard was placed over it finally, and the silver was removed to the headquarters of the U. S. Marines; but what disposition was finally made of this rich capture I have never been able to learn.",War and Conflict,0.9999997615523456,"['War and Conflict', 'Transportation']","[0.5127669360685538, 0.485385865962019]",2
60,3,24,War and Conflict,"This, however, I know, that when it was brought into the marine headquarters I made a photograph of nine four-mule wagon loads of silver, all standing at one time before the marine barracks, and was told that these nine four-mule teams would have to make a second trip to the yamen for the balance.",War and Conflict,0.999943379802516,"['Photography and Imaging', 'Transportation', 'Trade and Commerce']","[0.3332958232410449, 0.3332954656803633, 0.33321383199490007]",3
60,3,24,War and Conflict,It was well known later that the Americans were not the only ones among the allied troops who found and carried away treasure.,War and Conflict,1.0,['War and Conflict'],[0.9999206152798031],1
60,3,24,War and Conflict,"It was a great surprise to me, on returning to the United States, to learn that so little mention had been made of these captures of such enormous quantities of bullion; indeed, up to the present, I have never met any one who had even heard of it.*",War and Conflict,0.9999984503497856,"['Trade and Commerce', 'War and Conflict']","[0.5079908404382597, 0.4918770456702629]",2
60,4,24,War and Conflict,"If we turn about and follow the wall westward, only a few paces, past the tower on which we saw the American flag floating, we shall be within the section of the city occupied by the French.",War and Conflict,0.9999993443882876,['Geography and Topography'],[0.9977301041276331],1
60,4,24,War and Conflict,"Our position and field of vision is given on the map by the red lines which start from the south wall, a short distance west of the South Gate, and branch northeast.",War and Conflict,0.9998987577085956,['Geography and Topography'],[0.9872794264597797],1
60,5,24,War and Conflict,"From the New York Tribune of March 11, 1902, we quote the following ""According to a dispatch from Washington dated January 23, Secretary Hay that day handed to Minister Wu-Ting-Fang a draft on the United States Treasury for $376,600, the value of the silver bullion captured by American marines at Tien tsin.""",War and Conflict,0.9999991655469742,"['War and Conflict', 'Trade and Commerce', 'Military and Naval Defenses']","[0.33493304810297114, 0.3348428758799653, 0.33022283827749893]",3
61,2,24,War and Conflict,"For several days after the city was taken, destructive fires broke out in different parts, and it was reported that the entire city was to be destroyed, and from the precipitate flight of the terror-stricken inhabitants, one could not but believe that such notice had been served upon them.",War and Conflict,0.999999940388081,['War and Conflict'],[0.999985456704346],1
61,2,24,War and Conflict,"At every gate, men, women and children were trampling and jostling in their efforts to escape to the country and to outlying villages.",War and Conflict,0.9999767561958138,"['War and Conflict', 'Plague and Disease', 'Family and Social Structures']","[0.33728927621670696, 0.3362150455849848, 0.3264662442383257]",3
61,2,24,War and Conflict,"Here you can see homes going up in flame and smoke, and the homeless people sitting around awaiting permission from the French guards to leave the city.",War and Conflict,0.9999998807761656,"['Photography and Imaging', 'Social Classes and Customs', 'War and Conflict']","[0.4746403091806792, 0.47458391747000234, 0.05065299381392252]",3
61,2,24,War and Conflict,"These poor people are probably in no way responsible for the Boxer uprising, yet they have lost home and all save these paltry bundles, and thousands and tens of thousands have shared this ruthless fate.",War and Conflict,0.9999997615523456,"['War and Conflict', 'British Colonialism']","[0.500957452668521, 0.49898086178419854]",2
61,2,24,War and Conflict,From here you can only see at a distance the ravages of flame; you cannot see within those homes and shops the ravages of human hands as I saw them after leaving this spot and passing through streets near those all-devouring elements.,War and Conflict,0.999999940388081,"['War and Conflict', 'Daily Life and Occupations', 'Architecture and Building']","[0.8473205754744574, 0.055347183524211065, 0.05152824648983659]",3
61,2,24,War and Conflict,"Doors were smashed; shops were entered and plundered; men and women were fleeing, carrying their precious heirlooms-their jewels, their furs, their silks, their embroidery, their money.",War and Conflict,0.9999998211970382,"['War and Conflict', 'Fashion and Dress', 'Social Classes and Customs']","[0.42604793537411495, 0.42496168544028856, 0.14853540900933784]",3
61,2,24,War and Conflict,"These much-prized valuables were snatched from them, and they dared not protest; they could not protest; they could not even tell that they were not Boxers; but their lives were dearer than their most cherished jade-stones, and they were even thankful to escape with life and honor.",War and Conflict,0.9999998211970382,"['War and Conflict', 'Prisoners and Punishment', 'Social Classes and Customs']","[0.3431900796392216, 0.34277062259690877, 0.3139942980093521]",3
61,2,24,War and Conflict,I saw native women surrender their dearest belongings almost in a spirit of gratitude that life was not demanded.,War and Conflict,0.9999992847883448,"['War and Conflict', 'British Colonialism', 'Prisoners and Punishment', 'Social Classes and Customs', 'Family and Social Structures']","[0.2001150231593726, 0.20010703222761692, 0.2000905025677506, 0.20007121329561142, 0.19951858349322446]",5
61,2,24,War and Conflict,"Looting from an enemy bent on taking your life as well as your property is justifiable by a natural quid pro quo equivalency, or by the law of reprisal, as well as by the Old Testament code; but indiscriminate plunder of friend and foe is robbery, and robbery is robbery even in war.",War and Conflict,0.999999940388081,['War and Conflict'],[0.998532128548448],1
61,2,24,War and Conflict,"The looting by the Allies was not confined to the enemy, nor even to the Chinese, but extended to the European settlement, where temporarily vacated homes of Europeans were entered and plundered.",War and Conflict,0.999999940388081,"['War and Conflict', 'British Colonialism']","[0.5145600796223923, 0.4854086391765057]",2
61,2,24,War and Conflict,"Li Hung Chang said to a friend of mine that he had been reading up the Mosaic decalogue of the Christians, and suggested that the eighth commandment should be amended to read, ""Thou shalt not steal, but thou mayst loot.""",War and Conflict,0.9999998807761656,['War and Conflict'],[0.9997369960220004],1
61,2,24,War and Conflict,I have here mentioned looting because that which I witnessed and which I shall not soon forget occurred near where you see this fire burning.,War and Conflict,0.999999940388081,['War and Conflict'],[0.9999417094273426],1
61,3,13,Military and Naval Defenses,"After an interval of three days we return to the South Gate and stand again on the wall over the gate and look directly north, toward the heart of the city.",Military and Naval Defenses,0.9997835923768634,['Geography and Topography'],[0.9754869447649893],1
62,2,24,War and Conflict,"Before us lies a great city, not only deserted, but sacked, looted, and in ashes, by Christian armies.",War and Conflict,0.999999940388081,['War and Conflict'],[0.9999758021596905],1
62,2,24,War and Conflict,"A day later that long thoroughfare was a slow-moving line of homeless, weeping human beings-their homes in ashes, without food, friendless, and, in many cases, their kindred left charred in the ruins of their homes.",War and Conflict,0.999999940388081,['Family and Social Structures'],[0.997361889023661],1
62,2,24,War and Conflict,"There were mothers with babes; there were aged men and women supported by younger members of the family; there were wounded borne on wheelbarrows, when it was their fortune to have friends; otherwise, they were left to die.",War and Conflict,0.987870539603913,"['War and Conflict', 'Family and Social Structures', 'Transportation', 'Plague and Disease', 'Social Classes and Customs']","[0.20312767663129003, 0.20312765242130795, 0.202991010696313, 0.2029836116815897, 0.187720179244466]",5
62,2,24,War and Conflict,"I saw one poor fellow, whose leg had been shattered by a bullet, painfully hitching himself along by inches, dragging the broken limb, while the bone protruded from the wound.",War and Conflict,1.0,"['War and Conflict', 'Military and Naval Defenses', 'Prisoners and Punishment']","[0.33358220419627177, 0.3334315605360404, 0.3329782823826356]",3
62,2,24,War and Conflict,"At the same time, this street was strewn with corpses; those of persons asphyxiated by the fatal gases of the lyddite shells could easily be distinguished by the yellow discoloration of the skin.",War and Conflict,0.999999940388081,"['War and Conflict', 'Military and Naval Defenses']","[0.4836577017946665, 0.48364703625849753]",2
62,2,24,War and Conflict,"Lily-feet, which were so expensive at Shanghai, were here the appendages of inangled corpses that had no more consideration than the carcasses of dogs, which also lined the streets; but the camera cannot portray nor the pen describe those heartrending scenes along this narrow street after the battle.",War and Conflict,0.999999940388081,"['War and Conflict', 'Photography and Imaging', 'Social Classes and Customs', 'Military and Naval Defenses']","[0.32697347164891977, 0.32654688236547563, 0.28349876981825006, 0.0627565373182597]",4
62,3,1,Architecture and Building,"You see two coolies with wheelbarrows; these have been allowed to pass the guards to gather up scraps of worthless iron, or something of no value from the ruins.",Architecture and Building,0.9999794974238247,"['Daily Life and Occupations', 'War and Conflict', 'Social Classes and Customs', 'Transportation', 'British Colonialism']","[0.19961899662272048, 0.19961490401584706, 0.19960353051076912, 0.19950690970137736, 0.19912577748645066]",5
62,3,1,Architecture and Building,"You see also a woman who has been allowed to pass within the gates; we can only conjecture her mission; it is, doubtless, an urgent one, may be, to search for valuable property or missing friends.",Daily Life and Occupations,0.9938751928452472,"['Prisoners and Punishment', 'Daily Life and Occupations', 'Social Classes and Customs', 'Family and Social Structures']","[0.7208907974101952, 0.12923569464205525, 0.0798680642042511, 0.06147959998120975]",4
62,3,1,Architecture and Building,"Besides being a sad picture of a pillaged and deserted city, you can see the character of its architecture; its situation on a level plain; its low one-story brick buildings and narrow streets, this being one of the principal thoroughfares.",Architecture and Building,0.999999642375208,"['Architecture and Building', 'Geography and Topography', 'War and Conflict', 'Photography and Imaging']","[0.2501467797257806, 0.2501451098278675, 0.25013750642811483, 0.24956613079833312]",4
62,5,24,War and Conflict,"you may wish to witness a closer view of live specimens, and I think I promised you such a privilege on our way to the north.",War and Conflict,0.9999101992012558,"['Education', 'Transportation', 'Daily Life and Occupations']","[0.5139180538273597, 0.4177255808398271, 0.0607599624987236]",3
62,5,24,War and Conflict,"We will therefore leave the Native City and return to the European settlement, where we shall be able to see about fifty.",British Colonialism,0.9535525310279044,['British Colonialism'],[0.9999026065998056],1
63,2,24,War and Conflict,"Some time after the capture of the city of Tien-tsin it was learned that a large force of Boxers were advancing from the southwest, and had reached a place only ten miles away.",War and Conflict,0.999999940388081,"['War and Conflict', 'Military and Naval Defenses', 'British Colonialism']","[0.3532199476453892, 0.3532077366011459, 0.2935694526087237]",3
63,2,24,War and Conflict,The guns which had been used against the Native City were mounted on the mud-wall and trained in the direction of the threatened advance.,Military and Naval Defenses,0.7548825930179403,"['War and Conflict', 'Military and Naval Defenses', 'British Colonialism']","[0.33334394181773286, 0.33334370340626046, 0.3333113216117247]",3
63,2,24,War and Conflict,Breastworks were thrown up along the crest of the wall and every preparation made to resist any force which might be brought against them.,Military and Naval Defenses,0.9999934438270708,"['Military and Naval Defenses', 'War and Conflict', 'Architecture and Building']","[0.3333741689580458, 0.3333741689580458, 0.3332474895669113]",3
63,2,24,War and Conflict,"Even if the whole army which had fled from the city should return with reënforcements, the Allies intrenched behind the mud-wall were confident they could repel it and seemed quite anxious that an attack might be made.",War and Conflict,0.9999809870102908,"['War and Conflict', 'Military and Naval Defenses']","[0.49999994039237805, 0.4999995231659149]",2
63,2,24,War and Conflict,The force sent out included the U. S. Sixth Cavalry and a company of Indian Lancers.,War and Conflict,0.9999983907256808,"['War and Conflict', 'Military and Naval Defenses']","[0.4999987779837809, 0.49999776480063624]",2
63,2,24,War and Conflict,Boxers often doff their distinctive uniform for the ordinary coolie's or peasant's garb when about to be captured; so that it is not always easy to know a metamorphosed Boxer from a common coolie.,War and Conflict,0.9999942187904474,"['War and Conflict', 'Social Classes and Customs', 'Fashion and Dress', 'Prisoners and Punishment', 'British Colonialism']","[0.19261473097948917, 0.19261282532341795, 0.19261036864059553, 0.19253873987670853, 0.19232629658325012]",5
63,2,24,War and Conflict,"The boys said they knew one was a genuine Boxer because he carried a weapon; at the same time one of the cavalrymen grabbed the ""real thing"" by the pigtail and tugged him into the foreground and placed him near the camera as you see, saying at the same time: ""You can tell by his bloomin' squint that he's a bloody warrior.""",War and Conflict,0.999996960377602,"['War and Conflict', 'Photography and Imaging', 'British Colonialism']","[0.3231536879629235, 0.32314983583965196, 0.32092306157746253]",3
63,2,24,War and Conflict,"The English and American soldiers were quite fraternal in China, hence the adoption of English slang.",War and Conflict,0.9999954105465618,"['War and Conflict', 'British Colonialism', 'Social Classes and Customs']","[0.3328042079797225, 0.33277259264810904, 0.33216339977955023]",3
63,2,24,War and Conflict,"One would scarcely expect to find natives of Borneo or the Fiji Islands more barbarous in appearance; and it is well known that a great proportion of the Boxer organization is of this sort; indeed, we may even say by far the larger half of the population of the empire is of this low, poor, coolie class.",Social Classes and Customs,0.9999751467781428,"['Social Classes and Customs', 'War and Conflict', 'British Colonialism']","[0.43477589343660306, 0.4315861410461002, 0.13362568270699463]",3
63,2,24,War and Conflict,This view was made during a very hot day in a torrid sun; and still they sit here with their heads shaven and uncovered without a sign of discomfort.,Daily Life and Occupations,0.4024819892213536,"['Fashion and Dress', 'Social Classes and Customs', 'Daily Life and Occupations']","[0.37810800439125525, 0.3738621905861663, 0.2068190165577087]",3
63,2,24,War and Conflict,They are quite devoid of the insolent boldness that characterizes the mountain tribes in the Province of Hunan; they are prisoners and do not yet know their fate.,Prisoners and Punishment,0.9999996423941084,"['Prisoners and Punishment', 'Social Classes and Customs']","[0.4975267349684637, 0.4973679621557735]",2
63,2,24,War and Conflict,"To-morrow they may be shot; but whether it is bambooing, shooting or beheading, one fellow decides he will take a smoke.",War and Conflict,0.9999728215589988,"['Prisoners and Punishment', 'War and Conflict']","[0.499984653549274, 0.49998381924708896]",2
63,3,23,Transportation,We are but a short distance from the Pei-ho (see number 63 in red in the German Concession on the map).,Transportation,0.9966147615339928,"['Geography and Topography', 'Harbor and Waterways']","[0.5013836018750557, 0.4985637348753809]",2
63,3,23,Transportation,"Leaving the Boxers with the guards, let us stroll to the river, where we may witness a novelty in transportation.",Transportation,0.9999963044649648,"['Transportation', 'Prisoners and Punishment', 'Harbor and Waterways']","[0.33337989683087804, 0.333272514533587, 0.33300215919858495]",3
64,2,23,Transportation,The wheelbarrow is both the cart and the carriage of northern China; it is one of the few things that has attained a higher development in China than in any other part of the world.,Transportation,0.9999958275089476,"['Transportation', 'Daily Life and Occupations', 'Agriculture and Farming']","[0.33338490872367416, 0.33337755698384547, 0.3332321296107617]",3
64,2,23,Transportation,"You can see in those before us the unusual construction, the great size of the wheel which is placed in the center of a heavy frame which projects in all directions; observe also how far apart the handlebars are placed in order to giver power to balance.",Transportation,0.9999997019871092,['Transportation'],[0.9999628031889599],1
64,2,23,Transportation,A rope or strap extends from the handle-bars over the man's shoulders; this gives power of equilibrium and distribution of weight.,Transportation,0.9999998807761656,['Daily Life and Occupations'],[0.9999522281841813],1
64,2,23,Transportation,"A strong wheelbarrow coolie will carry two passengers and make twenty miles a day on a daily allowance of twenty cents; that would be ten cents for each passenger, or one-half cent per mile about one-fourth the lowest rates on any of our railways.",Transportation,0.9999434990341652,"['Transportation', 'Daily Life and Occupations', 'Trade and Commerce', 'British Colonialism', 'Social Classes and Customs']","[0.23374550528694873, 0.23374508726676654, 0.2336538715716898, 0.23308041091292114, 0.06577498562143375]",5
64,3,23,Transportation,"At Shanghai we referred to the wheelbarrow as a passenger vehicle, while here you may see it used in transporting all kinds of commodities.",Transportation,0.9995103826452858,"['Transportation', 'Daily Life and Occupations', 'Trade and Commerce']","[0.33278220663393754, 0.33277748588530687, 0.3327496810696251]",3
64,3,23,Transportation,They have been brought into requisition in great numbers by the different nations to transport army stores from the boat-landing at the river front to the different places of encampment or to storage places for supplies.,Transportation,0.9999980328676678,"['Transportation', 'War and Conflict', 'Military and Naval Defenses', 'Harbor and Waterways', 'Daily Life and Occupations']","[0.20002565281866794, 0.20002558128831602, 0.20001818971241447, 0.20001785605349967, 0.19989435972465938]",5
64,3,23,Transportation,"This small army of wheelbarrows is in control of the Japanese, as you may see by the flag borne by one of them; a very small flag is also attached to the front of each barrow-a flag with a white field and a black disk in the center.",Transportation,0.9999901657821904,"['War and Conflict', 'Transportation', 'Military and Naval Defenses']","[0.33736256228789063, 0.33735813909219103, 0.324779034907999]",3
64,3,23,Transportation,"These wheelbarrow men are often careless about keeping the bearings of the wheels lubricated, and when such is the case the creaking noise under a heavy burden is excruciating.",Daily Life and Occupations,0.9640691627280756,"['Daily Life and Occupations', 'Transportation']","[0.499947747934357, 0.4999435760799328]",2
64,3,23,Transportation,"Try to imagine this entire force tearing on with heavy loads and dry axles, and you may realize the susceptibilities of the human tympanum in relation to harmony and discord.",Transportation,0.9999994635464606,['Transportation'],[0.9994597912685328],1
64,3,23,Transportation,"But the most interesting thing about these quaint motors is, that in case you have a quantity of merchandise to be moved from one point to another you can have it done by these coolies with their barrows for much less than it would cost you by modern carts, trucks, wagons or railways, and done with greater care and less destruction to the goods transported.",Transportation,0.99871327856988,"['Transportation', 'Trade and Commerce', 'Daily Life and Occupations', 'British Colonialism', 'Social Classes and Customs']","[0.20063428671046654, 0.20063411929057892, 0.2006336648850175, 0.19995673019944127, 0.1981403379224506]",5
64,4,13,Military and Naval Defenses,"Notice the building on our left with the American flag flying over it; it is the headquarters of the Quartermaster's Department, and I call your attention to it because when I am ready to start for Pekin I must come to this office and present a letter to General Chaffee from the State Department at Washington in order to get from him a permit for transportation on one of the commandeered small cargo junks which sail from the landing before that office.",Military and Naval Defenses,0.8801124689638032,"['Transportation', 'War and Conflict', 'Harbor and Waterways', 'Military and Naval Defenses', 'Daily Life and Occupations']","[0.2168520712157318, 0.21685158010153774, 0.21678273930348987, 0.2022047775854805, 0.14728171611309926]",5
64,4,13,Military and Naval Defenses,You can see some of these boats now at the landing beyond that great mound of army supplies over which the flag is flying.,Harbor and Waterways,0.9998955392578672,"['Transportation', 'Harbor and Waterways', 'War and Conflict', 'Military and Naval Defenses']","[0.24929384808289973, 0.24929277836787617, 0.24927940574587013, 0.24906490508259063]",4
64,4,13,Military and Naval Defenses,"You will notice two of our own soldier boys whose free and easy manner and comfortable negligée has occasionally elicited unfavorable criticism from foreigners, this rough and ready undress being regarded as slovenly and unmilitary, especially in parade, but we believe in sacrificing appearance for the best fighting conditions.",Military and Naval Defenses,0.9982679567401012,"['War and Conflict', 'Fashion and Dress', 'Military and Naval Defenses', 'Social Classes and Customs', 'Daily Life and Occupations']","[0.16910186367546537, 0.16910133954781129, 0.1690951111039776, 0.16797005780905216, 0.16672378062170823]",5
64,4,13,Military and Naval Defenses,"They scrambled to balance themselves on this perch; they swore at the coolie to ""hold still""; they wanted to go into pictorial history, and here they are statuesque as you please, with the drollest of wheelbarrows for a pedestal.",Photography and Imaging,0.9988671776186432,"['Photography and Imaging', 'British Colonialism', 'Daily Life and Occupations', 'Transportation', 'Social Classes and Customs']","[0.20015831534391665, 0.2001549272718209, 0.20014619321024305, 0.20011385174128102, 0.19941664366139608]",5
64,4,13,Military and Naval Defenses,"Before coming here we saw the Boxer prisoners; here we see, beside the wheelbarrows, the common coolie; they appear in no way different from the Boxers, showing how largely the I-HoChuan is made up of the lower element of the population.",War and Conflict,0.9986553742024732,"['War and Conflict', 'Social Classes and Customs', 'Prisoners and Punishment', 'British Colonialism', 'Family and Social Structures']","[0.2376477941967242, 0.2376435165461111, 0.23760027141295303, 0.23648204083052274, 0.050391088949145395]",5
64,5,24,War and Conflict,"From where we are standing we stroll directly up the river for a mile, cross to the opposite shore and enter a mile further on a native village in which many of the native Boxers were sheltered during the first attacks on the settlement.",War and Conflict,0.9999998211970382,"['War and Conflict', 'British Colonialism', 'Geography and Topography', 'Harbor and Waterways']","[0.24978723537548833, 0.24974395277296968, 0.2496895510667062, 0.24953847483903974]",4
64,5,24,War and Conflict,On the map see number 65 in red near the second eastward bend of the river.,Geography and Topography,0.7783153101097109,['Geography and Topography'],[0.9865446811317795],1
65,2,4,Daily Life and Occupations,"Here, as usual, we find the house partially destroyed; but as the buildings are chiefly of clay and unburned brick, many of them furnished little fuel for the flames.",Architecture and Building,0.9999476128585316,"['Architecture and Building', 'War and Conflict']","[0.8617731566054451, 0.13812792345301161]",2
65,2,4,Daily Life and Occupations,"The inhabitants are now returning to reoccupy their old haunts when found habitable, and we find this family of the lower class ""chowing ""after their wonted fashion.",Daily Life and Occupations,0.9874827759502474,"['Social Classes and Customs', 'Daily Life and Occupations', 'Family and Social Structures', 'Food and Diet', 'Plague and Disease']","[0.19616017247897927, 0.19615848898127133, 0.1961563845921121, 0.19614656351423246, 0.1961224890165766]",5
65,2,4,Daily Life and Occupations,"I cannot describe dishes that are altogether mystery; there is rice, of course, and something which I imagine has once been fish; there are vegetables in small pieces in liquid.",Food and Diet,0.999999940388081,"['Food and Diet', 'Prisoners and Punishment', 'Daily Life and Occupations']","[0.44314005608652307, 0.4430423028838969, 0.11381610914142307]",3
65,2,4,Daily Life and Occupations,"There are no knives nor forks on the table, nor chairs around it, but of course we see the inevitable chop-sticks or ""nimble lads,"" as their Chinese name implies.",Food and Diet,0.9999915358124656,"['Food and Diet', 'Social Classes and Customs', 'Daily Life and Occupations']","[0.42597564827878337, 0.42550456640559603, 0.1485166367343371]",3
65,2,4,Daily Life and Occupations,"The name is appropriate, for the dexterity with which the Chinese handle these little straight sticks is marvelous; they will pick up a single grain of rice between the ends of these sticks as readily as we could do it with a spoon.",Food and Diet,0.9998012284157172,"['Food and Diet', 'Daily Life and Occupations', 'Social Classes and Customs']","[0.33340064798307373, 0.33340036949334456, 0.332760516248785]",3
65,3,9,Food and Diet,"Among the upper class a family at a meal would present a different appearance; there would be fine dress, fine furniture and fine food after its order.",Social Classes and Customs,0.9976834427020694,"['Social Classes and Customs', 'Fashion and Dress', 'Food and Diet', 'Family and Social Structures', 'Daily Life and Occupations']","[0.200002455666414, 0.20000228875105622, 0.200002264927458, 0.2000019788521641, 0.19999096411269177]",5
65,3,9,Food and Diet,"Judged by some writers, the Chinese have been placed next to the French as cooks, and particularly as culinary economists.",Food and Diet,1.0,"['Food and Diet', 'Daily Life and Occupations']","[0.49981952646672817, 0.4998175006139344]",2
65,3,9,Food and Diet,"Probably this denotes wisdom more than it does scarcity, for in Western lands also we often find the healthiest and most robust among the plain livers.",Food and Diet,1.0,['Food and Diet'],[0.9998491234160514],1
65,3,9,Food and Diet,"In these days when the enlightened nations, so-called, are studying the best means of feeding the greatest number at the smallest cost, it is interesting to learn an undoubted fact that it is possible in China in ordinary times to furnish an abundance of food of wholesome quality at a cost of two cents a day for each adult person.",Food and Diet,1.0,"['Food and Diet', 'Agriculture and Farming']","[0.4991466201876579, 0.499113595619435]",2
65,3,9,Food and Diet,"Nor is this the minimum, for it is claimed by eminent authorities that during famines great numbers have been maintained on one and one-half cents a day.",Food and Diet,1.0,['Food and Diet'],[0.9788355858026231],1
65,3,9,Food and Diet,"Before us is a family of six, and I doubt whether the daily expense of that family exceeds ten cents.",Daily Life and Occupations,0.9983899499803628,"['Family and Social Structures', 'Social Classes and Customs', 'Daily Life and Occupations', 'Food and Diet', 'Missionary Work']","[0.21878776405897726, 0.21878421677944068, 0.21878309592969084, 0.21858592573965854, 0.10939574667187114]",5
65,4,20,Social Classes and Customs,"Before we leave them, have you noticed that they sit in the hottest midsummer sun, and, like all others among the lowly whom we have been studying, they are without head cover?",Social Classes and Customs,0.999966739647954,"['Social Classes and Customs', 'Fashion and Dress', 'Prisoners and Punishment']","[0.34159095034645093, 0.3414870384391717, 0.30904102528850824]",3
65,4,20,Social Classes and Customs,"That appearance is very common among the poor; but whether from scalp disease or the encampments of insect colonies, I can only surmise.",Social Classes and Customs,0.9999738352020064,"['Plague and Disease', 'Social Classes and Customs']","[0.49999406949795944, 0.4999874537185887]",2
65,4,20,Social Classes and Customs,"Some girls peered from small apertures in these lowly homes, and I tried to persuade them to join this ""chowing"" band; they tittered and withdrew, and I did not persist, as they would not have added much to the beauty of the six already before us.",Social Classes and Customs,0.9999867684630304,"['Social Classes and Customs', 'Family and Social Structures']","[0.6773655507602535, 0.31755198445743144]",2
65,4,20,Social Classes and Customs,"It is scarcely neces sary to suggest that there is probably no boastful rivalry between their wardrobe and their cupboard; but while we look upon their poverty and lowly home, we must not forget Gray's beautiful lines:",Social Classes and Customs,0.9999957083360874,"['Social Classes and Customs', 'Fashion and Dress']","[0.5003665591193767, 0.48659804797992673]",2
65,7,3,Cemeteries and Burial Practices,"Assuming the population of China to be four hundred millions, and remembering that an equal number requires burial every forty or fifty years, or that the amount of productive land must be reduced every fifty years by the area of four hundred million graves, we can possibly understand how graves are interfering with agriculture and the food supply.",Cemeteries and Burial Practices,0.9971507895870994,"['Cemeteries and Burial Practices', 'Agriculture and Farming', 'Food and Diet', 'Religion (Buddhism and Ancestor Worship)']","[0.2482868353620796, 0.24828659859142213, 0.2482842013422865, 0.2472442878910113]",4
65,7,3,Cemeteries and Burial Practices,"Let us walk to the outskirts of the Native City just beyond the battle-field, where we can see how thickly the mounds of the dead are scattered over the plain.",Cemeteries and Burial Practices,0.9999998807761656,"['War and Conflict', 'Cemeteries and Burial Practices', 'Geography and Topography']","[0.32426864217597007, 0.3242680623657356, 0.32416701395654657]",3
65,7,3,Cemeteries and Burial Practices,"On the map the red lines branching toward the northeast from the number 66, a half-mile to the west of the Native City, shows our position.",Geography and Topography,0.9999931457262649,['Geography and Topography'],[0.9999604258892021],1
66,2,3,Cemeteries and Burial Practices,Suppose we allow a square rod for two graves and that only four hundred million burials occur every fifty years; that would diminish the production area one and one-half million acres every half century.,Cemeteries and Burial Practices,0.999999940388081,['Cemeteries and Burial Practices'],[0.9996278680985675],1
66,2,3,Cemeteries and Burial Practices,Can we wonder then that there is so much complaint because inviolable sepulture encroaches so heavily upon productive lands.,Cemeteries and Burial Practices,0.999997735012876,"['Cemeteries and Burial Practices', 'Agriculture and Farming', 'Social Classes and Customs']","[0.3326986920356538, 0.3326967091459512, 0.33179531137608964]",3
66,2,3,Cemeteries and Burial Practices,"Wherever possible, barren slopes and unproductive places are set apart for cemeteries, but this is frequently not practicable.",Cemeteries and Burial Practices,0.9999997019404409,"['Cemeteries and Burial Practices', 'Geography and Topography', 'Agriculture and Farming']","[0.4383589600041151, 0.4382471547340798, 0.12335229267574416]",3
66,2,3,Cemeteries and Burial Practices,Near Tien-tsin I saw buildings inclosed by brick walls in which many coffins stood above ground quite exposed.,Cemeteries and Burial Practices,0.9999986887546084,"['Cemeteries and Burial Practices', 'Architecture and Building', 'Social Classes and Customs', 'Religion (Buddhism and Ancestor Worship)']","[0.25046239036593043, 0.2504568373735076, 0.25041812524185675, 0.24862246150503303]",4
66,2,3,Cemeteries and Burial Practices,"The bodies were tumbled out to be stripped of their jewels and trinkets; they were robed in their best apparel and well preserved, as though partially mummified.",Cemeteries and Burial Practices,0.9999997615523456,"['Cemeteries and Burial Practices', 'Fashion and Dress', 'War and Conflict']","[0.3230453087326459, 0.3230100759861515, 0.32299214194861203]",3
66,2,3,Cemeteries and Burial Practices,"In the bottom is placed a quantity of quicklime; the body is swathed in a great amount of cotton, and only a slight odor escaped from these newly-opened coffins.",Cemeteries and Burial Practices,0.9999998807761656,['Cemeteries and Burial Practices'],[0.9982400471539412],1
66,2,3,Cemeteries and Burial Practices,The dead are kept at least forty-nine days before interment; this is to give the geomancers ample time to locate a lucky burial site.,Cemeteries and Burial Practices,0.999998927093209,"['Cemeteries and Burial Practices', 'Social Classes and Customs', 'Daily Life and Occupations', 'Religion (Buddhism and Ancestor Worship)']","[0.24997093141438856, 0.24996789215927795, 0.24993357296158047, 0.24989520842124502]",4
66,2,3,Cemeteries and Burial Practices,"Coffins are often secured irrespective of any imminent prospects of death; indeed, they are always regarded as a very handsome and appropriate birthday gift.",Cemeteries and Burial Practices,0.9999995827822108,"['Cemeteries and Burial Practices', 'Social Classes and Customs']","[0.4969393224270187, 0.4969077492721789]",2
66,2,3,Cemeteries and Burial Practices,"Funeral customs in China are so numerous and strange that chapters might be devoted to an account of them; one consists in scattering paper money (small tin-foil imitations of syce) along the road as the funeral procession advances, in order to appease the cupidity of straggling ghosts that may haunt the way.",Cemeteries and Burial Practices,0.9999899870091384,"['Cemeteries and Burial Practices', 'Social Classes and Customs', 'Religion (Buddhism and Ancestor Worship)', 'Family and Social Structures']","[0.2501089852617154, 0.25010558631146895, 0.250096851536089, 0.24967715839334678]",4
66,2,3,Cemeteries and Burial Practices,"The approaches to the tombs of nobles, as we observed at Nankin, are often marked by rows of stone figures.",Cemeteries and Burial Practices,0.999987185810162,"['Cemeteries and Burial Practices', 'Social Classes and Customs', 'Architecture and Building', 'Religion (Buddhism and Ancestor Worship)']","[0.2503419822728615, 0.2503407587839617, 0.25034025141128186, 0.24890734151124524]",4
66,3,3,Cemeteries and Burial Practices,"You see in the distance what appears to be a small pagoda, and beyond a small tower; they both might be called towers of silence; but they are really baby-towers; that is, they are towers in which babes are buried, or rather pitched.",Cemeteries and Burial Practices,0.9999993443624238,"['Cemeteries and Burial Practices', 'Architecture and Building', 'Social Classes and Customs', 'Family and Social Structures']","[0.252295499044114, 0.2522766127191792, 0.25226076837739314, 0.2428782896808229]",4
66,3,3,Cemeteries and Burial Practices,"All babes under one year of age at death are wrapped in cloths, bound around with strings, and thrown into these towers.",Cemeteries and Burial Practices,0.999999940388081,"['Cemeteries and Burial Practices', 'Social Classes and Customs', 'Family and Social Structures']","[0.33211392743075063, 0.33211234387558186, 0.3320140330746173]",3
66,3,3,Cemeteries and Burial Practices,"It may even be suspected that these baby-towers may be the bourne of many girl-babes before death; you know girl infanticide is not uncommon, and here is facile modus.",Cemeteries and Burial Practices,0.9999901061708576,"['Family and Social Structures', 'Social Classes and Customs']","[0.4999889088313214, 0.4999224070104889]",2
66,3,3,Cemeteries and Burial Practices,"In illustration of how prevalent is the destruction of girl-babes, one writer tells about seeing the following notice posted at the edge of a pond: Girls may not be drowned here.",Cemeteries and Burial Practices,0.989907424402906,"['Family and Social Structures', 'Social Classes and Customs']","[0.4864250573292348, 0.48593229863299064]",2
66,5,24,War and Conflict,"Only fifty yards to the left of where we stand I witnessed a spectacle I will not soon forget, a scene too shocking to be shown to the world indiscriminately.",War and Conflict,0.9999998807761656,['War and Conflict'],[0.9998218406133056],1
66,5,24,War and Conflict,"It was the shooting of two Chinamen by the French and the beheading of two others by the Japanese; the former were convicted of stealing, the latter of being Boxers.",War and Conflict,0.9999997019871092,"['Prisoners and Punishment', 'War and Conflict']","[0.4999957980487397, 0.4999957980487397]",2
66,5,24,War and Conflict,"The former were bound to posts and shot; the latter were made to stand among these graves while a shallow pit was dug in their presence, beside one of these mounds; this shallow muddy hole was to be the one grave for the two convicts.",Prisoners and Punishment,0.9999994635464606,"['Prisoners and Punishment', 'Cemeteries and Burial Practices', 'Social Classes and Customs']","[0.33178660757303247, 0.33178648892418683, 0.3316614800131362]",3
66,5,24,War and Conflict,"They were made to kneel on the mound looking down into the grave prepared for them, so that when the fatal blow was struck they would fall therein.",Prisoners and Punishment,0.99997806732832,"['Cemeteries and Burial Practices', 'Prisoners and Punishment', 'War and Conflict', 'Social Classes and Customs']","[0.2502093734337781, 0.2502093734337781, 0.25020140905372246, 0.24937748770196502]",4
66,5,24,War and Conflict,"Only a few of us had learned the hour of execution and were present, among us an American doctor who, when this grave was being dug and the two poor fellows stood near by, held the hand of one, feeling his pulse.",War and Conflict,0.9682368215385287,"['Prisoners and Punishment', 'Cemeteries and Burial Practices', 'War and Conflict']","[0.33333615268667166, 0.3333348016190554, 0.33330150666131814]",3
66,5,24,War and Conflict,"“One hundred and twentysix,"" replied the physician; and yet the doomed man showed no outward mental disturbance.",War and Conflict,0.9995705375485168,['Prisoners and Punishment'],[0.9862578792760031],1
66,5,24,War and Conflict,"Another, speaking his language, asked him if he was a Boxer, to which he replied meekly and with mysterious resignation, ""I am no Boxer; all the village people hereabouts know me.""",War and Conflict,0.999548447668254,['Daily Life and Occupations'],[0.9881455605516067],1
66,5,24,War and Conflict,"I was told afterward that this sympathetic medical man, who was not unfamiliar with blood, was so disturbed by this heartless butchery that he was disqualified for duty for several days.",War and Conflict,0.9999997019871092,"['War and Conflict', 'Prisoners and Punishment', 'Daily Life and Occupations']","[0.439695188933898, 0.43967967535895847, 0.11825450054362906]",3
66,5,24,War and Conflict,It is too grewsome for presentation in a popular series; yet those who would fully realize the cruelties and barbarities of war should know and see; the view may be had of the publishers.,War and Conflict,0.999999940388081,"['War and Conflict', 'Prisoners and Punishment', 'Photography and Imaging']","[0.6283261260473519, 0.2559536848388049, 0.11463182905844135]",3
66,6,2,British Colonialism,"The most famous man in China, the ablest statesman in Asia, the second richest man in the world and one of the most widely known characters in history, reached Tientsin later during my sojourn in China.",British Colonialism,0.988301558206487,"['British Colonialism', 'Transportation', 'Social Classes and Customs']","[0.42222127971754014, 0.40740049862495714, 0.14074392435707866]",3
66,6,2,British Colonialism,"The great intermediary between the throne of China and the foreigner, so often degraded and then reinstated, passed from south to north like a sidereal luminary that had wandered from its path, but was again to be restored to its true place in the heavens, or as peacemaker to the Imperial Court.",Trade and Commerce,0.9998851673025788,['Social Classes and Customs'],[0.9999429212517684],1
67,2,15,Photography and Imaging,This meek and bland-looking old man who sits before you was at this time the talk of the world—would he be allowed to land at Tien-tsin?,British Colonialism,0.9637281478271296,"['British Colonialism', 'Transportation']","[0.6185031367656758, 0.3761063601865473]",2
67,2,15,Photography and Imaging,He occupied the Viceroy's Yamen across the river outside the walled city (see map northeast of walled city).,British Colonialism,0.9820633434254796,"['British Colonialism', 'Geography and Topography']","[0.4998394718172185, 0.4998046174833169]",2
67,2,15,Photography and Imaging,"Through the courtesy of an American doctor who desired a photograph of the ex-Viceroy and who had some acquaintance with Dr. Parks, his medical adviser, I visited the Yamen.",Photography and Imaging,0.9999930860574568,"['British Colonialism', 'Photography and Imaging']","[0.49931403294752136, 0.4992961784598652]",2
67,2,15,Photography and Imaging,"His Excellency being engaged with important matters of state, kindly consented to sit for us on the following day at a fixed hour.",Photography and Imaging,0.9999997019404409,"['Daily Life and Occupations', 'Photography and Imaging']","[0.5702608582789654, 0.4169479745419246]",2
67,2,15,Photography and Imaging,"At the hour appointed we were met by the genial Dr. Parks, who, as soon as I had chosen a well-lighted part of this court in the Yamen, had servants bring out this finely inlaid stand and the chair in which he sits.",Photography and Imaging,0.9999992847764076,['Missionary Work'],[0.9908052393779087],1
67,2,15,Photography and Imaging,"When cameras were placed in position and everything in perfect readiness, his chair-bearers were notified and he was brought from his rooms in his official chair and assisted by his attendants to the chair in which you see him.",Photography and Imaging,0.9999986887546084,"['Social Classes and Customs', 'Photography and Imaging', 'Transportation', 'Daily Life and Occupations']","[0.2501505256198055, 0.2501477529391904, 0.2501267618568592, 0.24957328967543946]",4
67,2,15,Photography and Imaging,He greeted us with a pleasant smile and spoke to us freely through Dr. Parks as interpreter.,Photography and Imaging,0.8846743561300128,"['Missionary Work', 'Daily Life and Occupations']","[0.7141259450158185, 0.23344851929309957]",2
67,2,15,Photography and Imaging,His natural simplicity and the entire absence of affected importance was quite fascinating; kingcraft is nearly extinct; the time when a sovereign could make his subject revere him as a demigod belongs to the past.,Social Classes and Customs,0.999995946856899,['Social Classes and Customs'],[0.9999038117120836],1
67,2,15,Photography and Imaging,A truly great man has no occasion to pretend greatness; only those who are not great find it necessary to resort to affectation.,Social Classes and Customs,0.974963573154324,['Social Classes and Customs'],[0.9994331864902563],1
67,2,15,Photography and Imaging,Neither Earl Li's great wealth nor his great attainments have in any degree left a trace of self-importance in his manner.,Social Classes and Customs,0.9997539171753412,['Social Classes and Customs'],[0.9999974934025712],1
67,2,15,Photography and Imaging,"When I asked Dr. Parks if he could remove the cap of his Excellency for one stereograph, the doctor explained to him and removed the cap.",Photography and Imaging,0.999999940388081,"['Photography and Imaging', 'Fashion and Dress', 'Social Classes and Customs']","[0.3237312720119938, 0.3230261836732099, 0.3223735113091323]",3
67,2,15,Photography and Imaging,"This caused Earl Li to smile as though he would have said: ""What can they want with my bald pate?""",Photography and Imaging,0.9999129995643532,"['Social Classes and Customs', 'Daily Life and Occupations', 'Fashion and Dress']","[0.7075424260994138, 0.1698154743001977, 0.09433664695800022]",3
67,2,15,Photography and Imaging,"Even that fine blackwood table, inlaid with mother-of-pearl, upon which his arm rests, is worth noticing; this style of furniture is much used by the wealthy.",Photography and Imaging,0.9950702931545105,['Social Classes and Customs'],[0.9958167505320347],1
67,3,24,War and Conflict,"But for those who may not be, I will take the following résumé from ""The Chinese Empire Past and Present.""",War and Conflict,0.9999986291805116,"['Social Classes and Customs', 'British Colonialism', 'Daily Life and Occupations', 'Family and Social Structures', 'Trade and Commerce']","[0.3047757659511694, 0.1809366915835294, 0.15238803740393533, 0.08570972325711602, 0.08570972325711602]",5
67,4,13,Military and Naval Defenses,"He is immensely wealthy and has held nearly every post of honor that China could give him, though likewise at irregular intervals, he has been deprived of all position and power; his ""yellow jacket"" has been taken from him, and his head has been in danger.",Social Classes and Customs,0.8618707635323083,"['Social Classes and Customs', 'Prisoners and Punishment']","[0.5000324128493476, 0.49992621900090645]",2
67,4,13,Military and Naval Defenses,"In three successive literary examinations he stood first, and in 1847 was enrolled in the Hanlin or Imperial Academy, the highest literary degree in the empire.",Education,0.999997079540607,"['Education', 'Social Classes and Customs']","[0.5227254949151384, 0.4769567850448703]",2
67,4,13,Military and Naval Defenses,"He immediately saw the value of European military organization and equipment and formed the ""ever-victorious Force,"" a Chinese Corps, armed, drilled and disciplined according to European fashion, first under the direction of the American, Ward, and then of the celebrated Gordon.",Military and Naval Defenses,0.9999742525310076,"['War and Conflict', 'Military and Naval Defenses']","[0.49994917787724213, 0.49994893951941505]",2
67,4,13,Military and Naval Defenses,Henceforth Li threw all his force and influence into the adoption in China of Western arts and sciences.,Military and Naval Defenses,0.9694837447967452,['Education'],[0.9977114912176742],1
67,6,5,Education,"In 1872 he had thirty Chinese boys sent to the United States to be educated, and established a college in Pekin, under Dr. W. H. P. Martin.",Education,0.999999940388081,['Education'],[0.9880913074784986],1
67,7,13,Military and Naval Defenses,"In 1880 he took advantage of the Russian war scare to improve the army and navy and establish the telegraph, which now comprises a network of over ten thousand miles.",Military and Naval Defenses,0.9999997019871092,"['Military and Naval Defenses', 'War and Conflict', 'Transportation']","[0.33421382506342573, 0.3342123908488257, 0.3315607155698299]",3
67,7,13,Military and Naval Defenses,"A short line had been built from Shanghai to Wusung, but this was bought and dismantled the next year by the government.",Military and Naval Defenses,0.9997145038960672,"['Transportation', 'Harbor and Waterways', 'Architecture and Building', 'Trade and Commerce']","[0.28567849442490295, 0.28567522535378426, 0.28567413490128224, 0.1428393496479902]",4
67,7,13,Military and Naval Defenses,"Li maintained, however, the agitation for railways until in 1888, when an active beginning was made, and the work has gone steadily on ever since.",Transportation,0.999995053056822,"['Transportation', 'Trade and Commerce']","[0.6212949342138452, 0.37753162234430543]",2
67,7,13,Military and Naval Defenses,"In 1877 he bought four ironclads just built in England for the royal navy, and so laid the foundation for the present Chinese modern navy.",Military and Naval Defenses,0.9999998211970382,"['Military and Naval Defenses', 'War and Conflict', 'Transportation', 'British Colonialism']","[0.2560617673624879, 0.2560576767325669, 0.2535759797189135, 0.23427100402386164]",4
67,7,13,Military and Naval Defenses,"He has likewise so cleverly managed diplomatic relations with France upon their nominal victory in the war in 1884-85 over Formosa, that China got decidedly the best of it in the net result.",War and Conflict,0.999990463671562,['War and Conflict'],[0.9999625698462429],1
67,8,22,Trade and Commerce,"Under his encouragement joint stock companies have been organized for various industrial enterprises, such as silk, cotton, wool, glass and iron manufactures.",Trade and Commerce,1.0,"['Trade and Commerce', 'Daily Life and Occupations']","[0.4982657952374984, 0.49826347892463674]",2
67,9,13,Military and Naval Defenses,"Li Hung Chang belongs to the native party, and is ready to resist the encroachments of foreign nations with all the arts of diplomacy at his command.",Military and Naval Defenses,0.9933640030279832,"['British Colonialism', 'War and Conflict']","[0.49997345473120774, 0.49992286437024064]",2
67,10,2,British Colonialism,He favors progress and development; but how can he look with favor and equanimity upon foreign encroachment and the exploitation of his native land by nations whose customs and institutions he does not like.,British Colonialism,0.9999283688929976,"['British Colonialism', 'War and Conflict', 'Trade and Commerce', 'Social Classes and Customs']","[0.25138017829541615, 0.2512999281048437, 0.2512073090135718, 0.24611240477740168]",4
67,11,24,War and Conflict,"If she had developed the arts of war as long and as well as she has the arts of peace, the foreign nations, even the allied foreign nations, would not have dared to coerce treaty ports and naval stations in her borders, or to thrust a new religion and a new civilization upon her.",War and Conflict,0.9999945763899372,"['War and Conflict', 'Military and Naval Defenses', 'Missionary Work', 'British Colonialism', 'Harbor and Waterways']","[0.19474123775442612, 0.1947397287155541, 0.1947367576510145, 0.19473218479982124, 0.19371671097921916]",5
67,12,24,War and Conflict,"When might makes right, justice is usually out of the balance, and there is apt to be greed and cowardice in its place.",War and Conflict,0.999999940388081,['War and Conflict'],[0.9999216851584232],1
67,13,20,Social Classes and Customs,The average European and the average American knows no more about the Chinese people than he does about the possible inhabitants of the stellar worlds.,Social Classes and Customs,0.9999995827734,['Education'],[0.9798634080560845],1
67,14,24,War and Conflict,"The retaliation by the so-called Christian armies was often characterized by rape, plunder, cruelty, and enormous indemnities dictated by allied might.",War and Conflict,1.0,"['War and Conflict', 'Prisoners and Punishment']","[0.504803094329691, 0.4951484674493949]",2
67,14,24,War and Conflict,What would we think if England should demand a cession of territory on Casco Bay that she might have a winter port for the Canadian Pacific Railway?,British Colonialism,0.9976911998671676,"['Harbor and Waterways', 'British Colonialism', 'Transportation', 'War and Conflict']","[0.24958863429603892, 0.2495883665729811, 0.2495873847304832, 0.24956575717940482]",4
67,14,24,War and Conflict,"And again, if these demands should be followed by one from Germany for a grant of territory in Plymouth harbor, because some alien countryman had been killed by irresponsible ruffians at Worcester?",War and Conflict,0.9999994635464606,"['War and Conflict', 'Harbor and Waterways', 'British Colonialism']","[0.33338217950438365, 0.33336266586893737, 0.3332343277129745]",3
67,15,15,Photography and Imaging,When we had finished our stereographs from this position we asked Dr. Parks that His Excellency might be carried through the open court into bright sunlight in order that we might obtain a view of him in his official chair.,Photography and Imaging,0.9999998807761656,"['Photography and Imaging', 'Transportation']","[0.47312146567752866, 0.4730801294782971]",2
67,15,15,Photography and Imaging,"This was done, and as we pressed the bulb and lifted our hats, the venerable statesman smiled acknowledgments and was borne to his spacious rooms within the Yamen.",Photography and Imaging,0.9999997019404409,['Social Classes and Customs'],[0.9982446168730776],1
67,16,24,War and Conflict,"In the meantime many additional forces had arrived, among them many additional troops from Germany, from India, from Japan and Russia.",War and Conflict,0.9999994039743072,"['War and Conflict', 'Military and Naval Defenses', 'British Colonialism']","[0.3349528441905761, 0.33495232512028117, 0.3300947508202561]",3
67,16,24,War and Conflict,"On the way they fought the battles of Peitsang and Yangtsun, and burned the city of Tung-Chow and all the villages left standing by the Boxers in their line of march.",War and Conflict,0.999999940388081,"['War and Conflict', 'Military and Naval Defenses', 'British Colonialism']","[0.3356089977458956, 0.3356048772538892, 0.3287846046363994]",3
67,17,24,War and Conflict,"This march of the allied troops between Tien-tsin and Pekin occupied ten days, and they entered the latter place on August 15, just a month and a day after the capture of the former city.",War and Conflict,0.999999940388081,"['War and Conflict', 'British Colonialism', 'Military and Naval Defenses', 'Transportation']","[0.2575574201194793, 0.2575337511420402, 0.25560579712884207, 0.22930214121198433]",4
67,17,24,War and Conflict,"Now that about twenty thousand troops were quartered in the Imperial capital, the transportation of vast quantities of army stores to that place was necessary.",Transportation,0.9998930955001668,"['War and Conflict', 'Transportation', 'Military and Naval Defenses']","[0.31835597643555974, 0.3183559384590653, 0.31835574871516203]",3
67,17,24,War and Conflict,"To accomplish this the different armies requisitioned great numbers of native junks, and these plied constantly between Tien-tsin and Tung-Chow, the nearest port to Pekin.",War and Conflict,0.9999252120060844,"['War and Conflict', 'Transportation', 'Harbor and Waterways', 'Military and Naval Defenses', 'British Colonialism']","[0.19990390581999556, 0.199903834338732, 0.19990326240193368, 0.19990097464796874, 0.19985172930237632]",5
67,17,24,War and Conflict,Before boarding one of these junks at Tien-tsin for Tung-Chow I shall tell you briefly how I maintained my existence during and after the investment of the former place.,War and Conflict,0.9998865980363892,"['Transportation', 'Harbor and Waterways', 'Daily Life and Occupations']","[0.32541727495783607, 0.3253215285122852, 0.31956759372324905]",3
67,18,24,War and Conflict,"It would seem that under even a quasi-military rule, civilians have few if any rights; the civilian furnishes the sinews of war; he pays the taxes which maintain the army and the navy; but he has scarcely a right to his own property or his own soul when petty military officers are invested with a little brief authority.",War and Conflict,0.9999991655469742,"['War and Conflict', 'Military and Naval Defenses']","[0.5012145848790424, 0.49867813440393116]",2
67,18,24,War and Conflict,"Many citizens, both American and English, complained bitterly of the high-handed, unlawful and impudent way in which officers took possession of private houses which had been temporarily vacated, using and misusing everything found therein, including libraries, pianos, bedding, etc., notwithstanding the fact that these same civilian owners are paying taxes to furnish the army with all necessary camp equipments.",War and Conflict,0.9999998807761656,"['War and Conflict', 'British Colonialism', 'Military and Naval Defenses']","[0.3334147563826965, 0.33334538069219904, 0.33301877725973356]",3
67,18,24,War and Conflict,"Three times I had received permission from agents of the owners to occupy private houses which had for a time been vacated, when American officers came, and in a way which I fear is somewhat characteristic of my countrymen said: Get out of this%; we want these rooms!",War and Conflict,0.9999998211970382,"['War and Conflict', 'British Colonialism', 'Daily Life and Occupations', 'Social Classes and Customs']","[0.25082133337559964, 0.2507723121926822, 0.2504993756546208, 0.24789041411546983]",4
67,18,24,War and Conflict,"An English, a Japanese or a Russian officer would have said: ""Sorry to disturb you, but we will require these rooms.""",War and Conflict,0.9999986887770048,"['War and Conflict', 'Social Classes and Customs']","[0.5075260200451743, 0.4907376244279801]",2
67,19,4,Daily Life and Occupations,"After three removals, by the courtesy of Mr. Denby, son of ex-Minister Denby, I was allowed to occupy a room in a series of Chinese buildings under his charge.",Daily Life and Occupations,0.9999985695686744,"['British Colonialism', 'Social Classes and Customs', 'Daily Life and Occupations', 'Family and Social Structures']","[0.24952549676279837, 0.24951163673146157, 0.24949034920602053, 0.24945547286714945]",4
67,19,4,Daily Life and Occupations,"During that tine there was great scarcity, and it was often difficult to obtain a sufficiency of food to allay the gnawings of hunger.",Food and Diet,0.9999940995841278,"['Food and Diet', 'Daily Life and Occupations', 'Agriculture and Farming']","[0.46638163507493374, 0.46633460626004547, 0.0672303365321264]",3
67,19,4,Daily Life and Occupations,"To make matters worse, mails had failed to bring to the North registered letters and other valuable matter.",Daily Life and Occupations,0.9999816422726084,"['Transportation', 'Daily Life and Occupations', 'War and Conflict']","[0.44346747632693173, 0.39874897045060914, 0.12202417390342536]",3
67,20,9,Food and Diet,"Things were a little uncomfortable when so little food could be bought, but when my last penny was gone a famine seemed near at hand.",Food and Diet,1.0,"['Food and Diet', 'Daily Life and Occupations']","[0.5020978335898061, 0.4977911568006848]",2
67,20,9,Food and Diet,"I don't mind missing a few meals, but a fast of a few days makes unpleasant cavities about one's anatomy.",Food and Diet,0.999999940388081,['Food and Diet'],[0.9998628258046334],1
67,20,9,Food and Diet,"I did, however, make a pretense of dropping in casually upon the cook of the U. S. Marines to ask him if he could spare a little rice.",Food and Diet,1.0,"['Food and Diet', 'Daily Life and Occupations', 'War and Conflict', 'Social Classes and Customs']","[0.2503227388782065, 0.2503158459254821, 0.25001472661829, 0.24930384967584895]",4
67,20,9,Food and Diet,"He pointed to a small starch-box on the floor half filled with rice and clay and straw, saying at the same time, “That's good rice if you only wash it enough.""",Food and Diet,1.0,"['Food and Diet', 'Agriculture and Farming', 'Daily Life and Occupations']","[0.3255727322131108, 0.3255622526513194, 0.32554952407596877]",3
67,20,9,Food and Diet,"I carried it off quite thankfully, and, sure enough, when washed in five or six waters, it assumed a normal white, and I feasted several days upon this, seasoned with a pinch of salt.",Food and Diet,1.0,"['Food and Diet', 'Daily Life and Occupations', 'Prisoners and Punishment']","[0.43341354624102263, 0.43335568976760275, 0.1332300922960237]",3
67,20,9,Food and Diet,"One day during this period of scarcity, while on the street, I saw a potato drop from a passing commissary wagon.",Food and Diet,0.9999998211642538,"['Food and Diet', 'Daily Life and Occupations', 'Prisoners and Punishment', 'Transportation', 'War and Conflict']","[0.16804490359821048, 0.16803911419392126, 0.16803805304187003, 0.1680358094053146, 0.16802978106979413]",5
67,20,9,Food and Diet,"With these I returned to my room in a mood of triumphant forage; 1 pared, sliced and boiled them together in a small tin pot on my spirit lamp.",Food and Diet,1.0,"['Food and Diet', 'Daily Life and Occupations', 'Prisoners and Punishment']","[0.3333659767282308, 0.33336347279177586, 0.33326939802301103]",3
67,20,9,Food and Diet,I seasoned with salt and a small portion of rancid oleomargarine left in a tin which had been opened two months before.,Food and Diet,1.0,"['Food and Diet', 'Daily Life and Occupations']","[0.5016211891117326, 0.4983662539546747]",2
67,20,9,Food and Diet,"This veritable feast had predisposed me to potatoes, and on another occasion, having seen a quantity of fresh potato parings thrown out in a yard near a street, I decided to return after night-fall to secure them.",Food and Diet,1.0,"['Food and Diet', 'Daily Life and Occupations']","[0.49989580560390046, 0.4998362179719757]",2
67,20,9,Food and Diet,"When night came on, taking a quantity of matches in my pocket to enable me to find the exact spot, I walked back one mile to obtain this tempting prize of potato parings; but on reaching the place a number of officers were seated near by and my pride defeated my plan to secure another feast, for I could not take them in the presence of the officers.",Food and Diet,0.9999996423941084,"['Food and Diet', 'Prisoners and Punishment', 'Daily Life and Occupations', 'War and Conflict', 'Social Classes and Customs']","[0.19919688093811397, 0.19919521878993474, 0.1991885468596268, 0.1991012757525648, 0.19886869335078716]",5
67,20,9,Food and Diet,"This state of scarcity continued until one day an American soldier came to me, all his pockets sagging with syce (bars of silver), and asked me to buy.",Food and Diet,0.9996918198883376,"['War and Conflict', 'Trade and Commerce', 'Social Classes and Customs', 'Prisoners and Punishment', 'Daily Life and Occupations']","[0.20064712892907416, 0.200646865853532, 0.2003068752873472, 0.20026147905255526, 0.1979120128524084]",5
67,20,9,Food and Diet,"The swap"" was promptly consunimated, and I had one hundred and fifty dollars worth of silver bullion, that is, about twenty pounds.",Trade and Commerce,0.6462891542691993,['Trade and Commerce'],[0.9999066799014552],1
67,20,9,Food and Diet,"This relieved the money market and in some measure the fast, for soon the natives began to return to the city and to the settlement.",Food and Diet,0.9999985695636724,"['British Colonialism', 'Plague and Disease', 'Trade and Commerce']","[0.36422649750267705, 0.36396781526706795, 0.2707224339307495]",3
67,20,9,Food and Diet,"I formed many pleasant acquaintances among these men and officers; sometimes giving accommodation to them in my room, and in turn they would accompany me in my outings with the camera, rendering valuable assistance.",Daily Life and Occupations,0.9999985099653672,"['Photography and Imaging', 'Daily Life and Occupations']","[0.4931050855554785, 0.4931023817891137]",2
67,20,9,Food and Diet,Through these generous-hearted boys I obtained many war-souvenirs and enjoyed many acts of courtesy; but we cannot go further into details.,War and Conflict,0.9994812777799584,['War and Conflict'],[0.999889507656452],1
67,21,23,Transportation,"We now pass, October 3, to the river before the Quartermaster's office, already shown you, and embark on one of the junks requisitioned by the American army to transport supplies to Pekin.",Transportation,0.9999938611528868,"['Transportation', 'Harbor and Waterways', 'War and Conflict', 'Daily Life and Occupations', 'Military and Naval Defenses']","[0.208833428857746, 0.2088324580010952, 0.20882446754490358, 0.20639305190276763, 0.16668613926132766]",5
67,22,12,Harbor and Waterways,"Turning to Map No. 2, the map of Eastern China, we trace the part of our route just before us by the red line which runs from Tien-tsin to Pekin.",Harbor and Waterways,0.99538412833525,"['Geography and Topography', 'Transportation']","[0.5000155256966738, 0.49998405704579524]",2
67,22,12,Harbor and Waterways,"A short distance from Tien-tsin we find the number 68 in a circle, both in red, with a zig-zag line running to our route line.",Harbor and Waterways,0.9999980925481398,['Transportation'],[0.9997514198853246],1
68,2,23,Transportation,They draw only two or three feet of water; their shallow holds are filled with army supplies.,Transportation,0.981228195407371,"['War and Conflict', 'Transportation', 'Military and Naval Defenses', 'Harbor and Waterways']","[0.24994900684993782, 0.24994853010589255, 0.24994799376447993, 0.24988376816084706]",4
68,2,23,Transportation,"The only sleeping-place is under those tarpaulins thrown over the poles, and the season is so far advanced that the north winds are exceedingly uncomfortable.",Transportation,0.9950925428347306,['Daily Life and Occupations'],[0.9872876817920431],1
68,2,23,Transportation,"Each boat has a crew of five or six native boatmen, one of whom acts as captain, each junk being in charge of a soldier who cooks his own meals on board.",Transportation,0.9989686186779622,"['Transportation', 'Daily Life and Occupations', 'Military and Naval Defenses', 'Harbor and Waterways', 'Food and Diet']","[0.12515488480130665, 0.12515452668849172, 0.125152960077966, 0.12513422713242275, 0.1251291264736986]",5
68,2,23,Transportation,"With a favorable wind, a sail is used; at other times each boat is towed by the crew with a line attached to the top of the mast.",Transportation,0.999625136195916,"['Transportation', 'Harbor and Waterways', 'Daily Life and Occupations']","[0.336290746170269, 0.336147614275422, 0.32756155936626835]",3
68,2,23,Transportation,"The progress upstream with the tow-line is scarcely a mile an hour, and the average time of a passage to TungChow is five or six days.",Transportation,0.9949411888446608,"['Transportation', 'Harbor and Waterways', 'Daily Life and Occupations']","[0.352358473781652, 0.35235767575369253, 0.29438352881078383]",3
68,2,23,Transportation,You see this fleet of junks before us is being propelled by the tow-line while its sails remain unfurled; you see also something of the tortuous course of the river.,Harbor and Waterways,0.9999060876151769,"['Transportation', 'Harbor and Waterways', 'Geography and Topography']","[0.33309192576433305, 0.33309140964614553, 0.33288843746821634]",3
68,2,23,Transportation,"Sometimes neither the tow-line nor the sail can be used; then poles are employed; these are thrust into the muddy bottom at the bow, the end is placed against the shoulder and then the coolies walk rapidly to the stern of the boat, thumping heavily the deck with their feet at every step.",Transportation,0.9988552908468812,"['Transportation', 'Daily Life and Occupations', 'Harbor and Waterways', 'River Dwellers (Tankia)']","[0.2557008553748378, 0.2557001543320496, 0.25569863026734674, 0.23266537562360534]",4
68,2,23,Transportation,This habit of pounding with their feet at every step as they push from bow to stern is one of the strangest customs among these boatmen.,Transportation,0.8890043601402328,"['Daily Life and Occupations', 'Transportation', 'Social Classes and Customs', 'Harbor and Waterways', 'River Dwellers (Tankia)']","[0.2006596765483458, 0.20065926991202615, 0.2006590784935021, 0.20065314612278423, 0.19736856578823841]",5
68,2,23,Transportation,"The effect during the still hours of night is very curious-they ""keep step,"" and there are often several fleets passing in opposite directions at the same time, and the rhythmic pounding of so many bare feet on the hollow sounding decks in the dead of night I cannot forget.",Transportation,0.9999920123282902,"['Harbor and Waterways', 'Transportation', 'Daily Life and Occupations', 'Military and Naval Defenses']","[0.3129161491354928, 0.3129132396672192, 0.30729104087978787, 0.06635174259737589]",4
68,3,24,War and Conflict,The boats touch the banks at many points and one can debark and embark almost at any time without stopping the progress of the fleet.,Harbor and Waterways,0.9997482612645292,"['Transportation', 'Harbor and Waterways']","[0.49903673315588754, 0.49903625727266054]",2
68,3,24,War and Conflict,"I found walking on the tow-path in the cool autumn weather much pleasanter than the deck of a junk like this, and I walked the greater part of the distance between Tien-tsin and Pekin.",Transportation,0.984342766445968,"['Transportation', 'Harbor and Waterways']","[0.4998869804647027, 0.49985414665599587]",2
68,3,24,War and Conflict,"Standing here, we get a true aspect of the Pei-ho and the kind of boats that ply the river; we see also the level character of the river plain and the small growth of shrubbery and trees in the distance.",Geography and Topography,0.9987632373726733,"['Geography and Topography', 'Harbor and Waterways', 'Transportation']","[0.3333321279878921, 0.3333314524607221, 0.33332537331271983]",3
68,3,24,War and Conflict,"The soil everywhere is exceedingly rich, and alternating crops of corn, millet, beans, sweet potatoes, peanuts, sorghum and melons have marked the fertile valley all the way between these two great cities.",Agriculture and Farming,0.9999914762337926,"['Agriculture and Farming', 'Food and Diet', 'Geography and Topography']","[0.3326884421056142, 0.3326884024412225, 0.33268574509055093]",3
68,3,24,War and Conflict,I said the crops had not been harvested-I meant by the owners; many of them for almost a mile on either side of the river have been plundered by the men of the junk-fleets belonging to the different armies.,War and Conflict,0.999998927093209,"['War and Conflict', 'Agriculture and Farming', 'Food and Diet', 'Harbor and Waterways', 'Daily Life and Occupations']","[0.20070378538525446, 0.20070335472991802, 0.20069773207197783, 0.20008644901670322, 0.1974117393870851]",5
68,3,24,War and Conflict,The native junkmen were permitted to go ashore and gather in corn and millet to fill all the empty space available; the Europeans took whatever they could use.,British Colonialism,0.956593133488894,"['Food and Diet', 'Daily Life and Occupations', 'Social Classes and Customs', 'Agriculture and Farming', 'British Colonialism']","[0.16666453445332396, 0.1666643755178423, 0.16666391852924295, 0.16666377952321015, 0.16666312385065965]",5
68,3,24,War and Conflict,"The inhabitants had fled well back from the river, leaving crops and sometimes live stock.",War and Conflict,0.999996543022753,"['Agriculture and Farming', 'War and Conflict', 'Food and Diet']","[0.3332618948893249, 0.33325907435149993, 0.33324787226554803]",3
68,3,24,War and Conflict,Many a pig that had been left behind and ventured to the river bank became a victim to the deadly army rifle.,War and Conflict,0.999999940388081,"['War and Conflict', 'Military and Naval Defenses', 'Agriculture and Farming', 'Prisoners and Punishment']","[0.2519820783749717, 0.25190178493103815, 0.24908291004613597, 0.24582768341315786]",4
68,3,24,War and Conflict,Occasionally some of the people who had fled from their homes returned under cover of night to gather in something of their wasting harvest.,War and Conflict,0.9988341308756828,"['Agriculture and Farming', 'Food and Diet', 'War and Conflict', 'Daily Life and Occupations']","[0.24974964150820494, 0.24974955215629113, 0.24974818263214393, 0.24973270128502492]",4
68,3,24,War and Conflict,"It was a sad sight to see such vast fields of valuable crops being lost, and cold winter near at hand and starvation awaiting many.",War and Conflict,0.9997644045716726,"['Agriculture and Farming', 'Food and Diet']","[0.49992558883763577, 0.49992505252966396]",2
68,3,24,War and Conflict,"On one occasion I attempted, while walking, to cut off a great bend in the river by what I imagined would be a short way across country.",Geography and Topography,0.9832013276038636,"['Geography and Topography', 'Transportation']","[0.49935406800076326, 0.49934329448273956]",2
68,3,24,War and Conflict,"After penetrating about three miles I reached villages containing skulking refugees, at least stragglers, partially in hiding.",War and Conflict,1.0,['War and Conflict'],[0.9978594224022515],1
68,3,24,War and Conflict,At first sight of me they scampered pell-mell into the forests of millet; this grain is often from twelve to fifteen feet high and affords a safe and interminable retreat.,War and Conflict,0.9999983310946448,"['Agriculture and Farming', 'Food and Diet']","[0.49958027149818796, 0.4995741969623644]",2
68,3,24,War and Conflict,"At one farm where a poor old woman carrying a bundle of grain on her back attempted to cross the road some fifty yards ahead of me, and little suspecting the presence of a ""foreign devil"" so far back from the river, furtively cast her eyes both ways on the road.",War and Conflict,0.884016073807893,"['Agriculture and Farming', 'Daily Life and Occupations', 'British Colonialism', 'Social Classes and Customs', 'Transportation']","[0.18875934828427243, 0.1887587408700994, 0.1887497187989916, 0.18874866132167956, 0.1795443570076601]",5
68,3,24,War and Conflict,"She spied me, dropped her bundle as though she had been fired upon, jumped into the dry millet field and in a moment was out of sight.",War and Conflict,0.9999997019871092,['Agriculture and Farming'],[0.9999773278142609],1
68,3,24,War and Conflict,"It gave me a sensation of sadness I never before experienced, and even now, long afterward, it steals over me when I recall the incident—an innocent, harmless fellow mortal fleeing from me in frenzied terror.",War and Conflict,0.999999940388081,"['War and Conflict', 'Family and Social Structures', 'Prisoners and Punishment']","[0.3529362480346528, 0.323525458542338, 0.29412145027173064]",3
68,3,24,War and Conflict,"She thought I sought her life; and to be suspected of seeking to take life shocked me, I dare say, as much as my presence frightened her.",War and Conflict,0.9999995827734,"['Family and Social Structures', 'Prisoners and Punishment']","[0.8961081662773628, 0.09090378685849322]",2
68,3,24,War and Conflict,"By this time I had decided that the road I had been following did not lead to the river, and was on my way back by the same road on which I had come.",War and Conflict,0.9992155408723472,['Transportation'],[0.9997723029764577],1
68,3,24,War and Conflict,I secured two cornstalks and arranged them to have the appearance of a gun and carried this makebelieve affair as I would have carried a gun so that Boxers back in the fields would think I was not defenseless.,War and Conflict,0.9999998211970382,"['Agriculture and Farming', 'War and Conflict', 'Daily Life and Occupations', 'Social Classes and Customs', 'Family and Social Structures']","[0.212376220925298, 0.21237455085923856, 0.21206448911641787, 0.19803774284289927, 0.16509568844249398]",5
68,3,24,War and Conflict,In this mood of nervous apprehension I was working my way back when the poor terrified woman dived into the field of millet.,War and Conflict,0.9999929071520068,['Agriculture and Farming'],[0.9974078456529193],1
68,4,23,Transportation,"Three times a day I made my cocoa by means of my spirit lamp, and as often did I have my bread and oleomargarine and a fragrant hunk of automatic cheese out of a box that once held two five-gallon cans of kerosene oil.",Daily Life and Occupations,0.9999899870091384,"['Food and Diet', 'Daily Life and Occupations', 'Prisoners and Punishment']","[0.32944822255717027, 0.32944629831817035, 0.3280429905618711]",3
68,4,23,Transportation,"After walking, sailing, towing and poling for five days we reached Tung-Chow, the end of the journey by junk.",Transportation,0.9999877819564684,"['Transportation', 'Harbor and Waterways', 'Daily Life and Occupations']","[0.36453877979384264, 0.3645325220285169, 0.2709221363587428]",3
68,4,23,Transportation,"It is thirteen miles from Tung-Chow to Pekin, and that distance had to be made in a four-mule wagon over the worst kind of a road, axle-deep in mud.",Transportation,0.999999940388081,"['Transportation', 'Geography and Topography']","[0.49928631204468055, 0.4992702410849226]",2
68,4,23,Transportation,"In this I spent the night with a single soldier, who shared with me such remnants of things eatable as we could find in my kerosene box.",Daily Life and Occupations,0.9997082523936888,"['War and Conflict', 'Food and Diet', 'Daily Life and Occupations', 'Missionary Work']","[0.29028597327819805, 0.290285592654396, 0.29024729214601575, 0.12709462427319707]",4
68,4,23,Transportation,"On the following morning, after lashing some eight or ten pieces of baggage on the top of a well-filled government wagon, I mounted the high seat with a mule driver well versed in all up-to-date vocabularies of profanity for the final stage of my journey from Tung-Chow, the nearest port on the Pei-ho River, to Pekin.",Transportation,0.999999940388081,"['Transportation', 'Daily Life and Occupations', 'Harbor and Waterways']","[0.3332923739518362, 0.3332640488443743, 0.33315750672196187]",3
68,6,23,Transportation,"About mid-afternoon, after thirteen miles of dislocating jolts, and weary with hearing the driver's lurid swearwords, we reach the famous capital of the Chinese Empire October 9, 1900.",Transportation,0.9999998807761656,"['Transportation', 'British Colonialism']","[0.8320548769482969, 0.16791844215472895]",2
68,7,11,Geography and Topography,"That we may get our bearings from the very beginning, let us turn to Map No. 8, a plan of Pekin.",Geography and Topography,0.9999998211970382,['Geography and Topography'],[0.9999758028316206],1
68,7,11,Geography and Topography,"The vast wall which encompasses the city is in the general form of a quadrangle, corresponding with the four cardinal points of the compass, the greater length lying exactly north and south.",Architecture and Building,0.9779877172391008,"['Geography and Topography', 'Architecture and Building', 'Military and Naval Defenses']","[0.3333337704534698, 0.3333337306902832, 0.3333324591148268]",3
68,7,11,Geography and Topography,"A transverse wall cuts off the southern third of the quadrangle, and within this is the strictly Chinese section of Pekin, the Chinese City.",Geography and Topography,0.9999997019871092,"['Geography and Topography', 'Architecture and Building']","[0.5000351277497695, 0.4999534878510983]",2
68,7,11,Geography and Topography,"The central position of this latter area walled off by itself is the Imperial City, and yet within this is the walled Forbidden City.",Architecture and Building,0.9958639880043556,"['Architecture and Building', 'Geography and Topography']","[0.5000223505217984, 0.4999629265953945]",2
68,7,11,Geography and Topography,A small outline plan of these several city areas is given on the upper left-hand side of the main map.,Geography and Topography,0.9999995827822108,['Geography and Topography'],[0.9999977628341826],1
68,7,11,Geography and Topography,"The wall of Pekin extends about five and one-half miles from north to south, and three and one-half miles from east to west.",Geography and Topography,0.9999533944338964,"['Geography and Topography', 'Architecture and Building', 'Military and Naval Defenses']","[0.33333906815503117, 0.33333739933550416, 0.3333234927673512]",3
68,8,13,Military and Naval Defenses,Coming from Tien-tsin we have approached the wall on the east side near the junction of the Tartar and Chinese cities.,Geography and Topography,0.9835642849368575,"['Geography and Topography', 'Transportation']","[0.5281658078699378, 0.4718207818176419]",2
68,8,13,Military and Naval Defenses,"We enter here also and pass along within the Chinese City, close to the wall separating it from the Tartar City, until we reach the Ha-ta-men, or Ha-ta Gate, for our first view of the Chinese Capital.",Military and Naval Defenses,0.9999271775628182,['Geography and Topography'],[0.9999430157132648],1
68,8,13,Military and Naval Defenses,"Note the two red lines which start from this gate and branch toward the left or west, each having the number 69 at its end outside the wall.",Military and Naval Defenses,0.9961733282433244,"['Architecture and Building', 'Geography and Topography']","[0.5456537882255751, 0.454226026690655]",2
68,8,13,Military and Naval Defenses,"We are to stand now on the wall, at the point from which these lines start and look west over that part of the city lying between them.",Military and Naval Defenses,0.9993939213819844,['Geography and Topography'],[0.9999479851427082],1
69,2,13,Military and Naval Defenses,"Here is the great wall stretching away before us toward the west, the wall which separates the Tartar from the Chinese City.",Military and Naval Defenses,0.999839412240232,"['Military and Naval Defenses', 'Geography and Topography', 'Architecture and Building', 'War and Conflict']","[0.2500606051313928, 0.25005988961595377, 0.2500565807935002, 0.24981454764792627]",4
69,2,13,Military and Naval Defenses,"The center of the Legation, or besieged district, lies about a half mile in front of us on the right side of the wall.",Military and Naval Defenses,0.943745663329128,"['War and Conflict', 'Geography and Topography', 'Military and Naval Defenses']","[0.33337508381774805, 0.3333717855240876, 0.33325237559509524]",3
69,2,13,Military and Naval Defenses,"We entered at a gate one mile in our rear and followed along the left-hand side of this wall, passed through the gate beneath us and ascended by a causeway on the right side to the top of the wall, and then by a flight of steps to a floor in the wooden tower about thirty feet above the wall, on which we now stand.",Military and Naval Defenses,0.9912053503327692,"['Architecture and Building', 'Military and Naval Defenses', 'Transportation', 'Geography and Topography']","[0.2922159962235972, 0.2919949394925093, 0.28784833935847537, 0.12794009784816185]",4
69,2,13,Military and Naval Defenses,"You can see a canal or moat running parallel with the wall on our left, but it seldom contains water.",Military and Naval Defenses,0.966750084608202,"['Geography and Topography', 'Architecture and Building', 'Harbor and Waterways', 'Military and Naval Defenses']","[0.25002930000321694, 0.25002131277106243, 0.24997661880754632, 0.24997023500070933]",4
69,2,13,Military and Naval Defenses,"Notice particularly the gigantic proportions of this wall, much greater than those of the Great Wall of China, which are only about twenty-five feet in height and from fifteen to twenty feet in thickness, while this wall of the Tartar City is forty feet in height, fifty feet in thickness at the base and thirty-six feet at the top.",Architecture and Building,0.9994144485905414,"['Architecture and Building', 'Military and Naval Defenses', 'Geography and Topography']","[0.3333487357205852, 0.33334702710953473, 0.33330415768359906]",3
69,2,13,Military and Naval Defenses,"Note, too, the massive buttresses flanking the wall to a thickness of sixty feet at intervals of a hundred yards; it is paved on top with large gray brick and surmounted by crenelated parapets, but shrubbery and weeds cover this pavement in many places.",Architecture and Building,0.9998740723373308,"['Architecture and Building', 'Military and Naval Defenses', 'Geography and Topography']","[0.33968241416136674, 0.3396820902119991, 0.32043845350415434]",3
69,2,13,Military and Naval Defenses,"On the top of those flanking towers are scattered unmounted, ancient Chinese cannon, such as you may see illustrated in Webster's Pictorial Dictionary under Chinese cannon; others of a later period, but yet ancient, and mounted on rude wheels, are found in the tower on which we stand.",Military and Naval Defenses,0.9999958275089476,"['Military and Naval Defenses', 'War and Conflict', 'Architecture and Building']","[0.33336315785509524, 0.33335890575226895, 0.33327575069478776]",3
69,3,24,War and Conflict,"Keep clearly in mind the location of the gate a mile behind us where we passed within the wall, the same at which the American troops entered.",War and Conflict,0.9999994039743072,"['War and Conflict', 'Military and Naval Defenses', 'Geography and Topography']","[0.44078130805122534, 0.44065508441633444, 0.11854700265566466]",3
69,3,24,War and Conflict,"The English force came in on the same side at a gate three-fourths of a mile southward, and followed a principal thoroughfare in the Chinese City, running parallel to this wall, until they reached another thoroughfare running at right angles to the street already mentioned and passing through this wall at a point half-way between us and the gate which we can see far away on the horizon.",War and Conflict,0.9999994039743072,"['War and Conflict', 'British Colonialism', 'Geography and Topography', 'Military and Naval Defenses']","[0.249682979527359, 0.2496743776734636, 0.2496728604477912, 0.2496662221611731]",4
69,3,24,War and Conflict,Yonder gate in the distance is a very important one both in connection with the Boxer war and in reference to its important central location between the Chinese and Tartar cities.,War and Conflict,0.9999988079489696,"['War and Conflict', 'Geography and Topography', 'British Colonialism', 'Military and Naval Defenses']","[0.2500089923140373, 0.250005654476891, 0.2500027638769373, 0.24998053290931596]",4
69,3,24,War and Conflict,"Later we shall stand upon the ruins of its tower, on the very spot where the brave Reilly fell while in command of his famous battery.",War and Conflict,0.9999991655469742,"['War and Conflict', 'Military and Naval Defenses']","[0.4998942700709, 0.49988711899936683]",2
69,3,24,War and Conflict,"The Americans passed through that gate on their way to the Legations, after passing along that open space by the dry canal on the left of the wall.",War and Conflict,0.9999998807761656,"['Transportation', 'Geography and Topography', 'War and Conflict']","[0.33352054636111544, 0.3334008465895641, 0.3330679901877838]",3
69,3,24,War and Conflict,"At certain points a troublesome fire was directed upon them from the top of the wall; but not from the portion of the wall some distance in front of us, as that part was captured by a daring sortie from the hemmed-in Legations.",War and Conflict,0.9999998807761656,"['War and Conflict', 'Military and Naval Defenses']","[0.4999945756767366, 0.4999937412331117]",2
69,3,24,War and Conflict,"To the right of this wall, not two hundred yards away, is a parallel street; it is called Legation Street; and on or near that street the Legations are located.",War and Conflict,0.9877042496773752,['Geography and Topography'],[0.9999940395277461],1
69,3,24,War and Conflict,"You may know, therefore, how this wall overlooks and commands the Legations, which you will understand better when we advance to a point abreast of them.",War and Conflict,0.9991067462259018,"['Geography and Topography', 'Military and Naval Defenses']","[0.49959658368522825, 0.4987154634110587]",2
69,3,24,War and Conflict,"Three miles away you can see the faint outlines of the Umbrella Pagoda, and beyond you can dimly descry the western hills, thirteen miles away.",Geography and Topography,0.9999935034590658,['Geography and Topography'],[0.9995014614122717],1
69,4,24,War and Conflict,"We are looking upon historic ground; every prospect bears a record of thirty centuries of human life and activity, and events of the past year have added another chapter.",War and Conflict,0.9999998211970382,['War and Conflict'],[0.9107052220983292],1
69,4,24,War and Conflict,"You see a partial barricade of brick just before us, and beyond the small building; you see another at the second small building, and further on you see others extending half way across the top of the wall; still further on there is one extending quite across; that is nearly abreast of the English Legation.",Military and Naval Defenses,0.894103394044317,"['Geography and Topography', 'Military and Naval Defenses', 'Architecture and Building']","[0.3375245332642463, 0.33703582742287586, 0.3246733439256196]",3
69,4,24,War and Conflict,"That point of the wall, for some unaccountable reason, the Chinese never occupied; they had approached it from both gates, fighting and holding their ground with great tenacity until only a short distance was unoccupied.",War and Conflict,0.9999993443882876,"['War and Conflict', 'Military and Naval Defenses']","[0.4999602578141695, 0.49995918499323333]",2
69,5,24,War and Conflict,"This gate, over which we are standing, was occupied all through the siege by the Chinese, and from here the Legations were badly harassed by cannon fire.",War and Conflict,0.9999997615523456,"['War and Conflict', 'Military and Naval Defenses', 'British Colonialism']","[0.33337930645378494, 0.33337286860907034, 0.33323792997775914]",3
69,5,24,War and Conflict,Between this gate and the Chien Gate the American soldiers were on guard and were so worn with constant watching that Captain Meyers thought the wall must be abandoned.,War and Conflict,0.9999972583938254,"['War and Conflict', 'Military and Naval Defenses', 'Daily Life and Occupations']","[0.33335891854468924, 0.33335840194447175, 0.33328029524312774]",3
69,5,24,War and Conflict,"Minister Conger thought to abandon the wall would only mean death to all the Legations, as the Chinese could occupy such an advantageous position and shoot directly into the foreign lines.",War and Conflict,0.9999919528278048,"['War and Conflict', 'Military and Naval Defenses']","[0.4999545686039307, 0.49995397265843344]",2
69,5,24,War and Conflict,"As a last resort a midnight charge was decided upon, hoping thereby to rid the wall further west of the Chinese and give more space for the Americans.",War and Conflict,0.9999997615523456,"['War and Conflict', 'Military and Naval Defenses']","[0.4999786024552433, 0.4999778276632948]",2
69,5,24,War and Conflict,"The gallant Captain Meyers, with a force of fiftyfive men, consisting of American, English and Russian marines, were to make the charge.",War and Conflict,0.9999971391969203,"['War and Conflict', 'Military and Naval Defenses']","[0.4993127569032991, 0.49930924501047275]",2
69,5,24,War and Conflict,"It was a desperate undertaking for fifty-five men to attack unknown hundreds, perhaps thousands, in front of them.",War and Conflict,1.0,"['War and Conflict', 'Military and Naval Defenses']","[0.500006168678158, 0.4999935332584794]",2
69,6,24,War and Conflict,This well-planned and bravely executed sortie at this moment was justly considered the salvation of the beleaguered inmates of the British Legation.,War and Conflict,0.9999997615523456,"['War and Conflict', 'Military and Naval Defenses', 'British Colonialism', 'Prisoners and Punishment']","[0.25004303991248594, 0.2500405958319826, 0.24996035623514287, 0.24995597820924187]",4
69,6,24,War and Conflict,For if the enemy had succeeded in planting their guns on the wall between these two gates the raking fire at close range would inevitably have destroyed all in a brief space of time.,Military and Naval Defenses,0.5289767602456624,"['War and Conflict', 'Military and Naval Defenses']","[0.49999401020651596, 0.499993890984117]",2
69,7,24,War and Conflict,A branch canal from that dry one on our left leads north beneath the wall at the point I have just mentioned in line with the British Legation.,Geography and Topography,0.9995210581420756,"['Geography and Topography', 'Harbor and Waterways', 'British Colonialism', 'Transportation']","[0.25002976873327787, 0.25002821887314797, 0.24997047079655632, 0.24996564052358708]",4
69,7,24,War and Conflict,"The opening beneath the wall, called the Water Gate, was barricaded; but it was through this that the first of the relief force reached the Legation.",War and Conflict,0.9999997615523456,"['War and Conflict', 'Military and Naval Defenses']","[0.49978631448319377, 0.49970959666840176]",2
69,7,24,War and Conflict,A missionary lady in the Legation told me that the first men she saw were a Sikh soldier and an English officer who had crawled through the Water Gate beneath the wall.,War and Conflict,0.999993026424122,"['British Colonialism', 'War and Conflict', 'Missionary Work', 'Harbor and Waterways']","[0.250238637292302, 0.2502378021317587, 0.25016274415477685, 0.24795569786577423]",4
69,7,24,War and Conflict,"The first greetings were: ""I am so glad to see you!"" and the reply, ""I suppose you are!""",War and Conflict,0.9957759151160552,"['Family and Social Structures', 'Daily Life and Occupations']","[0.7930942274521577, 0.1724169208955517]",2
69,7,24,War and Conflict,"about as brief and expressive as Cæsar's famous speech, ""Veni, vidi, vici.""",War and Conflict,0.9999996423941084,[],[],0
69,8,13,Military and Naval Defenses,"Before we stroll along the top of this wall to a place where you can see the barricades and the Legations, I must ask you to face directly towards the north from the top of the wall, below the tower in which we are now standing.",Military and Naval Defenses,0.9999949339231622,"['War and Conflict', 'Geography and Topography', 'Military and Naval Defenses']","[0.39807387169907843, 0.3966287341895449, 0.20529464143597637]",3
69,9,11,Geography and Topography,Turn to the map of Pekin and find the two red lines which start slightly east of the Ha-ta Gate and branch to the north wall of the city.,Geography and Topography,0.9999998807761656,['Geography and Topography'],[0.9979640388053936],1
69,9,11,Geography and Topography,The number 70 in a circle is connected with their starting point and is also found without a circle at the end of each line.,Geography and Topography,0.999992191554629,[],[],0
70,2,1,Architecture and Building,Looking out over this scene you will obtain a better idea of the appearance of Pekin than chapters of description could give; the buildings scarcely need description; you see them very distinctly.,Architecture and Building,0.9999997615523456,['Architecture and Building'],[0.9994151674300749],1
70,2,1,Architecture and Building,"This street, however, is slightly Europeanized by being macadamized for a short distance, owing, I presume, to its proximity to Legation Street, which is the first street leading west down on our left.",Architecture and Building,0.9999655483157134,"['British Colonialism', 'Geography and Topography', 'Transportation']","[0.3349846144395273, 0.33479103036340113, 0.3302223181412254]",3
70,2,1,Architecture and Building,"A narrow surface drain extends along the street for a short distance, as you see; this is also an innovation we will attribute to the Europeans; no normal Chinaman of today could ever comprehend the advantages of a sewer.",Architecture and Building,0.999999642375208,"['British Colonialism', 'Architecture and Building', 'Daily Life and Occupations', 'Social Classes and Customs']","[0.2666542821542125, 0.26649985200709986, 0.2440099257162497, 0.22282249228371845]",4
70,2,1,Architecture and Building,"Nowhere else in Pekin can a piece of paved street or a single yard of sewerage be found, barring Legation Street, which is altogether European.",Architecture and Building,0.9999995827822108,['Architecture and Building'],[0.9886354378517803],1
70,3,1,Architecture and Building,This northern part of Pekin was built by the Mongol conquerors about eight hundred years ago.,Architecture and Building,0.9999997615523456,"['Architecture and Building', 'War and Conflict']","[0.49983841243338195, 0.4997504316514153]",2
70,3,1,Architecture and Building,"Kublai Khan thought bad luck was attached to the old city to the south, so he had that city destroyed and built this northern city.",Architecture and Building,0.9999997615523456,"['Architecture and Building', 'Geography and Topography']","[0.5592890596941624, 0.4406780729324732]",2
70,3,1,Architecture and Building,"Under most of the streets in those days fine stone sewers were made, but they have been filled up with débris by the Chinamen of later times.",Architecture and Building,0.9999997615523456,"['Architecture and Building', 'Social Classes and Customs']","[0.5138957710464137, 0.47712684150079543]",2
70,3,1,Architecture and Building,"Splendid springs of clear cold water burst from the mountain-side ten miles to the north, and old Kublai Khan had aqueducts made to bring the water into the city.",Architecture and Building,0.999999642375208,"['Geography and Topography', 'Architecture and Building', 'Daily Life and Occupations']","[0.3282277293851939, 0.32822084349839065, 0.30333141174631756]",3
70,3,1,Architecture and Building,"Said one European resident of Pekin: ""The Manchus are lazy and growing lazier every year.",Social Classes and Customs,0.9997606501234596,['Social Classes and Customs'],[0.9811786353369707],1
70,3,1,Architecture and Building,"If the recent troubles in China should eventuate in driving the Manchus back to their native home in Manchuria, no one would mourn.""",War and Conflict,0.9999940399834744,"['War and Conflict', 'British Colonialism']","[0.7336751639664182, 0.2663110179998038]",2
70,4,24,War and Conflict,"This street before us has been rendered famous by the murder of the German Minister, Baron von Ketteler, whose name it now bears, being formerly called Ha-ta-men Street.",War and Conflict,0.9999993443882876,['War and Conflict'],[0.9995893068189361],1
70,4,24,War and Conflict,"The German Legation is near the other Legations, about a half mile to the left from where you see its termination on Von Ketteler Street below us.",War and Conflict,0.9975337584635268,['Geography and Topography'],[0.9999947546097899],1
70,4,24,War and Conflict,"Along that side street came the German Minister on June 20, accompanied by his Secretary, and turned north on the street stretching away in front of us.",War and Conflict,0.9999997615523456,['Transportation'],[0.9999718179700762],1
70,4,24,War and Conflict,The Minister and his Secretary were in their official chairs and had reached a point in the distance near where you see what seems to be a dark arch across the way.,War and Conflict,0.999994039978927,['Daily Life and Occupations'],[0.9996187279379768],1
70,4,24,War and Conflict,"A narrow street extending from Von Ketteler Street toward the east at that point leads to the Tsung-li Yamên, as the map shows.",Geography and Topography,0.9906065294501908,"['Geography and Topography', 'Transportation']","[0.7956422729480942, 0.20432823035876704]",2
70,5,24,War and Conflict,The story of the murder of Baron von Ketteler and the wounding of his Secretary are too well known to need repetition.,War and Conflict,1.0,['War and Conflict'],[0.9999990463189068],1
70,5,24,War and Conflict,"The wounded Secretary made his way to the American Mission, which lies to the west of the place of attack and in the vicinity of that small white tower which rises from among those trees quite beyond the larger building with the white roof; that is another way back to the Legations.",War and Conflict,0.9999997019871092,"['Geography and Topography', 'War and Conflict']","[0.495405248489427, 0.49540241359970827]",2
70,6,11,Geography and Topography,"While we are looking along this important thoroughfare, allow me to locate certain places, some of which we may hereafter visit.",Geography and Topography,0.9999988079127036,"['Transportation', 'Geography and Topography']","[0.8854790119990984, 0.11372354692428038]",2
70,6,11,Geography and Topography,"Should we follow one of the first side streets leading to our right one mile we would reach the east wall of the Tartar City, at a point where the famous Observatory is located and which we will show you later; and near it is situated the Examination Hall.",Geography and Topography,0.9999993443624238,"['Geography and Topography', 'Architecture and Building']","[0.498523762679738, 0.4980275337043299]",2
70,6,11,Geography and Topography,"A short distance beyond the Tsung-li Yamên is the headquarters of the Inspector General of Customs, Sir Robert Hart.",Geography and Topography,0.991568314699982,"['British Colonialism', 'Trade and Commerce', 'Daily Life and Occupations']","[0.3316122723845125, 0.33154983242415814, 0.33153662912103665]",3
70,6,11,Geography and Topography,"At the extreme end of this street and outside the wall is a great temple called Ti-tan, or Altar of Earth.",Architecture and Building,0.9994978221341508,"['Architecture and Building', 'Geography and Topography']","[0.5000131709581546, 0.4999609618654385]",2
70,6,11,Geography and Topography,"At the farther end of this street, slightly to the right, we shall visit later the great Lama Temple.",Religion (Buddhism and Ancestor Worship),0.9999672158945844,"['Religion (Buddhism and Ancestor Worship)', 'Architecture and Building']","[0.500004319417737, 0.49998673878042316]",2
70,6,11,Geography and Topography,"Those two temples stand near the northern limit of the Tartar City; but there are remains of an ancient wall two miles beyond that, which was the northern limit of the capital of the Mongol Dynasty.",Geography and Topography,0.999999940388081,"['Geography and Topography', 'Architecture and Building']","[0.500123263265099, 0.4998748290016834]",2
70,6,11,Geography and Topography,"Observe the level character of the site of this great city, how great the distances and how the whole area is interspersed with trees.",Geography and Topography,0.999999940388081,['Geography and Topography'],[0.9999926095133465],1
70,6,11,Geography and Topography,"It is verily a city of great walls and great distances, and, I might add, of great filth and great cowards.",Geography and Topography,0.9996669921550008,['Architecture and Building'],[0.9997562706921901],1
70,6,11,Geography and Topography,"In the dry season the main streets are ankle deep with fine dust, and when carts or caravans pass along, it rises and floats in great clouds, covering everything and infiltrating everywhere.",Geography and Topography,0.9999989866549318,"['Transportation', 'Trade and Commerce', 'Geography and Topography', 'Daily Life and Occupations']","[0.25175361462320944, 0.25171557106391457, 0.2511139594441274, 0.24541676482266742]",4
70,6,11,Geography and Topography,"After the city was occupied by the Allies, the last two miles of this great street was one of the greatest loot-marts in the city: mats and cloths were spread out on the sides of the street and articles for sale were laid thereon, and in that way the place became a wilderness of all sorts of things, and the haunt of curio hunters.",Daily Life and Occupations,0.9876393236180512,"['War and Conflict', 'Trade and Commerce', 'Daily Life and Occupations', 'Social Classes and Customs']","[0.25104418876877327, 0.2510440390793669, 0.2510364073670766, 0.2416739740189773]",4
70,7,11,Geography and Topography,We shall now turn away from this view northward along Von Ketteler Street and proceed along the top of the wall westward to a point nearly opposite the British Legation.,Geography and Topography,0.9999998211642538,"['Geography and Topography', 'British Colonialism']","[0.5214690935030033, 0.47835430207958524]",2
70,8,13,Military and Naval Defenses,"Our position and field of vision is given on the map of Pekin by the two red lines which start from near the Water Gate in the wall between the Tartar and Chinese Cities, half a mile west of our previous positions, and extend to the north wall of the city.",Military and Naval Defenses,0.9999902253607852,['Geography and Topography'],[0.9922020503261413],1
71,2,24,War and Conflict,"We are again looking northward from the top of the wall, and that large two-story building beyond the bridge is the most prominent building of the British Legation.",British Colonialism,0.9992626375561536,"['Architecture and Building', 'British Colonialism', 'Geography and Topography']","[0.33337353393279406, 0.3333689635354793, 0.3332512232881502]",3
71,2,24,War and Conflict,"It is surrounded by many one-story buildings, which do not show distinctly behind walls and surrounding trees.",Architecture and Building,0.9229340368170402,"['Architecture and Building', 'Photography and Imaging']","[0.6578830684423884, 0.3392190605841525]",2
71,2,24,War and Conflict,Probably never in history was the interest and anxiety of the entire civilized world so centered on one small spot as on that British Legation during the months of June and July of 1900.,War and Conflict,0.9999967219081624,"['War and Conflict', 'British Colonialism']","[0.5000014297995253, 0.49999606656999035]",2
71,2,24,War and Conflict,"For sixty days four thousand human beings were penned within those narrow quarters, and not only living on limited food supplies, but under an incessant hail of cannon and rifle fire.",War and Conflict,0.9999995231047478,"['War and Conflict', 'Prisoners and Punishment', 'Food and Diet', 'Military and Naval Defenses']","[0.24999886131430485, 0.24999832486364054, 0.24999066538712508, 0.24998351187681273]",4
71,2,24,War and Conflict,"Since this place before us is so full of history, episode and thrilling association, let us make a careful inspection of it from our commanding outlook.",War and Conflict,0.999973358199182,"['Cemeteries and Burial Practices', 'Geography and Topography', 'Harbor and Waterways', 'War and Conflict']","[0.4545255197869169, 0.28184139432971994, 0.1818173615020557, 0.054543813002940734]",4
71,2,24,War and Conflict,"First note the fatal stupidity of the enemy in not gaining this position, from which, with the modern artillery in their possession, they could have swept the Legation with a plunging fire and annihilated the four thousand inmates in a few hours.",War and Conflict,0.9999994039743072,"['War and Conflict', 'Military and Naval Defenses']","[0.49964895126904774, 0.4996459137844685]",2
71,2,24,War and Conflict,I pointed out to you the eastern end of Legation Street from our last position; here again you may see it where it passes over that low arched bridge between us and the British Legation.,War and Conflict,0.9999509508403724,"['Geography and Topography', 'British Colonialism', 'Architecture and Building']","[0.3681688438883477, 0.36716535639752923, 0.2645689164371254]",3
71,2,24,War and Conflict,The French and German Legations are a short distance toward the right from that bridge; the Russian and American are to the left.,War and Conflict,0.999919612587098,['Geography and Topography'],[0.9999657833600033],1
71,2,24,War and Conflict,"A canal at this time dry, passes beneath that bridge past the English Legation and on toward another bridge in the distance.",Harbor and Waterways,0.9975041111389348,"['Geography and Topography', 'Harbor and Waterways', 'Transportation', 'British Colonialism']","[0.24995267717366423, 0.2499514555178977, 0.24994609223281958, 0.2498847590644077]",4
71,2,24,War and Conflict,It was on the second bridge that Professor James was killed as he was returning from doing what he could to find a place for the suffering native Christians.,War and Conflict,0.9580624836517686,"['Missionary Work', 'British Colonialism']","[0.49581079763553026, 0.4956962229571281]",2
71,2,24,War and Conflict,"I have already mentioned that canal as issuing from the canal on the south side of the wall and passing beneath through a small barricaded opening known as the Water Gate, at which the English first entered.",War and Conflict,0.9999773521940248,"['Harbor and Waterways', 'British Colonialism', 'Military and Naval Defenses', 'Transportation', 'Geography and Topography']","[0.16593351759475233, 0.16593268665331176, 0.16593072865994735, 0.16592471551556826, 0.16590686068841679]",5
71,2,24,War and Conflict,"That now historic gate is almost below us, a little to the left, as you may see, by the course of the so-called canal.",Geography and Topography,0.5970991923418668,"['Harbor and Waterways', 'Geography and Topography', 'Transportation']","[0.33359436002830867, 0.3335871224159101, 0.33279700227523806]",3
71,2,24,War and Conflict,"Out of that entrance beneath those trees rushed the long-imprisoned, the longbesieged Ministers and missionaries to welcome their deliverers.",War and Conflict,0.999501632944958,"['Missionary Work', 'British Colonialism', 'War and Conflict', 'Prisoners and Punishment']","[0.25004347796866483, 0.25002109420813917, 0.24997041752727459, 0.24994459260292148]",4
71,2,24,War and Conflict,"Try to imagine the emotions of those people as they saw the brave American and English boys, covered with the grime and dust of a ten days' march in the hot sun, reach Legation Street at the bridge and turn toward them.",War and Conflict,0.999999940388081,"['War and Conflict', 'British Colonialism']","[0.5089411804921677, 0.49105511882065267]",2
71,2,24,War and Conflict,"Sixty days in hourly expectation of massacre, and now the space between them and the bridge filling up with serried lines of guns which means deliverance.",War and Conflict,0.9999998211970382,"['War and Conflict', 'Military and Naval Defenses', 'Prisoners and Punishment']","[0.33328799775590323, 0.3332807673181724, 0.33326936478717234]",3
71,2,24,War and Conflict,"Could there have been present some sort of a cardioscope, if I may coin a word, to register heart-beats and emotions, what a picture we would have had!",War and Conflict,0.9999995231047478,['Photography and Imaging'],[0.9999991650404837],1
71,2,24,War and Conflict,"Think of four thousand choking utterances of the greeting aforementioned: ""I'm so glad to see you!""",War and Conflict,0.9999957678972774,"['Family and Social Structures', 'Social Classes and Customs']","[0.8895319181792825, 0.06805773925347117]",2
71,3,24,War and Conflict,We have heard of the sinking and explosion of mines during the siege of the Legation; so I must point out the locality where they were sunk.,War and Conflict,0.9999884376334162,"['War and Conflict', 'Military and Naval Defenses']","[0.49977618654877554, 0.49977094409588085]",2
71,3,24,War and Conflict,"The second bridge marks a street running parallel with Legation Street; following that street a short distance to the left to a point about in line with the conical hill in the distance, you will reach the entrance to the Imperial stables on this side of the street, and not a great distance from the rear portions of the Legation Compound.",War and Conflict,0.9999533348502204,['Geography and Topography'],[0.9961529093575557],1
71,3,24,War and Conflict,"There shafts were sunk and a tunnel was under construction toward the Legation; with a little longer delay in the relief it would have been under the Legation, with such results as one may conceive.",War and Conflict,0.999998569577201,"['War and Conflict', 'Architecture and Building', 'Military and Naval Defenses']","[0.33375705432357267, 0.3336238286670726, 0.3325615195110723]",3
71,3,24,War and Conflict,Give your attention next to that area of ground lying beyond the British Legation and extending to the street in the distance; it seems to be now mostly covered with trees because the important buildings standing there before the outbreak have been razed to the ground.,War and Conflict,0.9999917145957986,"['War and Conflict', 'Architecture and Building', 'British Colonialism', 'Geography and Topography', 'Plague and Disease']","[0.22455972362447643, 0.22455616354418, 0.22455509277337715, 0.2245423520912157, 0.10178650732866762]",5
71,3,24,War and Conflict,"It is the site of the famous Hanlin Yuen College, the great national school of the Empire in which all Chinese learning and literature were centered.",Education,0.999707716341298,['Education'],[0.9994787144576974],1
71,3,24,War and Conflict,"The Classics of Confucius inscribed on tablets of marble were treasured there; these are gone; the twenty thousand volumes of precious literature are gone; and this venerable institution, founded a thousand years before the Christian era an alma mater from periods immemorial, is a heap of ruins below the level of those trees.",War and Conflict,0.9999995231047478,"['Education', 'War and Conflict']","[0.49984700666934856, 0.49982096781699303]",2
71,3,24,War and Conflict,"The loss of thousands of volumes of ancient records recalls the destruction of the Alexandrian Library as an irreparable loss; not so many precious books, perhaps, yet the Hanlin College antedated the Alexandrian Library by nearly seven hundred years; but what do Boxers care for colleges or precious tomes of ancient literature!",War and Conflict,0.999999940388081,"['War and Conflict', 'Education']","[0.5000244963527746, 0.49997389412993587]",2
71,4,24,War and Conflict,We must give special attention to that place; it is historic; by its prominence it is a landmark in Pekin; in a little while we shall stand upon its summit and overlook the Sacred City.,War and Conflict,0.9998963737015502,['Geography and Topography'],[0.9999725799058973],1
71,4,24,War and Conflict,"We shall see it from other standpoints, and so it will serve as a guide to us in the matter of position and direction over the wide-spread city.",War and Conflict,0.9997624379673464,"['Architecture and Building', 'Geography and Topography']","[0.6303967421827447, 0.36957514916848944]",2
71,4,24,War and Conflict,"It is said to be artificial and to consist of coal, which can be used in case of siege; this is tradition, however, which is often no more than the gossip of history.",War and Conflict,0.9999521428827828,"['War and Conflict', 'Military and Naval Defenses']","[0.49999618525835815, 0.4999514885557088]",2
71,4,24,War and Conflict,"History relates the tragic death of Tsung Cheng, the last emperor of the Ming dynasty, who hanged himself on that hill when the victorious hordes of the Manchus entered the capital.",War and Conflict,1.0,"['War and Conflict', 'Prisoners and Punishment']","[0.500166359637183, 0.49980019347983046]",2
71,4,24,War and Conflict,"The Sacred or Forbidden City, surrounded also by a heavy wall in the form of a quadrangle, lies directly south of Coal Hill.",Geography and Topography,0.9961378029083704,"['Geography and Topography', 'Architecture and Building']","[0.4999699933360235, 0.49996957619698845]",2
71,4,24,War and Conflict,During the siege the Chinese erected an emplacement on the wall of the Forbidden City at the end of this street on which was planted a cannon which gave the Legations the most trouble.,War and Conflict,0.9713132822473768,"['War and Conflict', 'Military and Naval Defenses', 'Architecture and Building', 'British Colonialism']","[0.30543137811801574, 0.30543112324987814, 0.28480091467514546, 0.10432875636494982]",4
71,4,24,War and Conflict,"It was not until the famous ""Aunt Betsey"" was found and put to use by an ingenious American that its fire could be stopped.",War and Conflict,0.9999996423941084,"['Daily Life and Occupations', 'Family and Social Structures', 'Cemeteries and Burial Practices']","[0.43537528362880384, 0.25095457239617197, 0.15823046949489808]",3
71,5,13,Military and Naval Defenses,"I should mention while we have this Legation before us that the artillery mounted on the wall of the Forbidden City was not the only artillery brought to bear on the inmates; guns were also mounted on the east wall off to our right, and toward the west near the Chien Gate.",Military and Naval Defenses,0.999978007768639,"['War and Conflict', 'Military and Naval Defenses', 'Prisoners and Punishment']","[0.33264688817317334, 0.3326463726572973, 0.3325557074036219]",3
71,6,14,Missionary Work,"Among those trees was the beautiful home of a Chinese prince who had always been friendly with the Europeans, and when the trying ordeal came he proved a prince indeed, turning over to the Legations the use of his home for the native Christian refugees, and delivering up for their use all foodstuffs in his possession.",Missionary Work,0.9999982715020382,"['War and Conflict', 'Social Classes and Customs', 'Food and Diet', 'Family and Social Structures']","[0.24887982635700628, 0.24886167040596255, 0.2488172380414703, 0.24745403672658228]",4
71,6,14,Missionary Work,"He is a man of fine appearance, as princely in manner as he has proved himself generous at heart, and is known as Prince Su.",Missionary Work,0.9942708054289991,['Social Classes and Customs'],[0.9951168076584377],1
71,7,6,Family and Social Structures,The Chinaman near us is a native Christian whose whole family was killed by the Boxers.,Family and Social Structures,0.9999663226731412,"['War and Conflict', 'Family and Social Structures', 'Missionary Work']","[0.33316298841317576, 0.3331503991732379, 0.33236464109318864]",3
71,8,24,War and Conflict,This barricade was built by the Legation guards after driving back the Chinese by the concerted night sortie.,War and Conflict,0.9998459639513868,"['War and Conflict', 'Military and Naval Defenses', 'British Colonialism']","[0.3266028584366397, 0.326602546926009, 0.32658152199498947]",3
71,8,24,War and Conflict,"This was the easterly barricade occupied by the American soldiers, who could, on the one hand, keep in check the Chinese at the Ha-ta Gate to our right, and on the other control somewhat the canal in front and assist in case the enemy tried to cross it.",War and Conflict,0.7912851958999844,"['War and Conflict', 'Military and Naval Defenses', 'Harbor and Waterways', 'Geography and Topography']","[0.251674852582356, 0.2516747925710777, 0.2515083097752354, 0.24514159506331862]",4
71,9,1,Architecture and Building,"Barricades such as these were thrown up at frequent intervals along the top of the wall in the rear of the Legations, as we have seen.",Architecture and Building,0.979669325579647,"['War and Conflict', 'Military and Naval Defenses']","[0.49956149710275805, 0.49955846040585733]",2
71,9,1,Architecture and Building,I will now try to familiarize you with the aspect of Legation Street by asking you to go down to the left end of that bridge and mount to the roof of a small building and look to the right or eastward.,Architecture and Building,0.9999890931980177,"['Architecture and Building', 'Geography and Topography']","[0.5219386853178684, 0.47804711310630016]",2
71,10,11,Geography and Topography,"On the map we find our position and the direction in which we are to look by the two red lines which start on Legation Street, a short distance above the Water Gate, and extend toward the east.",Geography and Topography,0.9999993443882876,"['Geography and Topography', 'Harbor and Waterways']","[0.5000073891711355, 0.49998355027953734]",2
71,10,11,Geography and Topography,"The left-hand line stops at Von Ketteler Street, the right-hand line reaches the map margin, and each has the number 72 at its end.",Geography and Topography,0.999999940388081,"['Transportation', 'Geography and Topography']","[0.8626962121579083, 0.12802587519475261]",2
72,2,11,Geography and Topography,"It is three-fourths of a mile to the eastern end of this street on Ha-ta-men or Von Ketteler Street, heretofore pointed out to you.",Geography and Topography,0.999999940388081,['Geography and Topography'],[0.9992327724481334],1
72,2,11,Geography and Topography,"On the right-hand side of the street, one-eighth of a mile distant, we can see a portion of the German Legation building from which the German Minister departed on his fatal mission on June 20.",Geography and Topography,0.9949010548803848,['War and Conflict'],[0.9600671891618419],1
72,2,11,Geography and Topography,"To the left, the building next to that tree, with a flag-pole above it, is the entrance of the Spanish Legation, where I will escort you later to see the Foreign Ministers leaving the Legation after an important sitting.",Architecture and Building,0.9921774045398676,['Architecture and Building'],[0.989439091478503],1
72,2,11,Geography and Topography,"One-fourth of a mile from where we stand, on the left-hand side of the street, is the French Legation, which we shall visit next.",Geography and Topography,0.9999946955285566,['Geography and Topography'],[0.9993925280501526],1
72,3,23,Transportation,"Carts are used to some extent for transportation, but for long distances the patient, loping camel is the chief burden-bearer.",Transportation,0.9999996423941084,"['Transportation', 'Daily Life and Occupations', 'Trade and Commerce']","[0.33403394973303524, 0.3340323172188803, 0.331932697785046]",3
72,3,23,Transportation,They come from points south and from the interior carrying produce; for you may be reminded that agricultural production is quite limited in the vicinity of Pekin.,Agriculture and Farming,0.9993013545607544,"['Agriculture and Farming', 'Trade and Commerce', 'Food and Diet', 'Daily Life and Occupations', 'Transportation']","[0.16666791811306153, 0.16666787838241562, 0.16666783864547896, 0.16666758034571902, 0.16666001126893548]",5
72,3,23,Transportation,How these meek and uncomplaining transportation drudges must rejoice in the prospective completion of the Siberian Railway with its branch to Pekin!,Transportation,0.999999940388081,"['Transportation', 'Daily Life and Occupations', 'Trade and Commerce']","[0.33327582213773976, 0.33321600772375454, 0.3331810159552387]",3
72,3,23,Transportation,For ages caravans like this have been threading their way over mountains and burning sands for two thousand miles between Siberia and the Chinese Capital.,Transportation,0.9999997615523456,"['Transportation', 'Geography and Topography', 'Trade and Commerce', 'Tea Production and Trade', 'Daily Life and Occupations']","[0.2001554077195927, 0.20015371360637013, 0.20015371360637013, 0.19995969476643236, 0.19957699307853455]",5
72,4,24,War and Conflict,You can see the barricade of brick thrown up on the wall of the bridge; this defensive preparation evidently anticipated the occupation of the wall facing this by the enemy.,Military and Naval Defenses,0.988704296002353,"['Military and Naval Defenses', 'War and Conflict']","[0.49990149009104823, 0.49990149009104823]",2
72,4,24,War and Conflict,We do not here see many traces of shots on the walls of the buildings; this is owing to the circumstance that we are here in the line between fires from opposite directions.,War and Conflict,0.9999993443882876,"['War and Conflict', 'Military and Naval Defenses']","[0.4998981719723002, 0.49989388133301466]",2
72,4,24,War and Conflict,"The attacks were chiefly from the east and from the west-from the Ha-ta Gate and beyond it to the east, and from the direction of the Chien Gate and the west and northwest.",War and Conflict,0.9999957083847452,"['War and Conflict', 'Military and Naval Defenses']","[0.49743286406086884, 0.4974301365345846]",2
72,4,24,War and Conflict,Should we go back to the American Legation we would see the west sides of the building riddled with bullets; and should we go eastward till we reached the east sides of the French and German Legations we would find the same condition.,War and Conflict,0.9999998807761656,"['War and Conflict', 'Military and Naval Defenses', 'Architecture and Building']","[0.33427112948680027, 0.3329928009362542, 0.33273017201227706]",3
72,4,24,War and Conflict,"You can see some French soldiers in the distance, and a couple of American soldiers to our right on the bridge, and the familiar looking telegraph poles and wires which a stranger might be surprised to find in Pekin.",War and Conflict,0.9999998807761656,"['War and Conflict', 'Military and Naval Defenses']","[0.5012470028019557, 0.49854984154030574]",2
72,5,11,Geography and Topography,"Let us now go forward along this Legation Street just one-fourth of a mile to the French Legation, then turn around and look back in this direction.",Geography and Topography,0.9999998211970382,['Geography and Topography'],[0.9997933646817765],1
72,5,11,Geography and Topography,"On the map, about half way between our present position and Von Ketteler Street, find two short red lines, connected with the number 73, which branch off toward the left or west.",Geography and Topography,0.9999998211970382,['Geography and Topography'],[0.9994433902359983],1
73,2,24,War and Conflict,"Ruins of the French Legation are nearest us on our right, and this shows us the woeful destruction of the more exposed quarters of the foreigners.",War and Conflict,0.9999995231047478,"['War and Conflict', 'Architecture and Building']","[0.5001246284037871, 0.4998196937584508]",2
73,2,24,War and Conflict,"A cannon ball came through the wall of this Legation and carried off the head of Mr. Wagener, a gentleman in the customs service.",War and Conflict,0.999999940388081,"['War and Conflict', 'Daily Life and Occupations', 'Military and Naval Defenses', 'Social Classes and Customs', 'Trade and Commerce']","[0.2240644692837642, 0.22405138140462247, 0.2240140274248758, 0.22273983904205605, 0.10503916429150147]",5
73,2,24,War and Conflict,On the paved street to our left a young Russian was killed; he had been drinking heavily and did not know the direction he was going.,War and Conflict,0.9999998211970382,"['Daily Life and Occupations', 'Transportation']","[0.5627130333884679, 0.3902435352348515]",2
73,2,24,War and Conflict,Just beyond the head of that ragged woman near us you can see a narrow depression in the road.,War and Conflict,0.9985510135615688,['Geography and Topography'],[0.9986683748580663],1
73,2,24,War and Conflict,"That is the remnant of the trench dug by the Chinese across the road, and marks the place of their nearest barricade.",War and Conflict,0.997281842686664,"['War and Conflict', 'Military and Naval Defenses', 'Geography and Topography']","[0.34364133712086353, 0.3436412142326968, 0.3126833252040292]",3
73,3,24,War and Conflict,Of course some telegraph poles have hardly been brought back to the perpendicular; and some portions of the barricades remain.,War and Conflict,0.9999995827734,['War and Conflict'],[0.999916937426355],1
73,3,24,War and Conflict,"The lions before the door of the Legation seem to have been imbued with the alleged Boxer impenetrability, for there they stand, at least one of them, unscarred and as rampant as ever.",War and Conflict,0.9999997615523456,"['War and Conflict', 'British Colonialism']","[0.5117262875528837, 0.48818009983869065]",2
73,3,24,War and Conflict,These pitted walls tell of the risks and difficulties and the impossibility of a longer tenure of these buildings; notice also the scarred remnant of that tree by the telegraph post.,Architecture and Building,0.9349128535474568,['Architecture and Building'],[0.9999349191100001],1
73,3,24,War and Conflict,"The marks even show the direction of the bullets as coming directly from the locality of the Ha-ta Gate; and now we can understand why we saw no traces of bullets on walls facing the west, from our last position.",War and Conflict,0.9999952318244132,"['War and Conflict', 'Military and Naval Defenses']","[0.5000060196685823, 0.4999936823147845]",2
73,3,24,War and Conflict,"We see only the entrance to the Legation; the buildings belonging to all the Legations are Chinese, and they are always back in the compound a short distance from the gate.",War and Conflict,0.9443214090216696,['Architecture and Building'],[0.9997452575246774],1
73,3,24,War and Conflict,"Notice how the Legations have improved this street; it is macadamized and sewered and lined with lamp posts, although I see none here.",Architecture and Building,0.866818411226269,"['British Colonialism', 'Architecture and Building', 'Transportation']","[0.36073933143390735, 0.3606449347999858, 0.2764710840091089]",3
73,3,24,War and Conflict,This is the way to the Tsung-li Yamên; this is the street along which all the Ministers are carried in their official chairs to the Chinese Foreign Office.,Transportation,0.9988341308756828,"['Transportation', 'Social Classes and Customs', 'Geography and Topography']","[0.34271711093113894, 0.3426863921193325, 0.31095333843393635]",3
73,4,4,Daily Life and Occupations,"I told my porter, who stands there by the telegraph pole, to ask this poor woman to stand a moment till I made a picture of the street; her poverty was greater than her prejudice against the photographic thing of evil, and she stood and earned her alms.",Photography and Imaging,0.7251491846092847,"['Photography and Imaging', 'Daily Life and Occupations', 'Social Classes and Customs']","[0.33329478781487176, 0.33329331783874055, 0.3332887488174113]",3
73,5,11,Geography and Topography,"The great south wall of the Tartar City, upon which we have stood several times, is only a short distance to our left.",Geography and Topography,0.9995967354212631,"['Geography and Topography', 'Architecture and Building', 'Military and Naval Defenses']","[0.33333441943760606, 0.3333337835869458, 0.3333306048753239]",3
73,5,11,Geography and Topography,"We must ascend it again and pass along its top toward the west and past the place from which we looked down to the British Legation, to a point in the rear of the American Legation.",Geography and Topography,0.999999940388081,"['Geography and Topography', 'British Colonialism']","[0.5013860777472977, 0.49861183040771373]",2
73,5,11,Geography and Topography,which start at the wall just west of the Water Gate and reach beyond the northern city wall.,Geography and Topography,0.9999951722127784,"['Geography and Topography', 'Harbor and Waterways', 'Architecture and Building']","[0.7862663273865625, 0.12276419892350991, 0.07497676304451394]",3
74,2,2,British Colonialism,"There are some things in this part of the city which you will not, I am sure, fail to recognize; you see far away that land-mark previously mentioned, that Coal Hill on which the last of the Mings hanged himself, and which has become famous in tradition and in history.",British Colonialism,0.99873519707142,"['Geography and Topography', 'Prisoners and Punishment', 'British Colonialism']","[0.33305200123975687, 0.3330322310383519, 0.3329719781374159]",3
74,2,2,British Colonialism,And you will verily not fail to recognize that ever-endeared emblem of liberty and of our country which floats out there over those trees and over China.,British Colonialism,0.9999997019871092,['British Colonialism'],[0.9998906374354137],1
74,2,2,British Colonialism,"The American flag was in great demand; everything in the way of an American flag was bought or secured in some way, and when the supply was exhausted the Chinese mothers and daughters ransacked their homes for bits of red, of white and of blue which they speedily sewed into a funny semblance of the American flag.",War and Conflict,0.9995143299928252,"['War and Conflict', 'Fashion and Dress', 'Daily Life and Occupations']","[0.3445566285964126, 0.34443645400924694, 0.30569494015737275]",3
74,2,2,British Colonialism,"They had soon learned that the Americans treated them with more consideration and fair play than some other of the nations; and that the Stars and Stripes meant, even to them, liberty and protection.",British Colonialism,0.996522743313121,"['Prisoners and Punishment', 'War and Conflict']","[0.49995753999076264, 0.49983201666434046]",2
74,3,24,War and Conflict,"Mr. Bainbridge, the Second Secretary, and Mrs. Bainbridge, occupied rooms on the second floor of the main building.",Daily Life and Occupations,0.9999925493321083,['Family and Social Structures'],[0.9727477276838555],1
74,3,24,War and Conflict,"They undoubtedly thought that all those low buildings were filled with legation guards, and they are evidently not fond of taking great risks.",War and Conflict,0.999989987038242,"['Military and Naval Defenses', 'War and Conflict']","[0.9260088108139579, 0.07396434041781272]",2
74,3,24,War and Conflict,The walls of the rooms of the Second Secretary on the west side of the building were pitted all over with rifle bullets.,War and Conflict,0.9999973775782388,"['War and Conflict', 'Military and Naval Defenses', 'Architecture and Building', 'Prisoners and Punishment']","[0.2501049109778082, 0.2500776335603541, 0.25006207983191125, 0.24971754497872808]",4
74,3,24,War and Conflict,In line with the Legation we can discern superstructures connected with the large gate which is the entrance to the Sacred City on the south.,Architecture and Building,0.9999584594231198,"['Architecture and Building', 'Geography and Topography']","[0.500095757582958, 0.499893750672769]",2
74,4,13,Military and Naval Defenses,"Observe again how the guards have thrown up temporary defenses; this continues for a great distance, and the replacing of these bricks and the general restoration of this wall will involve much labor for the Pekinese brick-layer.",Architecture and Building,0.9977617181770424,"['Architecture and Building', 'Daily Life and Occupations', 'Military and Naval Defenses', 'War and Conflict']","[0.24993991358580606, 0.2499395262436903, 0.24993645743439127, 0.24993502749654886]",4
74,4,13,Military and Naval Defenses,"You also meet again my unfortunate one-eyed native, correctly typifying the national lifemeek, phlegmatic and immobile.",British Colonialism,0.9905993417004932,"['British Colonialism', 'Social Classes and Customs']","[0.7079018251071157, 0.2920849246003877]",2
74,5,24,War and Conflict,"If we now go to the Chien Gate, to our left, and look toward the northeast over the territory lying to the west and north of the American Legation, we shall realize more fully the havoc done during the siege.",War and Conflict,0.999999940388081,"['War and Conflict', 'Military and Naval Defenses', 'Geography and Topography']","[0.3335742469304001, 0.33333655298280235, 0.33308892169663573]",3
74,5,24,War and Conflict,"We are to see the section lying between the two red lines which branch toward the northeast, each having the number 75 at its end on the map margin.",War and Conflict,0.7194207767634391,['Geography and Topography'],[0.9999982118433864],1
75,2,24,War and Conflict,"When we stood on the Ha-ta Gate for our first view in Pekin, we looked westward along the wall to the Chien Gate, which we could see in the distance, about a mile away.",War and Conflict,0.9996913436637624,['Geography and Topography'],[0.9971002566150204],1
75,2,24,War and Conflict,I told you then that later we would visit the latter and stand on the place where Captain Reilly fell.,War and Conflict,0.9999998211970382,['War and Conflict'],[0.9997528586352716],1
75,2,24,War and Conflict,"Now we are on that spot, as nearly as I could have it located, and looking a little north of east and toward the British Legation, which we can see in the middle distance to the right of that tall pole.",War and Conflict,0.9999856354392596,"['Geography and Topography', 'British Colonialism']","[0.5005206652974972, 0.49947533616356415]",2
75,3,24,War and Conflict,"The Boxers and Imperial troops in the vicinity of this gate, after repeated attempts on the united Legations, thought to facilitate further attacks by burning the intervening portion of the city.",War and Conflict,0.9999998807761656,"['War and Conflict', 'Military and Naval Defenses', 'British Colonialism']","[0.3333699108807991, 0.33331865870984123, 0.3333108342903029]",3
75,3,24,War and Conflict,"I was told by good authorities that this burned district, destroyed ruthlessly and uselessly, represented, at a low estimate, five million dollars' worth of property.",War and Conflict,0.9999998211970382,['Architecture and Building'],[0.9583055662333533],1
75,3,24,War and Conflict,"The fire that swept this district also swept away the Methodist Mission and the Austrian, Belgian, Netherland and French Legations.",War and Conflict,0.9999978541900704,"['Missionary Work', 'War and Conflict', 'Architecture and Building']","[0.3345135005736778, 0.33442388115812405, 0.3310612225635573]",3
75,3,24,War and Conflict,"The day after the foreign armies entered the city the guns of Captain Reilly's battery were mounted on this gate and trained on the gates of the Imperial City, which lie north of us to our left; after the gates had been demolished and the way cleared for the entry of the troops, and at the moment of victory the gallant leader, standing where we now stand, was instantly killed by a rifle bullet.",War and Conflict,0.9999993443882876,"['War and Conflict', 'Military and Naval Defenses', 'British Colonialism']","[0.3334030682069062, 0.33338971499877773, 0.3332009770635054]",3
75,5,23,Transportation,"Toward our left or the north it leads through lofty gateways into the Imperial City and thence into the Palace, which embraces a large area surrounded by massive walls; southward or to our right it leads across the southern or Chinese portion of the city.",Transportation,0.999187595120384,"['Architecture and Building', 'Geography and Topography']","[0.500001549731177, 0.4999961256485792]",2
76,2,11,Geography and Topography,"now we are in Chienmen Street, or, as the Germans call it, Kaiser Street, and there are other places with Teutonic cognomens, until it almost looks as though Germany was going to extort a namesake indemnity from poor ""John.""",Geography and Topography,0.999997079585172,['War and Conflict'],[0.999670496184176],1
76,3,4,Daily Life and Occupations,This street extends from the extreme southern gate of the Chinese City to the gate of the Imperial City.,Geography and Topography,0.999889757638704,"['Geography and Topography', 'Architecture and Building']","[0.5397427882928996, 0.4554808008710165]",2
76,3,4,Daily Life and Occupations,"(On the map see the red lines connected with number 76, south of the Chien Gate.)",Geography and Topography,0.9999690621682106,"['Geography and Topography', 'Military and Naval Defenses']","[0.795621450541895, 0.20434819929279754]",2
76,3,4,Daily Life and Occupations,It is all trade and no recreation; there are stands for the sale of all sorts of queer comestibles quite beyond the comprehension of Western cooks.,Trade and Commerce,0.9963196335457656,"['Food and Diet', 'Trade and Commerce', 'Daily Life and Occupations']","[0.42236767668745234, 0.4223674752623127, 0.11886737657741964]",3
76,3,4,Daily Life and Occupations,"It seems to be an out-door restaurant along the entire street; there are buckets, tubs, pots and pans, baskets containing rice, vessels containing fruit which I recognize to be a fine large species of the persimmon.",Food and Diet,0.9999135357340942,"['Food and Diet', 'Daily Life and Occupations']","[0.500024671399102, 0.4999569701693829]",2
76,3,4,Daily Life and Occupations,"I see bakers and what appears to be flour on some tables; if flour it is rice flour, which is in general use for many purposes.",Daily Life and Occupations,0.9997853798689598,"['Food and Diet', 'Daily Life and Occupations']","[0.4992635558128986, 0.4992632582389918]",2
76,3,4,Daily Life and Occupations,"You may notice they are clad in warm garments, in quilted coats, and all wearing shoes and stockings.",Fashion and Dress,0.999998629165164,"['Fashion and Dress', 'Social Classes and Customs']","[0.5019787962358896, 0.49780444022868375]",2
76,3,4,Daily Life and Occupations,"On the other side of the street are crowds lingering by stands of haberdashery, and, indeed, stands for the sale of all conceivable commodities from junk to jade and other gems.",Trade and Commerce,0.9999434394256144,"['Trade and Commerce', 'Daily Life and Occupations', 'Fashion and Dress', 'Social Classes and Customs']","[0.2553182443323505, 0.2553168443837035, 0.25513564442012615, 0.23420589482901827]",4
76,3,4,Daily Life and Occupations,"We see some pieces of matting not yet unrolled; this will be spread out in the sand and dust, and articles for sale placed upon it.",Daily Life and Occupations,0.9994636615072194,"['Trade and Commerce', 'Daily Life and Occupations']","[0.4999804536628449, 0.49997401571347416]",2
76,3,4,Daily Life and Occupations,"The opposite side of this street, like Von Ketteler Street, to which I have already referred, has been a mart for the sale of loot.",Trade and Commerce,0.999907815778055,"['Trade and Commerce', 'War and Conflict', 'Daily Life and Occupations', 'Social Classes and Customs', 'Prisoners and Punishment']","[0.2119179833409099, 0.21191780651705244, 0.2119152551007337, 0.21186403379789645, 0.15227773045050394]",5
76,3,4,Daily Life and Occupations,"It is seldom that one does not see something inviting where eatables are for sale, but in China never, barring, possibly, natural fruits.",Food and Diet,0.9999998807761656,"['Food and Diet', 'Trade and Commerce', 'Social Classes and Customs', 'Daily Life and Occupations']","[0.25798309565703903, 0.25555523714297, 0.25446543519285486, 0.23195801387508044]",4
76,3,4,Daily Life and Occupations,"Here we fail to see such things as desiccated rats and boiled bugs; but if they are not here they are elsewhere for sale in the Empire; for I have bought the former in the markets of Canton and eaten the latter in the same place, although only in a tentative sort of a way.",Food and Diet,0.9999987483008556,"['Food and Diet', 'Trade and Commerce', 'British Colonialism', 'Social Classes and Customs', 'Daily Life and Occupations']","[0.20084200416154985, 0.2008413577345934, 0.20081016974935617, 0.20074773937839221, 0.196758034644331]",5
76,4,20,Social Classes and Customs,"Probably you will say that they seem darker in complexion among the lower classes in the north, and I think they are.",Social Classes and Customs,0.999999642375208,['Social Classes and Customs'],[0.9999229948200903],1
76,5,14,Missionary Work,"On the map see the two red lines connected with the number 77, in the center of the Chinese City.",Missionary Work,0.9416033576709968,['Geography and Topography'],[0.9999688877019296],1
77,3,24,War and Conflict,"The beginning of the Spanish-American war aroused new interest in the American army and navy and recalled to the public mind the fact that while ample provision was made by the government for clothing, feeding and arming the American soldier and sailor, it could not provide through strictly military channels those mental, moral and social influences required for the best development of young manhood.",War and Conflict,0.9999278328389852,"['War and Conflict', 'Military and Naval Defenses']","[0.49525136736364006, 0.49417082236169085]",2
77,3,24,War and Conflict,"Beginning three days after the first call for volunteers in 1898 down to the present, the one agency that has most diligently and systematically endeavored to supply these needs of the soldier and sailor has been the Young Men's Christian Association.",War and Conflict,0.9999994039743072,['War and Conflict'],[0.997347266418803],1
77,3,24,War and Conflict,"In southern camps, under the sunny skies of Cuba, Porto Rico and the Philippines, or in frozen Alaska, the men in blue have found the Association anticipating their needs, and with wellequipped places of resort bountifully supplied with games, books, magazines, writing paper and other comforts, has made it possible for the soldier and sailor to keep in touch with civil life and remain good men as well as good fighters.",War and Conflict,0.9999993443882876,"['War and Conflict', 'Daily Life and Occupations']","[0.49988613426953277, 0.49980993730175155]",2
77,4,14,Missionary Work,"The Association's enterprise was shown by one of the secretaries representing the International Committee in New York, pushing to the front with one of the columns.",Missionary Work,0.9999639997663596,['Daily Life and Occupations'],[0.999996187836024],1
77,4,14,Missionary Work,"About the same time another secretary was detached from the force in the Philippine Islands, where a large work had been conducted since the American occupation and sent to organize the movement in China wherever American troops should be called.",Missionary Work,0.9999998211970382,"['War and Conflict', 'Military and Naval Defenses']","[0.5000513392076468, 0.4999365608231157]",2
77,4,14,Missionary Work,"At Tien-tsin, Tongku and various less important stations this was done, the activity culminating in securing the building before us which had been a notorious gambling and opium den until closed by military authority.",Missionary Work,0.9926884224093204,"['Gambling and Opium', 'War and Conflict', 'Social Classes and Customs', 'British Colonialism', 'Daily Life and Occupations']","[0.19997626280582484, 0.1999734974776312, 0.19994156364119006, 0.19993343682983167, 0.199931029126419]",5
77,4,14,Missionary Work,"As soon as permission for its use was secured it was made the headquarters for a line of similar buildings in various parts of this city, differing from the others only in the fact that it was located so as to be accessible to the allied armies.",Architecture and Building,0.9990341190096252,"['War and Conflict', 'Architecture and Building', 'Military and Naval Defenses']","[0.33321514694711746, 0.33321399508888067, 0.3331715000166823]",3
77,4,14,Missionary Work,"Situated as it is in this Chinese City at the junction of the American, German and British camps, it was naturally more used by the troops of these armies than by the troops of other nations, but all were found in the building, and when games were unfamiliar or books and papers were found to be printed in an unknown tongue, or lectures, sermons and songs were unintelligible, the Sikh, Japanese, French or Italian could pen a message home on paper that bore the Association imprint and meet in fellowship in the lunch and coffee rooms which were powerful in restraining men from patronizing the dens of infamy with which every Oriental city is so well supplied.",Missionary Work,0.9999980329363344,"['War and Conflict', 'Daily Life and Occupations', 'British Colonialism']","[0.35868865391679133, 0.35864979009877357, 0.28263320855524304]",3
77,5,4,Daily Life and Occupations,"Something much trafficked in here is Chinese coal, a mixture of coal dust and clay, and is sold in baskets.",Trade and Commerce,0.9999883184191456,"['Trade and Commerce', 'Daily Life and Occupations', 'Harbor and Waterways', 'Transportation']","[0.25001783405744943, 0.2500164333579222, 0.2500145557478851, 0.24991511510478792]",4
77,5,4,Daily Life and Occupations,"Shoes and other articles of clothing are bought and sold alongside the open air restaurants, where such toothsome dishes as grasshoppers, dog flesh and vegetable mixtures are served to the fastidious but hungry wayfarer who wishes to have some change from rice and tea diet.",Food and Diet,0.9998895787062704,"['Food and Diet', 'Trade and Commerce', 'Daily Life and Occupations', 'Fashion and Dress', 'Social Classes and Customs']","[0.2000066844098843, 0.20000658902764615, 0.20000503926510474, 0.19999769662950717, 0.19998048579872427]",5
77,6,24,War and Conflict,"South of us lie the Temples of Heaven and Agriculture, which were the headquarters of the British and American forces during the winter of 1900 and 1901.",War and Conflict,0.9999898678447048,"['War and Conflict', 'British Colonialism', 'Military and Naval Defenses', 'Architecture and Building', 'Geography and Topography']","[0.200274389527589, 0.20027367332717566, 0.20020525310902143, 0.19992318075378102, 0.19932216635036892]",5
77,6,24,War and Conflict,"Only a short distance west of us is the place of public execution, where two of the Boxer princes were executed among the other criminals during the occupancy of the Allies.",War and Conflict,0.9726225081063072,"['Prisoners and Punishment', 'War and Conflict']","[0.4813166140075305, 0.4813165566546776]",2
77,7,11,Geography and Topography,"Now that we have seen Chien-men Street in the Chinese City and know how it appears, how low and mean-looking the buildings are, how ragged and miserable the common street sellers are, we shall follow this same street directly north to the Chien Gate again.",Geography and Topography,0.9999758621073068,"['Architecture and Building', 'Daily Life and Occupations', 'Social Classes and Customs']","[0.3332404194086522, 0.33318851401615385, 0.3331380058002657]",3
77,7,11,Geography and Topography,"Thence we shall pass eastward a short distance along Legation Street, thence northward outside the wall of the Imperial City about half its length, until we reach a breach in the wall made by the Allies to facilitate transportation.",Geography and Topography,0.9999881992158032,"['War and Conflict', 'Geography and Topography', 'Transportation', 'Military and Naval Defenses', 'Architecture and Building']","[0.23680868778938138, 0.23680865956179525, 0.23680377622762408, 0.2365567935282872, 0.052740667958564635]",5
77,7,11,Geography and Topography,"This we enter and thereby conveniently gain access to Coal Hill, which we have already seen several times at a distance.",Geography and Topography,0.999999940388081,['Geography and Topography'],[0.9999902956935202],1
77,7,11,Geography and Topography,"It is about one hundred and fifty feet high, and from its summit we are to obtain fine prospects of the more important parts of the city.",Geography and Topography,0.999999940388081,"['Geography and Topography', 'Architecture and Building']","[0.5007898560105295, 0.499210024574877]",2
77,8,11,Geography and Topography,We find the location of Coal Hill on the map practically in the center of the area inclosed by the Tartar City wall.,Geography and Topography,0.999999940388081,['Geography and Topography'],[0.9983882570122096],1
77,8,11,Geography and Topography,"Trace out the two red lines which run north from Coal Hill, each having the number 78 at its end outside the plan of the Tartar City.",Geography and Topography,0.999999940388081,['Geography and Topography'],[0.9999951119877544],1
78,2,11,Geography and Topography,"Here again you learn that the general aspect changes little; the city spreads away over the same level plain; the street in the distance is broad; the houses are low and somewhat scattered, and the whole field of view is thickly interspersed with trees.",Geography and Topography,0.9999998807761656,"['Geography and Topography', 'Architecture and Building']","[0.5025950344899758, 0.4974048456670957]",2
78,2,11,Geography and Topography,"The area of the city is not densely populated, as at Canton and many other cities in China; in the Chinese portion there are large areas almost without buildings except a few temples.",Geography and Topography,0.9999991655627198,"['Architecture and Building', 'Geography and Topography', 'Religion (Buddhism and Ancestor Worship)']","[0.33360705078296393, 0.33360235938981275, 0.33278219862345937]",3
78,2,11,Geography and Topography,"The slopes of Coal Hill are quite heavily wooded; the higher points contain pavilions or summer-houses, and at the time of our visit the largest of these on the highest point was occupied by French soldiers.",Geography and Topography,0.9999926686505648,"['Geography and Topography', 'War and Conflict', 'Military and Naval Defenses', 'Architecture and Building', 'British Colonialism']","[0.20006153598820908, 0.20006041496039, 0.19997314409503114, 0.19996201362628155, 0.19992326576289277]",5
78,2,11,Geography and Topography,"Directly north, a little over a mile distant, you see what appears to be a huge gate rising from the street to a great height.",Geography and Topography,0.9999921909889278,"['Architecture and Building', 'Geography and Topography']","[0.5022595950032321, 0.4977399258850818]",2
78,2,11,Geography and Topography,"It is known as the Drum-tower, because it contains a colossal drum which is beaten in times of alarm, and is also used to signalize the night watches.",Architecture and Building,0.9999880204158184,"['Architecture and Building', 'Military and Naval Defenses', 'Daily Life and Occupations', 'War and Conflict']","[0.2500400628944029, 0.25001600976585747, 0.24995672738104463, 0.24991606947535264]",4
78,2,11,Geography and Topography,"Two hundred yards beyond the Drum-tower is another somewhat similar structure called the Bell-tower, because it contains one of five great bells cast by Emperor Yung Lo in the early part of the fifteeenth century.",Architecture and Building,0.9999599489436876,['Architecture and Building'],[0.9996979962503192],1
78,2,11,Geography and Topography,"The Chinaman's fondness for big things is not confined to great walls; he takes to big drums and big bells, and sometimes to very big ""josses,"" in material concerns; but, worse than that, I fear he does not always scruple on big diplomatic fibs, nor is his commercial code always free from big ""squeezes""; yet in this respect what nation shall cast the first stone?",Social Classes and Customs,0.9999811059990462,"['Trade and Commerce', 'Social Classes and Customs', 'Religion (Buddhism and Ancestor Worship)', 'Architecture and Building']","[0.4600934747414389, 0.41368368715798115, 0.06811973415725145, 0.05793413345912239]",4
78,2,11,Geography and Topography,"The northern wall of the Imperial City lies one-half mile north of us, but it can scarcely be identified among the trees.",Geography and Topography,0.9999961852063284,"['Geography and Topography', 'Military and Naval Defenses', 'Architecture and Building']","[0.3333594748920091, 0.333343938222644, 0.33329611000983117]",3
78,2,11,Geography and Topography,"The Mei-shan, or Coal Hill, on which we stand is also surrounded by a wall which we see among the trees at the foot of the hill.",Geography and Topography,0.9999998807761656,"['Geography and Topography', 'Architecture and Building']","[0.5001301121891341, 0.49986869529510136]",2
78,2,11,Geography and Topography,"We may see among the trees an ornamental gateway, and near it a passage through the wall leading to those rather pretentious structures beyond.",Architecture and Building,0.999831133055183,['Architecture and Building'],[0.9998410119153063],1
78,2,11,Geography and Topography,"This is another of those sacred ancestral shrines, where family records are kept and where memorial tablets are erected, as was explained to you when we stood before the one at Canton.",Religion (Buddhism and Ancestor Worship),0.9999673945607958,"['Religion (Buddhism and Ancestor Worship)', 'Family and Social Structures', 'Social Classes and Customs', 'Architecture and Building']","[0.2881571309286583, 0.28815682179243207, 0.28814349453766386, 0.13508623998717922]",4
78,2,11,Geography and Topography,There are many beautiful architectural features to this family temple; there are richly carved marble rails and large figures of animals and birds in bronze.,Architecture and Building,0.9999954699362952,"['Architecture and Building', 'Religion (Buddhism and Ancestor Worship)']","[0.6163415555050198, 0.38365366863169165]",2
78,2,11,Geography and Topography,"Says Du Bose, speaking of these ancestral halls: ""Here sacrifices are made, incense is burned and prayers are offered.",Religion (Buddhism and Ancestor Worship),0.9999852180745854,"['Religion (Buddhism and Ancestor Worship)', 'Social Classes and Customs', 'Family and Social Structures']","[0.3333418327079573, 0.3333171621283311, 0.3332749303992713]",3
78,3,18,Religion (Buddhism and Ancestor Worship),"I, a distant descendant, having received the appointment from heaven, look back and offer this bright sacrifice to you, the honored ones from age to age, for hundreds and thousands and myriads of years.",Religion (Buddhism and Ancestor Worship),0.9999983907256808,['Religion (Buddhism and Ancestor Worship)'],[0.9999157238994739],1
78,3,18,Religion (Buddhism and Ancestor Worship),"Now ye front us, O spirits, and now ye pass by us, ascending and descending unrestricted by conditions of space.",Religion (Buddhism and Ancestor Worship),0.9999981521599486,"['Transportation', 'Religion (Buddhism and Ancestor Worship)']","[0.8695472492024905, 0.08696844351767094]",2
78,4,11,Geography and Topography,"Behind us lies the Palace, and for our last panorama of Pekin let us look over the urban ""Holy of Holies,"" or the Palace area.",Architecture and Building,0.9977257738074076,['Architecture and Building'],[0.9997591848699372],1
78,4,11,Geography and Topography,"Turn again to the map and trace the two red lines which bound our field of vision, starting from Coal Hill and extending over the Forbidden City and the Chinese City.",Geography and Topography,0.999999940388081,['Geography and Topography'],[0.9999504119923122],1
79,2,20,Social Classes and Customs,"The Shrines of Mecca are not kept more fanatically exclusive toward ""Christian dogs"" than is this Forbidden City at our feet toward all the world save the Imperial coterie.",Social Classes and Customs,0.9999997615523456,['Social Classes and Customs'],[0.999939804442534],1
79,3,20,Social Classes and Customs,"In all Oriental countries, the policing of cities is very imperfectly done, hence the people learn to shut themselves in and the streets are very uninteresting.",Social Classes and Customs,0.999988318425512,"['Daily Life and Occupations', 'Social Classes and Customs']","[0.5002309423786028, 0.4997471709595243]",2
79,3,20,Social Classes and Customs,Until about one hundred and fifty years ago the Forbidden City was not entirely closed to visitors.,Social Classes and Customs,0.9996912840775168,['Social Classes and Customs'],[0.9998221388383041],1
79,3,20,Social Classes and Customs,"Walls of cities were built, as they say, to make thieving less easy and the capture of thieves more easy.",Architecture and Building,0.9998768805654435,"['Architecture and Building', 'Daily Life and Occupations', 'Military and Naval Defenses']","[0.32328668229295365, 0.3231842841967148, 0.3148954582498267]",3
79,3,20,Social Classes and Customs,Walls are built in front of public offices and homes to keep out evil spirits rather than to prevent people from looking in.,Social Classes and Customs,0.9973720184466316,"['Architecture and Building', 'Social Classes and Customs', 'Religion (Buddhism and Ancestor Worship)', 'Daily Life and Occupations']","[0.24068531536112195, 0.2406661227797265, 0.24058511172766228, 0.2404869381560389]",4
79,3,20,Social Classes and Customs,"Doubtless if we knew the reason for the erection of many buildings in the ""Sacred Enclosure"" it could be traced to superstition.",Architecture and Building,0.999943678099932,"['Architecture and Building', 'Religion (Buddhism and Ancestor Worship)']","[0.5030201737154282, 0.4967691883964791]",2
79,4,1,Architecture and Building,Let us gaze for a little on this debarred city which the highest foreign dignitaries have not been permitted to enter for centuries.,Architecture and Building,0.9990015114711313,['Social Classes and Customs'],[0.9984545142721559],1
79,4,1,Architecture and Building,The entire palace enclosure is surrounded by a massive wall faced with tile glazed with imperial yellow.,Architecture and Building,0.9999997615523456,['Architecture and Building'],[0.9999901058689331],1
79,4,1,Architecture and Building,"Three streets extend across the grounds; three halls, in line north and south, embrace the main buildings; three and nine are sacred numbers; therefore you must expect everything in threes or nines.",Architecture and Building,0.9999993443882876,['Architecture and Building'],[0.9998491372894227],1
79,4,1,Architecture and Building,"The gate in the wall around the hill on which we stand is triple; the large gateway before you, which is the northern gateway of the Palace, is also triple.",Architecture and Building,0.9999997019871092,"['Architecture and Building', 'Geography and Topography']","[0.5024722776627959, 0.4974428696435777]",2
79,4,1,Architecture and Building,"Seven is the Jewish lucky number, but the Chinese fates (feng-shui) know no numbers but three and the multiples thereof.",Architecture and Building,0.9923516202530678,['Social Classes and Customs'],[0.9999872319696949],1
79,4,1,Architecture and Building,"This vast space appropriated to private palaces for the Emperor and the Empress contains a lake, gardens and pavilions; it has a fine temple dedicated to the Imperial ancestors.",Architecture and Building,0.9999959469364794,"['Architecture and Building', 'Religion (Buddhism and Ancestor Worship)', 'Family and Social Structures', 'Social Classes and Customs']","[0.33494029294779165, 0.33492999082163116, 0.26734598667779996, 0.06268110975943826]",4
79,4,1,Architecture and Building,"There are concubines, I suppose, and guards and bannerman, and servants of many kinds, and court flunkies innumerable, all requiring quarters within the grounds.",Architecture and Building,0.9999775905399316,"['Social Classes and Customs', 'Daily Life and Occupations', 'Family and Social Structures']","[0.3331876491657461, 0.333184471857623, 0.33318228691776447]",3
79,5,20,Social Classes and Customs,"One of the great mistakes made by this dynasty was in subsidizing all the soldiers who helped establish the throne two hundred and fifty years ago, as well as their descendants.",Social Classes and Customs,0.9999918932163656,"['War and Conflict', 'Social Classes and Customs', 'Military and Naval Defenses', 'Family and Social Structures']","[0.2500029503778926, 0.2500014603566317, 0.24999979131598887, 0.24999523168335785]",4
79,5,20,Social Classes and Customs,"Hence these Manchus expect to be carried on the shoulders of the Emperor, and when their stipends grow small, as naturally they must in the course of time, they make up the deficiency by stealing public funds.",Social Classes and Customs,0.9999995827734,['Social Classes and Customs'],[0.9997737234843086],1
79,5,20,Social Classes and Customs,"The Empress Dowager is the keenest monarch who has governed China for many years, but even she dares not weed out the worthless trash in the palace.",Social Classes and Customs,0.999994933894968,"['Social Classes and Customs', 'Family and Social Structures']","[0.5070493939256352, 0.4929502427976879]",2
79,6,24,War and Conflict,"Friends who had previously visited Pekin advised me to endeavor to gain the top of this hill by stealth, as the only way of obtaining a panoramic view of the Forbidden City; but stealth is uncalled for when European troops cook their rations in the pavilion we occupy.",War and Conflict,0.999996841149128,"['War and Conflict', 'British Colonialism', 'Geography and Topography', 'Food and Diet']","[0.25053200487796656, 0.2505043844721223, 0.249309290169711, 0.2493044095228741]",4
79,6,24,War and Conflict,"The exigencies of war, therefore, have gained for us, not only a panorama of the forbidden ground, but also of the sanctum sanctorum itself, to which I will introduce you after we walk around to the opposite approach of the sacred enclosure.",War and Conflict,0.9999997615523456,['War and Conflict'],[0.9995553900056493],1
79,7,11,Geography and Topography,"Do not forget that we are here looking directly toward the Chien Gate, which is now over a mile and a half south of us.",Geography and Topography,0.999999940388081,['Geography and Topography'],[0.9999904631983538],1
79,7,11,Geography and Topography,"We will leave the Mei-shan, turn to the left and pass outside the west wall of the Imperial City, and then southward till we reach Legation Street, and then swinging to the right on a line with the Chien Gate, we face north and enter the gate of the Imperial City and continue our way northward over a flagged highway and through another massive gateway until we reach a third prodigious gate; this we ascend and from its lofty second story we look north toward the gate which opens into the Forbidden City.",Geography and Topography,0.9999989270430732,"['Geography and Topography', 'Architecture and Building', 'Transportation']","[0.4746772363323513, 0.4746694320686204, 0.05065310519565171]",3
79,7,11,Geography and Topography,On the map we see by the red lines connected with the number 80 that we are to look north from the southern wall of the Imperial City.,Geography and Topography,0.999999940388081,"['Geography and Topography', 'Architecture and Building']","[0.550902223350033, 0.4451730055667559]",2
80,2,1,Architecture and Building,"Now we are on the southern side of the palace area looking toward Coal Hill, which is hidden behind the gate.",Architecture and Building,0.999987603120179,['Geography and Topography'],[0.9970813912730634],1
80,2,1,Architecture and Building,"Before us we see the German Field Marshal, Count von Waldersee, passing through the Imperial City on an official tour.",War and Conflict,0.3796460179321256,['War and Conflict'],[0.9994171123026725],1
80,3,13,Military and Naval Defenses,"The gate on which we stand is similar to the one on the opposite side of this grand court, except that it has no flanking wall and towers such as those we see.",Architecture and Building,0.99994981834283,"['Architecture and Building', 'Military and Naval Defenses']","[0.9313662094656225, 0.06863334643078024]",2
80,3,13,Military and Naval Defenses,"There is a vast room just behind us stored with immense quantities of swords, bows and arrows and other war material.",Military and Naval Defenses,0.9986722393095246,"['War and Conflict', 'Military and Naval Defenses']","[0.49998906387963205, 0.4999871564026461]",2
80,3,13,Military and Naval Defenses,"The whole court at our feet is paved with brick, and the central drive or promenade is flagged with heavy stone, and this flagging and paving extends from the Chien Gate to and within the Palace area, a distance of three-fourths of a mile.",Architecture and Building,0.999975266006304,"['Architecture and Building', 'Geography and Topography']","[0.5005991283647946, 0.49939985707400625]",2
80,3,13,Military and Naval Defenses,"I then told you that the guns of his battery were trained on the sacred city and the gates leading thereto, in order to clear the way for the advance of the troops.",Military and Naval Defenses,0.6700024215878748,"['War and Conflict', 'Military and Naval Defenses']","[0.4994461330681139, 0.49944446601285275]",2
80,3,13,Military and Naval Defenses,If you look carefully you will discover traces of shells from Reilly's guns-grim mementoes for the Empress when she returns to the Palace; for at that time she was fleeing southward toward Paoting-Fu.,War and Conflict,0.9995442202183332,['War and Conflict'],[0.999629106674267],1
80,4,24,War and Conflict,"After the occupation of the city by the Allies, the American and Japanese troops were placed in charge of the Palace grounds.",War and Conflict,0.9999998807761656,"['War and Conflict', 'Daily Life and Occupations']","[0.5048148219273544, 0.49516020592810506]",2
80,4,24,War and Conflict,At this time you see them lined along both sides of this Imperial highway as a mark of military respect to the Field Marshal.,War and Conflict,0.9061033154346054,"['War and Conflict', 'Military and Naval Defenses', 'Social Classes and Customs']","[0.3334522006738884, 0.3333950963339003, 0.33308108501771155]",3
80,4,24,War and Conflict,"The central figure, partially hidden by the German flag at the head of the escort, in the rear of the three mounted officers, is the Field Marshal.",War and Conflict,0.9999992251745926,"['War and Conflict', 'Photography and Imaging', 'Military and Naval Defenses']","[0.3333949501506909, 0.33337348838172653, 0.3332310447651678]",3
80,4,24,War and Conflict,"The American Sixth Cavalry lines the way between the gate on which we stand and the next gate behind us toward the Chien-men, and representatives of troops from other nations occupy positions along the route followed.",War and Conflict,0.9999775905945,"['Military and Naval Defenses', 'War and Conflict']","[0.49999344398181117, 0.49999344398181117]",2
80,5,13,Military and Naval Defenses,Before we can enter yonder sacred portal we must obtain a permit from General Chaffee or General Yamaguchi who at the time are in command of the American and Japanese forces.,Military and Naval Defenses,0.9999455858158698,"['War and Conflict', 'Military and Naval Defenses']","[0.5000208890488873, 0.4999735674504605]",2
80,5,13,Military and Naval Defenses,"Very naturally after a place so important as this is thrown open for the first time in history, there is an irrepressible desire to peer within; restriction is necessary and permits are required.",Military and Naval Defenses,0.9999761601470276,['Harbor and Waterways'],[0.999751867577643],1
80,5,13,Military and Naval Defenses,"After some delay these are received; then a further delay is entailed because one must wait until permits have been granted to a number, when an officer is detailed to accompany the party.",Military and Naval Defenses,0.9999995827734,"['Prisoners and Punishment', 'Daily Life and Occupations', 'British Colonialism']","[0.3241879115250654, 0.3241605143074322, 0.3237522922524829]",3
80,5,13,Military and Naval Defenses,"Previous arrangements have been made with the native caretakers of the Palace, who also must accompany us to see that nothing is taken or disturbed.",Military and Naval Defenses,0.9998774069308536,"['British Colonialism', 'Social Classes and Customs']","[0.4998796108472958, 0.49985601613034586]",2
80,6,13,Military and Naval Defenses,"We will descend and enter at that middle door, where we find a number of well-dressed court guards, who will follow us at every turn.",Military and Naval Defenses,0.9991425902998512,"['Social Classes and Customs', 'Fashion and Dress']","[0.5001776114420466, 0.4996580905379147]",2
80,6,13,Military and Naval Defenses,Within the court beyond we shall pass to the west side and look toward the northeast.,Military and Naval Defenses,0.9996508571996116,['Geography and Topography'],[0.9999997551971243],1
81,2,1,Architecture and Building,"We are at last within the Sacred City, where, until now, none of all those who have visited Pekin have ever been; within grounds from which all the foreign ministers and high functionaries of state have been excluded.",Architecture and Building,0.9998365533685664,['Social Classes and Customs'],[0.9589387104342343],1
81,2,1,Architecture and Building,"Royal domiciles the world over have taught us to expect to find therein a lavish expenditure of wealth in art and architecture, and why not expect such things in this venerable arcanum of Chinese and Manchurian sovereigns?",Architecture and Building,0.9999997019871092,"['Architecture and Building', 'Social Classes and Customs']","[0.5000813418328074, 0.4999170485691672]",2
81,2,1,Architecture and Building,"On the other hand, in all that we have thus far seen of China we have not been encouraged to expect great things, except, probably, in walls.",Architecture and Building,0.9999994039743072,"['Architecture and Building', 'British Colonialism']","[0.49984905534910634, 0.4969018542343952]",2
81,2,1,Architecture and Building,"Decay and dilapidation have characterized all places under native rule from Canton to the Capital, and why should we expect it to be otherwise here?",Architecture and Building,0.991311026876428,"['British Colonialism', 'Architecture and Building']","[0.4999987185302328, 0.49999842039190134]",2
81,2,1,Architecture and Building,We are in the first court and within the great South Gate of the Forbidden City; we have turned a little off to the left and ascended for a short distance an inclined causeway leading to side buildings.,Architecture and Building,0.9999997019871092,"['Architecture and Building', 'Geography and Topography']","[0.5000056930063524, 0.4999770220598207]",2
81,2,1,Architecture and Building,"We look diagonally across the court toward an interior gate, called ""Tai-ha-men.""",Architecture and Building,0.9999997615523456,['Architecture and Building'],[0.9999935620762398],1
81,2,1,Architecture and Building,"It is thus over the country; buildings are mostly roof; and one roof is not enough; there are generally two, and often many attachments.",Architecture and Building,0.9999997615523456,['Architecture and Building'],[0.999959472978187],1
81,2,1,Architecture and Building,Look at the weeds and grass growing up from the pavements; that canal is without water; and look at the shrubs growing from the chinks in the walls.,Architecture and Building,0.9999995827734,"['Architecture and Building', 'Geography and Topography']","[0.9262123876635053, 0.06140386230318947]",2
81,2,1,Architecture and Building,"There is grass and wild herbage enough about this court to graze a flock of goats; neither is this owing to the absence of the royal occupants; it is characteristic of the palace grounds, and it is characteristic of China.",Architecture and Building,0.9999993443624238,"['Food and Diet', 'Geography and Topography']","[0.584542155630308, 0.3769294837821083]",2
81,2,1,Architecture and Building,Those massive rails before the gate and around it and along the canal near us are elaborately sculptured in white marble; but when once finished they are left for time and neglect to write their traceries upon them.,Architecture and Building,0.9999994634928572,"['Architecture and Building', 'Harbor and Waterways']","[0.49992038345563633, 0.4999101341515768]",2
81,2,1,Architecture and Building,The yellow glazed tiles of the roofs and the dark green ornamental painting on the interior wooden work of the gate afford an agreeable contrast to the colorless city outside.,Architecture and Building,0.9999997615523456,['Architecture and Building'],[0.9999996423279001],1
81,2,1,Architecture and Building,"The two bronze lions guarding the approach are works of art, at least of the Chinese order, and were probably cast during the Ming reign when the bronze age was in its zenith.",Architecture and Building,0.9999997019404409,['Architecture and Building'],[0.999985416114855],1
81,3,4,Daily Life and Occupations,"We have made a cursory survey of all within our view except the solitary living figure, a half-grown lad, who, I scarcely need say, is not a member of the royal household left behind, but my own solemn-visaged, though very serviceable native boy.",Daily Life and Occupations,0.9998854058029352,"['British Colonialism', 'Family and Social Structures', 'Social Classes and Customs']","[0.44680886824650423, 0.41581356813565395, 0.13737298237832937]",3
81,3,4,Daily Life and Occupations,"This accounts partially for his demure countenance, although in his general state of mind he was cross, but honest.",Daily Life and Occupations,0.9942468453450573,"['Prisoners and Punishment', 'Daily Life and Occupations', 'Social Classes and Customs']","[0.4999995083221248, 0.2500002458389376, 0.2500002458389376]",3
81,3,4,Daily Life and Occupations,"On one occasion I hinted that something had disappeared from my room; this touched his pride so painfully that he left me for twenty-four hours, but returned at the end of that time after wages due him and making me to understand that ""he no stealee boy.""",Daily Life and Occupations,0.999982237957233,"['Daily Life and Occupations', 'Family and Social Structures']","[0.46147144024546877, 0.46079277193460394]",2
81,3,4,Daily Life and Occupations,We thereupon became reconciled until another day when we had a serio-comical falling out because I found him wiping my dishes-I should not say dishes; dishes is too plural for a plate and a cup-with his coat-tail.,Daily Life and Occupations,0.999984262991484,"['Daily Life and Occupations', 'Family and Social Structures', 'Food and Diet']","[0.36422671882759916, 0.36074140978568014, 0.2749936612540212]",3
81,3,4,Daily Life and Occupations,"The culmination, however, was a protest with no serious results; we became reconciled again, and I furnished a dishcloth and we parted friends.",Daily Life and Occupations,0.9998882075952754,['Family and Social Structures'],[0.9977082912011025],1
81,4,1,Architecture and Building,When we pass up that balustered approach to the gate we shall tread upon dragons sculptured in bold relief in the pavement blocks of marble.,Architecture and Building,0.9999997615523456,['Architecture and Building'],[0.9999936816480341],1
81,4,1,Architecture and Building,"Passing through and entering another smaller court, on the farther side of which stands one of the royal halls, we turn to the right and look westward along its front.",Architecture and Building,0.9999997615523456,['Architecture and Building'],[0.9996591701908787],1
82,2,1,Architecture and Building,"That alone would give great interest to the scene, but it is one of the main buildings of the palace.",Architecture and Building,0.9999998211970382,['Architecture and Building'],[0.9999996423283265],1
82,2,1,Architecture and Building,"We would not, of course, expect to find it comparable with imperial homes in European countries; but it does not compare with many palaces in other Oriental countries, nor other structures even in China, such as the Fukien Guild Hall at Ningpo, or the Ancestral Hall at Canton.",Architecture and Building,0.9999997019404409,"['Architecture and Building', 'Family and Social Structures']","[0.7996434023465654, 0.19594628260686225]",2
82,3,1,Architecture and Building,"There is nothing to distinguish the building from any old temple, or tea-house, or Yamen, or private home of a mandarin; and we should scarcely expect anything different when we recollect that the Chinese are a people of a single idea-one idea in everything; more than one would denote progress, a lack of which is the distinguishing trait of the people one idea in art-and one in architecture.",Architecture and Building,0.9999996423941084,['Architecture and Building'],[0.9991158074074858],1
82,3,1,Architecture and Building,"All buildings are on the same plan; a temple may be turned into a palace and vice versa, which is often done.",Architecture and Building,0.9999997615523456,['Architecture and Building'],[0.9999883176818793],1
82,3,1,Architecture and Building,"Private houses, pavilions, shops, palaces, pai-lau, temples and even gateways embody but one architectural idea; hence in this sacred and long secluded sanctum of the imperial family you see only the same old rickety heaps of brick and tile.",Architecture and Building,0.9999997615523456,"['Architecture and Building', 'Religion (Buddhism and Ancestor Worship)']","[0.5028512269011604, 0.49697497210202346]",2
82,3,1,Architecture and Building,We fail to find anything out of the usual in the buildings; we see some carved tablets on the pillars; we see weather-worn awnings over the doors.,Architecture and Building,0.9999998807761656,['Architecture and Building'],[0.9999955891428919],1
82,3,1,Architecture and Building,"The court flagging is out of repair; but the bronze figures are beautiful; also the bronze cisterns and the urns or altars, all of which we are naturally disposed to credit to the bronze age of the Mings.",Architecture and Building,0.9999997615523456,['Architecture and Building'],[0.9999959467863422],1
82,3,1,Architecture and Building,"Bronzes are cast at the present time, but it is unreasonable to suppose that inferior modern bronzes would be found in such a place.",Architecture and Building,0.9999994039345736,['Cemeteries and Burial Practices'],[0.9876472861333725],1
82,4,1,Architecture and Building,To a certain extent we may say the Chinese ideas of architecture result more or less from their religious ideas.,Architecture and Building,0.9997524285035988,"['Architecture and Building', 'Religion (Buddhism and Ancestor Worship)']","[0.500047613432084, 0.4999495252369403]",2
82,4,1,Architecture and Building,"As spirits go in a straight line, it is not wise to have buildings higher than the city wall, otherwise you might have undesirable visitants.",Architecture and Building,0.9999945167783416,"['Architecture and Building', 'Military and Naval Defenses']","[0.49993441921480364, 0.4999089135912709]",2
82,4,1,Architecture and Building,The mythical creatures in bronze or marble placed out by the entrance are supposed to have a real influence in keeping out evil spirits and preserving the peace of the household.,Architecture and Building,0.9999973179664764,"['Architecture and Building', 'Family and Social Structures', 'Social Classes and Customs', 'Daily Life and Occupations']","[0.26898535987935707, 0.26817913802166576, 0.26615417134483177, 0.19666850411107714]",4
82,4,1,Architecture and Building,"Geomancers are a necessary part of the palace officials, and they keep the imperial household well stirred up lest the feng-shui should not be right.",Architecture and Building,0.9999921909298112,"['Daily Life and Occupations', 'Social Classes and Customs']","[0.49965998059512867, 0.499659325131191]",2
82,5,18,Religion (Buddhism and Ancestor Worship),"On this incense and offerings are burned to the so-called divinities, or heroes who are liable to become divinities in time; but hero worship and pantheism in China is an infinity of idiocy more pitiable than interesting, and we pass it by and introduce you to a trio of celestial court flunkies.",Religion (Buddhism and Ancestor Worship),0.9999998807761656,"['Religion (Buddhism and Ancestor Worship)', 'Social Classes and Customs']","[0.5000742155026567, 0.4999087884909654]",2
82,5,18,Religion (Buddhism and Ancestor Worship),"Those fellows are not simply posing for a picture, they are keeping a sharp surveillance over every movement of the photographer.",Photography and Imaging,0.9999629868845368,"['Photography and Imaging', 'Daily Life and Occupations']","[0.9058304628840703, 0.09138040857071265]",2
82,5,18,Religion (Buddhism and Ancestor Worship),"I necessarily fell behind the party in making these stereographs, and these three linger to watch my movements in case I might carry off that cistern or pocket those birds.",Photography and Imaging,0.9999591148034565,['Photography and Imaging'],[0.9998669556444963],1
82,5,18,Religion (Buddhism and Ancestor Worship),"By their style of dress we see that two of them are somewhat important; those are caps of consequence; the feather behind is particularly consequential; besides, they are portly men, and obesity in this country usually keeps pace with functionary importance.",Fashion and Dress,0.9905282733377472,"['Social Classes and Customs', 'Fashion and Dress', 'Daily Life and Occupations', 'Family and Social Structures']","[0.2541520634547771, 0.2541520331739903, 0.25410741885282323, 0.23747834401616905]",4
82,7,1,Architecture and Building,"We enter the building and see considerable furniture of fine workmanship, and some art treasures and bric-abrac not easily moved, most movable belongings having been looted or carried away in the hegira.",Architecture and Building,0.999996543042762,['War and Conflict'],[0.9990970699410546],1
82,7,1,Architecture and Building,"We leave this hall on the opposite side, and, passing through another gate, and entering a third court, we take a similar position before another hall.",Architecture and Building,0.999999940388081,['Architecture and Building'],[0.9999945162820265],1
83,3,1,Architecture and Building,"Were it not for the different ornamental objects of art and worship, you would scarcely know we are before another building and in another court, the similarity in the appearance of structures is so great; and yet this is the private room of the Empress.",Architecture and Building,0.9999997615523456,"['Architecture and Building', 'Religion (Buddhism and Ancestor Worship)', 'Social Classes and Customs']","[0.33622522201910254, 0.33571717917318084, 0.32801351226710607]",3
83,3,1,Architecture and Building,"On the pillars in the porch there are the same carved tablets and similar faded and weather-worn awnings, but the bronze articles of decoration are of a higher order.",Architecture and Building,0.9999998211970382,['Architecture and Building'],[0.9999964238180313],1
83,3,1,Architecture and Building,The incense burners are more delicate and slender and more richly decorated; the marble bases on which they stand are covered with six or seven patterns of ornamentation.,Architecture and Building,0.9999902253289532,"['Religion (Buddhism and Ancestor Worship)', 'Daily Life and Occupations']","[0.7271797236526877, 0.2206296234828329]",2
83,3,1,Architecture and Building,"The dragon himself, as though conscious of posing before royalty, looks his prettiest, giving the most gracious and graceful curves to his wonted contortions; his hair is stylishly set up in fluffy tufts; his mustache has a dainty twirl, and while his mouth lacks the curves of Cupid's bow, he probably knows that at times, in art, the most hideous is the most beautiful.",Architecture and Building,0.9999977349664918,['Fashion and Dress'],[0.9999975562148596],1
83,4,3,Cemeteries and Burial Practices,"Even in this court of the apartments of the Empress, we see weeds intruding, other than widow's weeds;",Cemeteries and Burial Practices,0.9999962448532662,"['Fashion and Dress', 'Social Classes and Customs', 'Family and Social Structures']","[0.3333845506411447, 0.3333807749150213, 0.3332282359392265]",3
83,4,3,Cemeteries and Burial Practices,we see also cedar trees which are well-nigh sacred in China as in many Eastern countries;,Religion (Buddhism and Ancestor Worship),0.9876152064733994,['Religion (Buddhism and Ancestor Worship)'],[0.9999159324450322],1
83,5,2,British Colonialism,"One of the two, attired in dark silk garments, has probably gone to skirmish the advance members of our party, while another takes his place to complete the indispensable lucky number.",Social Classes and Customs,0.9986531180870052,"['Fashion and Dress', 'War and Conflict']","[0.5120392350213905, 0.4877778639488818]",2
83,5,2,British Colonialism,"Never before have they seen even the highest of their kindred, outside the royal family within these walls; now soldiers, civilians, photographers and all sorts of ""foreign devils"" are tramping through and desecrating the sacred grounds.",British Colonialism,0.9993254462823964,"['War and Conflict', 'Social Classes and Customs', 'British Colonialism', 'Cemeteries and Burial Practices', 'Photography and Imaging']","[0.14287355761876858, 0.14287274001148914, 0.14287226330953187, 0.14286749487432399, 0.1428663536464311]",5
83,5,2,British Colonialism,"What, then, must be the feelings of the Empress and the Emperor and Prince Tuan and other members whose mighty highness has been so long unapproachable and invisible, to see the despised Westerner in full control and peering into all the sacred nooks of their much-walled and inviolable asylum?",British Colonialism,0.9999928475405108,"['British Colonialism', 'Social Classes and Customs', 'Family and Social Structures', 'War and Conflict']","[0.26479635989162037, 0.26478237669647375, 0.26381564860292406, 0.20583967068528405]",4
83,5,2,British Colonialism,"They have been punished and humiliated before, but they soon regained ""face,"" i. e., prestige.",Prisoners and Punishment,0.9989972285340022,"['Prisoners and Punishment', 'Social Classes and Customs', 'Family and Social Structures']","[0.3333606644992897, 0.333356054945044, 0.33327024505825437]",3
83,6,11,Geography and Topography,"Her summers are spent at the Summer Palace among the western hills, thirteen miles from Pekin, which we shall visit later, and her favorite retreat within the city is a private palace, near the lake in the Imperial City, onehalf mile west of the Forbidden City.",Geography and Topography,0.9999997019404409,"['Geography and Topography', 'Architecture and Building']","[0.6806419966134177, 0.31908192239902256]",2
83,6,11,Geography and Topography,That palace was occupied by Field Marshal Count von Waldersee while the allied armies were in the capital and has since been burned down.,Architecture and Building,0.9175859699527809,"['War and Conflict', 'Architecture and Building']","[0.49985229774436796, 0.49981541572918325]",2
83,7,1,Architecture and Building,"We will pass through the Hall of the Empress, which scarcely contains anything worthy of a stereograph, even if the smallness of the rooms and the poor illumination did not prevent photographic operations;",Photography and Imaging,0.9821323464427144,"['Photography and Imaging', 'Architecture and Building']","[0.5000176420390438, 0.4999802119957302]",2
83,7,1,Architecture and Building,"then we enter another building called the Tai-ho-tien, or ""Hall of Highest Peace,"" which is apparently the most imposing structure in the Forbidden City.",Architecture and Building,0.9999997615523456,['Architecture and Building'],[0.9999996423284117],1
83,7,1,Architecture and Building,It is ascended by successive marble steps ornamented with magnificent balustrades in richly sculptured marble.,Architecture and Building,0.9999997615523456,['Architecture and Building'],[0.9999923704125181],1
83,7,1,Architecture and Building,The main hall is two hundred feet in length by ninety feet in width and contains seventy-two pillars;,Architecture and Building,0.999999642375208,['Architecture and Building'],[0.9999996423941511],1
84,2,1,Architecture and Building,The floor of this great hall is marble; the floor of the dais on which the royal chair stands is exquisitely inlaid.,Architecture and Building,0.9999997615523456,['Architecture and Building'],[0.9739353161479355],1
84,2,1,Architecture and Building,"There is no scarcity of fine moral sentiments inscribed on tablets and walls; that motto in large characters over the throne is, as nearly as translatable into English, ""Purity and Righteousness,"" and on the vertical tablet at the right hand is, ""The first step in adjusting the universe is to keep constantly in mind the shaping of one's own character.""",Architecture and Building,0.9999768157808856,['Architecture and Building'],[0.9852623917004389],1
84,2,1,Architecture and Building,"As to whether there is any palpable misfit about any of these fine ethical sentiments surrounding the throne of the Chinese Empire, there may be diversity of opinion.",Social Classes and Customs,0.9982079937901542,['Social Classes and Customs'],[0.9966335392337303],1
84,2,1,Architecture and Building,"Williams says in his ""Middle Kingdom"": ""Here the Emperor holds his levees on New Year's Day, his birthdays, and other state occasions; a cortège of about fifty household courtiers stand near him, while those of inferior dignity and rank stand in the court below in regular grades, and, when called upon, fall prostrate as they all make the fixed obeisances.",Social Classes and Customs,0.999991952772326,"['Social Classes and Customs', 'Family and Social Structures', 'Daily Life and Occupations', 'Folk Festivals and Celebrations']","[0.2507056884280527, 0.2506562117812455, 0.2506026570059558, 0.24803532322426175]",4
84,2,1,Architecture and Building,"It is in this hall that Titsingh and Van Braam were banqueted by Kienlung, January 20, 1795, of which interesting ceremony the Dutch Ambassador gives an account and since which event no European has entered the building,"" until, we may now add, the allied armies of Europe and America entered it, in 1900.",Architecture and Building,0.9999993443624238,['War and Conflict'],[0.9996406198497074],1
84,3,20,Social Classes and Customs,There is another hall where the Emperor comes to examine written prayers to be offered at the state worship.,Social Classes and Customs,0.8146377158246256,"['Daily Life and Occupations', 'Religion (Buddhism and Ancestor Worship)', 'Social Classes and Customs']","[0.3332726464307561, 0.33326470049331924, 0.33325353666551105]",3
84,3,20,Social Classes and Customs,"And beyond this stands the ""Palace of Earth's Repose,"" or, stripped of metaphor, the Imperial Harem.",Social Classes and Customs,0.8861794354499354,"['Architecture and Building', 'Social Classes and Customs', 'Family and Social Structures']","[0.3347623832408534, 0.33346709927494406, 0.33175933589718115]",3
84,3,20,Social Classes and Customs,"Another building farther north and near the northern gate is called the ""Hall of Intense Thought,"" where offerings are made to Confucius and other sages.",Architecture and Building,0.9989767653099646,"['Architecture and Building', 'Social Classes and Customs']","[0.49985195694253226, 0.49840753033470286]",2
84,3,20,Social Classes and Customs,"There is also the Imperial Library and the Ancestral Hall, where the members of the royal family offer homage to their departed ancestors.",Family and Social Structures,0.99605355089429,"['Family and Social Structures', 'Social Classes and Customs', 'Architecture and Building', 'Religion (Buddhism and Ancestor Worship)']","[0.24449470015186192, 0.24449365096812628, 0.24449056163767885, 0.2444891045492742]",4
84,3,20,Social Classes and Customs,There are other buildings too numerous to mention; but the number of persons living within these sacred walls is not large and nearly all are of the line of the alien conquerors.,Social Classes and Customs,0.99746435545763,"['British Colonialism', 'Family and Social Structures', 'Architecture and Building', 'Social Classes and Customs']","[0.2507766621935592, 0.2507713425803343, 0.2507134839739962, 0.24746846719035798]",4
84,3,20,Social Classes and Customs,"How many times servile subordinates have stood in the court near where we stand and made the nine regulation obeisances before the ""Son of Heaven,"" seated on this throne; and we come and go and neither make obeisances nor ""Chin, chin"" to anybody!",Social Classes and Customs,0.9999993443624238,"['Social Classes and Customs', 'Family and Social Structures']","[0.49250132073942354, 0.48993033442761375]",2
84,3,20,Social Classes and Customs,"We have seen enough to convince us that while certain things show infinite labor and some skill, the general appearance and condition of this place, show Tsz' Kin Ching, or Carnation Prohibited City"" to be a parody of highsounding names.",Social Classes and Customs,0.9997972963027256,['Architecture and Building'],[0.999993216911265],1
84,4,23,Transportation,"Our position and field of vision is given on the map by the red lines, marked 85, which start near the northwestern part of the Forbidden City and extend slightly northeast.",Geography and Topography,0.9910320530047776,['Geography and Topography'],[0.9994955061149416],1
85,2,23,Transportation,It is entitled to a world-wide celebrity for its negative and infernal qualities; there is nothing which shows the sluggish inaptitude and inadaptability of the Chinese mind better than a Pekinese cart.,Transportation,0.9999954701172836,"['Transportation', 'Daily Life and Occupations', 'British Colonialism']","[0.4102367460544355, 0.3772760811312376, 0.21152761531641381]",3
85,2,23,Transportation,"Its evolution covers millenniums, and yet its unaltered primordial capacity for inflicting torture on the traveller cannot be imagined.",Transportation,0.9999997615523456,['Transportation'],[0.999933477050759],1
85,2,23,Transportation,"Before coming to Pekin a friend warned me against these carts, and now I realize he was a true friend; but his warning did not qualify my anticipation-to know, a person must ride in one.",Transportation,0.9999997615523456,['Transportation'],[0.9995530444838391],1
85,2,23,Transportation,I imagine that the passing of the Car of Juggernaut over one's body would produce a wooing sensation as compared to the jolting of a Pekinese cart.,Transportation,0.9999997019404409,['Transportation'],[0.9999909399634129],1
85,2,23,Transportation,"They are not only without springs, the axle and wheels are very heavy, the latter filled with bolts to give strength; the tire is of heavy iron and its outer surface, in nearly all carts, is filled with knobs or bolt-heads an inch high and an inch apart, though the cart before us lacks the customary knobs on the tire.",Transportation,0.999999940388081,"['Transportation', 'Daily Life and Occupations']","[0.5000057490987145, 0.49990731160848423]",2
85,2,23,Transportation,The missionaries told me I must take a cart; and I have not yet quite forgiven their poor but well-meant advice.,Missionary Work,0.9981626673481866,"['Transportation', 'Missionary Work', 'British Colonialism', 'Social Classes and Customs']","[0.24964119872971116, 0.2496398596472406, 0.2496080526774657, 0.24943110089865447]",4
85,2,23,Transportation,"I expected to find the horses as slow and plodding as the people, and that it would be a leisurely walk of thirteen miles.",Transportation,0.9999997019871092,['Transportation'],[0.9997652341142756],1
85,2,23,Transportation,"My apparatus was soon flying about in the most reckless fashion; my hands were both occupied in holding fast to my extemporized seat, using my elbows as springs; ruts and bottomless mud-holes are plentiful, but the one gait is maintained, and I bumped from side to side; my hat went off and scampered with the apparatus.",Transportation,0.999999940388081,['Transportation'],[0.9996797344998146],1
85,2,23,Transportation,"Others had travelled in that way, even some missionary ladies had preceded me to the Summer Palace in a similar cart, and both my pluck and endurance were at stake.",Transportation,0.976964003052066,"['Transportation', 'Missionary Work', 'British Colonialism']","[0.3333189302574366, 0.33331014918333773, 0.3332984655173552]",3
85,2,23,Transportation,The jolting was excruciating; it was not the mere possibility of dislocation of joints; I would not mind that; it was the more serious matter of telescoping the vertebræ.,Transportation,0.9999994039345736,['Prisoners and Punishment'],[0.9999996330891682],1
85,2,23,Transportation,"With grim clutch I supported this churning and pounding for something over a mile, when I quite lost my temper; I did not swear, but was verily in a profane mood.",Transportation,0.9999973775782388,"['Transportation', 'Prisoners and Punishment']","[0.93358581377673, 0.06062013368096844]",2
85,2,23,Transportation,"This he did, when in sheer desperation I removed my portables, ordered the cart to return, engaged two street coolies to accompany me, and made the journey and return, twenty-six miles, on foot.",Transportation,0.9999995231047478,"['Transportation', 'Daily Life and Occupations']","[0.5007386458625562, 0.4991987418174842]",2
85,2,23,Transportation,"The agonies of this, my first and last attempt, to exploit a Pekinese cart would have been appreciably diminished had I known the proper way of adjusting one's person to the exigencies of the vehicle.",Transportation,0.9999995231047478,"['Transportation', 'Daily Life and Occupations']","[0.500064127864091, 0.4999345606865836]",2
85,2,23,Transportation,"No seat is ever used, but instead mattresses and cushions are placed on the bottom and occupants recline and do not attempt to sit erect; but even with the body thus disposed, the thrashing and pounding to which one is subjected is but slightly modified.",Transportation,0.9999998211970382,"['Transportation', 'Prisoners and Punishment']","[0.49672149139892463, 0.49671628228737613]",2
85,2,23,Transportation,"In a single day between sunrise and sunset I have made one hundred and seventeen miles in a springless, Russian post-wagon with relays of horses; but that was as nothing compared with a few miles in a Pekinese cart.",Transportation,0.9999997615523456,"['Transportation', 'Daily Life and Occupations']","[0.9215752765974954, 0.07841923006354325]",2
85,2,23,Transportation,"The Chinese have devised many unique modes of torture, but none of them show so successful an application of means to an end as this homicidal cart.",Prisoners and Punishment,0.9999939803673632,['Prisoners and Punishment'],[0.9992081823938699],1
85,4,11,Geography and Topography,On the map this new position is given by the red lines connected with the number 86 just north of the Forbidden City.,Geography and Topography,0.999999940388081,['Geography and Topography'],[0.9679693844212051],1
86,2,1,Architecture and Building,"These curious structures, resembling gateways, are called pai-lau, and may be found scattered over the Empire.",Architecture and Building,0.9999997615523456,['Architecture and Building'],[0.9991403999480257],1
86,2,1,Architecture and Building,"Permission to erect a pai-lau must be obtained from the Emperor, and such permission is always looked upon as a high mark of honor.",Architecture and Building,0.9999994634928572,"['Social Classes and Customs', 'Architecture and Building', 'Family and Social Structures']","[0.3332538226315155, 0.33325366381028054, 0.3332421037659109]",3
86,2,1,Architecture and Building,"They are sometimes put up in honor of women who have been noted for purity and filial devotion, and also in honor of widows who have declined a second marriage.",Cemeteries and Burial Practices,0.99164136294059,"['Family and Social Structures', 'Social Classes and Customs', 'Cemeteries and Burial Practices', 'Religion (Buddhism and Ancestor Worship)', 'Architecture and Building']","[0.20072544178342794, 0.20072501112502605, 0.20072242660773992, 0.20056673758486393, 0.19722438129460224]",5
86,2,1,Architecture and Building,"They have frequently been called triumphal arches, but this is altogether a misnomer, for where there have been no triumphs surely there can be no triumphal arches; besides, they are never in the form of an arch.",Architecture and Building,0.9999997019871092,['Architecture and Building'],[0.9999239553332904],1
86,2,1,Architecture and Building,"There is sometimes a massive profusion of bracket work below a heavy protecting roof of tiling, indeed, one of the strangest peculiarities of Chinese architecture is an exaggerated system of complex bracket work, and this may generally be seen in the pai-lau.",Architecture and Building,0.9999997615523456,['Architecture and Building'],[0.9999978540914336],1
86,2,1,Architecture and Building,"These commemoration portals are usually placed in streets before temples and government offices; sometimes, however, ordinary gateways placed at the ends of streets are mistaken for honorary portals.",Architecture and Building,0.9999995827734,"['Architecture and Building', 'Social Classes and Customs', 'Religion (Buddhism and Ancestor Worship)']","[0.3357381174591557, 0.33492100632585264, 0.32931722271781205]",3
86,2,1,Architecture and Building,"I suppose you have observed the triplicate form of the pai-lau-any number outside of three and its multiples, you will remember, is as fatal as the ill-omened thirteen.",Architecture and Building,0.9999990462097232,"['Architecture and Building', 'Religion (Buddhism and Ancestor Worship)']","[0.8448327845760498, 0.15450144506180857]",2
86,2,1,Architecture and Building,"We erect statues and tablets to commemorate persons of distinction; the Chinese erect pai-lau and place a tablet thereon, their statues being chiefly confined to the temples.",Architecture and Building,0.9999993443882876,"['Social Classes and Customs', 'Architecture and Building', 'Religion (Buddhism and Ancestor Worship)']","[0.4358480486348762, 0.43584378750121144, 0.12825314738409532]",3
86,2,1,Architecture and Building,"You see the tablets on these, the first being by a free translation, ""Blessing for the People,"" and the one on the second pai-lau, ""A Bright Sky and Clear Mirror,"" whatever that may mean.",Architecture and Building,0.9999986887546084,"['Architecture and Building', 'Religion (Buddhism and Ancestor Worship)']","[0.9386127412559061, 0.060264435978112034]",2
86,3,18,Religion (Buddhism and Ancestor Worship),"We shall stand in the court and look first toward the northeast, as the red lines connected with the number 87 show.",Religion (Buddhism and Ancestor Worship),0.9987807658966354,['Geography and Topography'],[0.9976908888407421],1
87,2,18,Religion (Buddhism and Ancestor Worship),"You may remember our second position in Pekin when we looked froin the Ha-ta Gate due north, along what is now called Von Ketteler Street.",Geography and Topography,0.9990848127080298,['Geography and Topography'],[0.9999916501432325],1
87,2,18,Religion (Buddhism and Ancestor Worship),"We are now at the extreme northern end of that street, by the northern wall of the Tartar City, within the court of the chief temple of the Lamas.",Architecture and Building,0.9983725159494818,"['Geography and Topography', 'Religion (Buddhism and Ancestor Worship)', 'Architecture and Building']","[0.33336893125195105, 0.333327768734027, 0.3332992465278833]",3
87,2,18,Religion (Buddhism and Ancestor Worship),"The formation of the temple, like all Chinese buildings, is a series of courts surrounded by low, tile-roofed structures on every side; so that it is impossible to make a photographic view to show more than one side, or a section of one of these courts.",Architecture and Building,0.9999994039345736,"['Architecture and Building', 'Photography and Imaging', 'Religion (Buddhism and Ancestor Worship)']","[0.37139169712652675, 0.3713810717437177, 0.25722709829327556]",3
87,2,18,Religion (Buddhism and Ancestor Worship),"In the center of this court is a pavilion at which a number of priests are whiling away their leisure, and that is to say, their lives; for their life-time and leisure signify about the same thing.",Daily Life and Occupations,0.999850013744868,"['Daily Life and Occupations', 'Social Classes and Customs']","[0.5000444845770013, 0.4998373790054189]",2
87,2,18,Religion (Buddhism and Ancestor Worship),"This gives you an idea of the character of the many connected edifices all of one style, chiefly roof as before mentioned; there is, however, one building much higher than the rest.",Architecture and Building,0.999999642375208,['Architecture and Building'],[0.9999986886320118],1
87,2,18,Religion (Buddhism and Ancestor Worship),"Notwithstanding its mean appearance, this temple is considered to be one of the most complete in all its arrangements for study, living and worship in the country.",Architecture and Building,0.9999978540650152,['Architecture and Building'],[0.9857289391598332],1
87,2,18,Religion (Buddhism and Ancestor Worship),"My own opinion is that it is one of the most dirty, dingy, smoky, ramshackle establishments in the whole world and filled with one thousand five hundred Mongolian and Tibetan ignorant fanatics, called priests.",Religion (Buddhism and Ancestor Worship),0.9999470762485346,['Religion (Buddhism and Ancestor Worship)'],[0.9993733751791071],1
87,2,18,Religion (Buddhism and Ancestor Worship),"Soon I shall present to you a group of these priests, and if you are somewhat of a physiognomist, I will submit whether my apparently uncharitable appellation be unjust.",Missionary Work,0.9999815225070948,"['Missionary Work', 'Social Classes and Customs']","[0.5846279534610818, 0.37198980434106665]",2
87,2,18,Religion (Buddhism and Ancestor Worship),"The priest nearest us assumed that dramatic pose of his own accord; I did not prevent him, and am now glad I did not, as it helps my definition of the group you are to see later.",Religion (Buddhism and Ancestor Worship),0.9999980328085508,"['Missionary Work', 'Social Classes and Customs', 'Family and Social Structures', 'Daily Life and Occupations', 'Photography and Imaging']","[0.33708462666286393, 0.280885689847134, 0.13201626802741806, 0.08708581304064694, 0.08708581304064694]",5
87,2,18,Religion (Buddhism and Ancestor Worship),"Three sit by the wall of the pavilion, and another turns a praying-machine; he likewise strengthens my unkind arraignment of the yellow-robed conclave which dwell here.",Religion (Buddhism and Ancestor Worship),0.9999998211642538,"['Religion (Buddhism and Ancestor Worship)', 'Daily Life and Occupations', 'Social Classes and Customs']","[0.33356950598330126, 0.33354946698974164, 0.3328497347397674]",3
87,2,18,Religion (Buddhism and Ancestor Worship),You see a priest couchant by that small upright frame with the typical Chinese roof over it; he is turning a prayer-mill by a short stick held in his hand and attached to a crank at the base of a vertical cylinder or box.,Religion (Buddhism and Ancestor Worship),0.9999998807761656,"['Daily Life and Occupations', 'Religion (Buddhism and Ancestor Worship)', 'Social Classes and Customs']","[0.33348438857927454, 0.33347600020890683, 0.3327126337896109]",3
87,2,18,Religion (Buddhism and Ancestor Worship),"The prayer is written on paper and attached to the box, and every time it revolves the writing is prayed.",Religion (Buddhism and Ancestor Worship),0.9999995231047478,"['Religion (Buddhism and Ancestor Worship)', 'Daily Life and Occupations']","[0.6943184626212063, 0.3018027268328107]",2
87,2,18,Religion (Buddhism and Ancestor Worship),"Sometimes the crank is attached to a water-wheel, and sometimes to a rude wind-inill, in which cases the devotee can retire while the mill prays on through the night.",Religion (Buddhism and Ancestor Worship),0.9999854565478756,['Daily Life and Occupations'],[0.9994274962424399],1
87,2,18,Religion (Buddhism and Ancestor Worship),"A Lama who establishes one of these plants may, with a stiff breeze blowing, consign himself to the arms of Morpheus, and in the morning find himself the very ne plus ultra of holiness.",Religion (Buddhism and Ancestor Worship),0.99999976158513,"['Religion (Buddhism and Ancestor Worship)', 'Agriculture and Farming']","[0.9185860779951928, 0.0804620313560242]",2
87,2,18,Religion (Buddhism and Ancestor Worship),"These priests ought to be good men, as both the elements of the omnipotent ""Feng-shui"" are utilized to that end (the Chinese fates, called Feng-shui, reside in wind and water).",Religion (Buddhism and Ancestor Worship),0.9999994635464606,"['Daily Life and Occupations', 'Religion (Buddhism and Ancestor Worship)']","[0.7109393278822993, 0.28617701809477686]",2
87,2,18,Religion (Buddhism and Ancestor Worship),"At the door of every house the family machine stands, and every one who enters is supposed to give it a twist for the benefit of the family.",Family and Social Structures,0.9998476313744836,"['Family and Social Structures', 'Social Classes and Customs', 'Daily Life and Occupations']","[0.3335524124596363, 0.33351372593523315, 0.33293131666921605]",3
87,2,18,Religion (Buddhism and Ancestor Worship),"By every stream that affords water-power one may notice a small building which would ordinarily be taken for a water-mill, but which in reality is a prayer-mill, where every turn of the wheel is sending to Heaven the stereotyped invocation: ""Om Ma-ni Pi-mi Hom ""-O, the jewel in the Lotus, Amen!",Religion (Buddhism and Ancestor Worship),0.9999998211642538,"['Religion (Buddhism and Ancestor Worship)', 'Daily Life and Occupations', 'Architecture and Building', 'Social Classes and Customs']","[0.24849235599613684, 0.24848340975630256, 0.2484509863651132, 0.2479203053116172]",4
88,2,18,Religion (Buddhism and Ancestor Worship),"In ordinary times it would be impossible to induce them to stand to be photographed, but the allied armies hold the city, and like all Chinamen they are more meek than they are wont to be; they are afraid to refuse a foreigner's request; yet I do not like to practice duress on men of cloth, even yellow cloth, so I offer them money and they hesitatingly comply.",British Colonialism,0.993769599279444,"['War and Conflict', 'Photography and Imaging', 'Social Classes and Customs', 'British Colonialism', 'Missionary Work']","[0.19981453585088718, 0.19981386893260672, 0.1998112011618045, 0.19980889051672168, 0.19975472068996883]",5
88,2,18,Religion (Buddhism and Ancestor Worship),"Their regular devotions are performed in the different courts, and when great numbers are engaged at the same time in their chants and millprayers the effect is very curious, especially if the mills should not be well lubricated, and a universal creaking mingles in the chant.",Religion (Buddhism and Ancestor Worship),0.999999642375208,"['Daily Life and Occupations', 'Social Classes and Customs']","[0.5046134768064683, 0.4952575748585186]",2
88,3,18,Religion (Buddhism and Ancestor Worship),"Buddhism in northern Asia is called Shamanism, from the Chinese words Hwang-kiao, which signify yellow sect, because the Buddhistic order of priests the world over wear yellow robes.",Religion (Buddhism and Ancestor Worship),0.999987722345278,"['Fashion and Dress', 'Religion (Buddhism and Ancestor Worship)']","[0.9413355085968739, 0.058662796301565207]",2
88,3,18,Religion (Buddhism and Ancestor Worship),"The Lamas have a decalogue which is not unlike the Mosaic in many points: (1) Do not kill. (2) Do not steal. (3) Do not commit fornication. (4) Speak not falsely. (5) Drink no wine nor eat flesh. (6) Look not on gay silks or necklaces, use no perfumed ointment, and paint not the body. (7) Neither sing nor dance, and do no sleight of hand tricks or gymnastic acts, and go not to see or hear them. (8) Sit not on a high, large couch. (9) Do not eat out of time. (10) Do not grasp hold of living images, gold, silver, money or any valuable thing.",Religion (Buddhism and Ancestor Worship),0.999999940388081,"['Food and Diet', 'Fashion and Dress', 'Religion (Buddhism and Ancestor Worship)', 'Social Classes and Customs']","[0.25069656607879615, 0.2506878104757318, 0.25005992456519394, 0.24854912396735643]",4
88,3,18,Religion (Buddhism and Ancestor Worship),The great resemblance of the ceremonials of the Buddhists and those of the Romish Church has led to much discussion as to which has copied from the other.,Religion (Buddhism and Ancestor Worship),0.999999642375208,['Religion (Buddhism and Ancestor Worship)'],[0.9988918082958083],1
88,3,18,Religion (Buddhism and Ancestor Worship),"The distinguished scholar and writer, Abbe Huc, enumerates some of the similarities as follows: ""The cross, the mitre, the dolmatica, the cape which the Lamas wear on their journeys, or when performing some ceremony out of the temple; the service with double choir, the psalmody, the exorcism, the censer suspended from five chains, which you can open or close at pleasure; the benedictions given by extending the right hand over the heads of the faithful; the rosary, ecclesiastical celibacy, spiritual retirement, worship of saints; the fasts, processions, litanies, and holy water-all these are analogies between ourselves and the Buddhists.""",Religion (Buddhism and Ancestor Worship),0.999432716715122,"['Religion (Buddhism and Ancestor Worship)', 'Fashion and Dress']","[0.49965232733097115, 0.4966128699441026]",2
88,3,18,Religion (Buddhism and Ancestor Worship),"Some claim that Lamaism and Buddhism have copied their ritual from Romanism and others that Romanism has derived its forms from paganism, and there have been those who argue that the simulation of the ceremonials of the two religions is a machination of the devil; however, ceremonials are but ceremonials, and we will look again at these representatives of Lamaism in their dirty yellow, cotton robes, and with their shaven heads.",Religion (Buddhism and Ancestor Worship),0.9999978541900704,"['Religion (Buddhism and Ancestor Worship)', 'Fashion and Dress']","[0.5018948895485656, 0.4981025363443576]",2
88,3,18,Religion (Buddhism and Ancestor Worship),"The tenets of their religion may be well enough and their rituals well enough, but what sort of an exposition of a religious life can we expect from men and boys of types like those before us.",Religion (Buddhism and Ancestor Worship),0.9999722252760956,"['Prisoners and Punishment', 'Religion (Buddhism and Ancestor Worship)']","[0.47878434889212396, 0.47277776938754285]",2
88,3,18,Religion (Buddhism and Ancestor Worship),"The Lama's tenth commandment says: ""Do not grasp hold of living images, gold, silver, money or any valuable thing,"" and some of these priests followed me at least a half-mile clamoring all the way for money, and extortionate money; at last I compromised for a Mexican dollar.",Religion (Buddhism and Ancestor Worship),0.9999815827018008,"['Social Classes and Customs', 'Religion (Buddhism and Ancestor Worship)', 'Trade and Commerce', 'Missionary Work']","[0.2453959824582842, 0.2453789039674561, 0.24535193461772922, 0.2441309867620642]",4
88,3,18,Religion (Buddhism and Ancestor Worship),There is a fine bronze lion beyond the priests with a much better countenance than most of these disciples of the Da lai Lama at Lassa.,Religion (Buddhism and Ancestor Worship),0.9999995231614776,['Religion (Buddhism and Ancestor Worship)'],[0.9999885550445058],1
88,4,18,Religion (Buddhism and Ancestor Worship),"Speaking of these priests to a well-informed man who had lived in Pekin for years, he said: ""This great Lamasery was once the residence of Chien Lung, Crown Prince in 1770.",Religion (Buddhism and Ancestor Worship),0.593466099577899,"['Religion (Buddhism and Ancestor Worship)', 'Social Classes and Customs']","[0.6229579952882203, 0.35674322871251735]",2
88,4,18,Religion (Buddhism and Ancestor Worship),"These Lamas represent a distinct type of Buddhist, and are perhaps the most worthless human beings on the earth.",Religion (Buddhism and Ancestor Worship),0.9999998807761656,['Religion (Buddhism and Ancestor Worship)'],[0.9927048805120777],1
88,4,18,Religion (Buddhism and Ancestor Worship),The Chinese from time immemorial have bought the subjection of the peoples who might be called their conquered enemies.,War and Conflict,0.9999819996884336,"['War and Conflict', 'Prisoners and Punishment']","[0.9171771307884272, 0.08262685879436867]",2
88,4,18,Religion (Buddhism and Ancestor Worship),"Before the siege, it was risky business for foreigners to attempt to visit the Lamasery, for he might not be allowed to leave except by the payment of a large sum of money.",War and Conflict,0.999371729155325,"['Social Classes and Customs', 'Religion (Buddhism and Ancestor Worship)', 'War and Conflict']","[0.33348223771156715, 0.3331563847519731, 0.3328318659636055]",3
88,4,18,Religion (Buddhism and Ancestor Worship),"The Living Buddhas (Gegen) sometimes get into trouble among themselves, and one day a Gegen was seen going down the street with blood flowing down his face.""",Religion (Buddhism and Ancestor Worship),0.999997735012876,"['Religion (Buddhism and Ancestor Worship)', 'Family and Social Structures', 'Social Classes and Customs']","[0.33389488283733476, 0.33301807899563807, 0.33262001513298406]",3
88,6,11,Geography and Topography,"We are now to leave this extreme northern end of Von Ketteler Street, and are about to take a walk of two miles south to the Ha-ta Gate.",Geography and Topography,0.9999998807761656,['Geography and Topography'],[0.9997439414948129],1
88,6,11,Geography and Topography,"At the Ha-ta Gate where we obtained our first sight of the city, we will follow along the top of the wall eastward until we reach the east wall, and this we follow northward for only a short distance and we reach the Imperial Observatory.",Geography and Topography,0.9999907614627976,"['Geography and Topography', 'Architecture and Building']","[0.5001387426701063, 0.49981791198496933]",2
88,6,11,Geography and Topography,Note on the map the red lines and the number 89 near the southeastern corner of the Tartar City.,Geography and Topography,0.9999998807761656,['Geography and Topography'],[0.9999829535372753],1
89,2,1,Architecture and Building,The occupation of the city by the Allies during the Boxer war has brought this old observatory into still greater fame.,War and Conflict,0.9999582807184886,"['War and Conflict', 'British Colonialism', 'Military and Naval Defenses']","[0.3335163076073354, 0.333494956556882, 0.3325821151378468]",3
89,2,1,Architecture and Building,If you have expected to find a great imposing structure like those you may have seen for astronomical purposes in Western countries you must be disappointed.,Architecture and Building,0.999999642375208,['Architecture and Building'],[0.9999978541448485],1
89,2,1,Architecture and Building,"It is not the building that is notable; in fact you may now see there is no building, only a terrace or a tower built into the wall and some fifteen feet above it.",Architecture and Building,0.99999976158513,['Architecture and Building'],[0.999996065927982],1
89,3,14,Missionary Work,Soon we shall go nearer where we can study them in more detail; but it is not the instruments in themselves which we are to consider; we must remember the time at which they were made.,Missionary Work,0.9999987483008556,['Photography and Imaging'],[0.9359681631546946],1
89,3,14,Missionary Work,"Those we see on top of the tower, a magnificent bronze celestial globe, a sextant, a sun-dial and quadrants, were all made in 1674 by order of the Emperor Kanghi, under the direction of the Jesuit Father, F. Verbiest, who was at that time President of the Board of Works.",Missionary Work,0.999970913365469,['Missionary Work'],[0.9975958049413978],1
89,3,14,Missionary Work,"Those instruments were made over two hundred years ago, and when we look at them we are astonished no less by the scientific knowledge displayed than by the marvelous mechanical skill requisite for their construction.",Missionary Work,0.9999966027620256,"['Daily Life and Occupations', 'Architecture and Building']","[0.5555167800852794, 0.44448321991472073]",2
89,3,14,Missionary Work,"We are still more astonished when we go to a court below at the left hand of the tower and find three instruments made altogether by the Chinese, two planispheres and an astrolabe, made nearly four hundred years before Kanghi gave his imperial order for those we see on the tower.",Missionary Work,0.999150674492868,['Trade and Commerce'],[0.9999928421072166],1
89,3,14,Missionary Work,"You may remember when we started out on our itinerary I observed that in China one is constantly in a two-fold state of mind, that of admiration and that of disgust.",Missionary Work,0.9999995827822108,['Social Classes and Customs'],[0.9996304858342718],1
89,3,14,Missionary Work,"In looking at these astronomical instruments made over two hundred years ago and some of them over six hundred years ago, we are once more stirred with admiration.",Missionary Work,0.9999945166159976,['Daily Life and Occupations'],[1.0],1
89,3,14,Missionary Work,"But for the other state of mind we have only to look around us here to see the usual neglect and dilapidation, the wall in ruins and overgrown with weeds and shrubbery.",Architecture and Building,0.9975799160833944,"['Architecture and Building', 'Cemeteries and Burial Practices']","[0.9385582194095199, 0.05808093788657865]",2
89,4,4,Daily Life and Occupations,"and lest you should take him to be an astronomer who has wandered a little from his instruments to ponder some profound astronomical problem, I will have to tell you he is only my porter waiting my next movement which will be to the top of the tower for a nearer inspection of the famous instruments.",Daily Life and Occupations,0.9999994039345736,['Daily Life and Occupations'],[0.9998011203755187],1
90,2,14,Missionary Work,"We have come to this point to see partially several instruments made by the Jesuits, rather than to see an entire single instrument.",Missionary Work,0.9999995231614776,['Missionary Work'],[0.9999685675677888],1
90,2,14,Missionary Work,"A portion of one of the many ornamental dragons upon which the instruments are mounted is very near, so that we are able to inspect details, though of course this is only for decoration and does not show the delicate mathematical accuracy of the instruments.",Missionary Work,0.99998229738802,['Architecture and Building'],[0.9668836049629413],1
90,2,14,Missionary Work,"In the court below the instruments made by the Chinese themselves, not only antedate these Jesuit-made instruments by over four hundred years, but are much finer in scientific and artistic workmanship.",Missionary Work,0.999988437637054,['Missionary Work'],[0.9999895324967575],1
90,2,14,Missionary Work,"A quite full and careful description of them by J. Thompson, F.R.C.S., will give you a good idea of their merit as well as of their exquisite handicraft; so while we look at those of the Jesuits we will hear about those of the Chinese: ""Here, in addition to the colossal astronomical instrument erected by the Jesuit Missionaries in the seventeenth century we find two other instruments, in a court below, which the Chinese made for themselves, toward the close of the thirteenth century, when the Yuen dynasty was on the throne.",Missionary Work,0.999999284750544,['Missionary Work'],[0.9998446094139265],1
90,2,14,Missionary Work,"Possibly some elements of European science may have been brought to bear on the construction of even these instruments; although the characters and divisions engraved on their splendid bronze circles point only to the Chinese method of dividing the year, and to the state of Chinese astronomy at the time.",Missionary Work,0.9999636422969436,"['Trade and Commerce', 'Daily Life and Occupations', 'Architecture and Building']","[0.7333488179215525, 0.11109959867261548, 0.06665798708105457]",3
90,2,14,Missionary Work,"Yet Marco Polo must have been in the north of China at about the period of their manufacture; or, at any rate, John de Carvino was there, for he, under Pope Clement V, became bishop of Cambalu (Pekin) about 1290 A. D., and perhaps with his numerous staff of priests he introduced some knowledge of Western art.",Missionary Work,0.99999976158513,['Missionary Work'],[0.9998043105756764],1
90,3,11,Geography and Topography,"Mr. Wylie (than whom there is probably no better authority) was with me when I examined these instruments, and is of opinion that they are Chinese and that they were produced by Ko-Show-King, one of the most famous astronomers of China.",Geography and Topography,0.9999985099568408,['Daily Life and Occupations'],[1.0],1
90,3,11,Geography and Topography,"One of them is an astrolabe, furnished beneath with a splendid sun-dial, which has long since lost its gnomon.",Geography and Topography,0.9998931551420924,['Daily Life and Occupations'],[0.9804223905321094],1
90,3,11,Geography and Topography,"The whole, indeed, consists of three astrolabæ, one partly movable and partly fixed in the plane of the ecliptic; the second turning on a center as a meridian circle, and the third the azimuth circle.",Geography and Topography,0.999999940388081,"['Daily Life and Occupations', 'Geography and Topography']","[0.5, 0.5]",2
90,3,11,Geography and Topography,"This instrument is a marvelous specimen of the perfection to which the Chinese must, even then, have brought the art of casting in bronze.",Geography and Topography,0.9999172889594328,"['Daily Life and Occupations', 'Architecture and Building']","[0.821424205002075, 0.17857579499792495]",2
90,3,11,Geography and Topography,"The horizon is inscribed with the twelve cyclical characters, into which the 326 Chinese divided the day and night.",Geography and Topography,0.999999105935105,['Daily Life and Occupations'],[0.999996840583155],1
90,3,11,Geography and Topography,"Outside the ring these characters appear again, paired with eight characters of the denary cycle, and four names of the eight diagrams of the book of changes, denoting the points of the compass, while the inside of the ring bears the names of the twelve states into which China, in ancient times, was portioned out.",Geography and Topography,0.999999940388081,['Geography and Topography'],[0.9998434204823881],1
90,3,11,Geography and Topography,"An equatorial circle, a double-ring ecliptic, an equinoctial colure, and a double-ring colure, are adjusted with the horizon ring.",Geography and Topography,0.999999940388081,['Geography and Topography'],[0.9749962559855494],1
90,3,11,Geography and Topography,"The equator is engraved with constellations of unknown antiquity, while the ecliptic is marked off into twenty-four equal spaces, corresponding to the divisions of the year.",Geography and Topography,0.999999940388081,['Geography and Topography'],[0.99999988072213],1
90,3,11,Geography and Topography,"All the circles are divided into 365 degrees for the days of the year, while each degree is sub-divided into one hundred parts, as for everything less than a degree the centenary scale prevailed at that period.",Geography and Topography,0.999999940388081,['Daily Life and Occupations'],[0.942855321292457],1
90,3,11,Geography and Topography,"I take these instruments to be of great interest, as indicating the state of astronomical science in China at about the end of the thirteenth century.",Geography and Topography,0.9999938611869926,['Education'],[1.0],1
90,4,20,Social Classes and Customs,"When we witness such perfection in art and such advancement in science, we must not forget that the abovedescribed instruments were made nearly four hundred years before the Greenwich Observatory was founded and two hundred years before Columbus discovered America, and that even a thousand years prior to that time China was a civilized nation.",Social Classes and Customs,0.999998986597861,"['Architecture and Building', 'British Colonialism', 'Daily Life and Occupations', 'Geography and Topography']","[0.25, 0.25, 0.25, 0.25]",4
90,6,14,Missionary Work,"We have been giving attention to circumstances of war, to palaces, to temples, memorial portals and astronomical instruments;",Architecture and Building,0.9996986664563386,"['War and Conflict', 'Architecture and Building']","[0.49995977357134175, 0.4999596544643044]",2
90,6,14,Missionary Work,"The London Mission is located on the east side of Von Ketteler street, about one mile north of the Ha-ta Gate.",Geography and Topography,0.9939069142941482,"['Geography and Topography', 'Missionary Work', 'British Colonialism']","[0.36457355991423984, 0.3644880087916261, 0.27093743166604667]",3
91,2,14,Missionary Work,"As a type of South China, you saw the Bible woman at Canton, and of Middle China, you saw a class of pretty girls at Shanghai, and as a representation from the north we offer these Christianized women under the London Mission.",Missionary Work,0.999999642375208,"['Missionary Work', 'British Colonialism', 'Social Classes and Customs']","[0.3333245017110497, 0.33332124372223904, 0.333295657600089]",3
91,2,14,Missionary Work,"An opinion prevails that the Chinese are a dwarfed race; in this respect, they seem, and not unnaturally, to be confounded with the Japanese.",Social Classes and Customs,0.9763547958197746,"['British Colonialism', 'Social Classes and Customs']","[0.8378458904197085, 0.13512485388936676]",2
91,2,14,Missionary Work,"It is a mistake, however; the highest authority places the men in the north of China as being a little larger than the average European or American, and those at the south as a trifle smaller, while the average Chinese woman is smaller than the average of her sex in the West.",Missionary Work,0.7057129478681837,"['Family and Social Structures', 'Daily Life and Occupations', 'Geography and Topography', 'Social Classes and Customs']","[0.6666254864954105, 0.11112483783486315, 0.11112483783486315, 0.11112483783486315]",4
91,2,14,Missionary Work,"The scarcity of beauty among Chinese women is remarked by every observer; most persons forget, however, that all of the male sex are everywhere on view, while only the lower class among women are seen by the ordinary observer.",Social Classes and Customs,0.99999648341104,"['Social Classes and Customs', 'Family and Social Structures']","[0.5002637562032932, 0.4997218125882264]",2
91,2,14,Missionary Work,Before a fair comparison can be made we must hide away from public view an equal proportion of Western beauty.,Missionary Work,0.7813277739268902,['Fashion and Dress'],[0.9995163651618605],1
91,2,14,Missionary Work,"We know, in China, all beauty is jealously screened from vulgar gaze, while the opposite is true in Western countries.",Social Classes and Customs,0.9999351583169458,"['Social Classes and Customs', 'Fashion and Dress']","[0.5107262143692184, 0.4892464481290612]",2
91,2,14,Missionary Work,"Next to the depressed nasal feature, the ill-shaped mouth mars the Chinese face; the angular eyes do not seriously disparage their appearance.",Missionary Work,0.9976501145707504,"['Photography and Imaging', 'British Colonialism']","[0.6666667196162689, 0.3333332803837311]",2
91,2,14,Missionary Work,And I am not sure but the usual sadness of the female face in China detracts more from its attractiveness than aught else.,Missionary Work,0.999975266006304,"['Photography and Imaging', 'Social Classes and Customs', 'Family and Social Structures']","[0.5069060114925729, 0.4339204182168859, 0.05898865409833664]",3
91,2,14,Missionary Work,"A smile improves every face, but it altogether transforms a Chinese woman's face.",Missionary Work,0.999936408828232,"['Social Classes and Customs', 'Photography and Imaging']","[0.8851563593382644, 0.0861325232897082]",2
91,3,20,Social Classes and Customs,"Well, all people are interested in matrimony, barring possibly thoroughly confirmed old bachelors;",Family and Social Structures,0.5067882633184592,['Family and Social Structures'],[0.9999805679932117],1
91,3,20,Social Classes and Customs,"and as Chinese matrimonial customs are curious I cannot do better than to give some interesting and reliable statements from Williams's ""Middle Kingdom.""",Social Classes and Customs,0.9999987483664527,"['Social Classes and Customs', 'Family and Social Structures']","[0.4999474360248989, 0.4999473764555109]",2
91,4,20,Social Classes and Customs,"There are six ceremonies which constitute a regular marriage, though their details vary much in different parts of the Empire: 1. The father and elder brother of the young man send a go-between to the father and brother of the girl, to inquire her name and the moment of her birth, that the horoscope may be examined in order to ascertain whether the proposed alliance will be a happy one.",Social Classes and Customs,0.4950682370394343,"['Family and Social Structures', 'Social Classes and Customs']","[0.49996478231035396, 0.49996472273196474]",2
91,4,20,Social Classes and Customs,"2. If the eight characters seem to augur aright, the boy's friends send the mei-jin (match-maker) back to make an offer of marriage.",Family and Social Structures,0.6616765283547967,"['Social Classes and Customs', 'Family and Social Structures']","[0.4999867683621788, 0.4999772919098612]",2
91,4,20,Social Classes and Customs,6. The preliminaries are concluded by the bridegroom going or sending a party of friends with music to bring his bride to his own house.,Social Classes and Customs,0.9845950124452656,"['Family and Social Structures', 'Social Classes and Customs', 'Folk Festivals and Celebrations', 'Transportation', 'Daily Life and Occupations']","[0.23219132299984593, 0.23219129534012437, 0.23218105501031205, 0.2320611128500631, 0.0713751307663032]",5
91,4,20,Social Classes and Customs,"The match-makers contrive to multiply their visits and prolong the negotiations when the parties are rich, to serve their own ends.",Social Classes and Customs,0.9996272795900376,"['Social Classes and Customs', 'Family and Social Structures', 'Daily Life and Occupations']","[0.3333326314277805, 0.33333191605668916, 0.33333112148309063]",3
91,4,20,Social Classes and Customs,"At Fukien, parents often send pledges to each other when their children are mere infants, and registers containing their names and particulars of nativity are exchanged in testiof the contract.",Family and Social Structures,0.9330459771083156,"['Family and Social Structures', 'Social Classes and Customs']","[0.49670437579450377, 0.49670307323867574]",2
91,4,20,Social Classes and Customs,"After this has been done it is impossible to retract the engagement, unless one of the parties become a leper or is disabled.",Social Classes and Customs,0.8037533585638688,"['Plague and Disease', 'Family and Social Structures']","[0.8823035819900641, 0.11742708975806711]",2
91,4,20,Social Classes and Customs,"When the children are espoused older, the boy sometimes accompanies the go-between and the party carrying the presents to the house of his future mother-inlaw, and receives from her some trifling articles, as melonseeds, fruits, etc., which he distributes to those around.",Family and Social Structures,0.9651160421620992,"['Family and Social Structures', 'Social Classes and Customs', 'Daily Life and Occupations', 'Food and Diet']","[0.25001310394327775, 0.25001304429545335, 0.24999727734818353, 0.24997472666752402]",4
91,4,20,Social Classes and Customs,"Among the presents sent to the girl are fruits, money, vermicelli and a ham, of which she gives a morsel to each one of the party.",Social Classes and Customs,0.9993514424841924,['Food and Diet'],[0.9985461384429812],1
91,5,20,Social Classes and Customs,"Whenever friends call upon her parents, she is expected to retire to the inner apartments, and in all her actions and words guard her conduct with careful solicitude.",Social Classes and Customs,0.9846560977501688,"['Family and Social Structures', 'Social Classes and Customs', 'Daily Life and Occupations']","[0.33333931994659, 0.33333872398637826, 0.33332187658282064]",3
91,5,20,Social Classes and Customs,"When the lucky day for the wedding comes, the guests assemble in the bridegroom's house to celebrate it, where also sedans, a band of music and porters are in readiness.",Folk Festivals and Celebrations,0.9992679873306716,"['Folk Festivals and Celebrations', 'Social Classes and Customs', 'Transportation', 'Family and Social Structures']","[0.24997716921291366, 0.24997716921291366, 0.24997520263365677, 0.24997278910693688]",4
91,5,20,Social Classes and Customs,"The courier who acts as guide to the chair-bearers takes the lead, and in order to prevent the onset of malicious demons lurking by the road, a baked hog or large piece of pork is carried in front, that the procession may advance safely while these hungry souls are devouring the meat.",Social Classes and Customs,0.9999886164198334,"['Food and Diet', 'Social Classes and Customs', 'Daily Life and Occupations', 'Transportation', 'Folk Festivals and Celebrations']","[0.19994813527436484, 0.19994637164312778, 0.19994501284748611, 0.19993936467513596, 0.19992453977456345]",5
91,6,20,Social Classes and Customs,"Her girlish tresses have already been bound up, and her hair arranged by a matron, with due formality; an ornamental and complicated headdress made of rich materials, not unlike a helmet or corona, often forms part of her coiffure.",Fashion and Dress,0.9999925493321083,"['Fashion and Dress', 'Social Classes and Customs', 'Daily Life and Occupations', 'Family and Social Structures']","[0.2500420697572171, 0.25004171209040177, 0.24999826622143848, 0.2499176538679434]",4
91,6,20,Social Classes and Customs,"Her person is nearly covered by a large mantle, over which is an enormous hat like an umbrella, that descends to the shoulders and shades the whole figure.",Fashion and Dress,0.999999105935105,['Fashion and Dress'],[0.9999108502881764],1
91,6,20,Social Classes and Customs,"Thus attired she takes her seat in the red gilt marriage sedan, called hwa kiao, borne by four men, in which she is completely concealed.",Social Classes and Customs,0.9991903292432468,"['Fashion and Dress', 'Transportation', 'Social Classes and Customs', 'Family and Social Structures']","[0.24986695553363672, 0.24986692577137865, 0.24986674716506668, 0.24980751721359054]",4
91,6,20,Social Classes and Customs,"This is locked by her mother or some other relative, and the key given to one of the bridemen, who hands it to the bridegroom or his representative on reaching his house.",Social Classes and Customs,0.950791361385088,"['Social Classes and Customs', 'Family and Social Structures', 'Folk Festivals and Celebrations']","[0.3333405914605265, 0.33334035298537795, 0.3333167110911909]",3
91,6,20,Social Classes and Customs,"The procession is now arranged with the addition of as many red boxes and trays to contain the wardrobe, kitchen utensils and the feast, as the means of the family or the paraphernalia require.",Social Classes and Customs,0.9999670374321248,"['Food and Diet', 'Social Classes and Customs', 'Daily Life and Occupations', 'Family and Social Structures', 'Fashion and Dress']","[0.16709871538000629, 0.16709851622396685, 0.16709562811148085, 0.16708789916164782, 0.1669424123991222]",5
91,6,20,Social Classes and Customs,"As the procession approaches the bridegroom's house the courier hastens forward to announce its coming, whereupon the music strikes up, and fire-crackers salute her until she enters the gate.",Folk Festivals and Celebrations,0.9999974965848608,"['Folk Festivals and Celebrations', 'Social Classes and Customs', 'Family and Social Structures']","[0.33330480509913013, 0.33330297762367866, 0.33328219813609705]",3
91,6,20,Social Classes and Customs,"As she approaches the door the bridegroom conceals himself, but the go-between brings forward a young child to salute her, while going to seek the closeted bridegroom.",Social Classes and Customs,0.9886252049823988,"['Social Classes and Customs', 'Family and Social Structures']","[0.49999767214232566, 0.4999780685396486]",2
91,6,20,Social Classes and Customs,"He approaches with becoming gravity and opens the sedan to hand out his bride, she still retaining the hat and mantle; they approach the ancestral tablet, which they reverence with three bows, and then seat themselves at a table on which are two cups of spirits.",Family and Social Structures,0.9899441001063792,"['Social Classes and Customs', 'Family and Social Structures', 'Religion (Buddhism and Ancestor Worship)', 'Fashion and Dress']","[0.2640914790351444, 0.2640899673634056, 0.26407479428362607, 0.2067069440801013]",4
91,6,20,Social Classes and Customs,"The go-between serves them, though the bride can only make the motion of drinking, as the large hat completely covers her face.",Social Classes and Customs,0.9999749083291386,"['Fashion and Dress', 'Social Classes and Customs', 'Family and Social Structures', 'Folk Festivals and Celebrations']","[0.2902125952519878, 0.2902082710511426, 0.2899880439768669, 0.12930054825928736]",4
91,6,20,Social Classes and Customs,"They soon retire into a chamber, where the husband removes the hat and mantle from his wife and sees her, perhaps for the first time in his life.",Family and Social Structures,0.9999127612029216,"['Family and Social Structures', 'Fashion and Dress', 'Social Classes and Customs']","[0.33333496248499744, 0.3333288425541608, 0.33332371806558275]",3
91,6,20,Social Classes and Customs,"After he has considered her for some time, the guests and friends enter the room to survey her, when each one is allowed to express an opinon; the criticisms of the women are severest, perhaps because they remember the time they stood in her unpleasant position.",Social Classes and Customs,0.999992966812619,"['Family and Social Structures', 'Social Classes and Customs', 'Prisoners and Punishment']","[0.33663655987441965, 0.3364792072703216, 0.32647999573668324]",3
91,8,20,Social Classes and Customs,"Before leaving the group now before us, note carefully the rich dress, the neatly and curiously arranged hair and ornaments, and the small feet which have heretofore been described.",Fashion and Dress,0.9999254502104248,"['Fashion and Dress', 'Social Classes and Customs']","[0.49935914697915906, 0.49935503932840963]",2
92,2,14,Missionary Work,"This group and the group of Chinese women are taken from among several hundred refuges of the London Mission just after the siege of Pekin, and are at this time under the faithful guardianship of a Miss Smith.",Missionary Work,0.99999976158513,"['Missionary Work', 'War and Conflict', 'British Colonialism', 'Family and Social Structures']","[0.28763725849783794, 0.28763718996510257, 0.287623955690246, 0.1370816739232767]",4
92,2,14,Missionary Work,"The Church and School property of the London Mission was entirely destroyed by fire, and the premises in which we now stand was the home of a Boxer leader, and were, after the relief of the legations, occupied by this mission and its host of homeless refugees which we will show you soon.",Missionary Work,0.9999987483008556,"['War and Conflict', 'Missionary Work', 'British Colonialism']","[0.3332913286478323, 0.33329069293200003, 0.3332860839920754]",3
92,2,14,Missionary Work,At the request of Miss Smith the members of both groups hurried to their several apartments to don their best gowns and frills to appear before the foreigner's picture-making device.,Fashion and Dress,0.9992434277300316,"['Photography and Imaging', 'Fashion and Dress', 'Social Classes and Customs', 'Daily Life and Occupations']","[0.2697786860336465, 0.26977781772815607, 0.26652725339484823, 0.19386415865262044]",4
92,2,14,Missionary Work,"It seemed to be their highest pleasure to do Miss Smith's will, and well it might be; she had led them through fire and siege and was then feeding them on the results of her zealous efforts.",Missionary Work,0.99999976158513,"['War and Conflict', 'Food and Diet', 'Family and Social Structures']","[0.4140002436546661, 0.41382231064814184, 0.1686462964149775]",3
92,2,14,Missionary Work,"Have you discerned in these Manchu faces a much lighter complexion and more prominent noses, and that their countenances generally indicate greater intellectual capacity?",Missionary Work,0.999987543508999,"['British Colonialism', 'Social Classes and Customs']","[0.9157258076495877, 0.07760570833911581]",2
92,2,14,Missionary Work,"And I must tell you that some authorities consider the Manchus the most improvable race in central Asia, and possibly on the Continent, and many consider their administration of the government in general as superior to that of the native sovereigns, notwithstanding the maladministration of the present Empress.",Social Classes and Customs,0.6903026816773016,['British Colonialism'],[0.9930066432086735],1
92,2,14,Missionary Work,These are really the descendants of those vigorous Oriental Northmen who compelled the Chinese to build the Great Wall the Tartars.,War and Conflict,0.999942425767946,"['War and Conflict', 'Architecture and Building', 'Military and Naval Defenses']","[0.3350024477488595, 0.33439449502300883, 0.3306003813964807]",3
92,2,14,Missionary Work,"You will notice some difference in their dress, a different style of shoe, a different way of arranging the hair.",Fashion and Dress,0.999999105935105,"['Fashion and Dress', 'Social Classes and Customs', 'Family and Social Structures']","[0.33358531009436826, 0.3335835604939096, 0.3326873155945249]",3
92,2,14,Missionary Work,"Those shoes appear clumsy and inconvenient, and those huge cloth-covered blocks for soles are clumsy; but the marvelous fineness of the embroidered uppers quite atones for the heavy soles.",Fashion and Dress,0.9999033465574833,['Fashion and Dress'],[0.999979497354853],1
92,2,14,Missionary Work,The Manchu women have shown to the Chinese women the advantages of natural feet over bound feet for two hundred and fifty years without any noticeable effect.,Missionary Work,0.4977777945708173,"['Social Classes and Customs', 'Fashion and Dress', 'Family and Social Structures']","[0.33337430046255334, 0.33336957099038694, 0.3332427760801497]",3
92,2,14,Missionary Work,"They look sturdy and unsentimental, but to see that they are not destitute of the poetic fancy we need only refer to their ancient books of poetry in which we shall find expressed all the finer feelings of the human heart that are found in poems of the present time.",Missionary Work,0.9999741333830008,"['Social Classes and Customs', 'Daily Life and Occupations', 'Education']","[0.7499652536939305, 0.1250173731530347, 0.1250173731530347]",3
92,2,14,Missionary Work,I would like to show you while in the presence of these ladies some verses of Chinese poetry written about eight hundred years before Christ and freely translated into English by the eminent Dr. Legge.,Missionary Work,0.999994993445198,['Missionary Work'],[0.9062421785466903],1
92,2,14,Missionary Work,Poetry and the fair sex are so often associated that no better opportunity will offer for presenting examples of the former than when we are in the presence of the latter.,Missionary Work,0.9986093003967668,"['Family and Social Structures', 'Social Classes and Customs']","[0.5788479235391621, 0.4111236180638326]",2
92,2,14,Missionary Work,"The great book of Chinese poems is called the Shu King, and from it we give the following madrigal: Maiden fair, so sweet, retiring, At the tryst I wait for thee; Still I pause in doubt, inquiring Why thou triflest thus with me.",Missionary Work,0.9993760121855716,"['Social Classes and Customs', 'Daily Life and Occupations', 'Family and Social Structures']","[0.5999888486856894, 0.29999447798932144, 0.1000166733249892]",3
92,2,14,Missionary Work,"In the meadows sought we flowers, Thus she gave me-beauteous, rare; Far above the gift there towers The dear giver-lovelier, fair!",Missionary Work,0.9999926687778932,['Daily Life and Occupations'],[1.0],1
92,2,14,Missionary Work,"And here is a little poem called Kan-tang, or the Sweet Pear Tree,"" written by a contemporary of Saul, and which seems to be an exact counterpart of ""Woodman Spare That Tree"":",Missionary Work,0.9999911187791102,"['Food and Diet', 'Agriculture and Farming']","[0.7501150212913583, 0.2239503613863214]",2
92,2,14,Missionary Work,"2. O clip not that sweet pear-tree! Each twig and leaflet spare'Tis sacred now, Since the lord of Shao, When weary, rested him there.",Missionary Work,0.9999896294867768,['Religion (Buddhism and Ancestor Worship)'],[0.9813708956664787],1
92,2,14,Missionary Work,"3. O touch not that sweet pear-tree! Bend not a twig of it now; There long ago, As the stories show Oft halted the chief of Shao.",Missionary Work,0.999954884270685,"['Food and Diet', 'Agriculture and Farming', 'Social Classes and Customs']","[0.7988089968398389, 0.08407802853315569, 0.054052145245582876]",3
92,2,14,Missionary Work,"The following are two stanzas directed against a certain Mrs. Pao Sz, a mischief-maker in the court of King Yu; they give a wicked thrust at the poor women folk by some disgruntled member of the long-haired fraternity who lived over seven hundred years B. C.-or may be they are by a rustic poet in the Province of Kwei-Chow where the custom of the Couvade prevails.",Social Classes and Customs,0.9998737746135822,"['Social Classes and Customs', 'Family and Social Structures']","[0.500022045732552, 0.4999771793423358]",2
92,2,14,Missionary Work,"The Couvade is the custom whereby a mother gets up at once after the birth of a child and performs her usual work, while the father takes to bed for a month with the baby.",Family and Social Structures,0.2393353815724464,"['Family and Social Structures', 'Social Classes and Customs', 'Daily Life and Occupations']","[0.3333660724569562, 0.33335411133062304, 0.3332796572314771]",3
92,2,14,Missionary Work,To woman's tongue let scope be given And step by step to harm it leads.,Missionary Work,0.9999709730047605,['Family and Social Structures'],[0.9801765804654312],1
92,2,14,Missionary Work,"Hurtful and false, their spite they wreak And when exposed their falsehood lies-The wrong they do not own, but sneak And say, ""No harm did we devise.""",Missionary Work,0.9999988078695026,['Family and Social Structures'],[0.971148222861175],1
92,2,14,Missionary Work,"The Chinese women we saw a few minutes ago have gone to the ruins of the London Mission, a short distance in the rear of this place; these Manchu women now go to the same place, and we shall follow.",Missionary Work,0.9999998211642538,"['Social Classes and Customs', 'British Colonialism', 'Missionary Work']","[0.3415510426272722, 0.33039020509786826, 0.3280129935642836]",3
92,2,14,Missionary Work,There we shall find assembled about the ruins of the church and school several hundred members of the Mission.,Missionary Work,0.99999976158513,"['Missionary Work', 'Education']","[0.5018833624926589, 0.49632745057958455]",2
93,2,24,War and Conflict,We are in the presence of a host of homeless human beings all depending for food and shelter upon the noble little woman seated near the front with a child by her side.,Daily Life and Occupations,0.9880549098033886,"['Family and Social Structures', 'Social Classes and Customs', 'Food and Diet', 'Daily Life and Occupations']","[0.2417134889412835, 0.2417110974767969, 0.24159416870023576, 0.2410595177285104]",4
93,2,24,War and Conflict,All these were sheltered and fed within the English Legation during two of the longest months which any of them have ever experienced.,War and Conflict,0.9999909998246332,"['Food and Diet', 'British Colonialism', 'War and Conflict', 'Plague and Disease']","[0.2516070554990828, 0.2515549463107945, 0.25152847351854424, 0.2430736248865066]",4
93,2,24,War and Conflict,"Many friends and kin of these poor people were not so fortunate, but were mercilessly slain by the bloodthirsty Boxers.",War and Conflict,0.999999940388081,"['War and Conflict', 'Family and Social Structures', 'Missionary Work']","[0.33664289940559367, 0.33654633357434577, 0.32677533447803775]",3
93,3,24,War and Conflict,"When Miss Smith, at my request, seated herself in front of her flock I asked her to have a native child stand by her side; not wishing to give the appearance of any partiality in such a choice, she asked me to choose one.",Missionary Work,0.9994324783736476,"['Missionary Work', 'British Colonialism', 'Social Classes and Customs', 'Education', 'Family and Social Structures']","[0.26433173244903857, 0.26428325277603226, 0.2572601059131963, 0.13629597357140538, 0.07778275394197715]",5
93,3,24,War and Conflict,"""Why, how strange,"" exclaims Miss Smith, ""that you have brought to me this poor little thing that is the object of my tenderest love and sympathy!",War and Conflict,0.9996059642615416,"['Family and Social Structures', 'Social Classes and Customs']","[0.9214310846565518, 0.057143877990597385]",2
93,3,24,War and Conflict,"Do you know,"" she continued, “ that both the father and mother of this little one were not only killed, but were dismembered and horribly chopped to pieces; her parents are gone, and all her friends are gone; there is no one left to look after her, and she is very dear to me.""",Family and Social Structures,0.5874493813190726,['Family and Social Structures'],[0.9990591632210033],1
93,3,24,War and Conflict,"These are the tender motherly words of the woman, who, when the shells were crashing into the Legation, was as brave as she was loving after the Allies had brought safety-another evidence to prove, if proof were necessary, that tenderest hearts are bravest.",War and Conflict,0.9999917741553864,['War and Conflict'],[0.9982334460737945],1
93,4,14,Missionary Work,The women and children are assembled here on the ruins of the burned church; the men stand by themselves farther away.,Missionary Work,0.9999222931071892,"['Family and Social Structures', 'War and Conflict', 'Social Classes and Customs']","[0.33336114517713783, 0.3333582834300744, 0.3330085325684611]",3
93,4,14,Missionary Work,"There stood in the court in which we saw the Chinese and Manchurian women, five silk umbrellas which they and their friends had presented to her as evidences of their gratitude, for, as previously explained, the umbrella is the usual object given in token of especial regard.",Missionary Work,0.999964238038146,"['Social Classes and Customs', 'Family and Social Structures', 'Fashion and Dress']","[0.3645187625644603, 0.36435128133977895, 0.2709088582005223]",3
93,5,20,Social Classes and Customs,"In this same court where these honorary umbrellas stood and where were the groups of Chinese and Manchu ladies, I met Prince Su, whose palace and property were turned over to the beleaguered Legationers; he had proved from the beginning a friend to all the foreigners, and was on the best of terms with the people of the London Mission.",Social Classes and Customs,0.9999946955740312,"['War and Conflict', 'Missionary Work', 'Social Classes and Customs', 'British Colonialism']","[0.24998079451173646, 0.24997417965446622, 0.24994209637113676, 0.24993140089538693]",4
93,5,20,Social Classes and Customs,"He quite readily granted me a sitting for a stereoscopic photograph, and presented me with his card, explaining at the same time that it is not customary for a Chinese prince to use cards, though on account of his intimate relations with many foreigners he found it convenient to deviate from court usage.",Social Classes and Customs,0.9999995231047478,"['Photography and Imaging', 'Social Classes and Customs', 'Family and Social Structures', 'British Colonialism']","[0.24222742166933145, 0.24222727730472104, 0.2419831635525153, 0.2357452100299283]",4
93,5,20,Social Classes and Customs,"representation of his card, but I cannot give the full size, which is its most curious feature, being four and one-half by ten inches, and made of thin red paper, much like firecracker paper.",Social Classes and Customs,0.9999976159093646,"['Photography and Imaging', 'Daily Life and Occupations', 'Fashion and Dress', 'Prisoners and Punishment']","[0.5333609391884978, 0.3332985160763454, 0.06667027236757839, 0.06667027236757839]",4
93,5,20,Social Classes and Customs,It is very possible that Prince Su will be appointed Chinese Secretary of State in the new organization of the government.,Social Classes and Customs,0.999985874040886,['Daily Life and Occupations'],[0.9999969227035754],1
93,6,24,War and Conflict,"You have, no doubt, noticed the gentleman seated near Miss Smith; that is the Rev. Joseph Stonehouse of the Mission, who had spent over twenty years in mission work in China.",Missionary Work,0.9999998807761656,"['Missionary Work', 'British Colonialism']","[0.5090586906763264, 0.49062084912484816]",2
93,6,24,War and Conflict,"1 met him on several occasions and found him a very amiable gentleman and zealous worker; and only a short time after I met him here, Mr. Stonehouse was visiting some of the mission stations not far from Yang-tsun when he was set upon by armed natives, presumably Boxers, while crossing a river in a large ferryboat.",War and Conflict,0.9999921314938888,"['War and Conflict', 'Missionary Work', 'Transportation', 'British Colonialism']","[0.25883189347110036, 0.2588315231002022, 0.2587805663262631, 0.2234742705020134]",4
93,6,24,War and Conflict,"Cavalry was at once dispatched from Yang-tsun, and the villages near the place were burned, but the bloodthirsty and unreasoning assassins were never found.",War and Conflict,0.9999998807761656,"['War and Conflict', 'Military and Naval Defenses']","[0.49991317875829944, 0.49990602751088675]",2
93,6,24,War and Conflict,Their work was prosperous when the Boxer war broke out and their fine premises were reduced to the condition seen before us.,War and Conflict,0.9999996423941084,"['War and Conflict', 'British Colonialism', 'Trade and Commerce', 'Daily Life and Occupations', 'Missionary Work']","[0.1668953965508684, 0.16688516939905718, 0.16687275986227113, 0.16680667056039106, 0.16676530748540747]",5
93,7,11,Geography and Topography,"Probably the most interesting place in the neighborhood of Pekin is the Summer Palace of the Empress among the western hills, some thirteen miles westward.",Geography and Topography,0.9999926089772376,"['Geography and Topography', 'Architecture and Building']","[0.5000532499369482, 0.4999463327461483]",2
93,7,11,Geography and Topography,"As already stated I made the journey on foot and in a single day, which is a little too much for a pleasure trip.",Geography and Topography,0.7152384222347431,['Transportation'],[0.9997127559453272],1
93,7,11,Geography and Topography,"I remember very distinctly passing over a level plain, along a road flagged with large square stones, past little villages of brick houses with tile roofs, and by waving fields of millet, till I reached the western hills, at the base of which 1 encountered a small lake fed by mountain streams.",Geography and Topography,0.999999940388081,"['Geography and Topography', 'Agriculture and Farming', 'Transportation', 'Architecture and Building']","[0.26152527357394756, 0.2615155782287635, 0.2511589874238317, 0.22579872659791292]",4
93,7,11,Geography and Topography,"I passed within the wall and around one side of the lake and over a beautiful marble bridge to a small island on the lake on which are erected gates, temples, pavilions and rockeries.",Geography and Topography,0.9994968109353652,"['Architecture and Building', 'Geography and Topography']","[0.49988111131402757, 0.4998333262991533]",2
93,7,11,Geography and Topography,You may now stand with me by one of the summer-houses and look across the lake toward the many indescribable structures on the opposite shore.,Harbor and Waterways,0.989931721985218,"['Architecture and Building', 'Harbor and Waterways', 'Geography and Topography']","[0.36973986174149137, 0.3692248247975906, 0.2610349607131897]",3
93,8,11,Geography and Topography,"Turning to Map No. 2, ""Eastern China,"" we find our red route line extending northwest of Pekin to the location of the Summer Palace.",Geography and Topography,0.9999994039345736,"['Geography and Topography', 'Transportation']","[0.5862225014074246, 0.413765199618282]",2
94,2,1,Architecture and Building,"This Imperial retreat is called Wan-Shou-Shan, which signifies Hill of Ten Thousand Ages, and has been used as the summer residence of the Empress since the destruction of the original Summer Palace at Yuen-Ming-Yuen, which lies a mile to the north of this place.",Architecture and Building,0.999999642375208,"['Geography and Topography', 'Architecture and Building', 'War and Conflict']","[0.35750197081723345, 0.3571385061838094, 0.2853586279596527]",3
94,2,1,Architecture and Building,"Before its destruction it was a magnificent place four and one-half miles in circumference, covered with all sorts of beautiful and luxurious structures.",Architecture and Building,0.999999642375208,['Architecture and Building'],[0.9998191264689872],1
94,2,1,Architecture and Building,Since its demolition by the Allies in 1860 it has only partially been restored and Wan-Shou-Shan continues to be the Summer Palace.,Architecture and Building,0.9999996423941084,"['Architecture and Building', 'War and Conflict']","[0.49985663269971903, 0.4997833622578642]",2
94,2,1,Architecture and Building,From this point you are able to look across the small lake from an island near the south shore.,Geography and Topography,0.999988616388911,"['Geography and Topography', 'Harbor and Waterways']","[0.5643622503234709, 0.4356376151026986]",2
94,2,1,Architecture and Building,"You know that the Palace in Pekin was a city of itself, a Forbidden City, rather than one palatial structure.",Architecture and Building,0.9999998807761656,['Architecture and Building'],[0.999938616132803],1
94,2,1,Architecture and Building,We find the same here-almost a small city forming an amphitheater on the southern slope of the hill and around the western shore of the lake.,Architecture and Building,0.9999532156428632,"['Geography and Topography', 'Harbor and Waterways']","[0.49999162854917545, 0.4998708431667818]",2
94,2,1,Architecture and Building,Our field of vision includes enly a section of the numerous buildings that extend for nearly a half mile along the shore of the lake.,Architecture and Building,0.9999868877098574,"['Architecture and Building', 'Geography and Topography', 'Harbor and Waterways']","[0.332014264719517, 0.3320089217585956, 0.3319750506113401]",3
94,2,1,Architecture and Building,"Off to the right, but not within our range of vision are landing stages, near which are moored row-boats, sail-boats and two small steam yachts, all toys of the Empress.",Harbor and Waterways,0.9999978540879798,"['Harbor and Waterways', 'Transportation', 'Social Classes and Customs']","[0.33387169610853834, 0.33387050213495406, 0.33223479897653196]",3
94,2,1,Architecture and Building,"The most conspicuous object before us on the opposite side of the lake is a gigantic structure or terrace built of solid masonry, and ascended on either side by stone stairways, which are shown on that perpendicular wall by the dark lines.",Architecture and Building,0.9999998807761656,"['Architecture and Building', 'Geography and Topography']","[0.49998176113184356, 0.4999811055561979]",2
94,2,1,Architecture and Building,"Later, before leaving the Summer Palace, we shall pass around the lake and ascend the hill to the left of that tower near the wall.",Architecture and Building,0.998024406288932,['Geography and Topography'],[0.9999810454147804],1
94,3,1,Architecture and Building,"Beyond the rail rising from the edge of the water is an artificial rockery, in the construction of which the Chinese show unusual skill.",Architecture and Building,0.9999997615523456,"['Architecture and Building', 'Geography and Topography', 'Harbor and Waterways']","[0.3334252107840228, 0.3332805972416041, 0.33327594912855296]",3
94,4,23,Transportation,"When I started for the Summer Palace in the conveyance afore mentioned and found I could not sustain the shock of a Pekinese cart, I picked up on the street two coolies to carry my outfit; they are here before us, one on the rockery and one on the rail.",Transportation,0.999998867524555,"['Transportation', 'Social Classes and Customs', 'Daily Life and Occupations']","[0.3332796991302517, 0.3332687732069221, 0.33324803865013786]",3
94,4,23,Transportation,One of these fellows was unequal to the walk of twenty-six miles and gave out on the return when we were within two miles of my quarters.,Transportation,0.9998442963273756,"['Daily Life and Occupations', 'Prisoners and Punishment']","[0.5002549288366177, 0.49962578303457184]",2
94,4,23,Transportation,"The one coolie who was entirely exhausted lagged behind, and in the darkness turned into a side alley with the evident intention of secreting himself and retaining my valuable apparatus.",Transportation,0.9984718605271976,"['Photography and Imaging', 'Daily Life and Occupations', 'British Colonialism', 'Social Classes and Customs']","[0.31330028830658163, 0.3132268811347911, 0.3131555589209101, 0.06013466657903877]",4
94,4,23,Transportation,"When he seemed to be suspiciously far behind I ran back to the end of the by-way up which I knew he must have gone, and, hearing a slight noise in that direction, I dashed on in the darkness and overtook him just as he was entering a small native house.",Transportation,0.9999955296425346,"['Prisoners and Punishment', 'Transportation', 'British Colonialism', 'Daily Life and Occupations']","[0.36091444170615666, 0.260309911300899, 0.24653813295230537, 0.0936703645057186]",4
94,5,23,Transportation,To reach the mainland from this pretty islet we cross a beautiful bridge at which we will also stop for a moment.,Transportation,0.9999803316610926,"['Transportation', 'Geography and Topography', 'Harbor and Waterways']","[0.3333536212524709, 0.3333314074326097, 0.33329661314046466]",3
95,2,20,Social Classes and Customs,The workmanship is superior; the long line of figures on the rail show much labor and considerable skill.,Social Classes and Customs,0.9883469068714936,"['Daily Life and Occupations', 'Architecture and Building']","[0.5000103911599406, 0.49988579709934905]",2
95,2,20,Social Classes and Customs,A few glances only about the Summer Palace will tell us why the Empress spends so little of her time within the prison-like confines of the Forbidden City.,Social Classes and Customs,0.9999954701172836,"['Architecture and Building', 'Daily Life and Occupations', 'Social Classes and Customs']","[0.35487503251304703, 0.3547365652963321, 0.290347637454244]",3
95,2,20,Social Classes and Customs,"Here there are crystal springs and mountain breezes and commanding prospects, all that nature and art can add to make the surroundings attractive.",Geography and Topography,0.8388640489937248,['Geography and Topography'],[0.9999991655406216],1
95,2,20,Social Classes and Customs,"At the time I was here the grounds were deserted, except by a few foreign soldiers who were guarding the entrance, and an occasional group of visitors who had gained permission to visit the ground.",Social Classes and Customs,0.9998600784566812,"['War and Conflict', 'Cemeteries and Burial Practices', 'Military and Naval Defenses', 'British Colonialism']","[0.2592280433861317, 0.2591023312904603, 0.2578358057355366, 0.22381895604461574]",4
95,2,20,Social Classes and Customs,"When the Court occupies the Palace this bridge and the lake are not so devoid of life; then the water is dotted with row-boats, and sailboats, and the entire royal area within the wall, as well as the villages outside where servants live, is full of activity.",Social Classes and Customs,0.9994220057740244,"['Daily Life and Occupations', 'Social Classes and Customs', 'Harbor and Waterways', 'Transportation']","[0.24958466293892487, 0.24956035747085814, 0.24953606183033075, 0.2375737197002635]",4
95,2,20,Social Classes and Customs,"You can better understand the populousness of the place when I tell you that the Emperor is entitled to three thousand eunuchs, but the actual number employed is about two thousand.",Social Classes and Customs,0.9999882588142897,"['Social Classes and Customs', 'Daily Life and Occupations', 'Family and Social Structures']","[0.4102590837363276, 0.41011726635259454, 0.17962355208410552]",3
95,2,20,Social Classes and Customs,"The number of females in the harem is not known, but it would probably far exceed the plurality of wives accredited to the celebrated Mormon prophet.",Social Classes and Customs,0.971148108003081,"['Family and Social Structures', 'Social Classes and Customs']","[0.5000562277006253, 0.499943653061266]",2
95,2,20,Social Classes and Customs,"From this bridge the lake extends a half-mile in either direction, and the mountain slopes outside the Imperial domain are dotted with temples and homes of noted Chinamen.",Social Classes and Customs,0.9931032322404316,"['Geography and Topography', 'Religion (Buddhism and Ancestor Worship)']","[0.7862102177778825, 0.1667088189902437]",2
95,3,11,Geography and Topography,As I walked across this bridge I found at the farther end the figure of a cow cast in bronze and mounted on a base of stone.,Geography and Topography,0.999114354295498,"['Architecture and Building', 'Agriculture and Farming']","[0.7935435108187009, 0.14877552753014586]",2
95,3,11,Geography and Topography,"In my walk of a mile about the lake I passed many curious structures, all showing unmistakable signs of the looter and the iconoclast.",Harbor and Waterways,0.8913360048125877,"['Architecture and Building', 'Harbor and Waterways']","[0.5157491267987236, 0.48385233633964786]",2
96,2,20,Social Classes and Customs,Here we obtain a good view of the great porcelain tower which overlooks the entire plain lying between us and Pekin.,Architecture and Building,0.9997260540701208,"['Architecture and Building', 'Geography and Topography']","[0.49999976156580317, 0.4999995827556241]",2
96,2,20,Social Classes and Customs,"I entered and ascended to the top, expecting to find something to reveal its purpose; but found nothing to show that its use is for aught else than an observation tower.",Architecture and Building,0.9999827739912998,['Architecture and Building'],[0.9999697238046],1
96,2,20,Social Classes and Customs,"Indeed, there were many buildings about the grounds whose use could not be determined by their appearance; many of them, no doubt, the outcome of Imperial whims or fancies.",Architecture and Building,0.999984024694918,"['Architecture and Building', 'British Colonialism']","[0.7105461487782889, 0.2894464820619086]",2
96,2,20,Social Classes and Customs,"Notwithstanding ""the divinity that doth hedge a king,"" he is subject to human ambitions like other mortals.",Social Classes and Customs,0.9999985099653672,['Social Classes and Customs'],[0.9919399661041385],1
96,2,20,Social Classes and Customs,"Here is a populous city, there is another at Yuen-Ming-Yuen, the Forbidden City is another and then the private palace outside the Forbidden City; all these exist to gratify the cruel and unscrupulous vanity of an old Manchu woman.",Social Classes and Customs,0.9999979136997744,"['Architecture and Building', 'Social Classes and Customs']","[0.6393075726305167, 0.35954102420056555]",2
96,2,20,Social Classes and Customs,"Millions are starving, and the one arch-mischief-maker sports four palaces, and three of these are verily cities, and all, we may say, for her personal luxury.",Social Classes and Customs,0.999999105935105,"['Social Classes and Customs', 'Food and Diet', 'Architecture and Building', 'Family and Social Structures']","[0.25963490166650316, 0.2596335090135077, 0.25919782532000457, 0.22119575157003232]",4
96,2,20,Social Classes and Customs,"The pomp and the palaces, of course, help on the ""divinity that doth hedge,"" etc., and if the suffering masses can be kept in ignorance the ""divinity"" can be maintained—millions upon millions for the maintenance of a Christian-killing Empress, while thousands upon thousands are starving in honest poverty.",Social Classes and Customs,0.9999998211642538,"['Social Classes and Customs', 'British Colonialism', 'Food and Diet']","[0.3336621435547351, 0.333600232222177, 0.3323974293574677]",3
96,2,20,Social Classes and Customs,"Look upon these multiplied palaces and palace luxuries and then witness the staring eyes of starvation in the ""dying place"" at Canton.",Social Classes and Customs,0.9999979136997744,"['Social Classes and Customs', 'Trade and Commerce', 'Food and Diet', 'British Colonialism', 'Architecture and Building']","[0.1667950699898997, 0.16679192867925732, 0.166791849112707, 0.16678586334680034, 0.16664546418664702]",5
96,2,20,Social Classes and Customs,"It does not require the ""hedging of divinity"" to make an intelligent and democratic people love and honor a Washington, a Lincoln or a McKinley; and in this respect what is true of China may be true of all monarchical or monarch-supporting governments.",Social Classes and Customs,0.9999995827822108,"['Social Classes and Customs', 'Religion (Buddhism and Ancestor Worship)']","[0.5714732802832291, 0.4285267197167709]",2
96,2,20,Social Classes and Customs,"Democracy elects fitness for sovereignty, but empires inherit the next in line-many times unfit to rule; then comes the necessity for hedging with divinity.",Social Classes and Customs,0.999998629165164,"['British Colonialism', 'Religion (Buddhism and Ancestor Worship)']","[0.8961987301435609, 0.06725011222652527]",2
96,2,20,Social Classes and Customs,"We did not love dear ""Old Abe” less because he was not housed in a congeries of palaces, or because his beloved personality was not ""hedged"" by lèse-majesté.",Social Classes and Customs,0.9999991655469742,['War and Conflict'],[0.992792362838119],1
96,2,20,Social Classes and Customs,But if we linger in this line of thought before this great porcelain tower we shall soon be calling it a tower of shame.,Social Classes and Customs,0.9999951722127784,['Architecture and Building'],[0.9999850961777187],1
96,2,20,Social Classes and Customs,At the right of the tower we can see the plain over which we must pass to reach Pekin; only for the hazy atmosphere we could faintly discern the outlines of the city thirteen miles away.,Geography and Topography,0.99999678154149,['Geography and Topography'],[0.9999578043732736],1
96,2,20,Social Classes and Customs,Now let us climb down this steep hillside and wend our way back to the quaint old capital.,Social Classes and Customs,0.6981332533342615,['Geography and Topography'],[0.999225260473364],1
96,3,4,Daily Life and Occupations,"A few days after my return from this Summer Palace to Pekin, during a casual visit to the United States Legation, I found Minister Conger preparing to set out on an official visit in his official chair.",Daily Life and Occupations,0.9999991655627198,"['Daily Life and Occupations', 'Transportation']","[0.8985549316798667, 0.1013792837931303]",2
97,2,20,Social Classes and Customs,At the Legation Minister Conger kindly consented to allow me to make a picture of himself and his secretaries in the Legation rooms.,Social Classes and Customs,0.9922997800244356,"['Photography and Imaging', 'Daily Life and Occupations']","[0.5000521734628999, 0.49994234272506977]",2
97,2,20,Social Classes and Customs,"It was during this sitting that our popular Minister spoke of going out in his official chair, when it occurred to me that to see him leaving the grounds would be interesting, as showing the formalities which must be observed at the Court of Pekin.",Social Classes and Customs,0.9999996423941084,['Social Classes and Customs'],[0.995424289909259],1
97,2,20,Social Classes and Customs,"It brings to mind also, that among the many different branches of the government organization, there is a ceremonial court whose duty it is to regulate forms to be observed and in marshaling visitors according to their proper ranks, and directing them when to make the ""Kowtow.""",Social Classes and Customs,0.9999998211970382,"['Social Classes and Customs', 'Daily Life and Occupations']","[0.5004316566032976, 0.49940568593669343]",2
97,2,20,Social Classes and Customs,The kowtow is a formal bowing or kneeling and has many variations or degrees according to the rank before whom made; before the Emperor a kowtow consists in kneeling three times and knocking the head on the floor nine times.,Social Classes and Customs,0.9999995231047478,"['Social Classes and Customs', 'Family and Social Structures']","[0.5006712669954188, 0.4992906537005114]",2
97,2,20,Social Classes and Customs,"The refusal to comply with this formality on the part of foreign officials, has, at times in the past, led to international friction.",Social Classes and Customs,0.9999325379377504,['War and Conflict'],[0.9970082682177296],1
97,2,20,Social Classes and Customs,"Foreigners are not unwilling to make their rounds in a sedan-chair, but they do not take to the requirements of kneeling and whacking their heads on the floor.",Social Classes and Customs,0.9999992251745926,"['Social Classes and Customs', 'Transportation', 'Daily Life and Occupations']","[0.3288435617735778, 0.32883603539388356, 0.3221583511687504]",3
97,3,23,Transportation,"An avantcourier stands at one side with an air of superiority, and it is his duty to howl commands for all to clear the way for the important occupant of the chair.",Transportation,0.997603828043266,"['Social Classes and Customs', 'Daily Life and Occupations']","[0.5316176382320662, 0.46825095781161863]",2
97,3,23,Transportation,"The highest dignitaries are carried by eight bearers, others by four, and ordinary mortals by two.",Social Classes and Customs,0.9995403498424464,"['Social Classes and Customs', 'Transportation', 'Daily Life and Occupations', 'Family and Social Structures']","[0.24999443701605972, 0.24999410921760523, 0.24999041353568363, 0.24996175001438412]",4
97,3,23,Transportation,"There are two kinds of sedan-chairs, those made of bamboo for common people, and those elaborately curtained and upholstered.",Transportation,0.8702251509432759,"['Social Classes and Customs', 'Transportation', 'Daily Life and Occupations', 'Fashion and Dress', 'Family and Social Structures']","[0.20010046640144005, 0.20010039484989073, 0.2000952427313924, 0.20007027514384956, 0.19962501040364214]",5
97,4,23,Transportation,"While the sedan-chair is a very primitive conveyance, every one must confess it is one of the most luxurious, and reminds the rider how well adjusted with springs is the ""tailless horse.""",Transportation,0.9999998807761656,"['Transportation', 'Daily Life and Occupations']","[0.5394821731303124, 0.4596141289809909]",2
97,4,23,Transportation,"When a set of chair-bearers are passing through the narrow streets of a city like Canton they keep up a dismal howl that reminds one of the approach of a band of howling monkeys in the jungles of the Amazon; this notifies the crowds in the street to clear the way, but the warning is so common that it is seldom heeded.",Transportation,0.9998519196307128,"['Daily Life and Occupations', 'Transportation', 'Social Classes and Customs', 'Family and Social Structures']","[0.2505139396157844, 0.2505114907868173, 0.25050438418737175, 0.2481204551743423]",4
97,4,23,Transportation,"The chair has the right of way, and when people are struck by it they do not seem to mind it; their equanimity can scarcely be disturbed.",Transportation,0.997836167554754,['Social Classes and Customs'],[0.9940955010646606],1
97,4,23,Transportation,"In any other country the passage of a sedan-chair would, in a dense thoroughfare, engender endless broils and fisticuffs.",Social Classes and Customs,0.995762095267202,"['Transportation', 'Social Classes and Customs', 'Daily Life and Occupations', 'Family and Social Structures', 'War and Conflict']","[0.2055013626389422, 0.2055007746591527, 0.20547669514675473, 0.20389523619947492, 0.17962553939135242]",5
97,5,23,Transportation,"This official mode of travelling from place to place shows you exactly how Baron Von Ketteler was passing along the street which now bears his name, his secretary following, as Mr. Conger's secretary is following here, when foully murdered.",Transportation,0.999998092420356,"['Transportation', 'War and Conflict']","[0.8328496672014597, 0.13901735380335992]",2
97,6,15,Photography and Imaging,While Mr. Conger obligingly halted for a moment he told me that if I could get a stereograph of Prince Ching I would be scoring a great success.,Photography and Imaging,0.999999940388081,['Photography and Imaging'],[0.9999656708767566],1
97,6,15,Photography and Imaging,Now you may meet him whose picture Mr. Conger thought so desirable and so difficult to obtain.,Photography and Imaging,0.9999998807761656,['Photography and Imaging'],[0.9999850809781938],1
98,2,24,War and Conflict,"Another prince has earned for himself an infamy as world-wide as this man's fame; I refer to Prince Tuan who was the head and inspiration of the Boxer horde, and who is now likely to reap the fate which due retribution will probably mete to him, that is, banishment or some other extreme penalty.",War and Conflict,0.9999995231047478,"['War and Conflict', 'Prisoners and Punishment', 'British Colonialism']","[0.3367161623688494, 0.3367120282546409, 0.3265429889759247]",3
98,2,24,War and Conflict,"Prince Ching, who sits before us, has always been favorably disposed toward foreigners, and at the crucial moment, when the fate of the Legations and all the foreigners in Pekin was in the hands of the shuffling Yamên, he did not hesitate to admit that he had failed to convince the court of the danger of inactivity and that he was helplesss in adjusting matters.",War and Conflict,0.999999940388081,"['War and Conflict', 'British Colonialism']","[0.8798006487325912, 0.12018907303842696]",2
98,2,24,War and Conflict,"When Sir Claude Macdonald found it was useless to discuss matters longer with the vacillating Yamên he demanded an interview with Prince Ching, who stated to him frankly that the government was not able to control the Boxers, and that foreigners could not expect protection either in Pekin or in any part of China.",War and Conflict,0.9999973775782388,"['War and Conflict', 'British Colonialism']","[0.4999883759314471, 0.49997949567380096]",2
98,2,24,War and Conflict,"Prince Ching was President of the Tsung-li Yamên, and for his suspected sympathy with the foreigners was suddenly removed from the head of the Yamên by the Empress, and the Boxer chief, Prince Tuan, appointed in his place.",War and Conflict,0.999999940388081,['War and Conflict'],[0.9998502946367305],1
98,2,24,War and Conflict,"There can be little doubt that only for these frank and friendly avowals of Prince Ching the Legations and all the Europeans would have attempted to obey the order which they had received to quit the capital and proceed to Tien-tsin; and this step, in the minds of everyone, would have resulted in indiscriminate slaughter.",War and Conflict,0.999999940388081,"['War and Conflict', 'British Colonialism']","[0.5002429850789708, 0.49971759924567527]",2
98,2,24,War and Conflict,"Can we wonder then that there exists a kindly feeling toward this true prince, or that when peace commissioners were to be chosen from among the Chinese to confer with the foreign ministers in the settlement of the great question between the Empire and the Allies, that Prince Ching should be the choice of the nations whose representatives he had saved?",War and Conflict,0.999999940388081,"['War and Conflict', 'British Colonialism']","[0.5101064762433716, 0.4898875039776439]",2
98,2,24,War and Conflict,"In 1885 he was appointed along with Prince Chun and Li Hung Chang to take control of naval affairs, and now he has been coupled with China's famous statesman and viceroy in the adjudication of the Empire's imbroglio with the world.",War and Conflict,0.9999994635464606,"['Military and Naval Defenses', 'War and Conflict']","[0.49988522203522123, 0.49988063241127684]",2
98,2,24,War and Conflict,"He is a near relative of the Emperor, and has now been mentioned as a possible successor to Li Hung Chang as Secretary of State and Viceroy; being so important a personage in the affairs of China and the world you can understand why our minister told me if I could secure his photograph I would ""score a success.""",War and Conflict,0.9866996837814428,['Family and Social Structures'],[0.9834960870186052],1
98,2,24,War and Conflict,"Along with an irrepressible New York correspondent who had secured credentials to Prince Ching from the Secretary of Li Hung Chang, and, couriered through the ramshackle wilderness of the Tartar City by a native ""boy,"" I reached the palace of Prince Ching in the extreme northwestern portion of the city.",War and Conflict,0.999966263234209,['Transportation'],[0.9907040427528799],1
98,2,24,War and Conflict,Like all Chinese palaces it is a series of courts flanked by low buildings on every side.,Architecture and Building,0.999998390733184,['Architecture and Building'],[0.9999980927121468],1
98,2,24,War and Conflict,"In an alley outside we were met by the official interpreter for the Prince, who explained to us that in a short time his excellency would receive us; finally we were taken to this interior court, where the Prince soon appeared and greeted us kindly.",War and Conflict,0.9996616338727512,['Social Classes and Customs'],[0.9999929570010654],1
98,2,24,War and Conflict,"The interpreter had, of course, already explained to him that we desired his photograph for the American people, who looked upon him as their friend.",War and Conflict,0.9996959281202804,['Photography and Imaging'],[0.9997185552920823],1
98,2,24,War and Conflict,His garments are of heavy brocaded silk; the ample sleeves take the place of gloves; a magnificent ruby within a circle of pearls ornaments the front of his cap.,Fashion and Dress,0.9999979136997744,"['Fashion and Dress', 'Social Classes and Customs']","[0.5000000896291771, 0.49999621492867485]",2
98,3,15,Photography and Imaging,"351 The correspondent asked for permission to speak with his excellency for a few minutes; this was readily granted, and the weather being chilly, we were asked to accompany him to a reception-room, where tea was at once served to us.",Daily Life and Occupations,0.9999884972255504,"['Daily Life and Occupations', 'Food and Diet', 'Social Classes and Customs']","[0.34055523676495786, 0.3403531321754221, 0.31908935588165216]",3
98,3,15,Photography and Imaging,"I took along with me for his inspection a series of stereoscopic photographs, that he might understand the kind of picture I wished to make of him.",Photography and Imaging,0.999999940388081,['Photography and Imaging'],[0.9999132330346385],1
98,3,15,Photography and Imaging,"He seemed almost impatient to get hold of the stereoscope and stereographs, but the correspondent had him immeshed in his catechism for a time.",Photography and Imaging,0.9999915954238834,"['Photography and Imaging', 'Missionary Work']","[0.49985264514289013, 0.4998123691590724]",2
98,3,15,Photography and Imaging,"At length he again glanced inquisitively toward the stereoscope, when I advanced and adjusted it to his eyes and passed a number of stereographs through it.",Photography and Imaging,0.9999998807761656,['Photography and Imaging'],[0.9998436634892265],1
98,3,15,Photography and Imaging,with the realistic effect; they were the first stereoscopic photographs he had ever seen; he never wearied and scarcely withdrew his head from the hood of the stereoscope till all the views had been passed through.,Photography and Imaging,0.999999940388081,['Photography and Imaging'],[0.9999830732772985],1
98,4,20,Social Classes and Customs,"While we were yet sipping our delicious tea I asked the interpreter if his excellency would not permit us to carry back to America as souvenirs of the honor he had conferred upon us, the cups from which we were drinking the tea.",Social Classes and Customs,0.9999874838932752,"['Food and Diet', 'British Colonialism', 'Transportation']","[0.3711319708318724, 0.3692664792305262, 0.25720479448297445]",3
98,4,20,Social Classes and Customs,"More delicate specimens were soon forthcoming, into which we poured the remainder of our tea that we might say we had drunk tea from them with Prince Ching.",Social Classes and Customs,0.9999942783911112,"['Food and Diet', 'British Colonialism', 'Social Classes and Customs']","[0.46640687496401545, 0.46618332433506815, 0.06723860627154817]",3
98,4,20,Social Classes and Customs,"The Prince said he had not had his photograph taken for eight years previous to this time, when a Dutch painter made of him an oil-portrait, which he took from the wall to show us.",Social Classes and Customs,0.9999876627340908,['Photography and Imaging'],[0.9999786459226184],1
98,5,20,Social Classes and Customs,"After thanking him suitably for his hospitality and the patient audience and sitting he had given us, we retired to the alley whence we entered, and where the interpreter was joined by three members of the Tsung-li Yamên, whom you will be interested in meeting now.",Social Classes and Customs,0.9999993443882876,"['British Colonialism', 'Social Classes and Customs']","[0.6581465677538363, 0.30147151415995693]",2
99,2,24,War and Conflict,"The Chinese government is administered through several branches, such as the Board of Civil Office, the Board of Revenue, the Board of Rites, the Board of War, the Board of Punishments, the Board of Works, etc., and only in recent years has a new board been created called the Tsung-li Yamên, or Board of Foreign Affairs.",War and Conflict,0.9998961948916112,"['War and Conflict', 'Prisoners and Punishment', 'Military and Naval Defenses']","[0.33341279059314033, 0.3333411968343408, 0.33324513800571104]",3
99,2,24,War and Conflict,The whole duty of the Tsung-li Yamên is to receive and confer with foreign ministers and to act as an intermediary between them and the Court.,War and Conflict,0.9984685384671756,['Daily Life and Occupations'],[0.9934428649323027],1
99,2,24,War and Conflict,It was painfully exemplified during the siege of 1900 when this treacherous go-between Board screened the sinister motives of the crafty Empress.,War and Conflict,0.9999997019871092,"['War and Conflict', 'British Colonialism']","[0.5003160791261905, 0.49961057761205085]",2
99,2,24,War and Conflict,"In the peace negotiations, now signed at Pekin, it is said that a radical alteration has been made in the relations of the foreign ministers to the Court, and that the article relating thereto is as follows:",War and Conflict,0.9999997615523456,['War and Conflict'],[0.9956858422546784],1
99,3,2,British Colonialism,"The Chinese Government shall be bound to reform the Chinese Foreign Office and the court ceremonial for the reception of the foreign representatives, and to do so in the sense which shall be defined by the Foreign Powers.",British Colonialism,0.999948089674461,['British Colonialism'],[0.9996926821913062],1
99,4,24,War and Conflict,"I hope you will not fail to notice the fine feathers in their caps, because I swung two of these dignitaries partially around that you might see them.",War and Conflict,0.9998916053407528,"['Fashion and Dress', 'Social Classes and Customs']","[0.5003085265847022, 0.4996878346231206]",2
99,4,24,War and Conflict,"How we would like to know just what they did and said and thought during those dark days of the siege; being identified with Prince Ching they, of course, pretend that they were friendly, but sincerity is a rare thing in the ""Middle Kingdom,"" and then the faces of Chinamen so often possess a coldness which dispels confidence.",War and Conflict,0.9999998211970382,"['War and Conflict', 'British Colonialism']","[0.9415522788116056, 0.058265122341538994]",2
99,5,20,Social Classes and Customs,"General Wilson in his latest revision of his book on China says of this modern Board of Foreign Affairs: ""In view of the fact that none of the members of the Board understand English, or any other foreign language, and none of the foreign ministers speaks Chinese, all conversation must be carried on through the intervention of official interpreters, and to prevent mistakes all official communications must be in writing, translated into the court dialect, or literary language of the country.",Social Classes and Customs,0.9999996423941084,['British Colonialism'],[0.9426448265629572],1
99,5,20,Social Classes and Customs,"As this language is almost an insuperable obstacle to the general dissemination of Western knowledge, and as there is no social intercourse whatever between foreigners and the conservative Chinese officials or their families, it will readily be seen that there cannot be a very active interchange of ideas between them.""",Social Classes and Customs,0.999991714543958,"['Family and Social Structures', 'Social Classes and Customs', 'Missionary Work', 'British Colonialism', 'Education']","[0.2065440908815597, 0.20652688199485567, 0.20649766422700538, 0.19413817580834503, 0.1862925715405204]",5
99,6,24,War and Conflict,A careful student of Chinese affairs in Pekin for many years said to me of the representatives of the Tsung-li Yamên.,War and Conflict,0.9831847704610618,"['British Colonialism', 'Social Classes and Customs']","[0.8523800787902963, 0.0506543489006751]",2
99,6,24,War and Conflict,"There are eleven members and nine are requisite for the transaction of business, and as most of them are reactionary there is little hope that a man with progressive spirit will have any special influence.",Social Classes and Customs,0.9958953940457344,['Social Classes and Customs'],[0.9998595066275018],1
99,6,24,War and Conflict,"However, there were two men of high courage in the summer of 1900 who protested against the murder of unarmed foreigners, and for endeavoring to protect the helpless these two men were beheaded.",War and Conflict,0.9999980328676678,"['War and Conflict', 'Prisoners and Punishment']","[0.49969568404541015, 0.49968156618067816]",2
99,6,24,War and Conflict,"The Yamên has proved to be practically useless for the transaction of business, and now it is replaced by the Office of Foreign Affairs.",War and Conflict,0.9883279177622312,['British Colonialism'],[0.9997681502695872],1
99,7,24,War and Conflict,"An assemblage of the representatives of the great powers are meeting daily to discuss the great questions of indemnities, penalties and the future relations of the Empire to the nations concerned.",War and Conflict,0.999999940388081,"['War and Conflict', 'Prisoners and Punishment']","[0.7335459108948822, 0.2662637522969534]",2
99,7,24,War and Conflict,"Both for the terrible siege through which most of them passed and for the important work they are doing, it is both a pleasure and an honor to meet these noteworthy men.",War and Conflict,0.9999995827734,"['War and Conflict', 'Prisoners and Punishment']","[0.6003696848172175, 0.39950457324551514]",2
100,2,15,Photography and Imaging,The ten foreign ministers are emerging from the assembly-room at the end of a morning session and find themselves confronted by two cameras.,Photography and Imaging,0.999999940388081,['Photography and Imaging'],[0.9976078550480819],1
100,2,15,Photography and Imaging,"Major Conger who seemed to enjoy an esteemed seniority among the ministers and with whom a previous arrangement had been made for this stereograph, addressed them somewhat as follows:",Photography and Imaging,0.9999418294758846,['Photography and Imaging'],[0.9998244253637321],1
100,3,15,Photography and Imaging,"This time, however, by a gentleman from New York who represents a house that does magnificent photographic work, and if you will halt for a moment he will possibly send us each a fine photograph;",Photography and Imaging,0.999999940388081,"['Photography and Imaging', 'Daily Life and Occupations']","[0.5590669392658723, 0.44052199771593564]",2
100,3,15,Photography and Imaging,"""As you like,"" was the reply, ""except, do not try to look pretty"";",Photography and Imaging,0.9999973775541372,['Fashion and Dress'],[0.9999973029721929],1
100,3,15,Photography and Imaging,"when some member in sotto voce jocularly rejoined: ""We have enough on hand without undertaking greater tasks.""",Photography and Imaging,0.6942313814072983,"['Daily Life and Occupations', 'Social Classes and Customs']","[0.46592437790361546, 0.408729099614736]",2
100,4,24,War and Conflict,Thus in a few moments this scene was snatched by the sun-ray and registered for the future centuries among the annals of history.,War and Conflict,0.999999940388081,['Photography and Imaging'],[0.9999991654802121],1
100,5,20,Social Classes and Customs,"Of those standing on the lowest step, Major E. H. Conger (U. S. A.) is to the left, Don B. J. de Cologan (Spain) is in the center and Dr. Von Mumm (Germany) is to the right.",Social Classes and Customs,0.9999954700749925,"['Social Classes and Customs', 'War and Conflict']","[0.5186586062455564, 0.46087967474944536]",2
100,5,20,Social Classes and Customs,"Of the two standing on the second step, M. De Giers (Russia) is on the left next to Minister Conger and Baron M. C. De Wallton (Austria-Hungary) is on the right.",Social Classes and Customs,0.9999995231614776,"['Social Classes and Customs', 'Daily Life and Occupations']","[0.9130355206888117, 0.05797627001574772]",2
100,5,20,Social Classes and Customs,"On the next step back Marquis J. Saloago Reggi (Italy) is to the left, directly behind Minister Conger.",Social Classes and Customs,0.9999979136997744,['Daily Life and Occupations'],[1.0],1
100,5,20,Social Classes and Customs,"In the doorway Baron d'A. de Wasserwass (France) is on the left and Sir E. Satow, the newly appointed British Minister, is on the right.",Social Classes and Customs,0.9999967219183942,"['British Colonialism', 'Social Classes and Customs']","[0.5132161331135596, 0.4867459237181859]",2
100,6,24,War and Conflict,"It is impossible for people not versed in diplomacy to comprehend the endless number of subtle and perplexing matters that have demanded its careful deliberations, and the whole civilized world is its censor.",War and Conflict,0.9999986291805116,"['War and Conflict', 'Daily Life and Occupations']","[0.824625427629842, 0.16044649807919042]",2
100,6,24,War and Conflict,"Of course these men are but intermediaries between their respective governments and the Chinese Empire, yet their duties are complex.",War and Conflict,0.9991379535092711,"['British Colonialism', 'Trade and Commerce']","[0.5419617866682126, 0.45797451452483406]",2
100,6,24,War and Conflict,"Most of them endured the privations and suspense of the siege, yet a year's struggle with perplexing problems awaited them.",War and Conflict,0.9999997019871092,"['War and Conflict', 'Prisoners and Punishment']","[0.6974984656615376, 0.2947047434155079]",2
100,6,24,War and Conflict,Diplomacy has been slow to learn that in dealing with the Chinese Government confidence is never safe; the Boxer uprising is not the first.,War and Conflict,0.999999940388081,"['War and Conflict', 'British Colonialism', 'Missionary Work']","[0.36035408611623143, 0.3595174491952132, 0.28012094761014705]",3
100,6,24,War and Conflict,"Treaties have been often made, but seldom honored, and now all the world wonders what will be the outcome of this last insurrection.",War and Conflict,0.999999940388081,['War and Conflict'],[0.987689480124303],1
100,6,24,War and Conflict,"Will China modernize and assimilate, or will she compromise in order to gain time only to make greater preparation to debar the Caucasian of the West, as she walled out the Tartar from the North?",War and Conflict,0.9999997019871092,['War and Conflict'],[0.9988707153985753],1
100,6,24,War and Conflict,"Time holds the secrets of the future, and for the issues of this great international settlement made by these ministers, we must wait.",War and Conflict,0.9999997019871092,['War and Conflict'],[0.9993747977577692],1
100,7,20,Social Classes and Customs,"We have witnessed in our wanderings the wretchedness of hopeless poverty and suffering, and the stupid and demoralizing luxuries of wealth; we have seen the ""King of Beggars and the Princes of the Empire; we have seen the poor, burden-bearing coolie whose labor feeds the luxurious mandarin; we have seen the Tankia in their little floating homes and the many palaces of sovereignty.",Social Classes and Customs,0.9999969007658642,"['Social Classes and Customs', 'River Dwellers (Tankia)', 'Daily Life and Occupations', 'British Colonialism']","[0.2489328549224451, 0.24893006568111375, 0.24892795888052974, 0.24736708174023772]",4
100,7,20,Social Classes and Customs,"We have looked upon the bloody and harrowing circumstances of war, and as we are about to make our leave-taking obeisance before this ancient contemporary of Egypt and Babylon, we cannot but wonder what is to become of her.",Social Classes and Customs,0.998021443102612,['War and Conflict'],[0.9998281661159536],1
100,7,20,Social Classes and Customs,"She is weak by reason of her unpreparedness for defense, and the vultures of Western commercialism are ""watching out.""",Social Classes and Customs,0.99857920481535,['Trade and Commerce'],[0.999338968269921],1
100,7,20,Social Classes and Customs,Even now she has ceased to be a sovereign power when the allied nations can dictate enormous indemnities and the demolition of her coast defenses and the regulation of her own internal affairs.,Social Classes and Customs,0.5994428538986291,"['War and Conflict', 'Military and Naval Defenses', 'Harbor and Waterways']","[0.3379286649571118, 0.3379274563024632, 0.32412599385096363]",3
100,7,20,Social Classes and Customs,China has international obligations to perform; none will consider her blameless; yet the various nations need to be very careful that they do not come to play the part of vigorous young bullies mauling a feeble and helpless centenarian.,Social Classes and Customs,0.9999853372639304,['War and Conflict'],[0.9999958272808476],1
