Agriculture and Farming,Architecture and Building,British Colonialism,Cemeteries and Burial Practices,Daily Life and Occupations,Education,Family and Social Structures,Fashion and Dress,Folk Festivals and Celebrations,Food and Diet,Gambling and Opium,Geography and Topography,Harbor and Waterways,Military and Naval Defenses,Missionary Work,Photography and Imaging,Plague and Disease,Prisoners and Punishment,Religion (Buddhism and Ancestor Worship),River Dwellers (Tankia),Social Classes and Customs,Tea Production and Trade,Trade and Commerce,Transportation,War and Conflict
0.0,1.192240617342577e-07,0.9990337761487984,0.0,1.0729066772796614e-06,0.0,0.0,0.0,0.0,0.0,0.0,0.9999943976015448,0.9999997615523455,0.0,0.0,0.0,0.0,0.0,0.0,0.0,0.0,0.0,2.384476545103098e-07,0.999555555188733,0.0
0.0,0.0,2.860843551943937e-06,0.0,2.384476545103098e-07,0.0,0.0,0.0,0.0,0.0,0.0,0.9999992847883448,4.88733132308905e-06,0.0,0.0,0.0,0.0,0.0,0.0,0.0,0.0,0.0,0.0,1.192240617342577e-07,0.0
0.0,0.0,0.9999986887770048,3.815155876552012e-06,0.0,0.0,1.192051257703497e-06,0.0,0.0,0.0,0.0,0.0001412321666970362,1.192240617342577e-07,3.218546048677773e-06,0.0,3.57605976830655e-07,0.0,0.0,0.0,0.0,1.192240617342577e-07,0.0,0.0,0.0,2.9325322852602476e-05
0.0,0.0,0.0,0.0,0.0,0.0,0.0,0.0,0.0,0.0,0.0,0.9999996423941084,0.0007154238005906421,0.0,0.0,0.0,0.0,0.0,0.0,0.0,0.0,0.0,0.0,0.9999765177809861,0.0
0.0,0.0007661329278608742,0.0,0.0,8.344533100057561e-07,0.0,4.768950248035253e-07,0.0,0.0,0.0,0.0,0.999998569577201,0.0,0.0,0.0,0.0,0.0,0.0,0.0,0.0,0.9997898975264415,0.0,0.0,0.0,0.0
0.0,0.0,1.7404604901405385e-05,0.0,0.0,0.0,0.0,0.0,0.0,0.0,0.0,0.9999995231047478,1.192240617342577e-07,1.192051257703497e-06,0.0,0.0,0.0,0.0,0.0,0.0,0.0,0.0,0.0,1.192240617342577e-07,0.0
0.0,0.0,0.9988574292762565,0.0,0.0,0.0,0.0,0.0,0.0,0.0,0.0,0.9999986887770048,2.860843551943937e-06,5.00649341150794e-06,0.0,0.0,0.0,0.0,0.0,0.0,0.0,0.0,1.0729066772796614e-06,5.960258064874324e-07,1.192240617342577e-07
0.0,0.0,0.0,0.0,0.0,0.0,0.0,0.0,0.0,0.0,0.0,0.9999976158993602,1.192240617342577e-07,1.192240617342577e-07,0.0,0.0,0.0,0.0,0.0,0.0,0.0,0.0,0.0,0.0,0.0
0.0,0.0,0.0,0.0,0.0,0.0,0.0,0.0,0.0,0.0,0.0,0.9999961848443508,3.57605976830655e-07,2.860843551943937e-06,0.0,0.0,0.0,0.0,0.0,0.0,0.0,0.0,0.0,8.344533100057561e-07,5.960258064874324e-07
0.0,0.0,0.0,0.0,1.192240617342577e-07,0.0,0.0,0.0,0.0,0.0,0.0,0.9999271671371303,1.192051257703497e-06,0.0,0.0,0.0,0.0,0.0,0.0,0.0,0.0,0.0,0.0,0.4843807408924862,0.0
0.0,0.0,0.0,0.0,0.0,0.0,0.0,0.0,0.0,0.0,0.0,0.9999148950210192,2.860843551943937e-06,0.0,0.0,0.0,0.0,0.0,0.0,0.0,0.0,0.0,0.0,0.0,0.0
0.0,0.0,0.9999997615523455,0.0,0.0,0.0,0.0,0.0,0.0,0.0,0.0,0.0,0.0,0.0,0.0,0.0,0.0,0.0,0.0,0.0,0.0,3.4570836574543407e-06,0.9999971391564481,0.0,0.0005722199145191675
0.0,0.0,0.4149219529754913,0.0,1.3112231088685533e-06,0.0,0.0,0.0,0.0,0.0,0.0,2.264949380159642e-06,0.999869725465911,0.0,0.0,0.0,0.0,0.0,0.0,0.0,3.3975038059685936e-05,0.00011466818507155363,0.9999952318244132,1.4782057971451934e-05,0.0
0.0,0.9999685263470333,0.9073154160970133,0.0,0.9999971391564481,0.0,9.537902768697037e-07,0.0,0.0,0.0,0.0,0.9995414952505944,0.9999996423941084,0.0,0.0,0.0,0.0,0.0,0.0,1.1562366811213032e-05,0.999728155316972,0.0,0.9999738948123691,0.9999983310946448,0.0
0.0,1.4304229126738122e-06,6.079235556621931e-06,0.9999990462097231,1.3112231088685533e-06,0.0,1.9906660229551676e-05,0.0,0.0,0.0,0.0,0.9999988079489697,1.192240617342577e-07,1.192240617342577e-07,0.0,0.0,0.0,0.0,0.9995872473126008,0.0,0.0004444448114945265,0.0,0.0,0.0,0.0
0.0,5.960258064874324e-07,0.0,0.9999998807761656,2.9800638619015274e-06,0.0,1.037046934038166e-05,0.0,0.0,0.0,0.0,0.9999685263470333,8.117274542640551e-05,0.0,0.0,0.0,1.0,0.0,9.537902768697037e-07,0.0,3.93426102218708e-06,0.0,0.0,0.0,0.0
0.0,0.0,0.0,0.9999990462097231,1.6689054689322802e-06,0.0,3.815155876552012e-06,0.0,0.0,0.0,0.0,1.3112231088685533e-06,0.0,0.0,0.0,0.0,0.9979324788785798,0.0001337284408486905,0.0,0.0,4.768950248035253e-07,0.0,0.0,0.0,0.9997862024289057
0.0,8.344533100057561e-07,0.9648551889505353,0.0,0.9999750871640675,0.0,0.9997655789262221,1.192240617342577e-07,0.0,0.0,0.0,1.192240617342577e-07,0.0,0.0,7.152118257636175e-07,0.997284332546496,0.0,0.0,0.0,0.0,0.999998569577201,1.192240617342577e-07,0.0,0.0,0.0
0.0,0.0,0.0,0.0,0.994269275699906,0.0,0.015905671912823327,4.768950248035253e-07,0.0,7.080771619361048e-05,0.0,0.0,0.0,0.0,0.0,0.0,0.0,2.384476545103098e-07,0.0,0.0,0.9399049359186479,0.0,0.0,0.0,0.0
0.0,0.9999910593932734,3.815155876552012e-06,0.0,3.4570836574543407e-06,0.0,0.0,0.0,0.0,0.0,0.0,0.3702362519380423,0.9999997615523455,0.9999824762661061,0.0,0.0,0.0,0.0,0.0,0.0,0.0,0.0,3.57605976830655e-07,7.630296515626078e-06,0.9999984503497855
0.0,0.9993039791753223,1.5496499871092695e-06,0.0,0.0015978904162464724,0.0,0.0,0.0,0.0,0.0,0.0,1.4304229126738122e-06,0.9953900956047523,0.9998488810924726,0.0,0.0,0.0,0.0,0.0,0.0,0.0,0.0,1.192240617342577e-07,0.9940885277388329,0.9999998807761656
0.0,0.0,0.6584217387979114,0.0,0.9999376491917541,0.0,0.999899043166482,0.0,0.0,0.0,0.0,1.192240617342577e-07,0.9999881992158033,0.0,5.960258064874324e-07,0.0,0.0,0.0,3.57605976830655e-07,2.145812430742744e-06,0.9802794049754281,0.0,1.192240617342577e-07,0.9999995231047478,0.0
0.0,0.712194546273659,0.0,0.0,9.537902768697037e-07,0.0,0.0,0.0,0.0,0.0,0.0,0.9916839592744818,1.192240617342577e-07,0.0,0.0,0.0,0.0,0.0,0.0,0.0,0.0,0.0,0.0,0.9999176357102262,0.0
0.0,0.0,0.9996944526857977,0.0,0.9999976158993602,0.0,2.4674385294298773e-05,1.192240617342577e-07,0.0,0.0,0.0,2.02668910964654e-06,1.192240617342577e-07,0.0,0.0,0.0,0.0,0.0,0.0,0.0,0.9999638806486773,0.0,2.3841004124225407e-06,1.0,0.0
1.192240617342577e-07,0.0,1.192240617342577e-07,0.0,1.192240617342577e-07,0.0,0.0,0.0,0.0,0.0,0.0,0.9999969007019724,0.9999958275089476,0.0,0.0,0.0,0.0,0.0,0.0,0.0,0.0,0.0,3.93426102218708e-06,1.192240617342577e-07,0.0
0.0,1.192240617342577e-07,0.00011085240495112281,0.0,1.192240617342577e-07,0.0,0.0,0.0,0.0,0.0,0.0,0.9999887952344767,0.964855519632234,1.0251296977292768e-05,0.0,0.0,0.0,0.0,0.0,0.0,0.0,0.0,1.192240617342577e-07,0.000158623957825621,0.0
0.0,0.0,0.9999997615523455,0.0,1.192240617342577e-07,0.0,0.0,0.0,0.0,0.0,0.0,0.9999963043233115,9.536328438142228e-06,7.749399615231134e-06,0.0,0.0,0.0,0.0,0.0,0.0,0.0,1.192240617342577e-07,3.218546048677773e-06,0.0,1.192051257703497e-06
0.0,0.0,0.9999986887770048,0.0,0.0,0.0,0.0,0.0,0.0,0.0,0.0,0.5621778043889543,0.9999558968314484,0.9999998807761656,0.0,0.0,0.0,0.0,0.0,0.0,0.0,0.0,2.384476545103098e-07,0.0,0.9999992847883448
0.0,0.0,0.0010085025274729764,0.0,0.0,0.0,0.0,0.0,0.0,0.0,0.0,0.9999924896496935,0.9999958275089476,0.9999992847883448,0.0,0.0,0.0,0.0,0.0,0.0,0.0,0.0,0.0,2.145812430742744e-06,0.9999998807761656
0.0,0.0,0.9998255301910436,0.0,1.192240617342577e-07,0.0,0.0,0.0,0.0,0.0,0.0,0.9999873646563813,0.9999963043233115,0.06188157015638629,0.0,0.0,0.0,0.0,0.0,0.0,0.0,0.0,0.0,8.344533100057561e-07,0.9999578037303596
0.0,1.192240617342577e-07,0.0,0.0,5.483205060219376e-06,0.0,0.0,0.0,0.0,0.0,0.0,7.5103503065498955e-06,0.9999997615523455,5.960258064874324e-07,0.0,1.192240617342577e-07,0.0,0.0,0.0,0.0,0.0,0.0,0.8933100181908953,0.9999831910220843,0.0
0.0,1.192240617342577e-07,1.0608823800883904e-05,0.0,0.989673096516276,0.0,0.0,0.0,0.0,0.0,0.0,0.0,0.9997267263010404,0.9999839057203667,0.0,0.0,0.0,0.0,0.0,0.0,2.741637097347649e-06,0.0,0.0,0.9999922506003848,9.059744912831569e-06
0.0,0.0,0.0,0.0,0.0,0.0,0.0,0.0,0.0,0.0,0.0,0.0,0.9999775905945001,0.0005236505375016964,0.0,0.0,0.0,0.0,0.0,1.4304229126738122e-06,0.0,0.0,0.0,0.9999618552318933,3.218546048677773e-06
0.0,1.192240617342577e-07,4.768950248035253e-07,0.0,3.93426102218708e-06,0.0,0.0,0.0,0.0,0.0,0.0,0.0,0.9999175165471391,0.999846141224627,0.0,0.9969241409342483,0.0,0.0,0.0,0.0,0.0,0.0,1.4662768811013471e-05,0.9999910593932734,0.016402628022136323
0.0,0.0,0.9999916550353048,0.0,0.00011621845444254042,0.0,0.0,0.0,0.0,0.0,1.752373366648019e-05,1.1562366811213032e-05,0.9999978541875693,0.06754564333540913,0.0,0.0,0.0,1.192240617342577e-07,0.0,9.537902768697037e-07,8.30792392091384e-05,0.9974084003602857,0.9999997615523455,0.02442545100180271,5.244836645101891e-06
0.0,0.00017697202212085816,0.0020506473107041456,0.0,2.384476545103098e-07,0.0,0.0,0.0,0.0,0.0,0.0,0.9999971391564481,1.0,0.9999865299439533,0.0,0.0,0.0,0.0,0.0,0.0,0.0,0.0,7.630296515626078e-06,0.9998026504818562,0.9956682701310557
0.0,3.57605976830655e-07,0.0,0.0,5.960258064874324e-07,0.0,0.0,0.0,0.0,0.0,0.0,0.9999940399834745,0.999998092420356,2.384476545103098e-07,0.0,1.1204765295924624e-05,0.0,0.0,0.0,0.0,0.0,0.0,3.242652194845874e-05,0.0015540429954367108,0.0
0.0,9.537902768697037e-07,2.384476545103098e-07,0.0,8.702340543398357e-06,0.0,0.0,0.0,0.0,0.0,0.0,0.0,0.9999458823641708,0.9999858143543222,0.0,0.0,0.0,8.344533100057561e-07,0.0,0.0,0.0,0.0,0.0,8.344533100057561e-07,1.0
0.0,0.9999203762177854,0.9871797358213031,0.0,0.9974488574882322,0.0,0.0,0.0,0.0,2.384476545103098e-07,0.0,1.9075798713963366e-06,0.9999998807761656,3.57605976830655e-07,0.0,0.0,0.0,0.0,0.0,0.0,2.384476545103098e-07,0.9998413760424018,0.9999997615523455,0.9999947551633549,0.0
1.192240617342577e-07,0.0,0.9999978541875693,0.0,8.344533100057561e-07,0.0,0.0,0.0,0.0,1.192240617342577e-07,0.0,0.0,0.9996140520874073,0.0,0.0,0.0,0.0,0.0,0.0,0.0,0.0,2.264949380159642e-06,1.0,0.00022738713834313806,0.0
0.0,0.0,0.9324542524547018,0.0,0.9998744892845888,0.0,0.0,0.0,0.0,0.0,0.0,0.9998509061676675,0.9999998807761656,0.0,0.0,0.0,0.0,0.0,0.0,0.0,1.3112231088685533e-06,0.0,0.9999953509740246,0.9999997615523455,0.0
0.0,4.768950248035253e-07,0.03410071591512265,0.0,0.9999995231047478,0.0,1.9075798713963366e-06,0.0,0.0,0.0,0.0,1.4901349391416296e-05,0.9999998807761656,0.0,0.0,2.384476545103098e-07,0.0,0.0,1.192240617342577e-07,1.192240617342577e-07,0.9998532885604047,9.01101810085736e-05,0.9999994039743072,0.9999983310946448,0.0
0.0,0.0,0.9910147105403911,0.0,0.9999864106871647,0.0,1.192240617342577e-07,0.0,0.0,0.0,0.0,1.9075798713963366e-06,0.9999995231047478,0.0,0.0,0.0,0.0,0.0,0.0,0.0,0.9998622220053676,0.0,0.8266923689043593,0.9999998807761656,0.0
0.0,1.192240617342577e-07,0.1602827390946019,0.0,5.125661624805211e-06,0.0,0.0,0.0,0.0,0.0,0.0,0.989673096516276,0.9999880800024706,0.0,0.0,0.0,0.0,0.0,0.0,0.0,1.192240617342577e-07,0.0,0.999972463780847,0.00029161330221505466,0.0
0.0,0.0,0.9999990462097231,0.0,9.537902768697037e-07,0.0,0.0,0.0,0.0,0.0,0.0,0.9999958275089476,0.9999995231047478,1.9075798713963366e-06,0.0,0.0,0.0,0.0,0.0,1.192240617342577e-07,0.0,0.0,1.108557052253989e-05,1.192240617342577e-07,0.0
0.0,0.0,0.9998298195455368,4.768950248035253e-07,1.192240617342577e-07,0.0,0.0,0.0,0.0,0.0,0.0,0.9999295496533745,0.0,0.0004975799555200222,9.655482241965885e-06,0.0,0.0,0.9899872560237665,1.3231550839210016e-05,0.0,1.192240617342577e-07,0.0,0.0,0.0,0.9999992847883448
0.0,0.0,0.0,0.0,1.192240617342577e-07,0.0,0.0,0.0,0.0,0.0,0.0,0.9999984503497855,0.0,0.0,0.0,0.0,0.0,0.0,0.0,0.0,0.0,0.0,0.0,1.192240617342577e-07,0.0
0.0,1.0,5.960016525530243e-06,0.0,3.57605976830655e-07,0.0,1.192240617342577e-07,0.0,0.0,0.0,0.0,0.00044110863249591237,1.192240617342577e-07,0.0,0.0,2.384476545103098e-07,0.0,0.0,0.0,0.0,7.152118257636175e-07,0.0,0.0,0.0,0.0
1.0,0.0,1.788187994011814e-06,0.0,0.9994384938226866,0.0,0.0,0.0,0.0,1.0,0.0,0.9999991655469742,0.0,0.0,0.0,0.0,0.0,0.0,0.0,2.384476545103098e-07,0.0,0.0,1.8238545748783253e-05,0.0,0.0
0.9999982118117786,0.0,3.6956766884532755e-06,0.0,6.127892950069658e-05,0.0,0.0,0.0,0.0,0.9999997615523455,0.0,0.3345717423851678,0.0,0.0,0.0,0.0,0.0,0.0,0.0,0.0,0.0,0.0,0.9979005160319698,0.0,0.0
0.0,0.990874706406665,0.9999536321356571,0.0,2.8132549135029272e-05,0.0,0.0,0.0,0.0,0.0,0.0,0.9999964236267548,6.079235556621931e-06,1.192240617342577e-07,0.0,2.264949380159642e-06,0.0,0.0,0.0,0.0,0.0,2.384476545103098e-07,0.9999831910220843,0.9999998807761656,0.0
0.0,0.9998058682698683,0.3997996481106744,0.0,0.000158623957825621,0.0,0.0,0.0,0.0,0.0,0.0,7.998122853336564e-05,0.9999986887770048,0.0,0.0,0.0,0.0,0.0,0.0,0.0,0.0,0.0,2.741637097347649e-06,0.00746108830246095,0.0
0.0,0.9999994039743072,0.0001591004862114831,0.0,2.384476545103098e-07,0.0,0.0,0.0,0.0,0.0,0.0,0.9983514939350135,3.57605976830655e-07,0.0,2.384476545103098e-07,0.0,0.0,0.0,1.192240617342577e-07,0.0,0.0,0.0,0.0,0.0,0.0
0.0,0.9999992847883448,2.384476545103098e-07,0.0,1.4304229126738122e-06,0.0,9.298030337445695e-06,0.0,0.0,0.0,0.0,0.0002379978459463583,0.0,0.0,1.227765654099322e-05,1.4304229126738122e-06,0.0,0.0,1.192240617342577e-07,0.0,7.152118257636175e-07,0.0,0.0,0.0,0.0
0.0,0.0,0.9999368154848282,0.0,2.6582173885847382e-05,1.0,0.0001854323404359981,0.0,0.0,0.0,0.0,0.0,0.0,0.0,0.0002070034601948656,0.0,0.0,0.0,0.0,0.0,0.00014004105579135118,0.0,0.0,0.0,0.0
0.0,1.192240617342577e-07,0.0,0.0,0.9996993356138589,0.999874370192119,1.192240617342577e-07,0.0,0.0,0.0,0.0,0.0,0.0,0.0,0.0,0.0,0.0,0.0,0.0,0.0,0.0,0.0,0.0,0.0,0.0
0.0,0.0,3.57605976830655e-07,0.0,0.00016875070919120105,0.9999996423941084,2.384476545103098e-07,0.0,0.0,0.0,0.0,0.0,0.0,0.0,0.0,0.0,0.0,0.0,0.0,0.0,0.00016886985470865312,0.0,0.0,0.0,0.0
0.0,0.0,6.913942543262941e-06,0.0,1.144316321288752e-05,0.9999396801943979,9.537902768697037e-07,0.0,0.0,0.0,0.0,0.0,0.0,0.0,8.820335869164087e-05,0.0,0.0,1.192240617342577e-07,5.960258064874324e-07,0.0,0.0008969492691042191,0.0,0.0,0.0,0.0
0.0,0.0,0.0,0.0,0.0009111137431092597,0.9999911785278358,1.192240617342577e-07,0.0,0.0,0.0,0.0,0.0,0.0,0.0,0.0,0.0,0.0,0.0,0.0,0.0,1.6689054689322802e-06,0.0,0.0,0.0,0.0
0.0,0.0,0.20688203897348123,7.152118257636175e-07,0.0004948419461142661,0.0,0.999987006942147,3.57605976830655e-07,1.192240617342577e-07,0.0,0.0,0.0,0.0,0.0,3.815155876552012e-06,0.9999996423941084,0.0,3.337807925274383e-06,0.9999768754005207,0.0,0.999998569577201,0.0,0.0,0.0,0.0
0.0,0.0,0.0,0.0,3.8025617697501346e-05,0.0,0.0,0.0,0.0,0.0,0.0,0.1480543488738717,0.9999998807761656,0.0,0.0,0.0,0.0,0.0,0.0,0.0,0.0,1.192051257703497e-06,0.00032019659536486333,0.9999997615523455,0.0
0.0,1.788187994011814e-06,0.9998202873806669,0.0,3.815155876552012e-06,0.0,0.0,0.0,0.0,0.0,0.0,0.9993333814720765,0.999998927093209,0.0,0.0,2.264949380159642e-06,0.0,0.0,0.0,0.0,2.384476545103098e-07,6.079235556621931e-06,0.0069043375701156595,0.9999632849622555,0.0
0.0,0.0,1.0729066772796614e-06,0.0,2.384476545103098e-07,0.0,0.0,0.0,0.0,0.0,0.0,0.9999694791623549,0.9999529169060649,0.1561184606630407,1.192240617342577e-07,2.384476545103098e-07,0.0,0.0,0.0,1.788187994011814e-06,0.0,0.0,1.192240617342577e-07,8.344533100057561e-07,4.124289339657583e-05
0.0,0.0,0.718568960834139,0.0,0.9999957083847452,0.0,0.0,0.0,0.0,0.0,0.0,2.145812430742744e-06,0.9999994039743072,0.0,0.0,0.0,0.0,0.0,0.0,0.0,1.4304229126738122e-06,0.9796656431879599,0.9999992847883448,1.0,0.0
0.0,4.410745809479977e-06,2.9800638619015274e-06,0.0,0.9998246961338424,0.0,0.0,0.0,0.0,0.0,0.0,5.72159797485039e-06,0.9999994039743072,0.0,0.0,0.0,0.0,0.0,0.0,0.0,1.192240617342577e-07,0.0,0.9999531553170847,0.9999998807761656,0.0
0.0,0.0,0.9999945167951672,0.0,0.00011621845444254042,0.0,2.3959066688616915e-05,0.0,0.0,0.0,0.0,0.0,0.9525746196383702,0.0,0.0,0.0,0.0,0.0,0.0,0.0,0.9999995231047478,0.0,0.9995557935013765,0.9999996423941084,0.0
0.0,0.0,7.152118257636175e-07,0.0,1.192240617342577e-07,0.0,0.0,0.0,0.0,0.0,0.0,0.9999978541875693,0.9999995231047478,0.0,0.0,0.0,0.0,0.0,0.0,1.192240617342577e-07,0.0,9.537902768697037e-07,8.939511314753901e-05,0.00014706879668535677,0.0
0.0,0.0,0.0,0.0,0.0,0.0,0.0,0.0,0.0,0.0,0.0,1.0,0.9999992847883448,0.0,0.0,0.0,0.0,0.0,0.0,0.0,0.0,0.0,0.0,0.9996285852548685,0.0
0.0,0.0,0.0,0.0,2.384476545103098e-07,0.0,1.192240617342577e-07,0.0,0.0,0.0,0.0,0.9999996423941084,0.0009622959479403947,0.0,0.0,0.0,0.0,0.0,0.0,0.0,0.0,0.0,1.192240617342577e-07,0.0,0.0
0.0,9.537902768697037e-07,0.0,0.0,0.21729775147548103,0.0,2.384476545103098e-07,1.3112231088685533e-06,2.384476545103098e-07,0.0,0.0,2.384476545103098e-07,0.002287514193805018,0.0,0.0,0.0,0.0,0.0,0.0,1.192240617342577e-07,3.98129235018585e-05,0.0,0.9999897487030227,0.0,0.0
0.0,0.08755814925593486,4.768950248035253e-07,1.0847190710094878e-05,0.0015978904162464724,0.0,0.029311899534465558,0.0,0.0,0.0,0.0,4.172491279819113e-06,0.9999911785278358,5.960258064874324e-07,0.0,0.0,0.0,1.192240617342577e-07,0.0,0.9999048840236202,8.344533100057561e-07,0.0,6.317691993329433e-06,0.9999326467205352,0.0
0.0,0.999897493414218,0.0,1.192051257703497e-06,0.9998746083770728,0.0,1.6928101522206696e-05,0.0,0.0,0.0,0.0,0.0008167222310766498,0.9999964236267548,1.192051257703497e-06,0.0,0.0,1.192240617342577e-07,0.0,0.0,0.9241480574723988,0.00010584471655761263,0.0,1.192240617342577e-07,0.00033043952728895043,0.0
0.0,8.915676700804731e-05,0.0,0.0,4.768950248035253e-07,0.0,5.173274339587142e-05,0.0,0.0,0.0,0.0,1.3112302875262216e-05,0.9999783057362415,0.0,0.0,0.0,0.0,0.0,1.192051257703497e-06,0.9999996423941084,1.3589312835349254e-05,0.0,0.0,0.0001662487080162922,0.0
0.0,0.0,2.384476545103098e-07,0.0,0.9886697416458752,0.0,0.0,0.0,0.0,0.0,0.0,3.93426102218708e-06,0.999998569577201,2.5151294017145e-05,0.0,0.0,0.0,0.0,0.0,2.872891536753741e-05,2.6224444984457307e-06,0.016914962066869377,0.9998601971546018,0.9999983310946448,0.0
0.999992369703257,8.225844613463096e-06,1.1204765295924624e-05,0.0,0.9999896295304322,0.0,1.192240617342577e-07,0.0,0.0,0.999902142496335,0.0,1.192240617342577e-07,0.000555196906623534,5.960258064874324e-07,0.0,0.0,2.3841004124225407e-06,0.0,0.0,0.00040155399124319757,2.741637097347649e-06,0.0,0.0006720942965955379,0.9999941591956986,0.0
0.0,0.9999984503497855,0.0,0.0,0.9999934438270707,0.0,1.3112231088685533e-06,0.0,0.0,0.0,0.0,0.00015385877537299475,0.9999974967344724,1.192051257703497e-06,0.0,0.0,0.0,0.0,0.0,0.43782203903365513,0.9928782380169536,0.0,9.537902768697037e-07,0.9996927853144894,0.0
0.0,0.9996644388275595,4.7321508308550975e-05,0.0,0.0007555388763511584,0.0,1.788187994011814e-06,0.0,0.0,0.0,0.0,0.0,0.0002102216723438577,1.192240617342577e-07,1.4424200679097332e-05,0.0,0.0,1.192240617342577e-07,0.0,0.9999977350503925,0.999728155316972,0.0,0.9995572232911586,0.9511421594163308,0.0
0.0,0.9993736166344885,0.0,0.0,0.9999500557236146,0.0,1.192240617342577e-07,0.0,0.0,6.104074376855895e-05,0.0,0.0,0.0003864244201401412,2.384476545103098e-07,0.0,0.0,0.0,0.0,0.0,0.39233030345733905,1.7285475894635027e-05,0.0,0.0,0.9999260949579272,0.0
0.9964060732630793,4.649025975411725e-06,0.0,0.01205257358041567,0.999993563070601,0.0,0.9997187475159697,0.0,1.192240617342577e-07,3.57605976830655e-07,0.0,3.57605976830655e-07,0.003123948546562505,0.0,0.0,0.0,0.0,0.0,0.0,0.0002963769841529684,8.702340543398357e-06,0.0,0.0,0.9997655789262221,0.0
0.0,1.1562366811213032e-05,0.0004208541148903455,0.0,0.9999432586246728,0.0,2.384476545103098e-07,0.0,0.0,0.0,0.0,2.384476545103098e-07,0.9999893911761991,0.0,0.0,0.0,0.0,0.0,0.0,1.0729066772796614e-06,0.9999110815941936,2.062165932470439e-05,0.00039666955384354274,0.999979735846639,0.0
0.0,0.0,0.348650619007789,0.0,0.9997241064244075,0.0,5.244836645101891e-06,0.0,0.0,0.9999300261369334,0.0,2.384476545103098e-07,0.9999903445179854,0.0,0.0,0.0,0.0,0.0,0.0,0.9770201945151228,0.9998976126258453,0.0,0.00010095683351796225,0.9999988079489697,0.0
0.0,0.0,1.0729066772796614e-06,0.0,0.9999976158993602,0.0,7.152118257636175e-07,0.0,0.0,0.0,0.0,1.3470056046682721e-05,0.9999965429163425,0.0,0.0,0.0,0.0,0.0,0.0,0.9999249036159062,1.4424200679097332e-05,5.960258064874324e-07,0.9999997615523455,0.9999997615523455,0.0
0.0,0.0,2.145812430742744e-06,0.0,0.9999991655469742,0.0,0.999972463780847,0.9871796181403153,0.0,0.0,0.0,0.0,2.860843551943937e-06,0.0,8.583211864254814e-06,0.0,0.0,0.0,0.0,3.57605976830655e-07,0.9999850986506086,0.0,0.008847240020587566,0.0,0.0
0.0,0.0,0.9149073147516964,0.0,0.9997219628808618,0.0,0.0,0.0,0.0,0.999986172162716,0.0,2.384476545103098e-07,0.9999949935065885,0.0,0.0,0.0,0.0,0.0,0.0,2.205182718995058e-05,8.344533100057561e-07,1.192240617342577e-07,0.9999991655469742,0.9999934438270707,0.0
0.0,1.788187994011814e-06,0.0,0.0,3.4570836574543407e-06,0.0,0.0,0.0,0.0,0.0,0.0,0.9994115904686002,0.9999997615523455,0.0,0.0,0.0,0.0,0.0,0.0,3.57605976830655e-07,0.0,0.0,1.585605744547358e-05,0.9999959466272526,0.0
0.0,5.960258064874324e-07,0.0,0.0,0.0005659107112359063,0.0,1.192240617342577e-07,1.192240617342577e-07,9.537902768697037e-07,0.0,0.0,1.1204765295924624e-05,0.9999986887770048,1.192240617342577e-07,0.0,2.384476545103098e-07,0.0,0.0,0.0,7.868505883856791e-06,7.056947475514441e-05,0.0,1.192240617342577e-07,0.9999450475772358,0.0
0.0,3.93426102218708e-06,0.0,0.0,5.483205060219376e-06,0.0,0.0,0.0,0.0,0.0,0.0,3.195008234169183e-05,0.9999972583629027,0.0,0.0,1.192051257703497e-06,0.0,0.0,0.0,1.0132127783113454e-05,0.0,0.0,0.0,0.9990744837275973,0.0
0.0,0.9986539644494197,2.384476545103098e-07,0.0,0.9964061904199891,0.0,0.0010989166930915895,2.384476545103098e-07,1.788187994011814e-06,0.0,0.0,0.0,0.0,0.0,0.0,0.0,0.0,0.0,0.0,0.0,0.9998230279778791,0.0,1.192240617342577e-07,0.0,0.0
0.0,0.0,2.6701425927755373e-05,0.0,0.9999485057249474,0.0,0.0001854323404359981,0.0,0.0,0.0,1.0,0.0,0.00023811707072995958,0.0,1.192240617342577e-07,0.0,0.0,0.0,0.0,2.9683185498674547e-05,0.9999920123837689,0.0,1.3947103124856142e-05,0.0,0.0
0.0,0.0,0.0,0.0,0.9997468509579804,0.0,2.860843551943937e-06,0.0,4.768950248035253e-07,0.0,2.384476545103098e-07,0.0,0.0,0.0,0.0,0.0,0.0,0.0,0.0,0.0,0.9997323232287311,0.0,0.0,0.0,0.0
0.0,0.0,1.5496499871092695e-06,0.0,0.9999827145241054,0.0,0.02096660502733949,0.0,1.192240617342577e-07,0.0,0.9993759974100515,1.192240617342577e-07,0.0007494680816854116,0.0,0.0,0.0,0.0,0.0,0.0,0.00010918311264518366,0.9999965429163425,0.0,3.57605976830655e-07,1.192240617342577e-07,0.0
0.0,0.0,0.0,0.0,0.00012170445585990564,0.0,1.1681574487942825e-05,0.0,0.0,0.0,0.9951697072103524,0.0,0.0,0.0,0.0,0.0,0.0,0.0,0.0,0.0,0.407316744947654,0.0,1.0012961758065764e-05,0.0,0.0
0.0,8.583211864254814e-06,0.0,0.0,0.9999423044447076,0.0,0.04742559682724168,0.0,0.0,0.0,0.9999954701172836,0.0,0.9976399396754007,0.0,0.0,0.0,0.0,5.960258064874324e-07,0.0,0.00021010247333130838,0.9999855757990935,0.0,2.264949380159642e-06,1.192240617342577e-07,0.0
0.0,7.152118257636175e-07,0.0,0.0,7.152118257636175e-07,0.0,0.0,0.0,0.0,0.0,0.0,2.384476545103098e-07,3.57605976830655e-07,0.0,0.0,0.0,0.0,0.0,0.0,0.0,7.152118257636175e-07,0.0,0.0,1.192240617342577e-07,0.0
0.0,1.192240617342577e-07,3.57605976830655e-07,0.0,0.004199083564814465,0.0,0.0,0.0,2.384476545103098e-07,1.192240617342577e-07,0.0,1.192240617342577e-07,0.9999315746809657,0.0,0.0,0.0,0.0,0.0,0.0,4.5298824890016576e-06,0.0005446021313084692,0.0,1.788187994011814e-06,8.43900021199051e-05,0.0
0.0,0.0,0.0,0.0,0.9999947551633549,0.0,1.3231550839210016e-05,0.0,0.0,0.0,0.0,0.0,0.9999793783406753,0.0002167775690921081,0.0,0.0,0.0,1.192051257703497e-06,0.0,2.550899467945733e-05,0.9998891475952763,0.0,0.9669138552598994,0.999998569577201,0.0
0.0,7.391056640604354e-06,0.0,0.0,0.9808746998964417,0.0,8.821472391562502e-06,0.0,2.5032657550161375e-06,0.0,0.0,1.192240617342577e-07,0.9999998807761656,0.0,0.0,1.192240617342577e-07,0.0,0.0,0.0,2.2171017473149313e-05,9.785750366497759e-05,0.0,2.384476545103098e-07,0.9999954701172836,0.0
0.0,0.0,4.768950248035253e-07,0.0,0.9999955892541905,0.0,0.9998941552834424,0.0,0.9987742960013952,0.1824402614620435,0.9998266025534032,0.0,0.9999960657392052,1.192240617342577e-07,1.192240617342577e-07,0.0,0.0,0.0,0.0,0.9998189766496325,0.9999719867222898,0.0,3.57605976830655e-07,2.5985947113671415e-05,0.0
0.0,0.0,0.0,0.0,0.9999971391564481,0.0,0.9999815231710137,0.9999529169060649,0.0,0.0,0.0,0.0,0.9999897487030227,0.0,0.0,0.0,0.0,0.0,0.0,0.9796652964818242,0.9999405152205822,0.0,0.0,6.556172929328419e-06,0.0
0.0,0.0,0.9999189464105415,0.0,0.00023811707072995958,0.0,0.00017196764795479602,0.0,0.0,0.0,0.0,0.0,0.9997763084472676,0.0,8.010038462902269e-05,8.702340543398357e-06,0.0,0.0,0.0,0.9755746652955314,0.9999038112717391,0.0,0.0,1.192240617342577e-07,1.1323962328835258e-05
0.0,1.192240617342577e-07,6.640038169591911e-05,1.192240617342577e-07,0.02595900316976707,0.0,2.384476545103098e-07,0.0,0.0,0.0,0.0,5.125661624805211e-06,1.192240617342577e-07,1.192240617342577e-07,0.0,0.0,0.0,0.0,0.0,0.0,0.9997833416289115,0.0,0.9996374001299396,2.288619570722794e-05,0.0
0.0,0.9999996423941084,0.0,0.0,0.9996566967233601,0.0,1.192051257703497e-06,0.0,0.0,0.0,0.0,0.9840946745275155,0.0,0.0,0.0,0.0,0.0,0.0,0.0,0.0,0.9997283934670952,0.0,0.0,0.0,0.0
0.0,0.9999924896496935,0.0,0.0,0.9997834608269291,0.0,0.0,0.0,0.0,0.0,0.0,1.5379635408985237e-05,0.0,0.0,0.0,1.192240617342577e-07,0.0,0.0,0.0,0.0,3.0997237916330356e-05,0.0,0.9999482672568315,0.0,0.0
0.0,0.9999909402550872,0.0,0.0,0.9998557900054116,0.0,2.384476545103098e-07,0.0,0.0,0.0,0.0,9.417177575965496e-06,0.0,0.0,0.0,6.913942543262941e-06,0.0,0.0,0.0,0.0,0.17330763109564074,0.0,0.9999052416029862,0.0,0.0
7.152118257636175e-07,0.9999563735749338,0.0,0.0,0.05340341165116258,0.0,3.218546048677773e-06,0.0,0.0,0.000386186180941106,0.0,1.192240617342577e-07,0.9999704361021116,0.0,0.0,0.0,0.0,0.0,0.0,0.0006513816027727826,2.2766994368317306e-05,0.0,0.0,0.9999479095420319,0.0
0.9999620935286333,5.125661624805211e-06,0.0,0.0,1.192051257703497e-06,0.0,0.0,0.0,0.0,5.125661624805211e-06,0.0,0.0,0.0,0.0,0.0,0.0,0.0,0.9615339912719426,0.0,0.0,2.384476545103098e-07,0.0,0.0,3.6956766884532755e-06,0.0
1.3112231088685533e-06,0.0,0.0,5.960258064874324e-07,0.9998202873806669,0.0,2.384476545103098e-07,0.9997037421025272,1.192240617342577e-07,0.0,0.0,0.0,0.0,0.0,0.0,0.012430439727296072,4.768950248035253e-07,0.0005487686265400749,0.0,1.0729066772796614e-06,1.4424200679097332e-05,0.0,0.0,0.0,0.0
0.0,0.0014550432186214435,8.796501249541677e-05,0.0,2.300539657718037e-05,0.0,0.0,0.0,0.0,0.0,0.0,1.5496499871092695e-06,0.9995332734984714,0.004468710606201132,0.0,1.192051257703497e-06,0.0,0.0,0.0,0.0,8.344533100057561e-07,0.0,0.0,0.0005115081298833202,9.059744912831569e-06
0.0,0.06560586632185328,9.417177575965496e-06,0.0,0.9999586379386157,0.0,0.9994384938226866,0.0,0.0,0.0,0.0,2.384476545103098e-07,0.0,0.0,0.0,0.0,0.0,0.0,0.0,0.0,0.999998927093209,0.0,0.0,1.0729066772796614e-06,0.0
0.0,0.0,0.0,0.0,0.0,0.0,0.0,0.0,0.0,0.0,0.0,0.9999903445179854,0.0,0.0,0.0,0.0,0.0,0.0,0.0,0.0,0.0,0.0,0.0,3.57605976830655e-07,0.0
0.0,0.0,0.0,0.0,1.192240617342577e-07,0.0,0.0,0.0,0.0,0.0,0.0,0.999726369032829,1.192240617342577e-07,0.9999890336203998,0.0,6.198460485218327e-06,0.0,0.0,0.0,0.0,0.0,0.0,0.0,0.0,0.9999557776456125
0.0,1.9075798713963366e-06,1.192240617342577e-07,0.0,4.768950248035253e-07,0.0,0.0,0.0,0.0,0.0,0.0,0.9999995231047478,0.9999922506003848,0.0004732802220005494,0.0,1.192240617342577e-07,0.0,0.0,0.0,2.384476545103098e-07,0.0,0.0,3.57605976830655e-07,7.152118257636175e-07,0.0
0.0,1.192051257703497e-06,5.602398682524878e-06,0.0,8.713082377842518e-05,0.0,0.0,0.0,0.0,0.0,0.0,0.9999974967344724,6.055839188656709e-05,0.0,0.0,0.0,0.0,0.0,0.0,0.0,0.0,1.6689054689322802e-06,0.9999997615523455,1.192240617342577e-07,0.0
0.0,0.9688552921570641,3.57605976830655e-07,0.0,0.9999830718984778,0.0,2.3124599479285024e-05,0.0,0.0,0.0,0.0,6.735327969220606e-05,1.192240617342577e-07,0.0,0.0,0.0,0.0,0.0019269083134801912,0.0,0.0,2.7416958570669614e-05,0.0,2.5032657550161375e-06,0.0,0.0
0.0,3.457065277434612e-05,0.0,1.192240617342577e-07,8.225844613463096e-06,0.0,8.940606499252546e-06,0.0,0.0,0.0,0.0,0.9099119528776036,1.0608823800883904e-05,1.192240617342577e-07,0.0,0.0,0.0,5.960258064874324e-07,0.0,0.0001772103259587432,1.3350801972178417e-05,0.0,0.0,0.0,0.0
0.0,0.9997898975264415,0.0,0.0,4.768950248035253e-07,0.0,1.192240617342577e-07,0.0,0.0,0.0,0.0,7.152118257636175e-07,0.0,0.0,0.0,0.9997931157098763,0.0,0.0,0.0,0.0,0.0,0.0,0.0,0.0,0.0
0.0,0.9991832777689235,2.145812430742744e-06,0.0,4.2911334876549745e-05,0.0,0.0,1.192240617342577e-07,0.0,0.0,0.0,0.0,0.0,0.0,1.192240617342577e-07,0.0,0.0,1.192240617342577e-07,0.0,0.0,7.056947475514441e-05,0.0,0.0,0.0,0.0
0.0,0.9999802125014476,2.9800638619015274e-06,0.0,6.317691993329433e-06,0.0,0.0006263833655114626,0.0,0.0,0.0,0.0,2.4435937782230077e-05,1.454348372897929e-05,0.0,0.00024193243837911105,0.0,0.0,0.0,0.16453426212151734,7.152118257636175e-07,0.999678493308735,0.0,0.0,0.0,0.0
0.0,2.384476545103098e-07,4.410745809479977e-06,0.0,0.9999879607864238,0.0,2.5032657550161375e-06,0.0,0.0,0.0,0.0,0.007816833147327507,1.192240617342577e-07,0.0,0.0,0.0,0.0,0.0,0.0,0.0,0.9999315746809657,0.0,1.192240617342577e-07,0.9999998807761656,0.0
0.0,0.0,0.0,0.0,0.9997141030471491,0.0,0.9997763084472676,1.192240617342577e-07,0.0,0.0,0.0,0.0,0.0,0.0,0.0,1.192240617342577e-07,0.0,0.0,0.0,0.0,0.9997584252632915,0.0,0.031144819730213436,0.0,0.0
0.0,0.9999742525310076,1.192240617342577e-07,0.0,0.9999872454213207,0.0,0.030213251704714783,1.192051257703497e-06,0.0,0.9999750871640675,0.0,2.384476545103098e-07,0.0,0.00036855582829631306,0.0,0.0,0.0,0.9999878415658437,9.225544700108834e-05,0.0,0.9998133760068968,0.0,0.9999904636715619,0.0,0.0002575549062328042
0.0,1.192240617342577e-07,2.2528597331983313e-05,0.0,0.9999997615523455,0.0,0.9996077382571967,0.9999907019696626,0.0,0.0,0.0,1.192240617342577e-07,0.0,0.0,0.0,0.0,0.0,0.0,0.0,0.0,0.9928782380169536,0.0,0.9999949935065885,0.0,0.0
0.0,0.0015249277111752946,1.192240617342577e-07,0.0,0.9999997615523455,0.0,6.115983686905135e-05,0.9983769197569445,0.0,0.0,0.0,0.0,0.0,0.0,0.0,0.0,0.0,0.0,0.0,0.0,0.07807146594206305,0.0,0.9998968973344688,0.0,0.0
0.0,0.0,0.0003630763305511042,0.0,4.160040459255665e-05,0.0,0.00034354149696558256,0.0,0.0,0.0,2.384476545103098e-07,0.0,0.0,0.0,2.384476545103098e-07,0.0,0.0,0.9796656431879599,0.0,0.0,0.9996982637516875,0.0,4.410745809479977e-06,0.0,0.0
0.0,0.0,0.9999903445179854,0.0,1.2754578679330386e-05,0.0,6.913942543262941e-06,0.0,0.0,0.0,0.0,0.0,0.0,0.0,0.0,0.0,0.0,0.0,0.0,0.0,0.9992677921287755,0.0,4.219626964041545e-05,0.0,0.0
0.0,8.344533100057561e-07,0.0,0.0,1.192240617342577e-07,0.0,0.0,0.0,0.0,0.0,0.0,0.5312086659350419,0.0,1.3112231088685533e-06,0.0,0.0,0.0,0.00023084444884746702,0.0,0.0,0.0,0.0,0.0,0.0,0.0
0.9999977350503925,0.0,1.192051257703497e-06,0.0,7.283286286974278e-05,0.0,0.0,0.0,0.0,0.05340363028465678,0.0,0.9999998807761656,0.0,0.0,0.0,0.0,0.0,0.0,0.0,0.0,1.192240617342577e-07,0.0,0.0,0.0,0.0
0.9999998807761656,4.768950248035253e-07,3.4570836574543407e-06,0.9999998807761656,0.9989994690287327,0.0,1.3112231088685533e-06,0.0,0.0,0.9999747294724145,0.0,0.9990302053672787,0.0,0.0,0.0,0.0,4.88733132308905e-06,0.0,0.0007720846203645992,0.0,0.008062799422210554,0.0,0.0,0.0,0.0
1.0,3.57605976830655e-07,0.0,0.0,0.9999990462097231,0.0,1.192240617342577e-07,0.0,0.0,0.9998437586597748,0.0,0.9998557900054116,0.0,0.0,0.0,0.0,0.0,0.0,0.0,0.0,6.949737928085842e-05,0.0,0.9603619722991851,3.4570836574543407e-06,0.0
0.0,0.9999997615523455,0.0,0.0,2.7774745504305365e-05,0.0,0.0,0.0,0.0,0.0,0.0,4.649025975411725e-06,0.0,0.9999997615523455,0.0,0.0,0.0,0.0,0.0,0.0,1.192240617342577e-07,0.0,0.0,0.0,0.999998927093209
0.0,0.9999992847883448,0.9996846865811845,0.0,0.9770203073453286,0.0,0.000447900163669801,0.0,0.0,0.0,0.0,3.5763732452176455e-06,0.0,0.999978067361061,0.9999784249211245,0.0,0.0,0.0,8.344533100057561e-07,0.0,0.9928781233554106,0.0,0.0,0.0,0.9999346716016133
0.24509892878164863,0.9998174275597868,1.3827837283986177e-05,0.0,0.9997175566319318,0.0,3.647675862561428e-05,0.0,0.0,0.0,0.0,5.960258064874324e-07,0.0,4.0533725200742055e-06,0.0,0.0,0.0,0.0,0.0,0.0,0.999887597472767,0.0,0.0,0.0,1.0729066772796614e-06
0.0,2.5985947113671415e-05,0.0,0.0,0.0008937354192137814,0.0,1.192240617342577e-07,0.0,0.0,0.0,0.0,0.00020056739764262588,1.192240617342577e-07,0.0,0.0,0.0,1.788187994011814e-06,0.0,0.0,0.0,0.00032543711390908836,0.0,2.384476545103098e-07,0.03846544993694834,0.0
0.0,0.000365696961016293,0.0019269083134801912,0.0,0.9999963043233115,0.0,3.57605976830655e-07,2.384476545103098e-07,0.0,0.0,0.0,8.010038462902269e-05,3.57605976830655e-07,0.0,0.0,2.384476545103098e-07,0.0,0.0,0.0,1.192240617342577e-07,0.9916839592744818,0.0,0.9999972583629027,0.988669508690979,0.0
0.0,2.384476545103098e-07,9.537902768697037e-07,0.0,0.0008693342363007561,0.0,2.384476545103098e-07,0.0,0.0,0.0,0.0,0.0005034131674693798,0.0,0.0,0.0,0.0,1.4304229126738122e-06,0.0,0.0,0.0,0.000365696961016293,0.0,0.0,0.0,0.0
0.0,1.3112231088685533e-06,1.192051257703497e-06,0.0,0.014957603603691139,0.0,0.0,0.0,0.0,0.0,1.192240617342577e-07,2.384476545103098e-07,0.004755542089085241,0.0,0.0,0.9999995231047478,0.0,0.0,0.0,0.0,5.602398682524878e-06,0.0,2.5032657550161375e-06,1.370857324778374e-05,0.0
0.0,1.192240617342577e-07,0.0,0.0,0.7186043098508286,0.0,0.0,0.0,0.0,0.0,0.0,2.384476545103098e-07,0.0,0.0,0.0,0.99994146949706,0.0,1.1681574487942825e-05,0.0,0.0,1.192240617342577e-07,0.0,0.0,2.384476545103098e-07,0.0
0.0,0.0,0.0,0.0,0.9999831910220843,0.0,1.192240617342577e-07,1.192240617342577e-07,0.0,0.0,0.0,0.0,0.0,0.0,0.0,0.9999997615523455,0.0,0.0,0.0,0.0,5.960258064874324e-07,0.0,0.0,1.752373366648019e-05,0.0
0.0,0.00048054904404293275,0.00032543711390908836,0.0,0.0002202344943728063,9.082525563353094e-05,0.0,0.0,0.0,0.0,0.0,1.4424200679097332e-05,0.0010004119975420833,0.0,0.9999543473293828,0.0,0.0,1.5975168432769138e-05,1.192240617342577e-07,0.0,3.57605976830655e-07,0.0,0.0,1.108557052253989e-05,0.0
0.0,0.9999036920739233,0.0,0.0,1.192240617342577e-07,0.0,0.0,0.0,0.0,0.0,0.0,0.0005571016235258464,1.192240617342577e-07,0.0,0.0,0.0,0.0,0.0,0.0,0.0,0.0,0.0,0.0,0.9999419466156325,0.0
0.0,0.9999978541875693,1.192240617342577e-07,0.0,0.9999203762177854,0.0,8.344533100057561e-07,0.0,0.0,0.0,0.0,2.264949380159642e-06,0.0,5.960258064874324e-07,0.0,0.0,2.384476545103098e-07,0.00023823629527197632,0.0,0.0,0.7310594282908061,0.0,0.058346378496935025,1.2516111272287134e-05,4.768950248035253e-07
0.0,0.9999955892541905,1.2873817136438426e-05,0.0,0.9999994039743072,0.0,0.0002203536917226856,0.9999765177809861,0.0,0.0,0.0,7.152118257636175e-07,1.3589312835349254e-05,0.0,0.0,0.0,0.0,0.0010325354352371807,0.0,6.115983686905135e-05,0.9992386284865642,0.0,0.9993536180411909,4.410745809479977e-06,0.0
0.0,1.788187994011814e-06,0.0,1.192240617342577e-07,0.9783826073274987,0.0,1.192240617342577e-07,0.0,0.0,0.0,0.0,4.768950248035253e-07,1.9075798713963366e-06,0.0,0.0,0.9999997615523455,0.0,4.768950248035253e-07,0.0,0.0,4.768175814184872e-06,0.0,0.0,4.768950248035253e-07,0.0
0.0,0.0,4.768950248035253e-07,0.0,0.9999984503497855,0.0,5.960258064874324e-07,0.0780717750426394,0.0,0.0,0.0,0.0,0.0,0.0,0.0,0.0,0.0,0.0,0.0,0.0,6.675423266711e-06,0.0,0.9999934438270707,1.192240617342577e-07,0.0
0.0,0.0,0.0,0.0,0.999998569577201,0.0,3.57605976830655e-07,2.384476545103098e-07,0.0,0.0,0.0,0.0,0.0,0.0,0.0,1.192240617342577e-07,0.0,0.0,0.0,0.0,0.0008626684850452371,0.0,0.9999992847883448,0.0,0.0
0.0,0.0,0.9996092869639708,0.0,5.960258064874324e-07,0.0,0.0,0.0,0.0,0.0,0.0,0.0,0.0,0.0,0.0005703152843763437,0.0,0.0,0.0,0.0,0.0,3.5047160706458413e-05,0.0,0.0,0.0,0.0
0.0,0.0,0.0009551542599274265,0.0,0.00030530914278537047,0.0,0.3208247040041867,2.384476545103098e-07,0.0,0.0,0.0,0.0,0.0,0.0,0.00522085530569838,0.0,0.0,1.192240617342577e-07,0.0,1.0729066772796614e-06,0.9999069102526075,0.0,2.384476545103098e-07,0.0,2.384476545103098e-07
0.0,0.0,0.9999855757990935,0.0,0.9999881992158033,0.0,1.037046934038166e-05,0.0,0.0,0.0,0.0,0.0,0.0,0.0,6.079235556621931e-06,0.0,0.0,0.0,0.0,0.0,0.999991297659684,3.57605976830655e-07,0.9999942784020251,0.0,0.0
0.0,0.9999995231047478,8.344533100057561e-07,0.0,0.0004974609221242154,0.0,1.192240617342577e-07,0.0,0.0,0.0,0.0,2.527052758549697e-05,0.08509963655672877,0.0,0.0,0.0,0.0,0.0,0.0,5.7457004929872824e-05,0.0005390071589607137,0.0,0.0,0.9999505326171029,0.0
1.192240617342577e-07,0.0,0.0,1.192240617342577e-07,4.768950248035253e-07,0.0,0.9999990462097231,0.0,0.0,0.0,0.0,0.0,0.0,0.0,1.2873817136438426e-05,0.0,0.0,0.0,0.00012194299794310304,0.0,0.9999359817713219,0.0,0.0,0.0,0.0
0.0,0.0,0.0,0.0,3.57605976830655e-07,3.57605976830655e-07,0.9999990462097231,0.0,0.0,0.0,0.0,0.0,0.0,0.0,0.0,0.0,0.0,0.9999643571849738,0.0011161646391156799,0.0,0.015905440952685646,0.0,0.0,0.0,0.0
0.0,0.0,1.192051257703497e-06,0.0,1.192240617342577e-07,5.841122036254198e-05,0.9999954701172836,0.0,0.0,0.0,0.0,0.0,0.0,0.0,8.605830226549038e-05,0.0,0.0,0.0,3.6956766884532755e-06,0.0,0.9998230279778791,0.0,0.0,0.0,0.0
0.0,0.0,0.0,2.3841004124225407e-06,1.192240617342577e-07,7.152118257636175e-07,0.9999984503497855,0.0,0.0,0.0,0.0,0.0,0.0,0.0,0.0,0.0,0.0,0.0,0.9998837815455575,0.0,0.9999294305252449,0.0,0.0,0.0,0.0
0.0,0.9999948743383752,0.0,0.0028012776335177847,7.152118257636175e-07,0.0,0.9999994039743072,0.0,2.384476545103098e-07,0.0,0.0,0.0,0.0,0.0,0.0,0.0,0.0,0.0,0.9999914167879084,0.0,0.9999903445179854,0.0,0.0,0.0,0.0
0.0,0.9999752063885837,0.0,0.0,4.768950248035253e-07,0.0,0.9999997615523455,0.0,0.0,0.0,0.0,0.0,0.0,0.0,0.0,0.0,0.0,0.0,0.9998703209547357,0.0,0.9995954677049829,0.0,0.0,0.0,0.0
0.0,2.9800638619015274e-06,0.0,0.0,0.9999151333465827,0.0,0.9999884376334162,0.0,0.0,2.384476545103098e-07,0.0,0.0,0.0,0.0,0.0,0.0,2.384476545103098e-07,0.0,8.344533100057561e-07,0.0,0.0002456472765330897,1.192240617342577e-07,0.9999978541875693,0.0,0.0
0.0,0.9999315746809657,0.0,0.9999866491980278,1.0729066772796614e-06,0.0,0.999998927093209,0.0,1.192240617342577e-07,0.0,0.0,0.0,0.0,0.0,0.0,0.0,0.0,0.0,0.9999917741553865,0.0,0.9999928475132261,0.0,0.0,0.0,0.0
0.0,0.9971099347904575,0.0,0.0,0.0005884095311725623,1.192240617342577e-07,0.991152642747886,2.384476545103098e-07,0.0,0.0,0.0,0.0,0.0,0.0,0.0,0.0,0.0,0.0,0.0,0.0,0.9999992847883448,0.0,0.6654282974988135,0.0,0.0
0.0,0.9999997615523455,1.6094279633338537e-05,0.0,1.192240617342577e-07,0.0,0.0,0.0,0.0,0.0,0.0,0.0,0.0,0.0,0.0,0.0,0.0,0.0,0.0,0.0,0.0,0.0,0.0,0.0,0.0
0.0,0.0,0.0027154306113827964,0.0,0.00019437008762135388,0.0,9.298030337445695e-06,0.0,0.0,0.0,0.0,0.0,0.0,0.0,3.0992980275534876e-06,0.985041939534865,0.0,5.256741909587248e-05,6.794679274113591e-06,0.0,0.9940882916555037,0.0,0.9998855703007735,0.0,0.0
0.0,1.192240617342577e-07,0.0,0.0,0.0005442450471966342,0.0,2.0144986724313085e-05,0.0,0.0,0.0,0.0,0.0,0.0,0.0,0.0,0.0,0.0,0.18714119807228902,0.0,0.0,0.001056805001371841,0.0,0.0,0.0,7.152118257636175e-07
0.0,0.0,2.5032657550161375e-06,0.0,1.788187994011814e-06,0.0,0.017987059865862687,0.0,0.0,0.0,0.0,0.0,0.0,0.0,1.2993058080335018e-05,0.0,0.0,0.0,0.0,0.0,0.9893486054483472,0.0,0.0,0.0,0.0
0.0,0.0,0.0,0.0,0.9999946359824371,1.192240617342577e-07,0.9999994039743072,0.0,0.0,0.0,0.0,0.0,0.0,0.0,1.192240617342577e-07,0.0,0.0,0.0,0.0,0.0,0.9999357435571972,0.0,0.0,0.0,0.0
0.0,0.9999148950210192,2.384476545103098e-07,0.0,1.0729066772796614e-06,0.0,3.57605976830655e-07,0.0,0.0,0.0,0.0,2.02668910964654e-06,0.0,0.0,0.0,0.0,0.0,0.0,0.9999386019703791,0.0,1.4304229126738122e-06,0.0,0.0,9.059744912831569e-06,0.0
0.0,0.9999543473293828,0.0,0.0,0.0,0.0,0.0,0.0,0.0,0.0,0.0,0.0,0.0,0.0,0.0,0.0,0.0,0.0,0.9973680670198857,0.0,1.192240617342577e-07,0.0,0.0,0.0,0.0
0.0004891278351299988,8.583211864254814e-06,7.152118257636175e-07,0.0002657714445949422,4.768950248035253e-07,0.0,7.152118257636175e-07,0.0,0.0,0.0,0.0,0.9972846882744362,7.152118257636175e-07,0.0,0.0,0.0,0.0,1.192240617342577e-07,0.0,0.0,1.192240617342577e-07,0.0,0.0,0.0,0.0
0.0,0.9999960657392052,0.0,1.192240617342577e-07,1.5496499871092695e-06,0.0,0.0,0.0,0.0,0.0,0.0,4.649025975411725e-06,0.0,0.0,0.0,1.192240617342577e-07,0.0,2.02668910964654e-06,1.037046934038166e-05,0.0,2.384476545103098e-07,0.0,0.0,0.0,0.0
0.0,1.4304229126738122e-06,0.0,0.0,5.960258064874324e-07,1.192240617342577e-07,1.192240617342577e-07,0.0,0.0,0.0,0.0,0.0,0.0,0.0,8.344533100057561e-07,0.0,0.0,0.0,0.9999973775557289,0.0,4.934816153590038e-05,0.0,1.192240617342577e-07,0.0,0.0
0.0,9.537902768697037e-07,0.0,0.0,1.192240617342577e-07,3.57605976830655e-07,0.0,0.0,0.0,0.0,0.0,0.0,0.0,0.0,2.348221901393721e-05,0.0,0.0,0.0,0.9999910593932734,0.0,1.192240617342577e-07,0.0,0.0,0.0,0.0
0.0,5.960258064874324e-07,3.123544581096205e-05,0.0,0.0,1.192240617342577e-07,0.0,0.0,0.0,0.0,0.0,1.192240617342577e-07,0.0,0.0,8.344533100057561e-07,0.0,0.0,0.0,0.9999458823641708,0.0,0.0,0.0,0.0,0.0,0.0
0.0,0.0,0.0,0.0,0.0,0.0,0.0,0.0,0.0,0.0,0.0,0.0,0.0,0.0,0.0,0.0,0.0,0.0,0.9999148950210192,0.0,1.192240617342577e-07,0.0,0.0,0.0,0.0
0.0,0.0,2.264949380159642e-06,0.0,0.0,0.0,0.0,0.0,0.0,0.0,0.0,0.0,0.0,0.0,1.4304229126738122e-06,0.0,0.0,0.0,0.05033045967186811,0.0,0.0,0.0,0.0,0.0,0.0
0.0,0.0,0.0,0.0,0.0,0.0,0.0,0.0,0.0,0.0,0.0,0.0,0.0,0.0,0.0,0.0,0.0,0.0,0.9999957083847452,0.0,0.0,0.0,0.0,0.0,0.0
0.0,0.0,6.436929626318921e-06,0.0,1.192240617342577e-07,0.0,0.0,0.0,0.0,0.0,0.0,0.0,0.0,0.0,0.9825570263120877,0.0,0.0,0.0,0.9999973775557289,0.0,0.9992677921287755,0.0,0.0,0.0,0.0
0.0,0.0,0.0001493320696116518,0.0,0.0002531490420196736,0.0,1.4304229126738122e-06,0.0,1.3112231088685533e-06,0.0,0.0,0.0,0.0,0.0,0.9999237122389276,0.0,0.0,0.0,0.9999675734780515,0.0,0.98967286240326,0.0,0.0,0.0,0.0
0.0,2.503206589143936e-05,0.0,4.0533725200742055e-06,2.9206036791240564e-05,0.0,0.0,0.0,4.172491279819113e-06,0.0,0.0,0.0,0.0,0.0,4.768950248035253e-07,0.0,0.0,0.0,0.9999775905945001,0.0,0.9802790598779926,0.0,0.0,0.0,0.0
0.0,0.0,0.0,1.192240617342577e-07,2.384476545103098e-07,0.0,1.192051257703497e-06,0.0,0.0,0.0,0.0,0.0,0.0,0.0,0.0,0.0,0.0,0.0,4.0533725200742055e-06,0.0,0.14804592010477602,0.0,0.0,0.0,0.0
0.0,2.384476545103098e-07,0.0,0.0,0.0,0.0,0.0,0.0,0.0,0.0,0.0,0.0,0.0,0.0,1.192240617342577e-07,0.0,0.0,0.0,0.9999949935065885,0.0,1.1919997756737466e-05,0.0,0.0,0.0,0.0
0.0,0.0,0.0,0.0,2.384476545103098e-07,2.9800638619015274e-06,0.0,0.0,0.0,0.0,0.0,0.0,0.0,0.0,7.391056640604354e-06,0.0,0.0,0.0,0.9999610211737423,0.0,0.0,0.0,0.0,0.0,0.0
0.0,0.0,0.0,0.0,4.768950248035253e-07,1.0729066772796614e-06,4.768950248035253e-07,0.0,0.0,0.0,0.0,0.0,0.0,0.0,8.702340543398357e-06,0.0,0.0,0.0,0.9999872454213207,0.0,1.192240617342577e-07,0.0,0.0,0.0,0.0
0.0,0.0,0.0,0.0,0.0,0.0,1.192240617342577e-07,0.0,0.0,0.0,0.0,0.9850421725524086,0.0,0.0,0.0,0.0,0.0,0.0,0.9999755640622178,0.0,0.0,0.0,0.0,1.192240617342577e-07,0.0
0.0,0.0,0.0,0.0,0.0,0.0,0.0,0.0,0.0,0.0,0.0,0.0,0.0,0.0,0.0,0.0,0.0,0.0,0.9999934438270707,0.0,0.0,0.0,0.0,0.0,0.0
0.0,0.0,0.0,0.0,5.960258064874324e-07,0.0,0.9999963043233115,0.0,0.0,0.0,0.0,0.0,0.0,0.0,0.0,0.0,0.0,0.0,0.9950170543216337,0.0,0.9835973719776401,0.0,0.0,0.0,0.0
0.0,1.192240617342577e-07,0.0,0.0,7.140334216371169e-05,9.417177575965496e-06,0.9989347486085381,0.0,0.0,1.454348372897929e-05,0.0,0.0,0.0,0.0,0.0,0.0,0.0,0.0,0.9999606637090288,0.0,0.00010417561982445367,0.0,0.0,0.0,0.0
0.0,0.0,0.0,0.0,6.913942543262941e-06,2.8371090350365336e-05,0.0,0.0,0.0,0.9999898678719895,0.0,0.0,0.0,0.0,0.0,0.0,0.0,1.192240617342577e-07,1.0251296977292768e-05,0.0,0.0,0.0,0.0,0.0,0.0
0.0,0.0,0.0,0.0,0.00013158461721241022,1.192240617342577e-07,0.0,0.0,0.0,0.33462511556840546,0.0,0.0,0.0,0.0,0.0,0.0,0.0,0.0,0.9999954701172836,0.0,0.0,0.0,0.0,0.0,0.0
0.0,0.0,0.0,0.0,0.0,5.364017562903278e-06,0.0,0.0,0.0,0.0,0.0,0.0,0.0,0.0,1.192240617342577e-07,0.0,0.0,3.57605976830655e-07,0.0006341209778053525,0.0,0.0,0.0,0.0,0.0,0.0
0.0,0.0,0.0,1.192240617342577e-07,3.57605976830655e-07,0.0,7.5103503065498955e-06,0.0,0.0,0.0,0.0,0.0,0.0,0.0,0.0,0.0,0.99964800148551,0.0,0.7549572425988138,0.0,0.0,0.0,0.0,0.0,0.0
0.0,0.0,0.0,0.0,3.5763732452176455e-06,7.283286286974278e-05,0.0,0.0,0.0,0.0,0.0,0.0,0.0,0.0,0.0,0.0,0.0,0.0,0.9998763947369343,0.0,0.0,0.0,0.0,0.0,0.0
0.0,0.0,0.0,0.0,1.192240617342577e-07,1.192240617342577e-07,0.0,0.0,0.0,0.0,0.0,0.0,0.0,0.0,0.0,0.0,0.0,0.0,0.9997666519371583,0.0,0.0,0.0,0.0,0.0,0.0
1.192240617342577e-07,0.0,0.0,1.192240617342577e-07,0.00034890155565547865,0.0,2.3601429135045038e-05,0.0,0.0,0.00010429483851381871,0.0,0.0,0.0,0.0,0.0,0.0,1.5496499871092695e-06,1.5379635408985237e-05,0.9999711518062446,0.0,4.172491279819113e-06,0.0,0.0,0.0,0.9899869047427888
0.0,0.0,0.0,0.0,0.9944445537975787,1.192240617342577e-07,0.0,0.0,0.0,8.344533100057561e-07,7.271768417527191e-06,0.0,0.0,0.0,0.0,0.0,0.0,1.0729066772796614e-06,0.00011276024601925005,0.0,2.384476545103098e-07,0.0,0.0,0.0,0.0
0.0,0.0,0.0,0.0,4.768950248035253e-07,0.0,1.192240617342577e-07,0.0,0.0,0.0,0.0,0.0,0.0,0.0,1.192240617342577e-07,0.0,0.0,0.0,0.9999766369874834,0.0,0.0,0.0,0.0,0.0,0.0
0.0,0.0,0.0,0.0,0.9924223351220498,0.0,0.0,0.0,0.0,2.384476545103098e-07,0.0,0.0,0.0,0.0,0.0,0.0,0.0,2.384476545103098e-07,5.960258064874324e-07,0.0,0.0,0.0,0.0,0.0,0.0
0.0,0.0,0.0,0.0,0.0,1.192240617342577e-07,0.0,0.0,0.0,0.0,0.0,0.0,0.0,0.0,0.0,0.0,0.0,0.0,0.0,0.0,0.0,0.0,0.0,0.0,0.0
0.0,0.0,0.0,0.0,0.0,0.0,0.0,0.0,0.0,0.0,0.0,0.0,0.0,0.0,1.192240617342577e-07,0.0,0.0,0.0,0.0,0.0,2.384476545103098e-07,0.0,0.0,0.0,0.0
0.0,0.0,0.0,0.0,2.384476545103098e-07,0.0,0.0,0.9999271671371303,0.0,0.0,0.0,0.0,0.0,0.0,2.384476545103098e-07,0.0,0.0,0.0,0.999987006942147,0.0,0.000495675241540261,0.0,1.192240617342577e-07,0.0,0.0
0.0,1.3589312835349254e-05,0.0,0.0,3.57605976830655e-07,0.0,0.0,1.192240617342577e-07,0.0,0.0,0.0,0.0,0.0,0.0,0.0,0.0,0.0,0.0,0.9998819927135152,0.0,0.0,0.0,0.0,0.0,0.0
0.0,0.0,0.0,0.0,9.537902768697037e-07,0.0,5.960016525530243e-06,9.537902768697037e-07,1.192240617342577e-07,0.0,0.0,0.0,0.0,0.0,0.0,0.0,0.0,4.624866398406091e-05,0.0,0.0,8.344533100057561e-07,0.0,0.0,0.0,0.0
0.0,0.0,3.337807925274383e-06,3.57605976830655e-07,1.4304229126738122e-06,0.0,0.9993227870595102,0.0,0.0,0.0,0.0,0.0,0.0,0.0,0.0004916277917946799,2.384476545103098e-07,0.0,0.0,0.9999458823641708,0.0,0.9995344650647862,0.0,0.0,0.0,0.0
0.0,0.9999973775557289,0.0,0.0,1.9075798713963366e-06,0.0,0.0,0.0,1.192240617342577e-07,0.0,0.0,7.152118257636175e-07,0.0,0.0,0.0,0.0,0.0,0.0,0.9999631658228311,0.0,3.171186393102765e-05,0.0,0.0,0.0,0.0
0.0,3.57605976830655e-07,1.192240617342577e-07,0.0,8.344533100057561e-07,3.57605976830655e-07,3.57605976830655e-07,0.0,0.0,0.0,0.0,0.0,0.0,0.0,0.0,0.0,0.0,0.0,0.0,0.0,2.384476545103098e-07,0.0,0.0,0.0,0.0
2.384476545103098e-07,0.9999121541574412,9.893032535723822e-05,0.0,0.9820129401341374,0.9999997615523455,9.893798219806627e-06,0.0,0.0,0.0,0.0,0.0,0.0,0.0,0.0,0.0,0.0,5.960258064874324e-07,0.0,0.0,0.05033056580591988,0.0,0.0,0.0,0.0
0.0,0.0,4.5298824890016576e-06,0.0,0.9976030199667262,0.9999754448376589,1.4304229126738122e-06,0.0,0.0,0.0,0.0,0.0,0.0,0.0,0.0,0.0,0.0,0.0,0.0,0.0,0.9998576958295177,0.0,0.0,0.0,0.0
0.0,0.0,0.0,0.0,0.027586175275252978,0.9999995231047478,0.0002805379531540808,0.0,0.0,0.0,0.0,0.0,0.0,0.0,0.0,0.0,0.0,0.0,0.0,0.0,0.9999961848443508,0.0,0.0,0.0,0.0
0.0,0.0,1.6689054689322802e-06,0.0,0.000984944246137709,1.192240617342577e-07,3.457065277434612e-05,0.0,0.0,0.0,0.0,0.0,0.0,0.0,0.0,0.0,0.0,0.0,0.0,0.0,0.9999964236267548,0.0,0.0,0.0,0.0
0.0,0.0,0.0,0.0,0.9985449567813788,0.999993563070601,0.9046521707297579,0.0,0.0,0.0,0.0,0.0,0.0,2.4435937782230077e-05,0.0,0.0,0.0,0.0,0.0,0.0,0.9999990462097231,0.0,0.0,0.0,1.895341552671237e-05
0.0,0.0,0.003173215430615106,0.0,0.9980733291811794,1.0,2.6224444984457307e-06,0.0,0.0,0.0,0.0,0.0,0.0,0.0,0.0,0.0,0.0,1.3112231088685533e-06,1.5496499871092695e-06,0.0,0.0028012776335177847,0.0,0.0,0.0,0.0
0.0,0.0,0.0,0.0,0.0008560028051801671,0.9999982118117786,1.6689054689322802e-06,0.0,0.0,0.0,0.0,0.0,0.0,0.0,2.384476545103098e-07,0.0,0.0,1.192240617342577e-07,1.4304229126738122e-06,0.0,0.6076530972859965,0.0,0.0,0.0,0.0
0.0,0.0,3.9097983601688036e-05,0.0,0.00015874308977281704,0.9999990462097231,0.0,0.0,0.0,0.0,0.0,6.556172929328419e-06,0.0,0.0,0.0,0.0,0.0,0.0,0.0,0.0,7.987616003735099e-06,0.0,0.0,1.5496499871092695e-06,0.0
0.0,0.0,0.0,0.0,6.485197059102887e-05,0.9999979733108904,1.3112231088685533e-06,0.0,0.0,0.0,0.0,1.192240617342577e-07,0.0,0.0,0.0,0.0,0.0,3.57605976830655e-07,0.0,0.0,0.9999262140929348,0.0,0.0,0.0,0.0
0.0,0.0,0.19681250440823617,0.0,0.9099118511870242,0.9999984503497855,0.9875692162878251,0.0,0.0,0.0,0.0,0.0,0.0,0.0,0.0,0.0,0.0,0.9999809274340653,1.192240617342577e-07,0.0,0.9999984503497855,0.0,0.0,0.0,0.0
0.0,0.0,0.0,0.0,0.0008167222310766498,0.9999998807761656,0.0,0.0,0.0,0.0,0.0,0.0,0.0,0.0,0.0,0.0,0.0,0.0,0.0,0.0,5.483205060219376e-06,0.0,0.0,0.0,0.0
0.0,0.0,0.00021367837273555956,0.0,8.927593633356601e-05,0.9999903445179854,0.9999924896496935,0.0,0.0,0.0,0.0,0.0,0.0,0.0,3.337807925274383e-06,0.0,0.0,0.0,0.0,0.0,0.9999110815941936,0.0,0.0,0.0,0.0
0.0,0.9998642468020342,1.192240617342577e-07,0.0,0.0001854323404359981,0.999963523241147,0.0,0.0,0.0,0.0,0.0,0.9985896502739979,0.0,0.0,0.0,0.0,0.0,0.0,0.0,0.0,1.192240617342577e-07,0.0,0.0,0.0,0.0
0.0,0.9999529169060649,0.999998927093209,0.0,0.9998928438080787,0.9994292086159223,2.1455897843414284e-05,0.0,0.0,0.0,0.0,2.384476545103098e-07,0.0,0.0,0.0,0.0,0.0,1.192240617342577e-07,0.0,0.0,0.9998908168873548,0.0,0.0,7.152118257636175e-07,0.0
2.384476545103098e-07,1.0,3.57605976830655e-07,8.344533100057561e-07,0.9688552921570641,0.0,2.5032657550161375e-06,0.0,0.0,0.0,0.0,1.192051257703497e-06,0.0,0.0,0.0,0.0,3.57605976830655e-07,0.9999822380008879,0.0,8.821472391562502e-06,5.244836645101891e-06,0.0,1.406637349898876e-05,0.0,0.0
0.0,0.00034973535074334094,3.57605976830655e-07,0.0,0.9999359817713219,0.9669137435968269,1.192240617342577e-07,0.0,0.0,0.0,0.0,0.0,0.0,0.0,0.0,0.0,0.0,0.9997428023388548,0.0,0.0,0.9973680670198857,0.0,0.0,0.0,0.0
0.0,0.01322180014815566,0.00012372434121221687,0.0,0.9996017817195189,0.9996314441719312,1.192240617342577e-07,0.0,0.0,0.0,0.0,0.0,0.0,0.0,5.960258064874324e-07,0.0,0.0,0.9999874838887277,0.0,0.0,2.5747468992420863e-05,0.0,1.4304229126738122e-06,1.192240617342577e-07,0.0
0.0,0.0,0.0,0.0,0.0,0.0,0.0,0.0,0.0,0.0,0.0,0.0,0.0,0.0,0.0,0.0,0.0,0.0,0.0,0.0,0.0,0.0,0.0,0.0,0.0
0.0,0.9999719867222898,4.768950248035253e-07,0.0,0.0024728243586646936,0.0,1.192240617342577e-07,0.0,1.192240617342577e-07,1.192240617342577e-07,0.0,0.00035723959388567206,0.001016355048242823,0.0,0.0,0.0,0.9998576958295177,0.9992205352557159,0.0,1.192240617342577e-07,9.298030337445695e-06,0.0,0.0,1.192240617342577e-07,1.192240617342577e-07
0.0,0.0,0.9999645954495694,0.0,0.9999730600693492,0.0,2.860843551943937e-06,0.7186045446655287,0.0,0.0,0.0,0.0,0.0,0.0,1.192240617342577e-07,0.9999889144297048,0.0,0.0,0.0,0.0,0.9999753256149331,0.0,0.9343938203983657,0.0,0.0
1.192240617342577e-07,0.0,2.8490363323974144e-05,0.0,2.384476545103098e-07,0.0,0.0,0.0,0.0,0.0,0.0,0.9999949935065885,2.384476545103098e-07,0.0,0.0,0.0,0.0,0.0,0.0,0.0,0.0,0.839717173315876,1.192240617342577e-07,0.0,0.0
0.0,0.0,0.0,0.0,0.0,0.0,0.0,0.0,0.0,0.0,0.0,0.999704099391748,2.264949380159642e-06,2.6224444984457307e-06,0.0,3.57605976830655e-07,0.0,0.0,0.0,0.0,0.0,0.0,0.0,0.0,0.0
0.0,0.9998891475952763,2.3841004124225407e-06,0.0,1.192240617342577e-07,0.0,0.0,0.0,0.0,0.0,0.0,0.9999992847883448,0.9999337187248767,0.0,0.0,1.192240617342577e-07,0.0,0.0,0.0,1.192240617342577e-07,0.0,0.0,0.0,0.0,0.0
0.0,1.966833890743036e-05,0.9995688996206241,0.0,0.0,0.0,0.0,0.0,0.0,0.0,0.0,0.9999911785278358,0.0002166583710886405,0.0,0.0,0.0,0.0,0.0,0.0,2.384476545103098e-07,0.0,0.0,0.0,0.9992761245964364,0.0
0.0,0.9999973775557289,0.006098274874918652,0.0,1.0729066772796614e-06,0.0,1.192240617342577e-07,0.0,0.0,0.0,0.0,0.9982454099127562,1.5496499871092695e-06,0.0,0.0,0.0,0.0,0.0,0.0,0.0,4.2792148884474024e-05,0.0,0.0,0.0,0.0
0.0,0.999934790708541,0.0005728150963781875,0.0,0.7981775240960797,0.0,2.384476545103098e-07,0.0,0.0,0.0,0.0,3.815155876552012e-06,1.5496499871092695e-06,1.192240617342577e-07,0.0,0.0,0.0,0.0,0.0,0.0,5.077887036364359e-05,0.0,2.6224444984457307e-06,1.192240617342577e-07,1.192240617342577e-07
0.0,0.0,4.88733132308905e-06,1.192240617342577e-07,0.029311671720676835,0.0,0.9965161975572719,0.0033769538197522264,0.00016100662749196637,0.0,0.0,0.0,0.0,0.00016886985470865312,0.0,0.0,0.0,8.344533100057561e-07,9.537902768697037e-07,0.0,0.9999994039743072,0.0,0.0,0.9997301797257594,0.0010651324254443706
0.0,0.9999924896496935,0.9999599487545202,0.0,0.9995121818956518,0.0,1.0729066772796614e-06,0.0,0.0,0.0,0.0,0.9978843574862779,0.9999971391564481,0.0,0.0,0.0,0.0,0.0,0.0,5.960258064874324e-07,0.9998115885083944,0.0,0.0,0.9998663906652064,0.0
0.0,0.0,0.00023465952395673728,0.0,0.9993227870595102,0.0,0.002252125979436581,0.0,0.0,0.0,0.0,1.192240617342577e-07,4.768175814184872e-06,0.0,0.0,0.0,0.0,0.0,0.0,0.0,0.9999346716016133,0.0,0.0,1.192240617342577e-07,0.0
0.0,0.04742538036162991,0.0,0.0,2.145812430742744e-06,0.0,1.192240617342577e-07,0.0,0.0,0.0,0.0,0.00013575319796577112,0.9999991655469742,0.0,0.0,0.0,0.0,0.0,0.0,0.00012194299794310304,3.57605976830655e-07,0.0,0.0,0.00038022986226549094,0.0
0.0,0.0,4.768950248035253e-07,0.0,0.0002574358437971158,0.0,1.192240617342577e-07,0.0,0.0,0.0,0.0,9.537902768697037e-07,0.9999954701172836,4.291615254836678e-06,0.0,0.0,0.0,2.384476545103098e-07,0.0,0.00017983174922231449,3.70724596131522e-05,0.0,2.384476545103098e-07,0.999758186800498,4.88733132308905e-06
0.0,0.0,3.933629119856619e-05,0.0,7.152486773853717e-06,0.0,2.384476545103098e-07,7.152118257636175e-07,0.0,0.0,0.0,0.0,0.0,0.000593052107852654,0.0,3.57605976830655e-07,0.0,3.5763732452176455e-06,0.0,0.0,0.8266923689043593,0.0,0.0,0.0,1.0
0.0,0.0,0.0,0.0,0.9999996423941084,0.0,0.9999824762661061,1.9906660229551676e-05,0.0,0.0,0.0,1.192240617342577e-07,0.9999918932709349,0.0,0.0,0.0,0.0,0.0,0.0,0.002323373862200384,0.9496695403281319,0.0,0.0,0.9999942784020251,0.0
0.0,0.0,0.9998413760424018,0.0,0.9999918932709349,3.57605976830655e-07,2.384476545103098e-07,0.0,0.0,0.0,0.0,1.192240617342577e-07,0.9999972583629027,0.0,0.0,0.0,0.0,0.0,0.0,1.8357687601944228e-05,0.9850423963960849,0.0,0.051845559225411786,0.9999991655469742,0.0
0.0,0.0,0.0,0.0,1.192240617342577e-07,0.0,0.0,0.0,0.0,0.0,0.0,0.9992387474887715,0.9999866491980278,0.0,0.0,0.0,0.0,0.0,0.0,0.0,0.0,0.0,0.0,0.0,0.0
1.192240617342577e-07,0.0,0.0,0.0,2.860843551943937e-06,0.0,0.0,0.0,0.0,1.3827837283986177e-05,0.0,0.9999843821552497,0.00015647959057829564,0.0,0.0,0.0,0.9993173113488896,0.0,0.0,0.0,0.0,0.0,0.0,0.0,0.0
0.0,0.0,2.384476545103098e-07,0.0,5.960258064874324e-07,0.0,0.0,0.0,0.0,4.768950248035253e-07,0.0,0.9998257684953074,0.0005466258964113013,0.0,0.0,0.0,0.0,0.0,1.192240617342577e-07,0.0,0.0,0.0,2.384476545103098e-07,0.0,0.0
0.0,0.0,0.0,0.0,6.317691993329433e-06,0.0,0.0,0.0,0.0,0.0,0.0,0.0017008978549888365,0.9999929667885175,0.0,0.0,0.0,0.0,0.0,0.0,1.192240617342577e-07,0.0,0.0,0.0,0.0,0.0
0.0,0.0,0.0,0.0,2.384476545103098e-07,0.0,0.0,0.0,0.0,0.0,0.0,0.9999996423941084,0.00506096367080433,0.0,0.0,0.0,0.0,0.0,0.0,0.0,0.0,0.0,0.0,1.192240617342577e-07,0.0
0.0,0.0,0.0,0.0,4.768950248035253e-07,0.0,0.0,0.0,0.0,0.0,0.0,0.9999812848805573,0.9999929667885175,0.0,0.0,5.840804528811638e-06,0.0,0.0,0.0,1.192240617342577e-07,0.0,0.0,0.0,0.0,0.0
0.0,1.192240617342577e-07,1.3350801972178417e-05,0.0,1.192051257703497e-06,0.0,0.0,0.0,0.0,0.0,0.0,0.11920376509386225,0.9999976158993602,0.0,0.0,0.0,0.0,0.0,0.0,8.344533100057561e-07,0.0,0.0,1.192240617342577e-07,0.9999821188664811,0.0
0.0,9.537902768697037e-07,0.9999972583629027,0.0,0.0002655332925702858,8.665414445896413e-05,0.00032019659536486333,0.0,0.0,0.0,0.0,0.998991616445303,0.9999326467205352,0.0,0.9999902253607852,1.192240617342577e-07,0.0,0.0,1.3112231088685533e-06,3.57605976830655e-07,9.537902768697037e-07,0.0,0.0,0.0,0.0
0.0,0.0,0.0,0.0,9.536328438142228e-06,0.0,0.0,0.0,0.0,0.0,0.0,0.9999997615523455,0.9999996423941084,1.192240617342577e-07,0.0,0.0,0.0,0.0,0.0,1.192240617342577e-07,1.192240617342577e-07,8.344533100057561e-07,0.9995417335889762,0.9999897487030227,0.0
0.0,3.815155876552012e-06,0.9999915359134185,0.0,2.384476545103098e-07,0.0,0.0,0.0,0.0,0.0,0.0,2.0025823484037808e-05,1.0251296977292768e-05,0.0,0.0,0.0,3.57605976830655e-07,0.0,0.0,0.0,0.0,0.0,6.354182185730473e-05,0.0,0.0
0.0,0.9999887952344767,2.3959066688616915e-05,0.0,0.0,0.0,0.0,0.0,0.0,0.0,0.0,0.8519457399911831,0.007816716717729766,0.0,0.0,0.0,0.0,0.0,0.0,1.192240617342577e-07,0.0,0.0,0.0,0.0,0.0
0.0,0.0,0.16028370257693425,0.0,4.768950248035253e-07,0.0,0.0,0.0,0.0,0.0,0.0,2.145812430742744e-06,0.0,0.0,0.0,0.0,0.0,0.0,0.0,0.0,0.0,0.0,0.0,1.192240617342577e-07,0.0
0.0,0.0,1.192240617342577e-07,0.0,0.0001742315046926457,0.9999659058403787,0.9993333814720765,0.9999444512799732,0.0,0.0,0.0,7.152118257636175e-07,4.768950248035253e-07,0.0,0.9998782955441401,2.384476545103098e-07,0.0,0.0,0.0,6.556172929328419e-06,0.989673096516276,0.0,0.0,8.344533100057561e-07,0.0
0.0,0.0,3.57605976830655e-07,0.0,0.0011424517669343937,0.0,2.6343678172113805e-05,0.0,1.192240617342577e-07,0.0,0.0,1.192240617342577e-07,0.9999860528968751,0.0,1.192240617342577e-07,0.9999823571334899,0.0,0.0,0.0,9.537902768697037e-07,2.6582173885847382e-05,0.0,0.0,0.999992369703257,0.0
0.0,0.0,1.192240617342577e-07,0.0,0.0003408019307011845,5.960258064874324e-07,0.9999007120603927,0.99994146949706,1.192240617342577e-07,0.0,0.0,0.0,0.0,0.0,0.0,0.999985933626501,0.0,0.0,0.0,0.0,0.9999977350503925,0.0,0.0,0.0,0.0
0.0,0.0,0.9986380336574234,0.0,7.271768417527191e-06,0.9999760409333114,0.9999791399943424,0.0,0.0,0.0,0.0,0.0,0.0,0.0,0.9999998807761656,0.0003803489973555063,0.0,0.0,1.657073952743282e-05,0.0,0.9999831910220843,0.0,0.0,0.0,0.0
0.0,0.0,4.768950248035253e-07,0.0,0.9996923089439799,0.0,0.00014921295109282529,1.0,1.192240617342577e-07,0.0,0.0,0.0,0.0,0.0,0.0,0.0,0.0,2.384476545103098e-07,0.0,1.5496499871092695e-06,0.9999952318244132,0.0,0.0,0.0,0.0
0.0,0.0,3.93426102218708e-06,2.384476545103098e-07,1.192240617342577e-07,0.0,1.966833890743036e-05,0.0,0.0,0.0,0.0,0.0,0.0,0.0,1.192240617342577e-07,0.5000002989755754,0.0,0.0,0.0,0.0,1.3112231088685533e-06,0.0,0.0,0.0,0.0
0.0,0.0,0.0,0.0,5.602398682524878e-06,0.0,1.3112231088685533e-06,0.0,0.0,0.0,0.0,1.192240617342577e-07,1.192240617342577e-07,0.0,0.0,1.895341552671237e-05,0.0,0.0,0.0,7.152118257636175e-07,4.410745809479977e-06,0.0,1.192240617342577e-07,0.0,0.0
0.0,0.0,0.0,0.0,0.011685876036469756,0.0,8.570080741909791e-05,1.0,0.0,0.0,0.0,0.0,0.0,0.0,4.768950248035253e-07,1.192240617342577e-07,0.0,0.0,0.0,2.384476545103098e-07,0.9999081021042867,0.0,0.0,0.0,0.0
0.0,0.0,0.999958161252256,0.0,3.671503797186837e-05,0.9999750871640675,0.9997505423457477,1.192240617342577e-07,0.0,0.0,0.0,0.0,0.0,0.0,0.9999970199361381,0.0,0.0,0.0,1.6689054689322802e-06,0.0,0.994779499065646,0.0,0.0,0.0,0.0
0.0,0.0,0.0017276258517273657,8.344533100057561e-07,2.384476545103098e-07,0.0,2.1932638711641417e-05,0.0,0.0,4.768950248035253e-07,0.0,3.57605976830655e-07,0.12939770230782777,0.0003464001944035733,0.3486351622529533,1.192240617342577e-07,0.00039238087600490523,4.863284943956714e-05,0.0,0.0,5.960258064874324e-07,0.0,0.0,0.0,0.9999997615523455
0.0,0.0,0.531208349310098,0.0,9.178885813310167e-06,1.192240617342577e-07,0.99976188292927,0.0,0.0,0.0,0.0,2.741637097347649e-06,0.9999188272545736,0.0,0.9998684153830149,0.0,0.0,0.0,1.192240617342577e-07,0.0026321698420656015,0.0030757404552407275,0.0,1.192240617342577e-07,0.9996073808860453,0.0
0.0,0.00033043952728895043,0.001142689680311726,0.0,5.960016525530243e-06,0.0,1.192240617342577e-07,0.0,0.0,0.0,0.0,0.9999537513357886,0.002591362071219794,0.0,0.0,0.0,0.0,0.0,0.0,9.537902768697037e-07,5.853050294002404e-05,0.0,5.960258064874324e-07,0.9999949935065885,0.0
0.0,0.0,0.7773480518787038,0.0,0.9935110504802289,0.0,0.046033487560749875,0.0,0.0,0.0,0.0,0.0,0.0,0.0,1.192051257703497e-06,0.0,0.0,0.0,0.0,0.0,0.9999860528968751,0.0,2.384476545103098e-07,0.0,0.0
0.0,0.04603337383907291,0.9999997615523455,0.0,8.37941947265941e-05,0.0,1.0847190710094878e-05,0.0,0.0,0.0,0.0,2.2528597331983313e-05,0.9995196892309031,0.00040477058780064024,1.192240617342577e-07,0.0,0.0,1.192240617342577e-07,0.0,1.192240617342577e-07,0.9999834292602452,0.0,2.741637097347649e-06,0.0,1.4782057971451934e-05
0.0,0.0,0.9999916550353048,0.0,0.006693278745185216,0.0,5.960258064874324e-07,0.0,0.0,0.0,0.0,0.0,1.192240617342577e-07,1.0729066772796614e-06,1.192240617342577e-07,0.0,4.768950248035253e-07,1.192240617342577e-07,0.0,0.0,0.9999897487030227,0.0,7.749399615231134e-06,0.0,1.192240617342577e-07
0.0,0.0,0.0,0.0,1.192240617342577e-07,0.0,0.0,0.0,0.0,0.0,0.0,0.9999979733108904,0.9999997615523455,0.0,0.0,0.0,0.0,0.0,0.0,1.192240617342577e-07,0.0,0.0,0.0,3.815155876552012e-06,0.0
0.0,0.0,0.0,0.0,0.9998339895688807,0.0,9.537902768697037e-07,0.0,1.788187994011814e-06,0.0,0.0,1.192240617342577e-07,0.9999978541875693,0.0,0.0,0.9999997615523455,0.0,3.6956766884532755e-06,0.0,0.0,4.172491279819113e-06,0.0,1.192240617342577e-07,0.18713071332326345,0.0
0.0,0.0,0.0,0.0,0.0008969492691042191,0.0,5.960258064874324e-07,0.0,3.57605976830655e-07,0.0,0.0,0.0,1.192240617342577e-07,1.192240617342577e-07,0.0,1.0,5.960258064874324e-07,0.00021689678163017145,0.0,5.960258064874324e-07,5.960016525530243e-06,0.0,0.0,0.0,2.02668910964654e-06
0.0,0.0,0.9996944526857977,0.0,0.0013460355508074784,0.0,0.9999952318244132,0.9999732985742996,0.0,0.0,0.0,0.0,0.0,0.0,1.192240617342577e-07,6.675423266711e-06,0.0,1.0729066772796614e-06,0.0,0.0,0.9999991655469742,1.192240617342577e-07,0.0,0.0,0.0
0.0,9.487758772497301e-05,0.0,0.0,0.9998644850136763,0.0,1.192240617342577e-07,0.0,0.0,0.0,2.384476545103098e-07,1.192240617342577e-07,0.0,0.0,0.0,2.4912836159907137e-05,1.0729066772796614e-06,0.0,0.0,0.0,3.0992980275534876e-06,0.0,0.9961754170942475,0.0,0.0
0.0,0.0,0.9995485253113051,0.0,0.9999737755661819,0.0,2.384476545103098e-07,0.0,0.0,0.0,0.0,0.0,0.0,0.0,0.0,0.0,0.0,0.0,0.0,0.0,0.0008361244336846374,0.0,0.9999891528092899,0.0,0.0
0.0,0.0,0.8267159071209217,0.0,0.9999491018973049,0.9999100090029954,2.2409405727286114e-05,0.0,0.0,0.0,0.0,0.0,0.0,0.0,1.192240617342577e-07,0.0,0.9997963338163762,0.0,0.0,0.0,0.9987551502683744,0.0,0.9999971391564481,0.0,0.0
0.0,0.0,0.04742549036875032,0.0,0.8740834433084518,0.0,0.0,0.0,0.0,0.0,0.0,0.0,0.0,0.0,8.260260138304165e-05,0.0,0.9999891528092899,0.0,0.0,0.0,0.003273501903870435,0.0,0.996570150281859,0.0,0.0
0.0,0.0,4.768950248035253e-07,0.0,0.9770201945151228,0.0,0.0,0.0,0.0,0.0,5.840804528811638e-06,0.0,0.0,0.0,1.192240617342577e-07,0.0,1.406637349898876e-05,0.0,0.0,0.0,0.001926670818820586,0.0,0.9999991655469742,1.263534339135397e-05,0.0
0.0,0.0,0.0007556578794662983,0.0,0.9908748236053178,0.0,0.0,1.192240617342577e-07,0.0,0.9999730600693492,2.5032657550161375e-06,3.815155876552012e-06,6.354182185730473e-05,0.0,7.152118257636175e-07,0.0,1.3112231088685533e-06,0.0,0.0,0.0,4.768175814184872e-06,1.192240617342577e-07,0.9999860528968751,0.999410757193009,0.0
0.0,0.0,0.0,1.0251296977292768e-05,2.9800638619015274e-06,0.0,2.384476545103098e-07,0.0,0.0,0.0,0.0,5.960016525530243e-06,0.9999750871640675,0.0,0.0,0.0,3.57605976830655e-07,0.0003516411870035929,0.0,2.02668910964654e-06,1.192240617342577e-07,0.0,0.0,0.9993636172878149,0.0
0.0,1.4304229126738122e-06,0.0,1.192240617342577e-07,5.960258064874324e-07,0.0,0.9998642468020342,0.0,0.0,0.0,0.0,1.192240617342577e-07,0.0,0.0,1.192240617342577e-07,0.0,0.0014441080198938083,0.9669132969446659,0.0,8.344533100057561e-07,0.9999491018973049,0.0,0.0,1.192240617342577e-07,2.5866706354849e-05
0.0,0.0,0.0,0.0,0.0005112700657131652,0.0,4.768950248035253e-07,0.0,0.0,9.809591343512558e-05,0.0,0.0518454461963721,0.9982991021450113,0.0,0.0,8.344533100057561e-07,2.384476545103098e-07,0.0,0.0,4.67254792029248e-05,0.0006826886511105412,0.0,0.0,0.0,0.0
0.0,1.788187994011814e-06,0.0,4.768950248035253e-07,4.0533725200742055e-06,0.0,0.9979204774143492,0.0,0.0,0.00019174825145296115,0.0,1.192240617342577e-07,0.0,0.0,7.749399615231134e-06,0.0,0.9983769197569445,3.57605976830655e-07,0.0,2.384476545103098e-07,0.9999723445166412,0.0,0.0,0.0,0.0
3.57605976830655e-07,0.0,0.0,8.225844613463096e-06,1.0489645781874835e-05,0.0,1.1562366811213032e-05,0.0,0.0,0.9998145676597914,0.0,1.192240617342577e-07,0.0,0.0,0.0,0.0,4.768950248035253e-07,0.8872042199528201,0.0,0.0,1.037046934038166e-05,0.0,0.0,0.0,4.768950248035253e-07
0.0,0.0,0.0,0.0,0.9770201945151228,0.0,0.9984984847151785,0.0,0.0,0.0,0.0,4.768950248035253e-07,0.0,0.0,3.4570836574543407e-06,0.0,0.9997761892501027,7.152118257636175e-07,0.0,0.0,0.9997932349090592,0.0,0.0,0.0,0.0
0.0,0.0,0.0,1.192240617342577e-07,2.384476545103098e-07,0.0,0.09008834541493749,0.0,0.0,0.0,0.0,0.0,0.0,0.0,1.192240617342577e-07,0.0,4.291615254836678e-06,0.042086994801079025,0.0,1.192240617342577e-07,0.02442533470469055,0.0,0.0,0.0,3.57605976830655e-07
0.0,0.0,0.0001300363356916412,0.9976763889700534,3.0992980275534876e-06,0.0,0.9783820332780876,0.0,0.0,1.192240617342577e-07,0.0,0.0,0.0,0.0,1.3112231088685533e-06,0.0,0.9019210473909175,0.9840945590473145,0.0,4.768950248035253e-07,0.9999895103542181,0.0,0.0,0.0,3.57605976830655e-07
0.0,0.0,0.0,2.6224444984457307e-06,7.152118257636175e-07,0.0,0.0,0.0,0.0,0.0,0.0,0.0,0.0,0.0,0.0,0.9999814040257784,5.960258064874324e-07,0.9986003489233097,0.0,0.0,0.0,0.0,0.0,0.0,0.0
0.0,0.0,0.0,2.6820677045846786e-05,0.00010596394232320616,0.0,4.5298824890016576e-06,0.0,0.0,0.0,0.0,0.0,0.0,0.0,0.0,0.0,0.9999886760374438,0.9999841439423273,0.0,0.0,2.6224444984457307e-06,0.0,0.0,0.0,0.9923328970727202
0.0,0.0,0.0,1.4304229126738122e-06,2.9800638619015274e-06,0.0,4.768950248035253e-07,0.8933043405985182,0.0,0.0,0.0,0.0,0.0,0.0,0.0,1.192240617342577e-07,2.3601429135045038e-05,0.9999504133918906,0.0,0.0,0.00857771947208874,0.0,0.0,0.0,1.406637349898876e-05
0.0,0.0,0.0,0.011330491309245794,0.9961755358476184,0.0,0.00013158461721241022,1.192240617342577e-07,0.0,0.23936471323848982,0.0,0.0,0.0,0.0,0.0,0.0,1.192240617342577e-07,0.9997085057850327,0.0,0.0,0.9998257684953074,0.0,0.0,0.0,4.768950248035253e-07
0.0,0.0,0.0,2.384476545103098e-07,2.384476545103098e-07,0.0,1.192240617342577e-07,0.0,0.0,0.0,0.0,0.0,0.0,0.0,4.5298824890016576e-06,0.0,0.00017435064955695356,8.522414174128023e-05,0.0,0.0,0.9996427604061143,0.0,0.0,0.0,0.0
0.0,0.0,3.57605976830655e-07,0.0,1.0729066772796614e-06,0.0,4.410745809479977e-06,0.0,0.0,0.0,0.0,0.0,0.0,0.0,0.0001257489001093015,0.0,0.0002456472765330897,1.454348372897929e-05,0.0,1.192240617342577e-07,5.256741909587248e-05,0.0,0.0,0.0,4.172491279819113e-06
0.0,0.0,0.0,0.9999729408159858,1.847682898625802e-05,0.0,1.9075798713963366e-06,0.0,0.0,0.0,2.384476545103098e-07,1.192240617342577e-07,0.0,0.0,0.0,0.0,0.9999305026207191,0.9999897487030227,0.0,0.0,5.483205060219376e-06,0.0,0.0,0.0,4.768950248035253e-07
0.0,0.0,3.05208374177246e-05,0.9999996423941084,0.0005976947209120897,0.0,0.99881187660413,0.0,0.0,0.0,0.0,0.0,0.0,0.0,4.768950248035253e-07,0.0,0.9998958243801755,0.9999948743383752,2.384476545103098e-07,2.145812430742744e-06,0.9999326467205352,0.0,0.0,0.21204106930221922,0.00014051749163945804
0.0,0.0,0.9149073147516964,0.0,0.0009697946329486618,1.192240617342577e-07,3.815155876552012e-06,0.0,0.0,0.0,0.0,1.192240617342577e-07,0.0,0.0,0.9999998807761656,4.649025975411725e-06,0.0,0.0,5.352138523173622e-05,0.0,0.000158504810859883,0.0,0.0,1.192240617342577e-07,0.0
0.0,0.0,2.145812430742744e-06,0.0,0.0,0.0,0.0,0.0,0.0,0.0,0.0,0.0,0.0,0.0,0.9999680499178857,0.0,0.0,0.0,0.9999148950210192,0.0,9.537902768697037e-07,0.0,0.0,0.0,0.0
0.0,0.0,0.9999960657392052,0.0,2.384476545103098e-07,0.0009007582110741597,0.9994480172281365,0.0,0.0,0.0,0.0,0.0,0.0,0.0,0.9999998807761656,0.0,0.0,0.0,8.583211864254814e-06,4.768950248035253e-07,0.9999697203457416,0.0,0.0,0.0,0.0
0.0,0.0,0.4532558563465016,0.0,0.00039428695074983366,0.0,0.9962926746181833,2.288619570722794e-05,0.0,0.0,0.0,0.0,0.0,0.0,6.306541526435172e-05,0.00010131446886896267,0.0,1.192240617342577e-07,1.9075798713963366e-06,0.0,0.9999907019696626,0.0,0.0,0.0,0.0
0.0,0.0,0.0,0.0,0.00015612220775251817,0.0,2.455516256849588e-05,1.192240617342577e-07,0.0,0.0,0.0,0.0,0.0,0.0,1.406637349898876e-05,0.9999959466272526,0.0,0.0,2.622443381805617e-05,0.0,0.0001885306638785833,0.0,0.0,0.0,0.0
0.0,0.0,1.037046934038166e-05,0.0,0.9990302053672787,0.9998460220918847,0.9999984503497855,4.768950248035253e-07,0.0,0.0,0.0,0.0,0.0,0.0,6.628127535068806e-05,0.0,0.0,5.960258064874324e-07,1.0729066772796614e-06,0.0,0.9999974967344724,0.0,0.0,0.0,0.0
0.0,0.0,1.192240617342577e-07,0.0,2.0860005657596936e-05,0.0,0.9999998807761656,0.0,0.0,0.0,0.0,0.0,0.0,0.0,0.0006429298520289617,0.0,0.0,3.814476810670708e-05,0.00010620238653635816,0.0,0.9999976158993602,0.0,0.0,0.0,1.192240617342577e-07
0.0,0.0,0.0,0.0,2.860843551943937e-06,0.0,0.007816950500728392,0.0,0.0,0.0,0.0,0.0,0.0,0.0,3.337807925274383e-06,0.0,0.0,0.0,0.9999742525310076,0.0,0.00538552693662997,0.0,0.0,0.0,0.0
0.0,0.0,1.192240617342577e-07,0.0,2.384476545103098e-07,0.0,0.9999834292602452,0.0,0.0,0.0,0.0,0.0,0.0,0.0,1.192240617342577e-07,0.0,0.0,0.0,0.9959296972914143,0.0,0.9840945590473145,0.0,0.0,0.0,0.0
0.0,0.0,0.0,0.0,0.999887597472767,0.0,0.9999995231047478,0.0,0.0,2.384476545103098e-07,0.0,0.0,0.0,0.0,0.0,0.0,0.0,0.0,1.192240617342577e-07,0.0,0.9995810521128372,0.0,0.0,0.0,0.0
0.0,0.0,0.999758186800498,0.0,9.059744912831569e-06,1.192051257703497e-06,3.8263914636460505e-05,0.0,0.0,0.0,0.0,0.0,0.0,0.0,0.9999998807761656,0.9998528120843131,0.0,0.0,2.145812430742744e-06,0.0,0.9099118511870242,0.0,0.0,0.0,0.0
0.0,0.0,2.5747468992420863e-05,0.0,0.9995955868369634,1.192240617342577e-07,0.9999992847883448,2.384476545103098e-07,1.192051257703497e-06,0.0,0.0,0.0,0.0,0.0,0.9999976158993602,0.0,0.0,0.0,0.00014051749163945804,0.0,0.9999994039743072,0.0,0.0,0.0,0.0
0.0,0.0,0.9999822380008879,0.0,0.9998960628103216,0.9999957083847452,0.9999941591956986,0.0,0.0,0.0,0.0,0.0,0.0,0.0,1.0,0.0,0.0,0.0,0.00010274502377183303,0.0,0.9999784249211245,0.0,0.0,9.537902768697037e-07,0.0
0.0,0.0,2.384476545103098e-07,1.192240617342577e-07,5.4117635601813596e-05,0.0,0.9999974967344724,0.0,0.0,0.0,0.0,0.0,0.0,0.0,2.431672025748899e-05,0.0,0.9999955892541905,0.0,3.57605976830655e-07,0.0,0.9998908168873548,0.0,0.0,0.0,0.0
0.0,0.0,0.0,1.192240617342577e-07,1.192240617342577e-07,0.0,0.9998908168873548,0.0,0.0,0.0,0.0,0.0,0.0,0.0,9.059744912831569e-06,0.0,0.0,0.0,0.0003462810848159359,0.0,0.0,0.0,0.0,0.0,0.0
0.0,0.0,5.960258064874324e-07,0.0,0.0007323269932211218,0.9999995231047478,0.00010763310882289101,0.0,0.0,0.0,0.0,0.0,0.0,0.0,0.9998684153830149,0.0,0.0,0.0,1.192240617342577e-07,0.0,0.00013158461721241022,0.0,0.0,0.0,0.0
0.0,0.0,1.192240617342577e-07,0.0,0.9999994039743072,0.9999405152205822,9.655482241965885e-06,0.0,0.0,0.0,0.0,0.0,0.0,0.0,3.57605976830655e-07,0.0,0.0,0.0,0.0,0.0,0.0006388825332207526,0.0,0.9999713903598513,0.0,0.0
0.0,0.0,0.0,0.0,0.9999897487030227,0.015423339732816843,0.9511424889414892,0.0,1.192240617342577e-07,0.0,0.0,0.0,0.0,0.0,0.9999991655469742,0.0,0.0,0.0,4.768950248035253e-07,0.0,0.07585184613144202,0.0,0.0,0.0,0.0
0.0,0.0,0.0,0.0,0.9998162359471313,0.9999998807761656,0.0,0.0,0.0,0.0,0.0,0.0,0.0,0.0,2.9800638619015274e-06,0.0,0.0,0.0,0.0,0.0,0.0,0.0,0.0,0.0,0.0
0.0,0.29425954189016545,0.9977123668698324,0.0,0.9997550671636318,0.0,0.9997692747768033,0.0,0.0,0.0,0.0,0.0,0.0,0.0,0.9998257684953074,0.0,0.0,0.0,0.9989836449517574,0.0,0.9999930860574567,0.0,0.0,0.0,0.0
1.192240617342577e-07,0.0,0.00012396252633584126,0.0,0.9999990462097231,0.0,0.999916205805046,0.9984019906809567,0.0,0.9999641189204349,0.0,0.0,0.0,0.0,1.4304229126738122e-06,0.0,0.0,0.00011478743865811492,0.0,0.0,0.9999959466272526,1.4304229126738122e-06,0.0005196030846860156,0.0,0.0
0.0,0.0,7.152118257636175e-07,0.0,0.999659317179781,0.0,1.9075798713963366e-06,0.0,0.0,0.0,0.0,0.0,0.0,0.0,1.0,0.0,0.0,0.0,7.199896755150093e-05,0.0,1.788187994011814e-06,0.0,0.0,0.0,0.0
1.192240617342577e-07,0.0,0.0,0.0,0.9770201945151228,0.0,9.537902768697037e-07,0.0,0.0,0.0,0.0,0.0,0.0,0.0,0.002115761470573463,0.0,0.0,1.192240617342577e-07,4.768950248035253e-07,0.0,8.510497920821702e-05,0.0,0.0,0.0,0.0
0.0,8.344533100057561e-07,2.384476545103098e-07,0.0,3.57605976830655e-07,0.0,0.0,0.0,0.0,0.0,0.0,1.3350801972178417e-05,7.998122853336564e-05,0.0,0.0,0.9999967814539513,0.0,0.0,0.0,0.0,0.0,0.0,0.00015624134022518277,3.57605976830655e-07,0.0
0.0,2.384476545103098e-07,0.9989835259799307,0.0,8.641580516877134e-05,0.0,0.0,0.0,0.0,0.0,0.0,9.440083207057359e-05,0.9999984503497855,0.0,0.0,2.9800638619015274e-06,0.0,0.0,0.0,0.0,1.192240617342577e-07,1.192240617342577e-07,2.9086756172413963e-05,0.9999996423941084,0.0
0.0,0.0,9.537902768697037e-07,0.0,1.192240617342577e-07,0.0,0.0,0.0,0.0,0.0,0.0,0.999998092420356,0.9999881992158033,3.57605976830655e-07,0.0,0.0,0.0,0.0,0.0,0.0,0.0,0.0,3.218546048677773e-06,0.9999982118117786,0.0
0.0,0.0,0.0005530541898218777,0.0,1.406637349898876e-05,0.0,0.8266919254321334,3.0992980275534876e-06,0.0,0.0,0.0,0.0,0.0,0.0,2.5032657550161375e-06,0.0,0.0,0.0,0.0,0.0,0.9999928475132261,0.0,3.4570836574543407e-06,0.999998927093209,0.0
0.0,0.0,0.00013825443155879302,0.0,0.9986330406742301,0.007121994542533261,1.192240617342577e-07,1.192240617342577e-07,0.0,0.0,0.0,0.0,0.9999148950210192,0.0,0.0,0.0,0.0,6.532839838668814e-05,0.0,0.0,0.9999893911761991,0.0,0.0014103497260022912,0.9999992847883448,4.768950248035253e-07
0.0,4.768950248035253e-07,0.0,3.57605976830655e-07,0.9740409968304545,0.0,2.384476545103098e-07,1.192240617342577e-07,0.0,2.741637097347649e-06,0.0,0.0,0.0,0.0,3.337807925274383e-06,0.0,5.960258064874324e-07,0.042086994801079025,0.0,1.192240617342577e-07,0.99907460276841,0.0,0.00019746868935133222,0.0,0.0
0.0,0.0,0.00028720691935602005,0.0,1.1204765295924624e-05,0.0,0.0,0.0,0.0,0.0,0.0,1.788187994011814e-06,0.9999902253607852,0.0,0.0,0.0,1.192240617342577e-07,7.152118257636175e-07,0.0,0.0,2.384476545103098e-07,7.152118257636175e-07,0.9863638212582693,0.9999996423941084,1.192240617342577e-07
0.0,0.0,0.0,0.0,1.192240617342577e-07,0.0,0.0,0.0,0.0,0.0,0.0,0.9999359817713219,0.9999964236267548,9.537902768697037e-07,0.0,0.0,0.0,0.0,0.0,0.0,0.0,0.0,0.0,0.9999564927608406,0.0
0.0,2.384476545103098e-07,0.0005446021313084692,0.0,1.192240617342577e-07,0.0,0.0,0.0,0.0,0.0,0.0,0.9994471839221737,1.6928101522206696e-05,0.0,0.0,0.0,0.0,0.0,0.0,0.0,0.0,0.0,1.192240617342577e-07,0.9994598024385725,0.0
0.0,0.0,2.3720639469204663e-05,0.0,0.0,0.0,0.0,0.0,0.0,0.0,0.0,0.999564372125291,0.19681233685006727,1.192240617342577e-07,2.384476545103098e-07,0.0,0.0,0.0,0.0,0.0,0.0,0.0016294961503129368,0.9998704400467232,0.9999994039743072,0.0
0.0,0.0,0.0,0.0,2.384476545103098e-07,0.0,0.0,0.0,0.0,0.0,0.0,0.9999964236267548,0.9999904636715619,0.0,0.0,0.0,0.0,0.0,0.0,0.0,0.0,1.192240617342577e-07,0.0,0.9930955445058834,0.0
0.0,0.0,0.0,0.0,0.0,0.0,0.0,0.0,0.0,0.0,0.0,1.6928101522206696e-05,7.068859582248788e-05,0.0,0.0,0.0,0.0,0.0,0.0,0.0,0.0,0.0,0.0,0.0,0.0
9.059744912831569e-06,0.0,0.0,0.0,0.0,0.0,0.0,0.0,0.0,0.0,0.0,0.9999996423941084,0.9999609020163983,0.0,0.0,0.0,0.0,0.0,0.0,0.0,0.0,0.0,1.192240617342577e-07,0.0,0.0
0.0,0.0,1.0608823800883904e-05,0.0,3.57605976830655e-07,0.0,0.0,0.0,0.0,0.0,0.0,0.9999988079489697,0.9995417335889762,1.3112231088685533e-06,0.0,0.0,0.0,0.0,0.0,0.0,0.0,1.192240617342577e-07,4.0527896313480305e-05,0.9998555517667413,0.0
0.0,0.0,0.0,0.0,0.0,0.0,0.0,0.0,0.0,0.0,0.0,0.9999996423941084,0.9999946359824371,0.0,0.0,0.0,0.0,0.0,0.0,0.0,0.0,0.0,0.0,1.192240617342577e-07,0.0
0.0,0.0,2.145812430742744e-06,0.0,1.6689054689322802e-06,0.0,0.0,0.0,0.0,0.0,0.0,0.9999948743383752,0.9999998807761656,0.0,0.0,0.0,0.0,0.0,0.0,0.0,0.0,1.192240617342577e-07,0.0015072198886321164,0.9999995231047478,0.0
0.0,0.0,1.192240617342577e-07,0.0,1.0729066772796614e-06,0.0,0.0,0.0,0.0,0.0,0.0,0.9999883184255121,0.9999837866075887,0.0,0.0,0.0,0.0,0.0,0.0,1.192240617342577e-07,0.0,0.0,3.57605976830655e-07,1.0,0.0
0.0,0.0,0.0,0.0,0.0,0.0,0.0,0.0,0.0,0.0,0.0,0.9999995231047478,0.9999994039743072,0.0,0.0,0.0,0.0,0.0,0.0,0.0,0.0,0.0,0.0,1.5496499871092695e-06,0.0
0.9999948743383752,0.9999972583629027,3.57605976830655e-07,0.0,4.51758803514668e-05,0.0,0.0,0.0,0.0,0.0,0.0,0.9998280323522726,0.9999945167951672,0.0,0.0,0.0,0.0,0.0,0.0,1.192240617342577e-07,1.192240617342577e-07,3.57605976830655e-07,1.192240617342577e-07,0.006098274874918652,0.0
0.0,0.0,2.145812430742744e-06,0.0,1.6689054689322802e-06,0.0,0.0,0.0,0.0,0.0,0.0,0.9999710325276437,0.9999998807761656,0.00016541473101294724,0.0,0.0,0.0,0.0,0.0,0.0,0.0,0.0,0.9999856950776103,0.9999992847883448,2.384476545103098e-07
0.0,0.0,1.8357687601944228e-05,0.0,0.9999840248313399,0.0,0.0,0.0,0.0,0.0,0.0,1.192240617342577e-07,4.768950248035253e-07,0.0,0.0,0.0,0.0,0.0,0.0,0.0,0.0006513816027727826,0.0,3.57605976830655e-07,0.9999998807761656,0.0
3.123544581096205e-05,3.57605976830655e-07,2.8967472356256074e-05,0.0,0.9939018431448113,0.0,0.0,0.0,0.0,0.0,0.0,5.960258064874324e-07,0.0,0.0,0.0,0.0,0.0,1.5379635408985237e-05,0.0,0.0,0.00017697202212085816,0.0,0.00016886985470865312,0.9999849793557923,0.0
0.0,0.0,0.9998362532262174,0.0,0.9999097706422768,0.0,1.5496499871092695e-06,1.192240617342577e-07,0.0,0.0,0.0,1.192240617342577e-07,0.0,0.0,0.0,0.0,0.0,0.0,0.0,0.0,0.9999655484685032,0.0,1.192240617342577e-07,0.9999996423941084,0.0
0.0,0.9999839057203667,1.8715119215362286e-05,0.0,0.93046099592785,0.0,0.0,0.0,0.0,0.0,0.0,2.384476545103098e-07,0.0,0.0,0.0,0.0,0.0,0.0,0.0,0.0,2.9800638619015274e-06,0.0,0.0,0.0008106515754814358,0.0
0.0,0.9908749408039841,0.0,0.0,5.72159797485039e-06,0.0,0.0,0.0,0.0,0.0,0.0,0.06953900407215008,0.05340331125607516,0.0,0.0,0.00012765440657003246,0.0,0.0,0.0,0.0,0.0,0.0,5.364017562903278e-06,0.00013158461721241022,0.0
0.0,0.0011072434172519907,0.9998941552834424,0.0,1.5496499871092695e-06,0.0,0.0,0.0,0.0,0.0,0.0,0.9998362532262174,0.00159777186280452,2.384476545103098e-07,0.0,0.0,0.0,0.0,0.0,0.0,5.960016525530243e-06,0.0,0.718568960834139,1.192240617342577e-07,0.0
0.0,7.283286286974278e-05,0.0002103408567931675,0.0,7.987616003735099e-06,0.0,0.0,0.0,0.0,0.0,0.0,0.9998413760424018,0.9999850986506086,0.0,0.0,0.0,0.0,0.0,0.0,0.0,8.344533100057561e-07,0.0,0.4532559644111318,0.8080685093360475,0.0
0.0,1.192240617342577e-07,0.0,0.0,1.192240617342577e-07,0.0,0.0,0.0,0.0,0.0,0.0,3.0997237916330356e-05,0.0,8.344533100057561e-07,0.0,0.00013575319796577112,0.0,0.0,0.0,0.0,0.0,0.0,0.0,0.0,0.0
0.0,0.9946561077252192,0.0,0.0,7.152118257636175e-07,0.0,0.0,0.0,0.0,0.0,0.0,0.9999908211141867,0.9999986887770048,1.192240617342577e-07,0.0,9.537902768697037e-07,0.0,0.0,0.0,4.768950248035253e-07,0.0,0.0,2.384476545103098e-07,5.960016525530243e-06,0.0
0.0,0.0,0.0,0.0,0.0,0.0,0.0,0.0,0.0,0.0,0.0,0.9999998807761656,0.9999997615523455,1.192051257703497e-06,0.0,0.0,0.0,0.0,0.0,0.0,0.0,0.0,2.6224444984457307e-06,0.999862102899809,0.0
0.0,1.3112231088685533e-06,0.999993563070601,0.0,0.9539667363288147,0.0,1.192240617342577e-07,0.0,0.0,0.0,0.0,0.0002780371189109454,0.0,0.0,0.0,0.0,0.0,0.0,0.0,0.0,6.043909499997557e-05,0.0,8.344533100057561e-07,0.9999997615523455,0.0
0.0,7.391056640604354e-06,1.0728006353044606e-05,0.0,1.192240617342577e-07,0.0,0.0,0.0,0.0,0.0,0.0,0.9999959466272526,2.741637097347649e-06,2.02668910964654e-06,0.0,0.0,0.0,0.0,0.0,0.0,0.0,0.0,0.0,0.0,0.0
0.0,0.0,2.6224444984457307e-06,0.0,0.0,0.0,0.0,0.0,0.0,0.0,0.0,0.9999920123837689,1.192240617342577e-07,6.556172929328419e-06,0.0,0.0,0.0,0.0,0.0,0.0,0.0,0.0,0.0,0.00018007008102249866,1.931087080087046e-05
0.0,3.57605976830655e-07,2.384476545103098e-07,0.0,1.192240617342577e-07,0.0,0.0,0.0,0.0,0.0,0.0,0.00023811707072995958,5.960258064874324e-07,0.0,0.0,1.192240617342577e-07,0.0,0.0,0.0,0.0,0.0,0.0,0.0,4.768950248035253e-07,0.0
0.0,0.9999508902782738,0.0,0.0,3.57605976830655e-07,0.0,0.0,0.0,0.0,0.0,0.0,0.00030090258775972156,0.9997344667072023,0.0,0.0,0.0,0.0,0.0,0.0,0.0,0.0,0.0,0.0,0.0,0.0
0.0,0.622453143582554,3.815155876552012e-06,0.0,0.9996898078643286,0.0,0.0,0.0,0.0,0.0,0.0,2.384476545103098e-07,1.192240617342577e-07,0.0,0.0,1.192240617342577e-07,0.0,0.0,0.0,0.0,8.344533100057561e-07,0.0,0.9999977350503925,4.51758803514668e-05,0.0
0.0,0.0,0.9999294305252449,0.0,0.9937095834295533,0.0,0.0,0.0,0.0,0.0,0.9999107240636664,1.192240617342577e-07,0.9999976158993602,3.57605976830655e-07,0.0,0.0,0.0,0.0,0.0,1.192240617342577e-07,0.00011085240495112281,2.5032657550161375e-06,0.9999998807761656,0.9999979733108904,1.788187994011814e-06
0.0,0.0,1.192240617342577e-07,0.0,1.192240617342577e-07,0.0,0.0,0.0,0.0,0.0,0.0,0.0001337284408486905,0.9999691218619597,0.0,0.0,0.0,0.0,0.0,0.0,1.192240617342577e-07,0.0,0.0,0.0,1.192240617342577e-07,0.0
0.0,2.157507887545762e-05,4.410745809479977e-06,0.0,0.0019417500929166387,0.0,1.192240617342577e-07,0.0,0.0,0.0,0.0,1.192051257703497e-06,0.9999996423941084,0.0,0.0,1.192240617342577e-07,0.0,0.0,0.0,0.6926592602547932,2.4793611416273897e-05,0.0,2.384476545103098e-07,0.9999831910220843,0.0
0.0,0.0,0.9996015434540954,0.0,0.9999984503497855,0.0,2.384476545103098e-07,0.0,0.0,0.0,0.0,3.57605976830655e-07,1.192240617342577e-07,0.0,0.0,1.192051257703497e-06,0.0,0.0,0.0,0.0,0.9996316824153888,0.0,7.152118257636175e-07,0.9999996423941084,0.0
0.0,0.0,3.6956766884532755e-06,0.0,0.00021010247333130838,0.0,2.3841004124225407e-06,1.192240617342577e-07,0.0,0.0,0.0,0.0,0.0,0.0,0.0,1.192240617342577e-07,0.0,2.384476545103098e-07,0.0,1.192240617342577e-07,0.051845559225411786,0.0,0.0,0.9998908168873548,0.0
0.0,3.57605976830655e-07,0.0,0.0,0.9999961848443508,0.0,3.57605976830655e-07,1.192240617342577e-07,0.0,0.0,0.0,0.0,0.0,0.0,0.0,0.0,0.0,0.0,0.0,0.0,0.8991200090138958,0.0,0.9971987223664822,0.9999998807761656,0.0
0.0,0.0,0.0,0.0,0.9999943976015448,0.0,1.192240617342577e-07,0.0,0.0,0.0,0.0,1.192240617342577e-07,0.0,0.0,0.0,0.0,0.0,0.0,0.0,0.0,0.003377072394426084,0.0,0.9995044437923097,1.0,0.0
0.0,0.0,1.3112231088685533e-06,0.0,0.9999996423941084,0.0,9.537902768697037e-07,0.0,0.0,0.0,0.0,0.0,0.0,0.0,0.0,0.0,0.0,0.0,0.0,0.0,0.9688552921570641,0.0,3.57605976830655e-07,0.9999969007019724,0.0
0.0,2.0740831361387713e-05,0.0002963769841529684,0.0,0.9999686454507177,0.0,0.0,0.0,0.0,0.0,0.0,0.9996170302429048,1.5496499871092695e-06,0.0,0.0,0.0,0.0,0.0,0.0,0.0,9.893798219806627e-06,0.0,0.999742564156203,4.768950248035253e-07,0.0
0.0,7.152118257636175e-07,4.768950248035253e-07,0.0,3.218546048677773e-06,0.0,0.0,0.0,0.0,0.0,0.0,0.0002826815444781916,0.9997931157098763,0.0,0.0,0.0,0.0,0.0,0.0,3.57605976830655e-07,3.57605976830655e-07,0.0,2.8013277710181583e-05,2.384476545103098e-07,0.0
0.0,0.9999641189204349,0.9998982086841952,0.0,1.1919997756737466e-05,0.0,1.0729066772796614e-06,0.0,0.0,0.0,0.0,0.983085268656842,2.6224444984457307e-06,0.0,1.192240617342577e-07,0.0,0.0,0.0,0.0,1.3112231088685533e-06,0.9525746196383702,0.0,8.344533100057561e-07,1.192240617342577e-07,0.0
0.0,0.012052339875561868,4.076622494186832e-05,0.0,0.0,0.0,0.0,0.0,0.0,0.0,0.0,2.6224444984457307e-06,7.391056640604354e-06,0.0,0.0,0.0,0.0,0.0,0.0,0.0,2.384476545103098e-07,0.0,0.000289112379750156,1.192240617342577e-07,0.0
0.0,0.0,6.436929626318921e-06,0.0,3.57605976830655e-07,0.0,0.0,0.0,0.0,0.0,0.0,0.9995728313735427,0.9999825953950986,0.0,5.960258064874324e-07,0.0,0.0,0.0,0.0,0.0003516411870035929,0.0,0.0,0.0,0.0004957943333275816,0.0
0.0,0.0,0.00018018923996765412,0.0,0.0,0.0,0.0,0.0,0.0,0.0,0.0,0.9998464986083896,0.9998413760424018,0.9982451723773765,0.0,7.152118257636175e-07,0.0,0.0,0.0,0.0,0.0,0.0,0.004610140324168177,5.125661624805211e-06,0.47657764052244467
0.0,0.0,7.152118257636175e-07,0.0,0.0,0.0,0.0,0.0,0.0,0.0,0.0,0.9999573270262083,1.192240617342577e-07,0.0,1.192240617342577e-07,0.0,0.0,0.0,0.0,0.0,0.0,0.0,1.192240617342577e-07,1.192240617342577e-07,0.0
0.0,0.9999890336203998,1.3112231088685533e-06,0.0,3.4451531269463764e-05,0.0,0.0,0.0,0.0,0.0,0.0,4.0170406333750464e-05,0.0,0.0,0.0,1.9787498552359395e-05,0.0,0.0,0.0,0.0,0.0,0.0,0.0004308620635508076,0.0,0.0
0.0,0.0,0.0002006865684666126,0.0,9.537902768697037e-07,0.0,0.0,0.0,0.0,0.0,0.0,1.192240617342577e-07,0.9985675407153003,0.9944445537975787,0.0,0.011685876036469756,0.0,0.0,0.0,0.0,3.57605976830655e-07,0.0,0.0,4.768950248035253e-07,0.056653027233859676
0.0,2.4793611416273897e-05,2.3601429135045038e-05,0.0,1.9075798713963366e-06,0.0,2.384476545103098e-07,0.0,0.0,0.0,0.0,2.384476545103098e-07,3.57605976830655e-07,0.0,1.192240617342577e-07,0.0,0.0,0.0,0.0,0.0,1.0847190710094878e-05,0.0,3.57605976830655e-07,0.0,0.0
0.0,0.0,0.0,2.384476545103098e-07,5.018272645451738e-05,0.0,1.192240617342577e-07,0.0,0.0,0.0,1.192240617342577e-07,0.0,1.192240617342577e-07,0.0,2.264949380159642e-06,0.0,1.192240617342577e-07,0.8706022976921723,0.0,0.0,1.9075798713963366e-06,0.0,0.0,1.192240617342577e-07,0.0
0.0,0.00022714870097861883,0.0,0.0,7.868505883856791e-06,0.0,0.0,0.0,0.0,0.0,0.0,0.9999995231047478,0.0,1.192240617342577e-07,0.0,0.0222886818273913,0.0,0.0,0.0,0.0,0.0,0.0,0.0,0.0,0.0
0.0,0.9999978541875693,0.0,0.0,8.344533100057561e-07,0.0,4.768950248035253e-07,0.0,0.0,0.0,0.0,0.9991441163023003,0.0,9.785750366497759e-05,0.0,0.0,0.0,3.4570836574543407e-06,0.0,0.0,2.384476545103098e-07,0.0,0.0,0.0,0.0
0.0,0.010327137596740088,1.192240617342577e-07,0.0,0.9603620867832604,0.0,0.0004693479945557799,0.0,0.0,0.0,0.0,2.2528597331983313e-05,0.0007182806784082896,0.0,0.0,0.0,0.7663439730177982,0.0010650134594127891,0.0,5.423688595140863e-05,0.9988662310718581,0.0,0.0,0.9995692570652919,0.0
0.0,0.055005973754467585,2.384476545103098e-07,1.192240617342577e-07,0.7058035809603571,0.0,1.0728006353044606e-05,0.0,0.0,0.0,0.0,0.0,5.602398682524878e-06,0.0,1.192240617342577e-07,1.192240617342577e-07,0.00015183364730120275,0.988669508690979,0.0,1.3112231088685533e-06,0.9997655789262221,0.0,0.0,0.0,0.0
0.0,1.192240617342577e-07,1.192240617342577e-07,0.2018228565043506,6.794679274113591e-06,0.0,8.344533100057561e-07,1.192240617342577e-07,0.0,0.0,0.0,0.0,0.0,0.0,0.0,1.5496499871092695e-06,0.9990167215298205,0.9994587310659294,0.0,1.192240617342577e-07,1.4304922389740682e-05,0.0,0.0,0.0,8.344964695150558e-06
0.0,0.004610022127957691,4.768950248035253e-07,0.0,1.192240617342577e-07,0.0,2.384476545103098e-07,0.0,0.0,0.0,0.0,2.82518169076873e-05,0.3775303558323534,0.0,0.0,0.00012384343389482133,0.0,0.0,0.0,0.0,3.57605976830655e-07,0.0,1.192240617342577e-07,0.0,0.0
0.0,4.5652670617180036e-05,2.384476545103098e-07,0.0,1.8357687601944228e-05,0.0,0.0,0.0,0.0,0.0,0.0,0.9984987224270754,0.0,0.0,0.0,0.0,0.0,0.0,0.0,0.0,5.960258064874324e-07,0.0,0.0,0.0003355611724407126,0.0
0.0,2.384476545103098e-07,5.960258064874324e-07,0.0,0.02096625854505796,0.0,0.0,0.0,0.0,0.0,0.0,0.2689435566902596,0.9999998807761656,0.0,0.0,0.0,0.0,0.0,0.0,2.6224444984457307e-06,1.5496499871092695e-06,2.384476545103098e-07,0.9999918932709349,0.9999998807761656,0.0
0.0,1.0729066772796614e-06,0.9999108432332193,0.0,0.00015886220715632948,0.0,2.384476545103098e-07,1.192240617342577e-07,0.0,0.0,0.0,0.0,0.0,0.0,1.192240617342577e-07,0.0,1.192240617342577e-07,4.88733132308905e-06,0.0,0.0,0.9820131724351532,0.0,1.6689054689322802e-06,0.0,0.0
0.0,0.0,3.5763732452176455e-06,0.0,5.960258064874324e-07,0.0,1.0729066772796614e-06,0.0,0.0,0.0,0.0,0.0,0.0,0.0,1.0489645781874835e-05,0.0,0.0,0.0,1.192240617342577e-07,0.0,0.0007735130375761123,0.0,0.0,0.0,0.0
0.0,0.0,0.0,1.192240617342577e-07,1.192240617342577e-07,0.0,0.00038761573165346785,0.0,0.0,0.0,0.0,0.0,0.0,0.0,0.0,0.0,0.0,1.192240617342577e-07,0.20181082543578077,1.192051257703497e-06,2.288619570722794e-05,0.0,0.0,0.0,0.0
0.0,1.192240617342577e-07,0.9993950438187351,0.0,2.384476545103098e-07,3.57605976830655e-07,2.384476545103098e-07,0.0,0.0,0.0,0.0,0.0,0.0,1.1204765295924624e-05,0.9999991655469742,0.0,0.0,0.0,1.3112231088685533e-06,0.0,1.192240617342577e-07,0.0,4.0533725200742055e-06,0.9999554200809145,0.001169569948188398
0.0,0.9999237122389276,1.192240617342577e-07,0.0,6.913942543262941e-06,0.0,1.192240617342577e-07,0.0,0.0,0.0,0.0,2.6582173885847382e-05,3.337807925274383e-06,1.633250494759153e-05,1.192240617342577e-07,0.0013251106394206458,0.0,0.0,0.0,0.0,6.317691993329433e-06,0.0,5.125661624805211e-06,1.192240617342577e-07,2.384476545103098e-07
0.0,1.192240617342577e-07,0.0006592381522281254,0.0,0.9995270772659912,0.0,1.192240617342577e-07,0.0,0.0,0.0,0.0,3.57605976830655e-07,0.9999998807761656,1.192240617342577e-07,0.0,1.0729066772796614e-06,0.0,0.0,0.0,3.3975038059685936e-05,0.8991198147439,0.0,3.183097098347076e-05,0.9999994039743072,0.0
0.0,1.192240617342577e-07,3.337807925274383e-06,0.0,1.8595974221602418e-05,0.0,0.0,0.0,0.0,0.0,0.0,1.192240617342577e-07,0.9999822380008879,1.192240617342577e-07,0.0,0.0,0.0,0.0,0.0,1.4304229126738122e-06,7.152118257636175e-07,1.0729066772796614e-06,2.1932638711641417e-05,0.9999834292602452,0.0
0.0,1.192240617342577e-07,3.218546048677773e-06,0.0,0.9999997615523455,0.0,1.192051257703497e-06,0.0,0.0,0.0,0.0,8.344533100057561e-07,0.9984021095835267,0.0,0.0,0.0015012775729248418,0.0,0.0,0.0,0.0,0.9997173184552947,0.0,0.002397098956814059,0.999998927093209,0.0
0.0,1.192240617342577e-07,0.0,0.0,5.602398682524878e-06,0.0,0.0,0.0,0.0,0.0,0.0,0.9999432586246728,0.999998927093209,0.0,0.0,0.0,0.0,0.0,0.0,0.0,0.0,0.0,0.0,0.0003409210700356935,0.0
0.0,0.9998802038046474,8.30792392091384e-05,0.0,0.0028012776335177847,0.0,0.0,0.0,0.0,0.0,0.0,2.384476545103098e-07,1.6689054689322802e-06,0.0,0.0,0.0,0.0,0.0,0.0,0.0,0.001244849731852904,1.192240617342577e-07,0.9966231649869802,0.0,0.0
0.0,4.768950248035253e-07,0.7431599307124859,0.0,0.05033045967186811,0.0,0.0,0.0,0.0,0.0,0.0,1.192240617342577e-07,2.527052758549697e-05,0.0,0.0,0.0,0.0,0.0,0.0,0.0,0.0011159268357059382,2.384476545103098e-07,0.9998855703007735,8.30792392091384e-05,0.0
0.0,0.0,1.192240617342577e-07,0.0,0.002019036087723247,0.0,0.0,0.0,0.0,0.0,0.0,1.4304229126738122e-06,0.9999948743383752,0.0,0.0,0.0,0.0,0.0,0.0,0.0,0.0,8.344533100057561e-07,0.00012801168339815483,0.9999996423941084,0.0
0.0,0.0,5.2925152240423934e-05,0.0,2.9325322852602476e-05,0.0,0.0,0.0,0.0,0.0,0.9999108432332193,0.0,0.006488949519545262,4.076622494186832e-05,0.0,0.0,0.0,0.0,0.0,0.0,1.6689054689322802e-06,0.0,0.9999990462097231,0.9976765074377746,0.9173092477058759
0.0,7.390504207283044e-05,0.0005318645398553201,0.0,2.860843551943937e-06,0.0,0.0,0.0,0.0,0.0,0.0,0.9496698693430984,0.9998785340865076,0.0,0.0,3.57605976830655e-07,0.0,0.0,0.0,0.0,3.815155876552012e-06,0.0,9.537902768697037e-07,1.192240617342577e-07,0.0
0.0,2.02668910964654e-06,0.9990224328484424,0.0,0.00023811707072995958,0.0,0.0,0.0,0.0,0.0,0.0,0.9998363723723454,7.30711258225547e-05,0.0,0.0,0.0,0.0,0.0,0.0,0.0,0.9525748396526488,0.0,0.00047316106866868157,1.5496499871092695e-06,0.0
0.0,2.741637097347649e-06,0.000767680355036493,0.0,0.0005173412607735184,0.0,2.384476545103098e-07,0.0,0.0,0.0,0.0,3.171186393102765e-05,2.5032657550161375e-06,0.0,0.0,0.001169569948188398,0.0,0.0,0.0,0.0,0.0003655778537278165,0.0,6.497107733394181e-05,0.0,0.0
0.0,0.002217090092961005,0.2942593946615384,0.0,0.0002036661836238851,0.0,0.0,0.0,0.0,0.0,0.0,6.317691993329433e-06,0.0,0.0,0.0,0.0,3.57605976830655e-07,0.0,0.0,0.0,5.364017562903278e-06,0.0,0.0,0.0001946084309597529,0.0
0.0,0.9997173184552947,0.9987154342513564,0.0,2.02668910964654e-06,0.0,1.192240617342577e-07,0.0,0.0,0.0,0.0,2.062165932470439e-05,3.57605976830655e-07,0.0,0.0,0.0,0.0,0.0,0.0,0.0,0.20182277324798237,0.0,2.384476545103098e-07,0.0,0.0
0.0,0.0,2.789401172809125e-05,0.0,0.9924223351220498,0.0,0.999717080278714,0.9999930860574567,0.0,0.0,2.384476545103098e-07,3.815155876552012e-06,0.0,0.0,0.0,0.0,0.0,0.0,0.0,0.0,0.9999995231047478,0.0,1.192240617342577e-07,0.9999438549612397,0.0
0.0,0.0,0.0005932902104892612,0.0,0.977711434724665,0.0,6.436929626318921e-06,0.027586291196228352,0.0,0.0,1.192240617342577e-07,0.0,0.0,0.0,3.57605976830655e-07,0.0,0.0,0.0,0.0,0.0,0.9999817614542512,0.0,1.192240617342577e-07,0.9998576958295177,0.0
0.0,7.116509313687125e-05,1.192240617342577e-07,0.0,0.0003409210700356935,0.0,0.0,0.0,0.0,0.0,0.0,0.0,0.0,0.0,0.0,0.0,0.0,0.0,0.0,0.0,5.960258064874324e-07,0.0,0.0,0.9999994039743072,0.0
0.0,0.0,0.9999910593932734,0.0,0.9914225150549879,3.57605976830655e-07,3.57605976830655e-07,0.0,0.0,0.0,0.0,0.0,0.0,5.960258064874324e-07,0.0,0.9999960657392052,0.0,0.0,0.0,0.0,0.9985895313490935,0.0,0.0,0.0,0.0022702956496613025
0.0,0.0,0.9999973775557289,0.0,0.0008043427723171126,0.0,1.192240617342577e-07,0.9999995231047478,0.0,0.0,0.0,1.192240617342577e-07,0.0,0.9991704222547048,0.0,0.0,0.0,2.384476545103098e-07,0.0,0.0,0.9999654293469983,0.0,0.0,0.0,0.6653753008556268
0.0,0.0,0.0009625339623798856,0.0,1.192240617342577e-07,0.0,1.192240617342577e-07,0.0,0.0,0.0,0.0,4.768950248035253e-07,0.0,0.0,0.0,0.0,0.0,0.0,0.0,0.0,8.344533100057561e-07,0.0,0.0,0.0,0.0
0.0,0.0,0.9875693340152569,0.0,1.192240617342577e-07,0.011685992012033686,0.0,0.0,0.0,0.0,0.0,0.0,0.0,0.0,5.602398682524878e-06,0.0,0.0,0.0,1.192240617342577e-07,0.0,2.7536219380341898e-05,0.0,0.0,0.0,0.0
0.0,0.0,0.0,0.0,0.9966231649869802,0.0,1.3112231088685533e-06,0.0,0.0,0.0,0.0,0.0,0.0,0.0,0.0,0.9999998807761656,0.0,1.192240617342577e-07,0.0,0.0,3.05208374177246e-05,0.0,0.0,0.0,0.0
0.0,1.192240617342577e-07,0.6992736776872388,0.0,0.9999970199361381,0.0,1.6689054689322802e-06,0.0,0.0,0.0,0.0,1.192240617342577e-07,0.0,0.0,0.0,0.9999998807761656,0.0,0.0,0.0,0.0,0.9998928438080787,0.0,0.9999969007019724,0.0,0.0
0.0,0.9999995231047478,1.716635028436997e-05,0.0,9.774639442183819e-06,0.0,0.0,0.0,0.0,0.0,0.0,8.105358945853514e-05,0.0,0.0,0.0,4.768950248035253e-07,0.0,0.0,0.0,0.0,5.340213843463282e-05,0.0,4.1957922936264325e-05,0.0,0.0
0.0,0.9999997615523455,0.9999939207644434,0.0,0.9465964825582156,0.0,0.0,0.0,0.0,0.0,0.0,9.655482241965885e-06,7.391056640604354e-06,0.0,0.0,0.9989830500927664,0.0,0.0,0.0,0.0,2.384476545103098e-07,0.0,0.9999996423941084,0.0,3.57605976830655e-07
0.0,0.9916839592744818,0.0016359120167934726,0.0,0.9999992847883448,0.0,1.9191716555955196e-05,3.57605976830655e-07,1.192240617342577e-07,0.0,0.0,0.0,0.0,0.0,0.0,0.0,0.0,0.0,0.0,0.0,0.9998766329223704,0.0,0.9999994039743072,0.0,0.0
0.0,0.0,0.9999619743820751,0.0,0.9999793783406753,0.0,0.9998941552834424,0.9999283584090937,0.0,0.0,0.0,0.0,0.0,0.0,2.3841004124225407e-06,0.0,0.0,0.0,0.0,0.0,0.9999992847883448,7.152118257636175e-07,0.9073156256578632,0.0,0.0
0.0,0.9999543473293828,0.0,0.0,0.9999887952344767,0.0,0.9449942480295294,0.0,0.0,0.0002826815444781916,0.0,8.10672906514931e-06,0.0,0.0,0.0,0.0,0.0,0.0,0.0,0.0,0.9998463794756046,2.384476545103098e-07,3.57605976830655e-07,0.0,0.0
0.0,0.0,0.0001668444226300414,0.0,0.9996288234976448,0.0,0.9977653319902164,0.0,1.192240617342577e-07,0.04885761735696148,0.0,0.0,0.0,0.0,0.0,0.0,0.0,0.0,2.384476545103098e-07,0.0,0.9999959466272526,0.0,1.192240617342577e-07,0.0,0.0
0.0,0.0,0.0,0.0,0.0,0.0,3.57605976830655e-07,0.0,0.0,0.0,0.0,0.0,0.0,0.0,0.0,0.0,0.0,2.384476545103098e-07,0.0,0.0,3.57605976830655e-07,0.0,0.0,0.0,0.0
0.0,3.57605976830655e-07,0.0,0.0,0.999970555391555,0.0,0.3923472830128282,0.0,0.0,0.9998924861240187,0.0,1.192240617342577e-07,0.0,0.0,0.0,0.0,0.0,0.0,0.0,0.0,0.9999959466272526,0.0,0.0007675613535804704,0.0,0.0
0.0,0.0,0.9955309347550964,0.0,0.7549579625824894,0.0,0.00021343997597533804,0.0,0.0,0.00010417561982445367,1.192240617342577e-07,0.0,1.192240617342577e-07,0.0,2.384476545103098e-07,0.0,0.0,0.0,0.0,0.0,0.9999945167951672,1.037046934038166e-05,3.57605976830655e-07,0.0,0.0
0.0,0.0,0.9999357435571972,0.0,0.9997834608269291,0.0,0.9980876963051754,0.03308636806601295,0.0,0.0,0.0,0.0,0.0,0.0,0.0,0.9984267064478176,0.0,0.0003967886865197112,0.0,0.0,0.9999680499178857,0.0,0.0,0.0,0.0
0.0,0.9995271963898211,0.0,0.0,3.57605976830655e-07,0.0,0.0,0.0,0.0,0.0,0.0,2.384476545103098e-07,0.0,0.0,0.0,5.960258064874324e-07,0.0,0.0,0.0,0.0,1.192240617342577e-07,0.0,0.0,5.960258064874324e-07,0.0
0.0,0.0,9.537902768697037e-07,0.0,0.9997519712502388,0.0,1.3231550839210016e-05,0.0,0.0,0.0,0.0,0.0,0.0,0.0,0.0,0.0,0.0,1.192240617342577e-07,0.0,0.0,0.9998555517667413,0.0,0.0,0.0,0.0
0.0,0.9999710325276437,0.0,0.0,0.9998437586597748,0.0,5.960016525530243e-06,0.0,0.0,2.3124599479285024e-05,0.0,0.0,0.0,0.0,0.0,3.337807925274383e-06,0.0,0.0,0.0,0.0,0.0001358723037655496,0.0,0.0,0.0,0.0
0.0,0.9999849793557923,0.0,0.0,8.464086581505548e-06,0.0,0.0,0.0,0.0,0.0,0.0,0.0,0.0,0.0,0.0,0.0,0.0,0.0,0.0,0.0,0.0002167775690921081,0.0,0.0,0.0,0.0
0.0,0.001048358307731978,0.0,0.0,7.056947475514441e-05,0.0,0.0,0.0,0.0,0.0,0.0,0.0,0.0,0.0,0.0,0.0,0.0,0.0,0.0,0.0,1.6451621562496577e-05,0.0,0.0,0.0,0.0
0.0,0.9999691218619597,0.0,0.0,0.004199083564814465,0.0,0.0,0.0,0.0,0.0,0.0,0.0,0.0,0.0,0.0,1.192240617342577e-07,0.0,2.02668910964654e-06,0.0,0.0,5.960258064874324e-07,0.0,0.0,0.0,0.0
1.192240617342577e-07,1.847682898625802e-05,0.0,0.0,0.9999990462097231,0.0,2.384476545103098e-07,0.0,0.0,0.9999996423941084,0.0,0.0,0.0,0.0,0.0,0.0,0.0,0.0,0.0,0.0,0.0012844469250107293,0.0,0.0826908548116243,0.0,0.0
0.0,2.5032657550161375e-06,1.633250494759153e-05,0.0,0.9999969007019724,0.0,0.00048197901228574924,0.0,1.192240617342577e-07,0.999993682308234,0.0,1.192240617342577e-07,0.0,0.0,0.0,0.0,1.192240617342577e-07,0.0006989967094358507,0.0,0.0004271686262300456,0.9999680499178857,1.0251296977292768e-05,0.9999990462097231,0.0,0.0
0.0,2.384476545103098e-07,0.0,0.0,0.999768440242783,0.0,2.384476545103098e-07,0.0,0.0,0.0,0.0,0.0,0.0,0.0,0.0,0.0,0.0,0.0,0.0,0.0,1.0729066772796614e-06,0.0,0.9998837815455575,6.211260821820108e-05,3.57605976830655e-07
0.0018823803723038157,0.0,0.0,0.0,0.9992563646830451,0.0,2.3124599479285024e-05,0.0,1.5020643980290238e-05,0.9999998807761656,0.0,0.0,0.0,0.0,0.0,0.0,0.0,0.0,0.0,0.0,0.9950940242491434,0.0,7.152118257636175e-07,0.0,0.0
0.0,0.0,1.8595974221602418e-05,0.0,0.9998230279778791,0.0,0.8266921841242363,0.0,1.1681574487942825e-05,0.9999964236267548,0.0,0.0,0.0,0.0,0.0,0.0,0.0,0.0,0.0,2.384476545103098e-07,0.999984620364591,1.192240617342577e-07,0.0,0.0,0.0
0.0,0.0,0.0,0.0,0.999946955604998,0.0,0.9999896295304322,0.0,4.768950248035253e-07,0.9986328028141,0.0,0.0,0.0,0.0,0.0,0.0,0.0,0.0,0.0,0.0,0.9999948743383752,0.0,0.0,0.0,0.0
0.0,0.0,0.0,0.0,0.9999945167951672,0.0,2.384476545103098e-07,0.0,0.06009517262532682,0.0,0.0,0.0,0.0,0.0,0.0,0.0,0.0,0.0,0.0,0.0,0.0005360310304650673,0.0,2.6224444984457307e-06,0.0,0.0
0.0,0.999472540027983,0.00041799478625448305,0.0,0.9669139669229847,0.0,0.7879590715956507,0.0,0.0,0.0,0.9999941591956986,5.960258064874324e-07,0.0,0.0,1.192240617342577e-07,0.0,1.192240617342577e-07,0.0002006865684666126,0.0,0.0,0.9997703477480606,0.0,7.868505883856791e-06,0.0,0.0
0.0,0.0,0.0,0.009125410792199418,0.9999662632051062,0.0,0.0007793457442316631,0.0,0.0,0.35575557918282696,0.0,0.0,0.0,0.0,0.0,0.0,0.0,0.9953898596758319,0.0,1.192240617342577e-07,0.9985449567813788,1.192240617342577e-07,0.0,0.0,0.0
0.0,0.9999686454507177,8.344533100057561e-07,0.0,0.99975747139791,0.0,1.108557052253989e-05,0.0,0.0,0.9983895144745639,0.0,5.244817968785842e-05,0.0,0.0,0.0,0.0,0.0,0.0,0.3208197410822638,0.0,0.9998439969247344,1.192240617342577e-07,0.9947792628182198,0.0007497060891200613,0.0
0.0,0.0,3.4570836574543407e-06,0.0,0.9989678214743193,0.0,3.93426102218708e-06,0.0,0.0,0.999993563070601,0.0,0.0,0.0,0.0,0.0,0.0,0.0,1.192240617342577e-07,0.0,0.0,0.9999529169060649,0.32082484569102543,3.4570836574543407e-06,0.0,0.0
0.0,0.0,0.0,0.0,0.9996849247791422,0.0,5.817266676022559e-05,0.0,0.0,0.9999967814539513,0.0,0.0,0.0,0.0,0.0,0.0,0.0,0.0,0.0,0.0,0.09008824372417312,0.0,0.0,0.0,0.0
0.0,0.0,0.0,0.0,7.747916550560063e-05,0.0,5.6622103676851054e-05,0.0,0.0,0.9998684153830149,0.0,0.0,0.0,0.0,1.192240617342577e-07,0.0,0.0,4.768175814184872e-06,0.0,0.0,3.5047160706458413e-05,1.192240617342577e-07,6.436929626318921e-06,0.0,0.0
0.0,0.0,0.0,0.0,0.9985896502739979,0.0,1.192240617342577e-07,0.0,0.0,1.192240617342577e-07,4.768950248035253e-07,0.0,0.0,0.0,0.0,0.0,0.0,0.0,0.0,0.0,0.2942593946615384,0.0,2.384476545103098e-07,0.0,0.0
0.0,0.0,0.0,0.0,0.002397098956814059,0.0,0.0,0.0,0.0,0.0,1.5496499871092695e-06,0.0,0.0,0.0,0.0,0.0,0.0,0.0,0.0,1.192240617342577e-07,5.960258064874324e-07,0.0,0.0,0.0,0.0
0.0,4.9228939478229705e-05,0.0,0.0,0.9997962146168238,0.0,1.192240617342577e-07,0.0,0.0,3.671503797186837e-05,5.840804528811638e-06,3.57605976830655e-07,0.0,0.0,0.0,0.0,0.0,0.0,0.0,0.0,0.46879000231376955,1.4185645677788905e-05,1.192240617342577e-07,0.0,0.0
0.0,0.0,0.0,0.0,1.192240617342577e-07,0.0,0.0,0.0,0.0,1.192240617342577e-07,0.0,0.0,0.0,0.0,0.0,0.0,0.0,0.0,0.0,0.0,7.152118257636175e-07,0.0,0.0,0.0,0.0016106044262790276
0.0,0.0,8.940606499252546e-06,0.0,1.5496499871092695e-06,0.0,2.3841004124225407e-06,0.0,0.0,0.008847473560769314,0.0,0.0,0.0,0.0,0.0,0.0,1.5020643980290238e-05,1.6689054689322802e-06,0.0,0.0,0.00019413172990434546,0.0,0.0,0.0,0.0
0.0,0.0,0.0,0.0,0.9990452027935799,0.0,0.0,0.0,0.0,0.9999769946034228,0.0,0.0,0.0,0.0,0.0,0.0,0.0,3.57605976830655e-07,0.0,0.0,0.0007586337613454397,0.0,0.0,0.0,0.0
0.0,0.0,0.0,0.0,0.0005749578867083605,0.0,1.192051257703497e-06,0.0,0.0,0.00028720691935602005,0.0,0.0,0.0,0.0,0.0,0.0,0.0,1.192240617342577e-07,0.0,0.0,0.948154553803628,0.0,0.00013158461721241022,0.0,0.0
0.0,0.0,0.9919374352264482,0.0,0.9959296972914143,0.0,3.57605976830655e-07,0.0,0.0,0.0,0.0,0.0,0.0,0.0,5.960258064874324e-07,0.0,0.0,0.0,0.0,0.0,0.9965164337531587,0.0,0.0,2.384476545103098e-07,0.0
0.0,0.0,0.0005761482463562118,0.0,0.9997217247031749,0.0,0.0,0.0,0.0,1.192240617342577e-07,0.0,0.0,0.0,0.0,2.384476545103098e-07,0.0,0.0,0.0,0.0,0.0,5.960258064874324e-07,2.384476545103098e-07,0.9999202570689225,0.0,0.0
0.0,0.0,0.30739715786809774,0.0,6.235080801864079e-05,0.0,2.860843551943937e-06,0.0,0.0,0.0,0.0,0.0,0.0,0.0,0.0,0.0,0.0,0.0,0.0,0.0,0.9988664689875872,0.0,3.57605976830655e-07,0.0,0.0
0.0,0.0,4.148123322289532e-05,0.0,0.9999884376334162,0.0,0.9959294607708309,0.0,0.0,0.0,0.0,0.0,0.0,0.0,0.0,0.0,0.0,0.0,0.0,0.0,0.9999955892541905,0.0,0.0005817432432564384,0.0,0.0
0.0,0.0,0.006098274874918652,8.344533100057561e-07,0.9988664689875872,0.0,8.464086581505548e-06,0.0,0.0,0.0,0.0,0.0,0.0,0.0,2.205182718995058e-05,0.0,1.192240617342577e-07,0.00010262581194553366,0.0,0.0,0.9971100534230738,0.0,6.425644257546104e-05,3.57605976830655e-07,0.0
0.0,0.0,0.9946973916406734,0.0,0.9999151333465827,0.0,0.034100492823272543,0.999916205805046,0.0,0.0,0.0,0.0,0.0,0.0,0.0,0.9999995231047478,0.0,0.0,0.0,0.0,0.9999957083847452,0.0,0.9991766119433219,0.0,0.0
0.0,0.0,1.192240617342577e-07,0.0,0.9996946908569875,0.0,2.02668910964654e-06,0.0,0.0,0.0004207349846276909,2.145812430742744e-06,0.0,0.0,0.0,0.0,0.0,0.0,0.00015409702629376465,0.0,0.0,0.0005793624199772474,0.0,9.537902768697037e-07,0.0,0.0
0.0,0.0,4.768175814184872e-06,0.0,0.9669138552598994,0.0,2.384476545103098e-07,0.0,0.0,1.9075798713963366e-06,2.384476545103098e-07,0.0,0.0,0.0,0.0,0.0,0.0,1.192240617342577e-07,0.0,0.0,0.9989010833066813,0.0,1.4304922389740682e-05,0.9999862914267522,0.0
0.0,0.0,0.0,0.0,0.0,0.0,1.192240617342577e-07,0.0,0.0,0.0,0.0,0.0,0.0,0.0,0.0,0.0,0.0,0.9999986887770048,0.0,0.0,0.0,0.0,0.0,0.0,0.0
0.0,0.0,0.0001745889535650358,3.57605976830655e-07,3.57605976830655e-07,0.0,1.9075798713963366e-06,0.0,0.0,0.0,0.0,0.0,0.0,0.0,1.0729066772796614e-06,0.0,0.0,0.9999998807761656,0.0,0.0,0.0015731746466691732,0.0,0.0,3.4570836574543407e-06,8.10672906514931e-06
0.0,0.0,0.8633930623701292,0.0,2.9800638619015274e-06,0.0,3.337807925274383e-06,0.0,1.192240617342577e-07,0.0,0.0,0.0,0.0,0.0,0.0,0.0,0.0,1.0,0.0,0.0,0.9946145911675083,0.0,0.0,0.0,1.6689054689322802e-06
0.0,6.794679274113591e-06,1.192240617342577e-07,0.0,2.9800638619015274e-06,0.0,3.57605976830655e-07,0.0,0.0,0.0,0.0,0.0,0.0,0.0,0.0,0.0,0.0,0.9999997615523455,0.0,0.0,0.9902922342949564,0.0,0.0,0.0,0.0
0.0,2.264949380159642e-06,0.0,0.45326894499681336,0.0019269083134801912,0.0,0.0,0.0,0.0,0.0,0.0,0.0,0.0,0.0,0.0,0.0,2.3841004124225407e-06,0.9999991655469742,2.384476545103098e-07,1.192240617342577e-07,3.815155876552012e-06,0.0,0.0,0.0,0.0
0.0,0.0,0.0,0.6926031517495693,8.344533100057561e-07,0.0,0.0,0.0,0.0,0.0,0.0,0.0,0.0,1.192240617342577e-07,0.0,0.0,3.57605976830655e-07,0.9999995231047478,0.0,0.0,5.364017562903278e-06,0.0,0.0,0.0,4.768950248035253e-07
0.0,3.0992980275534876e-06,0.0,1.192240617342577e-07,2.3124599479285024e-05,0.0,8.344533100057561e-07,0.0,0.0,0.0,0.0,4.768950248035253e-07,0.0,0.0,0.0,0.0,3.57605976830655e-07,1.0,0.0,0.0,0.9976030199667262,0.0,0.0,5.960258064874324e-07,0.0
0.0,0.9825570263120877,1.192240617342577e-07,0.0,0.0003543808106162283,0.0,5.960258064874324e-07,0.0,2.384476545103098e-07,0.0,0.0,3.552368250814286e-05,1.192051257703497e-06,0.0,0.0,0.0,1.192240617342577e-07,0.9994002815633178,0.0,0.0,0.0012449686762402434,0.0,7.152118257636175e-07,0.3775467889068133,0.0
0.0,0.0,4.457991908546344e-05,0.0,0.00022381074989752392,0.0,8.344533100057561e-07,0.0,0.0,0.0,0.0,0.0,0.0,0.0,1.192240617342577e-07,0.0,0.0,0.999987006942147,0.0,0.0,0.0008296967391384635,0.0,1.0847190710094878e-05,0.0,0.0
0.0,0.0,0.12939788392960128,0.0,0.0027153117253372328,0.0,2.860843551943937e-06,1.192240617342577e-07,1.5496499871092695e-06,0.0,6.425644257546104e-05,0.0,0.0,0.0,0.9566347749107079,0.0,0.0,0.0003154325029985916,0.0,0.0,0.0006720942965955379,0.0,0.9999825953950986,0.0,0.0
0.0,0.0,2.9800638619015274e-06,0.0,0.9981324634517516,0.0,8.248345286088199e-05,0.0,0.0,0.0,2.384476545103098e-07,0.0,0.0,0.0,0.0,0.0,0.0,0.9999990462097231,0.0,0.0,0.999826006799628,0.0,5.00649341150794e-06,0.0,1.3112231088685533e-06
0.0,0.0,1.192240617342577e-07,0.0,0.9996540762738083,0.0,1.0729066772796614e-06,1.4304922389740682e-05,1.192240617342577e-07,0.0,0.0,0.0,0.0,0.0,0.0,1.0489645781874835e-05,0.0,0.9999856950776103,0.0,0.0,0.9284128700406008,0.0,1.4304229126738122e-06,1.192240617342577e-07,0.0
0.0,0.0,1.1800783969451167e-05,0.0,2.455516256849588e-05,0.0,2.02668910964654e-06,0.9999983310946448,0.0,0.0,0.0,0.0,0.0,0.0,0.0,0.5467312179417625,0.0,0.9996846865811845,0.0,0.0,0.9999769946034228,0.0,0.0,0.0,0.0
0.0,0.0,4.768175814184872e-06,0.0,2.3124599479285024e-05,0.0,0.9999529169060649,0.9999821188664811,0.0,0.0,0.0,0.0,0.0,0.0,0.0,0.0,0.0,0.9999945167951672,7.152118257636175e-07,0.0,0.999998569577201,0.0,0.0,0.0,3.6956766884532755e-06
0.0,1.8357687601944228e-05,4.768950248035253e-07,7.033211255169647e-06,0.0007489918926081307,0.0,1.192240617342577e-07,0.0,0.0,0.0,0.0,0.0,0.0,0.0,0.0,0.0,0.0,0.9999994039743072,0.0,0.0,1.0729066772796614e-06,0.0,0.0,0.9999691218619597,0.0
0.0,0.0,0.0,0.00013575319796577112,9.537902768697037e-07,0.0,2.9086756172413963e-05,0.0,0.0,2.384476545103098e-07,0.0,0.0,0.0,0.0,0.0,0.0,2.384476545103098e-07,0.9999997615523455,0.0,0.0,5.256741909587248e-05,0.0,0.0,5.960258064874324e-07,0.0
0.0,0.0,1.192240617342577e-07,0.0,0.0,0.0,3.57605976830655e-07,0.0,0.0,0.0,0.0,0.0,0.0,0.0,0.0,0.0,0.0,0.9999977350503925,0.0,0.0,2.384476545103098e-07,0.0,0.0,0.0,0.005555682370528281
0.0,0.0,1.192240617342577e-07,0.0,1.192240617342577e-07,0.0,1.192240617342577e-07,0.0,0.0,0.0,0.0,0.0,0.0,0.0,5.960258064874324e-07,0.0,0.0,0.9999997615523455,0.0,0.0,0.00012360526306565145,0.0,0.0,0.0,0.0
0.0,0.0,0.01590555643287317,0.0,7.056947475514441e-05,0.0,0.00043765337297996254,0.9984267064478176,0.0,0.0,0.0,0.0,0.0,0.0,4.768950248035253e-07,0.0005279361503107705,0.0,0.0,1.192240617342577e-07,0.0,0.9999638806486773,0.0,0.0,0.0,0.0
0.0,0.0,0.00028280063323016247,2.384476545103098e-07,3.57605976830655e-07,0.0,1.9075798713963366e-06,4.768175814184872e-06,0.0,0.0,0.0,8.344533100057561e-07,0.0,0.0,0.9999847394647355,0.0,0.0,0.0,4.768950248035253e-07,7.152118257636175e-07,0.5621778565815235,0.0,0.0,0.0,0.0
0.0,0.0,0.0,0.0,0.00019746868935133222,0.0,0.1259168302135295,0.9999955892541905,1.192240617342577e-07,0.0,0.0,0.0,0.0,0.0,0.0,0.0,0.0,1.192240617342577e-07,4.768950248035253e-07,0.0,0.9999969007019724,0.0,0.0,0.0,0.0
0.0,0.0,0.0,0.0,5.3759881739168236e-05,0.0,0.9999561352031626,1.5496499871092695e-06,4.768950248035253e-07,0.0,0.0,0.0,0.0,0.0,0.0,0.0,0.0,0.0,3.57605976830655e-07,0.0,0.9999734178258868,0.0,0.0,1.2039213576175989e-05,0.0
0.0,0.0,0.0,0.0,0.002182881902421663,0.0,0.9992112506198351,0.9999996423941084,1.192240617342577e-07,0.0,0.0,0.0,0.0,0.0,0.0,0.0,0.0,0.0,0.0,0.0,0.9999963043233115,0.0,0.0,0.0,0.0
0.0,0.0,0.0,0.0,4.77983484804545e-05,0.0,6.211260821820108e-05,0.9999997615523455,0.0,0.0,0.0,0.0,0.0,0.0,1.192240617342577e-07,0.0,0.0,0.0,0.0,0.0,0.9999927282315825,0.0,0.0,0.0,0.0
0.0,0.0,5.125661624805211e-06,0.0,0.0007794647442842528,0.0,1.0489645781874835e-05,0.9999928475132261,0.0,0.0,0.0,0.0,0.0,0.0,0.0,0.0,0.0,0.0,0.0,0.0,0.9997498278797196,0.0,6.913942543262941e-06,0.0,0.0
0.0,0.0,1.192240617342577e-07,0.0,8.344533100057561e-07,0.0,3.57605976830655e-07,0.9998175467182205,0.0,0.0,0.0,0.0,0.0,0.0,0.0,0.0,0.0,0.0,0.0,0.0,0.999773089706891,0.0,0.0,0.0,0.0
0.0,0.0,4.768175814184872e-06,0.0,4.0051245479788555e-05,0.0,1.7761999112075877e-05,0.9999992847883448,0.0,0.0,0.0,0.0,0.0,0.0,8.583211864254814e-06,0.0,0.0,0.0,0.0,0.0,0.999978067361061,0.0,0.0,0.0,0.0
0.0,0.0,7.152118257636175e-07,0.0,0.99994146949706,0.0,0.9999449283199375,0.9999899870382419,0.0,0.0,0.0,0.0,0.0,0.0,0.0,0.0,0.0,0.0,0.0,0.0,0.9999997615523455,0.0,0.0,0.0,0.0
0.0,0.0,0.0,0.0,0.0005841240615458432,2.4912836159907137e-05,3.57605976830655e-07,0.9999878415658437,0.0,0.0,0.0,0.0,0.0,0.0,0.0,0.0,0.0,0.0,0.0,0.0,1.8715119215362286e-05,0.0,0.0,1.192240617342577e-07,0.0
0.0,0.0,0.0,4.768950248035253e-07,8.940606499252546e-06,0.0,0.0,1.192240617342577e-07,0.0,0.0,0.0,0.0,0.0,0.0,0.0,0.0,0.0001469496778968571,4.1004557378765405e-05,0.0,0.0,0.0,0.0,0.0,0.0,0.0
0.0,0.0,1.192240617342577e-07,0.0,0.0006072179816496437,0.0,1.966833890743036e-05,0.9999940399834745,0.0,0.0,0.0,0.0,0.0,0.0,0.0,0.0,0.0,4.768950248035253e-07,1.192240617342577e-07,0.0,0.9999537513357886,0.0,0.0,2.384476545103098e-07,0.0
0.0,0.0,0.0,0.0,0.00011264100628649576,0.0,0.0,0.9996846865811845,0.0,0.0,0.0,0.0,0.0,0.0,0.0,0.0,0.0,7.152118257636175e-07,0.0,0.0,7.152118257636175e-07,0.0,0.0,0.00024193243837911105,0.0
0.0,0.0,0.0,8.344533100057561e-07,6.556172929328419e-06,0.0,1.192240617342577e-07,2.384476545103098e-07,0.0,0.0,0.0,5.960258064874324e-07,1.6689054689322802e-06,0.0,0.0,0.995531171181035,0.0,1.192240617342577e-07,0.0,0.0,3.4570836574543407e-06,0.0,0.0,0.0,0.0
0.0,0.0,7.152118257636175e-07,0.0,0.999089005241265,0.0,2.5747468992420863e-05,1.4304229126738122e-06,0.0,0.0,0.0,0.0,0.0,0.0,0.0,7.152118257636175e-07,0.0,9.537902768697037e-07,0.0,0.0,0.9924224529658858,0.0,0.0,0.0,0.0
0.0,0.0,0.8808030187325215,0.0,0.001727388310101885,0.0,2.6224444984457307e-06,5.960258064874324e-07,0.0,0.0,0.0,0.0,0.0,0.0,0.0,0.9989512847882651,0.0,0.0,0.0,0.0,0.8596628111775052,0.0,0.3923301163797167,0.0,0.0
0.0,0.0,1.192240617342577e-07,0.0,0.0001338475323396926,0.0,0.0003034035966550386,9.380487808885452e-05,0.0,0.0,0.0,0.0,0.0,0.0,9.537902768697037e-07,0.0,0.0,0.0025513800898421257,0.0,0.0,0.999585936785253,0.0,0.00021343997597533804,1.6689054689322802e-06,0.0
0.0,1.192240617342577e-07,0.9999738948123691,0.0,0.25680855076219544,0.0,0.0003516411870035929,0.0,0.0,0.0,0.0,0.0,0.0,0.0,0.23372182508867545,3.57605976830655e-07,0.0,0.0,0.0,0.0,0.9997063621585557,0.0,4.768950248035253e-07,1.192240617342577e-07,0.0
0.0,0.0,1.3112231088685533e-06,0.0,0.0006669756264828797,0.0,4.2911334876549745e-05,8.927593633356601e-05,0.0,0.0,0.0,0.0,0.0,0.0,0.0,0.9999982118117786,0.0,0.0,0.0,0.0,0.9999579229055234,0.0,0.9994758732242127,0.0,0.0
0.0,0.0,9.537902768697037e-07,0.0,0.2814310391658611,0.0,0.9995889152351808,0.9999998807761656,0.0,0.0,0.0,0.0,0.0,0.0,0.0,0.0,0.0,0.0,0.0,0.0,0.9999977350503925,0.0,1.6808977915672152e-05,0.0,0.0
0.0,0.0,3.57605976830655e-07,0.0,0.0003745119544689146,0.0,0.0001240816192173977,0.9999961848443508,0.0,0.0,0.0,0.0,0.0,0.0,0.0,0.0,0.0,0.0,0.0,0.0,0.999993563070601,0.0,0.0,0.0,0.0
0.0,0.0,7.152118257636175e-07,0.0,8.344964695150558e-06,0.0,0.0,0.0,0.0,0.0,0.0,0.9966230461802479,0.9939018431448113,0.0,0.0,0.0,0.0,0.0,0.0,0.0,1.4304229126738122e-06,5.960258064874324e-07,1.6689054689322802e-06,0.9999996423941084,0.0
0.0,0.0,9.487758772497301e-05,0.0,0.0,0.0,0.0,0.0,0.0,0.0,0.0,0.9999991655469742,0.9999960657392052,1.192051257703497e-06,0.0,0.0,0.0,0.0,0.0,0.0,0.0,1.192240617342577e-07,2.145812430742744e-06,0.9999972583629027,0.0
5.960258064874324e-07,0.0,0.9995905831314519,0.0,0.9999991655469742,0.0,1.263534339135397e-05,0.0,0.0,0.0,0.0,3.57605976830655e-07,0.9999927282315825,0.0,0.0,0.0,0.0,0.0,0.0,0.0,0.9999784249211245,0.008577836735042754,0.9998257684953074,4.422235416012832e-05,0.0
0.0002070034601948656,0.0,0.3923473735601323,0.0,0.9999976158993602,0.0,2.3124599479285024e-05,0.0,0.0,0.0,0.0,0.0,0.0,0.0,5.00649341150794e-06,0.0,0.0,1.9075798713963366e-06,0.0,0.0,0.9999955892541905,0.0,0.9958006799451861,0.0,0.0
4.291615254836678e-06,1.192240617342577e-07,0.9999666205590478,0.0,0.9940884096971613,0.0,2.4435937782230077e-05,0.0,0.0,0.0,0.0,0.0,0.0,0.0,5.960258064874324e-07,0.0,0.0,0.0,0.0,0.0,0.9999887952344767,0.0001129987390829923,3.5642815253589255e-05,0.0,0.0
0.0,0.0,0.0,1.192240617342577e-07,2.8490363323974144e-05,0.0,0.0,2.384476545103098e-07,0.0,0.0,0.0,0.0,0.0,0.0,0.0,2.527052758549697e-05,0.0,0.0,0.0,0.0,0.0,0.0,0.0,0.0,0.0
0.0,0.0,0.9996314441719312,0.0,0.9999885568367871,0.0,4.768175814184872e-06,0.9999994039743072,0.0,0.0,0.0,0.0,0.0,0.0,0.0,3.57605976830655e-07,0.0,1.6689054689322802e-06,0.0,0.0,0.9999929667885175,0.0,0.0,1.192240617342577e-07,4.768950248035253e-07
0.0,0.9688551802697866,1.192240617342577e-07,0.0,0.9740409968304545,0.0,0.0,0.0,0.0,0.0,0.0,4.708309393508525e-05,0.9999986887770048,2.384476545103098e-07,0.0,0.0,0.0,0.0,0.0,0.0,1.192240617342577e-07,7.152118257636175e-07,0.9999998807761656,0.9999946359824371,0.0
0.0,0.0062905345673471835,2.4674385294298773e-05,0.0,0.00014444823348602753,0.0,0.0,0.0,0.0,0.0,0.0,0.9998326790090264,0.9999884376334162,0.0,0.0,0.0,0.0,0.0,0.0,0.0,8.225844613463096e-06,0.0,6.198460485218327e-06,0.9995413761250604,0.0
0.0,0.9999779481725827,0.0,0.0,0.00022702948966291103,0.0,1.192240617342577e-07,0.0,0.0,0.0,0.0,3.57605976830655e-07,0.0,0.0,0.0,0.0,0.0,0.0,0.0,0.0,1.192240617342577e-07,0.0,0.0,1.192240617342577e-07,0.0
0.0,0.0,1.192240617342577e-07,7.152118257636175e-07,3.57605976830655e-07,0.0,2.2766994368317306e-05,3.57605976830655e-07,0.0,0.0,0.0,0.0,0.0,0.0,0.004199320054814049,0.0,0.0,3.195008234169183e-05,6.436929626318921e-06,0.0,0.00010584471655761263,0.0,3.57605976830655e-07,0.0,1.192051257703497e-06
0.0,2.5151294017145e-05,0.000866239461770113,0.0,5.674137532718504e-05,0.0,0.0,0.0,0.0,0.0,0.0,0.9886697416458752,0.999998569577201,1.192240617342577e-07,0.0,8.344533100057561e-07,0.0,0.0,0.0,0.1480544377387234,3.4570836574543407e-06,0.0,0.0008629065813777759,0.9998906976547122,0.0
0.9999519632261759,0.0018821429836988202,0.0,0.0,0.9999995231047478,0.0,2.2171017473149313e-05,0.0,4.649025975411725e-06,0.9825569110123246,0.0,4.5298824890016576e-06,0.9996338265508762,0.0,0.0,0.0,0.0,0.0,0.0,0.0,0.002252125979436581,0.0,0.9999998807761656,0.9999916550353048,0.0
0.0,0.0,0.0,0.0,0.9999995231047478,0.0,1.0729066772796614e-06,0.0,1.788187994011814e-06,0.0,0.0,0.9997198193128166,0.9999991655469742,0.0,0.0,0.0,0.0,0.0,0.0,3.57605976830655e-07,5.7695555519821085e-05,0.0,0.9996746819690822,0.9999998807761656,0.0
0.0,0.9998205257127797,0.0,0.0,9.9407144328989e-05,0.0,0.0,0.0,0.0,0.0,0.0,7.987616003735099e-06,0.9999992847883448,0.9998337512917564,0.0,0.0,0.0,0.0,0.0,2.384476545103098e-07,0.0,0.0,1.192051257703497e-06,0.9999986887770048,2.145812430742744e-06
0.0,0.0,0.0,0.0,0.00033270256015571764,0.0,9.537902768697037e-07,0.9999983310946448,0.0,0.0,0.0,0.0,0.0,0.0,0.0,0.9999260949579272,0.0,0.0,0.0,0.0,0.9977301791758404,0.0,0.0,1.0489645781874835e-05,0.0
0.0,0.0,0.9381183250007151,0.0,7.391056640604354e-06,0.0,4.768175814184872e-06,0.0,0.0,0.0,0.0,0.0,0.0,0.0,4.172491279819113e-06,0.0,0.0,6.317691993329433e-06,0.0,1.192240617342577e-07,8.702340543398357e-06,0.0,0.0001337284408486905,3.57605976830655e-07,0.8596629008473288
0.0,0.0,0.0,0.0,2.6224444984457307e-06,0.0,0.0,0.9999984503497855,0.0,0.0,0.0,0.0,0.0,0.0,0.0,6.436929626318921e-06,0.0,2.384476545103098e-07,0.0,0.0,0.222652249289519,0.0,0.0,0.0,0.0
0.0,0.0,0.0,0.0,0.9999986887770048,0.0,0.9999249036159062,0.9999949935065885,4.768950248035253e-07,0.0,0.0,0.0,0.0,0.0,1.192240617342577e-07,0.0,0.0,0.0,7.152118257636175e-07,0.0,0.9999966621920747,0.0,3.0997237916330356e-05,0.0,0.0
0.0,0.0,2.860843551943937e-06,0.0,4.768175814184872e-06,0.0,0.9918113870052294,1.4304229126738122e-06,0.0,0.0,3.57605976830655e-07,0.0,3.57605976830655e-07,6.913942543262941e-06,0.0,0.0,0.0,2.4912836159907137e-05,0.0,0.9999881992158033,0.9999948743383752,1.406637349898876e-05,3.5763732452176455e-06,0.0,3.57605976830655e-07
0.0,0.0,0.0002575549062328042,0.0,0.9999994039743072,0.8991198147439,0.9999941591956986,0.0,0.0,0.0,0.0,0.0,0.0,0.0,0.0,0.0,0.0,0.000411203896004686,8.344533100057561e-07,5.483205060219376e-06,0.9999988079489697,0.0,3.4808906882455304e-05,0.9999294305252449,0.0
0.0,0.0,1.6451621562496577e-05,0.0,0.0,0.0,0.9999918932709349,0.0,0.0,0.0,0.0,0.0,0.0,2.02668910964654e-06,0.0,0.0,0.0,6.735327969220606e-05,1.9075798713963366e-06,0.0,0.9999692409657152,0.0,0.0,0.0,0.9999996423941084
0.0,0.0,1.0729066772796614e-06,0.0,0.0,0.0,0.0010322974956227249,0.0,0.0,0.0,0.0,0.0,0.0,0.0,0.0,0.0,0.0,0.0,0.0,0.0,0.26894360026478414,0.0,0.0,0.0,1.192051257703497e-06
0.0,0.0017276258517273657,0.0,0.0,3.6956766884532755e-06,0.0,9.537902768697037e-07,0.0,0.0,0.0,0.0,1.192240617342577e-07,0.0,0.0,0.9999661440835161,6.794679274113591e-06,0.0,0.0,7.033211255169647e-06,0.0,2.741637097347649e-06,0.0,0.0,0.0,0.0
0.0,0.0,0.9994884918701168,0.0,0.0,0.0,1.6689054689322802e-06,0.0,0.0,0.0,0.0,0.0,0.0,0.0,0.999998092420356,0.0,0.0,0.0,2.9800638619015274e-06,0.0,0.00015147626304212736,0.0,0.0,0.0,0.0
0.0,4.553347062785651e-05,1.1204765295924624e-05,0.0,4.768950248035253e-07,0.0,0.0,0.0,0.0,0.0,0.0,1.0729066772796614e-06,0.0003305586683131079,0.0,0.0,0.0,0.0,0.0,0.0,0.0,4.768950248035253e-07,0.0,3.5763732452176455e-06,0.0,0.0
1.192240617342577e-07,0.9999868876971247,0.0,0.0,0.9999880800024706,0.0,0.0,0.0,0.0,0.0,0.0,5.960258064874324e-07,0.0,0.0,0.0,0.0,0.0,0.0,0.0,0.0,0.0,0.0,0.9998257684953074,0.9990779355680007,0.0
4.51758803514668e-05,0.0004619602275197643,7.771744940487935e-05,0.0,0.9999918932709349,0.0,4.768950248035253e-07,0.0,0.0,0.0,0.0,3.0992980275534876e-06,0.0,0.0,0.0,0.0,0.0,0.0,0.0,0.0,2.062165932470439e-05,0.0,0.4378221434185761,4.768950248035253e-07,0.0
0.0,0.999980808283444,0.0,0.0,0.9999890336203998,0.0,0.0,0.0,0.0,0.0,0.0,0.0,0.0,0.0,0.0,0.0,0.0,0.0,0.0,0.0,1.192240617342577e-07,0.0,0.9996046408799396,0.0,0.0
1.192240617342577e-07,5.328289162320754e-05,0.0,0.0,0.9999984503497855,0.0,3.93426102218708e-06,0.0,2.384476545103098e-07,0.0,0.0,0.0,0.0,0.0,0.0,0.0,0.0,2.741637097347649e-06,0.0,0.0,0.00019746868935133222,0.0,0.0002985206585776057,0.0,0.0
1.4304229126738122e-06,0.0,1.192240617342577e-07,0.0,0.999945286091875,0.0,0.0,0.0,0.0,0.002397217183522593,0.0,0.0,0.0,0.0,0.0,0.0,0.0,2.145812430742744e-06,0.0,0.0,1.192240617342577e-07,0.0,0.4378221434185761,0.0,0.0
0.0,0.9999974967344724,0.0,0.0,0.9999654293469983,0.0,0.0,0.0,0.0,0.0,0.0,0.0,0.0,0.0,0.0,0.0,0.0,0.0,0.0,0.0,0.0,0.0,0.0,0.0,0.0
2.1336714750908037e-05,0.00012194299794310304,2.384476545103098e-07,0.0,0.9999817614542512,0.0,0.0,1.192240617342577e-07,0.0,0.0,0.0,1.192240617342577e-07,0.0,0.0,0.0,0.0,0.0,0.0,0.0,0.0,0.0,0.0,0.00032531803091795375,0.0,0.0
0.8740827920657801,0.9999855757990935,0.0,0.0,0.9999794975111346,0.0,0.0,0.0,3.57605976830655e-07,0.0,0.0,1.192240617342577e-07,0.0,1.0729066772796614e-06,0.0,0.0,0.0,0.0,0.0,0.0,0.0,0.0,1.6689054689322802e-06,1.3112231088685533e-06,0.0
0.0,0.887207322074212,5.960258064874324e-07,0.0,0.00042168811178766585,0.0,5.960258064874324e-07,0.0,0.0,0.0,0.0,3.57605976830655e-07,0.0,0.0,1.192240617342577e-07,0.0,0.0,1.192240617342577e-07,0.0005773387209344616,4.768950248035253e-07,0.9999578037303596,0.0,5.960258064874324e-07,0.00017697202212085816,0.0
0.0,0.9999996423941084,0.0,0.0,2.02668910964654e-06,0.0,3.57605976830655e-07,0.0,0.0,0.0,0.0,0.9998205257127797,2.6224444984457307e-06,1.192240617342577e-07,0.0,0.0,0.0,0.0,0.0,0.0,1.192240617342577e-07,1.192240617342577e-07,9.178885813310167e-06,0.0,0.0
0.0,0.9999998807761656,0.0,0.0,2.384476545103098e-07,0.0,0.0,0.0,0.0,0.0,0.0,0.0,0.0,0.0,0.0,0.0,0.0,0.0,0.0,0.0,0.0,0.0,0.0,0.0,0.0
0.0,1.4304229126738122e-06,3.5763732452176455e-06,0.0,0.9999295496533745,0.0,0.999932051143663,0.0,0.0,0.0,0.0,0.0,0.0,0.0,0.0,0.0,0.0,0.0,0.0,0.0,0.9999960657392052,0.0,0.9999909402550872,0.0,0.0
0.0,1.0,0.0,0.0,5.674137532718504e-05,0.0,4.5298824890016576e-06,0.0,0.0,0.0,0.0,8.344533100057561e-07,0.0,0.0,0.0,0.0,0.0,0.00043765337297996254,1.192240617342577e-07,0.0,2.6224444984457307e-06,0.0,0.0,0.0,0.0
0.0,0.9999988079489697,1.192240617342577e-07,0.0,0.9999812848805573,0.0,0.998265603183318,0.0,0.0,0.0,0.0,1.192240617342577e-07,3.4808906882455304e-05,0.0,0.0,0.0,0.0,0.0,0.0,0.0,0.9999617360853635,0.051845559225411786,1.0,1.192240617342577e-07,0.0
0.0,0.9999822380008879,0.0,0.0,0.028436210912187954,0.0,0.6926034407261834,0.0,0.00019746868935133222,0.0,0.0,0.0,0.0,0.0,0.0,0.0,0.0,2.5032657550161375e-06,0.0,0.0,0.39233039699618366,0.0,0.0,0.0,0.0
0.0,0.9994162330666195,0.0,0.0,3.218546048677773e-06,0.005385645040754228,0.00021010247333130838,0.0,4.1957922936264325e-05,0.0,0.0,0.0,0.0,0.0,1.8357687601944228e-05,0.0,0.0,0.0,0.5850780470246418,0.0,0.0029814350623323937,0.0,0.0,0.0,0.0
0.0,0.9999914167879084,0.0,0.0002783943858748472,2.6462925922454694e-05,0.0,0.9999910593932734,0.0,0.0,0.0,0.0,0.0,0.0,0.0,0.0,0.0,0.0,0.0,0.9999491018973049,0.0,0.9999406345100941,0.0,1.192240617342577e-07,0.0,0.0
0.0,0.0004768550339783184,0.0,0.0,6.556172929328419e-06,1.192240617342577e-07,0.0,0.0,0.993781980038432,0.0,0.0,0.0,0.0,0.0,0.0,0.0,0.0,0.0,7.152486773853717e-06,0.0,1.192240617342577e-07,0.0,0.0,0.0,0.0
0.0,0.9999927282315825,6.913942543262941e-06,0.9997620021538264,8.344533100057561e-07,0.0,0.0,0.0,0.0,0.0,0.0,6.282720790384833e-05,4.934816153590038e-05,1.3112231088685533e-06,1.192240617342577e-07,0.0,0.0,0.9970184460838001,0.0,0.0,0.0,0.0,1.192240617342577e-07,0.0,5.960258064874324e-07
0.0,1.0,1.788187994011814e-06,0.0,1.192240617342577e-07,0.0,0.0,0.0,0.0,0.0,0.0,0.0,0.0,0.0,1.192240617342577e-07,0.0,0.0,0.0,0.0,0.0,1.192240617342577e-07,0.0,0.0,0.0,0.0
0.0,0.9999998807761656,0.0,0.0,1.192240617342577e-07,0.0,0.0,0.0,0.0,0.0,0.0,0.0,0.0,0.0,0.0,0.0,0.0,0.0,0.0,0.0,0.0,0.0,0.0,0.0,0.0
0.0,0.0,5.960258064874324e-07,0.0,0.0,0.0,0.0,0.0,0.0,0.0,0.0,0.0,0.0,0.0,0.0,1.192240617342577e-07,0.0,0.0,0.0,0.0,0.0,0.0,0.0,0.0,0.0
0.0,4.768175814184872e-06,3.57605976830655e-07,0.0,2.7297697746786476e-05,0.0,0.002115761470573463,0.0,0.0,0.0,0.0,0.0,0.0,0.0,0.0,0.0,0.0,0.0,2.9325322852602476e-05,0.0,0.0020506473107041456,0.0,0.0,0.0,0.0
0.0,0.0,0.0,0.0,0.0,0.0,7.152118257636175e-07,0.0,4.768950248035253e-07,2.0264153133608964e-05,0.0,0.0,0.0,0.0,0.0,0.0,0.0,0.0,5.9246204017537885e-05,0.0,7.152118257636175e-07,0.0,0.0,0.0,0.0
0.0,1.192240617342577e-07,0.0,0.0,0.0,0.0,0.0,0.0,0.0,0.0,0.0,0.0,0.0,0.0,0.0,0.0,0.0,0.0,0.0002617227142546197,0.0,0.0,0.0,0.0,0.0,0.0
0.0,0.0,0.0,0.0,0.0,0.0,0.0,0.0,0.0,0.0,0.0,0.0,0.0,0.0,0.0,0.0,0.0,0.0,0.9999543473293828,0.0,1.192240617342577e-07,0.0,0.0,0.0,0.0
0.0,0.0,0.0,0.0,0.0,0.0,0.0,0.0,0.0,0.0,0.0,0.0,0.0,0.0,0.0,0.0,0.0,0.0,0.0,0.0,0.0,0.0,0.0,3.57605976830655e-07,1.192240617342577e-07
0.0,0.0,0.0,0.0,0.0,0.0,0.0,0.0,0.0,0.0,0.0,0.0,0.0,0.0,0.0,0.0,0.0,0.0,1.192051257703497e-06,3.5763732452176455e-06,0.0,0.0,0.0,0.0,0.0
0.0,2.383985297238489e-05,0.0,0.0,2.384476545103098e-07,0.0,8.10672906514931e-06,0.9999717481830923,0.0,0.0,0.0,0.0,0.0,0.0,0.0,0.0,0.0,0.0,5.960016525530243e-06,0.0,0.9998026504818562,0.0,0.0,0.0,0.0
0.0,8.344533100057561e-07,0.0,0.0,5.960258064874324e-07,0.0,1.192240617342577e-07,1.9075798713963366e-06,0.0,0.0,0.0,0.0,0.0,0.0,0.0,0.0,0.0,0.0,2.0860005657596936e-05,1.9075798713963366e-06,1.0729066772796614e-06,0.0,0.0,0.0,0.0
0.0,0.9994806349773289,1.192240617342577e-07,0.0,0.9648556346519819,0.0,4.0533725200742055e-06,1.192240617342577e-07,0.0,0.0,0.0,0.0,0.0,0.0,0.0,0.0,0.0,1.192240617342577e-07,0.017986827565070196,0.0,0.9987551502683744,0.0,3.326031930539486e-05,0.0,0.0
0.0,2.384476545103098e-07,0.0001829299299787035,0.0,2.5032657550161375e-06,0.0,1.192240617342577e-07,0.0,0.0,0.0,0.0,0.0,0.0,0.0002616036239010411,0.0,0.0,0.0,1.0729066772796614e-06,0.0,0.0,3.57605976830655e-07,0.0,0.0,0.0,5.960258064874324e-07
0.0,1.895341552671237e-05,0.0,1.192240617342577e-07,1.0729066772796614e-06,0.0,1.192240617342577e-07,0.0,0.0,0.0,0.0,1.192240617342577e-07,0.0,1.192240617342577e-07,0.0,0.0,0.0,0.0,3.57605976830655e-07,0.0,1.0729066772796614e-06,0.0,0.0,0.0,0.0
0.0,3.683417716893178e-05,0.0,1.9787498552359395e-05,5.960016525530243e-06,0.0,0.00012205710036750084,0.0,1.192240617342577e-07,0.0,0.0,0.0,0.0,0.0,0.0,0.0,0.0,0.0,6.675423266711e-06,0.0,4.291615254836678e-06,0.0,0.0,0.0,0.0
0.0,0.0,0.0,0.0,0.0,0.0,1.192240617342577e-07,0.0,0.0,0.0,0.0,0.0,0.0,0.0,0.0,0.0,0.0,0.0,0.0009697946329486618,0.0,3.93426102218708e-06,0.0,0.0,0.0,4.768950248035253e-07
0.0,0.9999995231047478,0.0,0.0,1.9075798713963366e-06,0.0,2.384476545103098e-07,0.0,0.0,0.0,0.0,0.0,0.0,0.0,0.0,0.0,0.0,0.0,0.0,0.0,8.344533100057561e-07,0.0,8.225844613463096e-06,0.0,0.0
0.0,1.192240617342577e-07,0.0,1.406637349898876e-05,2.741637097347649e-06,0.0,1.192240617342577e-07,0.0,1.192240617342577e-07,0.0,0.0,0.0,0.0,0.0,0.0,0.0,0.0,2.384476545103098e-07,0.0,0.0,4.768950248035253e-07,0.0,0.0,0.0,0.0
0.0,0.9992848142147825,1.192240617342577e-07,0.0,3.6956766884532755e-06,0.0,0.0,0.0,0.0,0.0,0.0,1.192240617342577e-07,1.0608823800883904e-05,0.0,0.0,3.57605976830655e-07,0.0,0.0,0.9999955892541905,0.0,1.5496499871092695e-06,0.0,0.0,0.98593651076374,0.0
0.0,0.9173094527404931,4.0533725200742055e-06,3.57605976830655e-07,3.57605976830655e-07,0.0,2.384476545103098e-07,0.0,0.0,0.0,0.0,5.960258064874324e-07,0.0,0.0,1.192240617342577e-07,0.0,0.0,0.0,0.9999955892541905,0.0,5.256741909587248e-05,0.0,1.192240617342577e-07,0.0,0.0
0.0,1.192240617342577e-07,0.0,0.0,2.02668910964654e-06,0.0,0.0,0.00013158461721241022,0.0,0.0,0.0,0.0,0.0,0.0,0.0,0.0,0.0,0.0,0.9999907019696626,0.0,5.960016525530243e-06,0.0,0.0,0.0,0.0
0.0,0.0,0.0,0.0,1.192240617342577e-07,0.0,0.0,0.0,0.0,0.0,0.0,0.0,0.0,0.0,0.0,0.0,0.0,0.0,0.999182801670283,0.0,0.0,0.0,0.0,0.0,0.0
0.0,0.9999784249211245,1.192240617342577e-07,0.0,1.192240617342577e-07,0.0,0.0,0.0,0.0,0.0,0.0,0.0009076619110992556,0.0,0.0,0.0,0.0,0.0,0.0,0.9999952318244132,0.0,0.0,0.0,0.0,0.0,0.0
0.0,0.9991507820274296,0.0,0.0,0.0,0.0,0.0,0.0,0.0,0.0,0.0,0.0,0.0,0.0,0.0,9.537902768697037e-07,0.0,0.0,0.00015147626304212736,0.0,0.0,0.0,0.0,0.0,0.0
0.0,0.0,0.9997797655058547,0.0,0.00028029977577881393,0.0,9.537902768697037e-07,0.0,0.0,0.0,0.0,2.384476545103098e-07,0.005555564286142678,0.0,2.384476545103098e-07,0.0,0.0,0.0,1.4304229126738122e-06,0.0,0.0006166221319814369,0.0,0.0,0.9996138138190589,0.0
0.0,1.192240617342577e-07,0.014503930358381378,0.0,0.999979735846639,0.9999986887770048,0.00012753531456866085,0.00015886220715632948,0.0,0.0,0.0,4.768950248035253e-07,0.0,0.0,0.9999966621920747,0.0,0.0,0.0,0.0,0.0,0.0012449686762402434,0.0,0.0,0.9999326467205352,0.0
0.0,0.0,0.0,0.0,0.0010648944933668858,0.0,5.72159797485039e-06,0.9999997615523455,0.0,0.0,0.0,0.0,0.0,0.0,0.0,0.0,0.0,0.0,0.0,0.0,0.9999829527748854,0.0,0.00023072522319667055,0.0,0.0
0.0,3.0398952696852888e-05,9.537902768697037e-07,0.0,0.9998416143213431,0.0,2.384476545103098e-07,0.9999911785278358,0.0,0.0,0.0,0.0,0.0,0.0,0.0,0.0,0.0,0.0,0.0,0.0,0.9997994326023574,0.0,0.8706022976921723,0.0,0.0
0.0,0.0,0.0,0.0,1.192240617342577e-07,0.0,0.0,0.0,0.0,0.0,0.0,0.0,0.0,0.0,0.0,1.657073952743282e-05,0.0,0.0,0.0,0.0,0.0,0.0,0.0,0.0,0.0
0.0,0.0,5.960258064874324e-07,0.0,0.9999992847883448,0.84388126269127,0.9999612594811971,0.9999537513357886,0.0,0.0,0.0,0.0,0.0,0.0,1.192240617342577e-07,2.384476545103098e-07,0.0,0.0,0.0,0.0,0.9999971391564481,0.0,1.192051257703497e-06,0.0,0.0
0.0,0.0,7.152118257636175e-07,0.0,2.384476545103098e-07,0.0,0.0004341981310657106,1.192240617342577e-07,0.0,0.0,0.0,0.0,0.0,0.0,1.192240617342577e-07,0.0,0.0,0.0,0.0,0.0,0.0014105874593189904,0.0,0.0,0.0,0.0
0.0,0.0,0.9999175165471391,0.0,0.9999337187248767,1.192240617342577e-07,1.0729066772796614e-06,0.0,0.0,0.0,0.0,0.0,0.0,0.9196493759002319,0.999998927093209,0.0,0.0,1.192240617342577e-07,4.768950248035253e-07,0.0,4.768175814184872e-06,0.0,0.0,0.0,0.9999326467205352
0.0,0.0,3.6956766884532755e-06,0.0,0.0,0.0,7.868505883856791e-06,0.0,0.0,0.0,0.0,5.960258064874324e-07,0.0,0.0010734597798703893,0.0,0.0,0.0,5.960258064874324e-07,0.0,0.0,0.0,0.0,0.0,1.192240617342577e-07,1.0
0.0,0.0,0.9999539897360938,0.0,3.4570836574543407e-06,0.9998642468020342,0.11919678439264014,0.0,0.0,0.0,0.0,0.9840946745275155,0.0,0.0,0.9989345106765458,0.0,0.0,0.0,0.0,0.0,0.870602116070399,0.0,0.0,1.192240617342577e-07,0.0
0.0,0.0,0.0,0.0,0.9997325613798471,9.655482241965885e-06,0.0002494576542524385,0.0,2.384476545103098e-07,0.0,0.0,0.0,0.0,0.0,0.0,0.9999998807761656,0.0,2.6224444984457307e-06,0.0,0.0,0.0005443640752481604,0.0,9.537902768697037e-07,0.0,0.0
0.0,0.0,0.0,0.0,0.9999934438270707,0.0,3.433240656725012e-05,2.300539657718037e-05,5.960258064874324e-07,0.0,0.0,0.0,0.0,0.0,0.0,0.0,0.0,1.3112231088685533e-06,0.0,0.0,8.37941947265941e-05,0.0,0.0,0.0,0.0
0.0,0.0,0.999730298815603,0.0,0.9976030199667262,0.9999883184255121,3.302208665545425e-05,0.0,0.0,0.0,0.0,0.0,0.0,0.0,1.6689859979157617e-05,0.0,0.0,0.0,0.0,0.0,0.0006262643474551632,0.0,0.0,0.0,0.0
0.0,0.0,0.00138609921217836,0.0,0.9989516416922682,0.9999821188664811,0.00041430147662113725,0.0,1.192240617342577e-07,0.0,0.0,0.0,0.0,0.0,0.0007154238005906421,0.0,0.0,3.57605976830655e-07,0.0,0.0,0.00034616194566561287,0.0,0.0,0.0,0.0
0.0,0.0,0.5312085709475389,0.0,2.384476545103098e-07,0.0,1.192240617342577e-07,0.0,0.0,0.0,0.0,0.0,0.0,0.0,1.3112231088685533e-06,9.178885813310167e-06,0.0,0.0,1.192240617342577e-07,0.0,3.5763732452176455e-06,0.0,0.0,0.0,0.0
0.0,0.0,0.0,0.0,0.7879592124937251,0.9999885568367871,0.00044265758141892597,9.537902768697037e-07,0.0,0.0,0.0,0.0,0.0,0.0,2.8967472356256074e-05,0.9999964236267548,0.0,1.192240617342577e-07,0.0,0.0,1.192051257703497e-06,0.0,0.0,0.0,0.0
0.0,0.0,8.583211864254814e-06,0.0,0.000503770266396697,0.9999880800024706,0.9997506614089203,0.9989307038886653,0.0,0.0,0.0,0.0,0.0,0.0,0.9998362532262174,9.537902768697037e-07,0.0,0.0,0.0,0.0,0.9999738948123691,0.0,0.0,0.0,0.0
0.0,0.0,2.384476545103098e-07,0.0,0.0010321785256807159,0.9999890336203998,0.00026589053445202904,0.0,0.0,0.0,0.0,0.0,0.0,0.0,0.5544649960591663,0.9999965429163425,0.0,0.0,0.0,0.0,2.384476545103098e-07,0.0,0.0,5.960258064874324e-07,0.0
0.0,0.0,0.0,0.0,0.9998013395120607,0.2814311676559925,0.7057405001750847,1.192240617342577e-07,0.0,0.0,0.0,0.0,0.0,0.0,0.0,0.9999998807761656,0.0,0.0,0.0,0.0,1.526053549183448e-05,0.0,0.0,0.0,0.0
0.0,0.0,0.00021367837273555956,0.0,0.0009111137431092597,0.9999260949579272,0.9999928475132261,1.192240617342577e-07,0.0,0.0,0.0,0.0,0.0,0.0,0.9979167940326046,0.0,0.0,0.0,0.0,0.0,0.999998569577201,0.0,0.0,0.0,0.0
0.0,0.0,2.9800638619015274e-06,0.0,4.768950248035253e-07,0.0,2.384476545103098e-07,0.0,0.0,0.0,0.0,0.0,0.0,0.0,0.9748189367781094,0.0,0.0,0.0,5.00649341150794e-06,0.0,0.00011085240495112281,0.0,0.0,0.0,0.0
0.0,0.0,0.011330491309245794,0.0,3.57605976830655e-07,0.0,1.192240617342577e-07,0.0,0.0,0.0,0.0,1.192240617342577e-07,0.0,0.0,1.0728006353044606e-05,0.0,0.0,0.0,0.0,0.0,0.012430555615487782,0.0,0.0,0.0,1.192240617342577e-07
0.0,0.0,0.00035199851471745536,0.0,0.9324544608744918,0.00522085530569838,0.999993563070601,0.4073166721137508,0.0,0.0,0.0,0.0,0.0,0.0,0.000636501729263661,0.0,0.0,0.0,0.0,0.0,0.9999970199361381,0.0,0.0,0.0,0.0
0.0,0.0,0.0,0.0,1.3827837283986177e-05,0.9980730916867468,0.9998413760424018,4.768950248035253e-07,0.0,0.0,0.0,0.0,0.0,0.0,0.0,0.0,0.0,0.0,1.192240617342577e-07,0.0,0.9997131503442314,0.0,0.0,0.0,0.0
0.0,0.0,0.0,0.0,0.0002006865684666126,1.192240617342577e-07,0.9999948743383752,1.192240617342577e-07,0.0,0.0,0.0,0.0,0.0,0.0,0.0,0.0,0.0,0.0,1.6689054689322802e-06,0.0,0.9999952318244132,0.0,0.0,0.0,0.0
0.0,0.0,0.0,0.0,0.9886696256288054,0.0003818976329084123,0.00037737091245559906,0.9999805699749683,0.0,0.0,0.0,0.0,0.0,0.0,0.0,0.0,0.0,0.0,0.0,0.0,0.8175600187375618,0.0,0.0,0.0,0.0
0.0,0.0,0.0,0.0,1.6689054689322802e-06,1.192240617342577e-07,0.9999800933399978,1.192240617342577e-07,0.0,0.0,0.0,0.0,0.0,0.0,1.192240617342577e-07,0.0,0.0,0.0,0.0015731746466691732,0.0,0.9999522016515195,0.0,0.0,0.0,0.0
0.0,0.0,0.0,0.0,7.152118257636175e-07,0.001016474019842173,4.768950248035253e-07,1.192240617342577e-07,0.0,0.0,0.0,0.0,0.0,0.0,0.0,0.0,0.0,0.0,7.630296515626078e-06,0.0,0.0,0.0,0.0,0.0,0.0
0.0,0.0,0.0,0.0,0.9999736563218279,1.192240617342577e-07,9.298030337445695e-06,0.0,0.0,0.0,0.0,0.0,0.0,0.0,0.0,0.0,0.0,3.57605976830655e-07,0.0,0.0,0.8933045336119825,0.0,0.0,0.0,0.0
0.0,0.0,0.0,0.0,0.9986748893605795,2.6224444984457307e-06,1.788113374623368e-05,0.0008296967391384635,0.0,0.0,0.0,0.0,0.0,0.0,0.0,0.0,0.0,2.8967472356256074e-05,0.0,0.0,0.9988303112145112,0.0,0.0,0.0,0.0
0.0,0.0,0.0,0.0,0.9999994039743072,0.00034104018048941587,2.9800638619015274e-06,0.9999986887770048,0.0,0.0,0.0,0.0,0.0,0.0,0.0,0.0,0.0,1.2873817136438426e-05,0.0,0.0,0.00028280063323016247,0.0,9.537902768697037e-07,0.0,0.0
0.0,0.0,0.0,0.0,0.0002870878311288516,0.0,3.266474359930882e-05,0.9999150141837938,0.0,0.0,0.0,0.0,0.0,0.0,1.0847190710094878e-05,0.0,0.0,5.960258064874324e-07,0.0,0.0,0.998883954204553,0.0,0.0,0.0,0.0
0.0,0.0,0.0,0.0,0.9999451668345483,3.85022147018077e-05,0.9998464986083896,0.0,0.0,0.0,0.0,0.0,0.0,0.0,0.0,0.0,0.0,0.0,0.0,0.0,0.9988663500297156,0.0,0.0,0.0,0.0
0.0,0.0,0.0,0.0,3.600021522365271e-05,1.192051257703497e-06,0.9999995231047478,2.384476545103098e-07,0.0,0.0,0.0,0.0,0.0,0.0,0.0,0.0,0.0,0.0,0.0,0.0,0.9999926089435868,0.0,0.0,0.0,0.0
0.0,0.0,3.337807925274383e-06,0.0,6.532839838668814e-05,0.0,0.9999961848443508,3.57605976830655e-07,0.002591480971814608,0.0,0.0,0.0,0.0,0.0,0.0,0.0,0.0,3.5763732452176455e-06,1.6689054689322802e-06,0.0,0.9999988079489697,0.0,0.0,0.0,0.0
4.768950248035253e-07,0.0,0.0,0.0,0.9999614977850708,0.0,0.9999283584090937,0.0,1.0729066772796614e-06,0.9999995231047478,0.0,0.0,0.0,0.0,0.0,0.0,0.0,0.0,0.0,0.0,0.9999122733198892,0.0,0.0,0.0,0.0
0.0,0.0,0.0,0.0,0.9999800933399978,9.774639442183819e-06,0.9996746819690822,5.125661624805211e-06,0.0,0.0,0.0,0.0,0.0,0.0,0.0,0.0,0.0,0.0,0.0,0.0,0.9999672161419587,0.0,0.0,0.0,0.0
0.0,0.0,0.0,0.0,0.999089005241265,0.0,0.999993563070601,0.0,1.192240617342577e-07,0.0,0.0,0.0,0.0,0.0,0.0,0.0,1.192240617342577e-07,0.0,1.192240617342577e-07,0.0,0.9999295496533745,0.0,0.0,0.0,0.0
0.0,0.0,0.0,0.0,0.7549577375875169,0.0,0.9999700782320478,0.9985216606707837,2.384476545103098e-07,0.0,0.0,0.0,0.0,0.0,0.0,0.0,0.0,0.0,1.192240617342577e-07,0.0,0.9999824762661061,0.0,0.0,0.0,0.0
0.0,0.0,0.0,0.0,0.999645857406899,0.0,0.9999947551633549,0.0,0.0,5.6622103676851054e-05,0.0,0.0,0.0,0.0,0.0,0.0,0.0,0.0,0.0,0.0,0.9999929667885175,0.0,0.0,0.0,0.0
0.0,0.0,0.0,0.0,0.9999249036159062,0.9173090426713042,0.9999969007019724,0.0,2.384476545103098e-07,0.0,0.0,0.0,0.0,0.0,8.583211864254814e-06,0.0,0.0,2.145812430742744e-06,0.0,0.0,0.9999662632051062,0.0,0.0,0.0,0.0
0.0,0.0,5.960258064874324e-07,0.0,0.42249670267629247,0.9999641189204349,0.9999914167879084,0.0,0.0,0.0,0.0,0.0,0.0,0.0,0.0038244641523816902,0.0,0.0,0.0,0.0,0.0,0.9956681519017997,0.0,0.0,0.0,0.0
0.0,0.0,4.768950248035253e-07,0.0,1.192240617342577e-07,2.384476545103098e-07,0.0005422212772729917,1.192240617342577e-07,0.0,0.0,0.0,0.0,0.0,0.0,1.4424200679097332e-05,0.0,0.0,0.0,0.0,0.0,5.2090457968057e-05,0.0,0.0,0.0,0.0
3.218546048677773e-06,0.0,5.960258064874324e-07,0.0,2.145812430742744e-06,0.0,2.8013277710181583e-05,0.0,0.9999997615523455,0.0,0.0,2.5985947113671415e-05,0.0,0.0,0.0,0.0,0.0,0.0,4.768950248035253e-07,0.0,0.9983516127153462,0.0,0.0,0.9999154908350344,0.0
0.0,0.0,0.0,0.0,0.9999909402550872,0.0,0.9805788419493318,0.0,0.9999977350503925,0.0,0.0,2.384476545103098e-07,0.0,0.0,0.0,0.0,0.0,0.0,5.960258064874324e-07,0.0,0.9999802125014476,0.0,0.0,1.1800783969451167e-05,0.0
0.0,0.0,1.192240617342577e-07,0.0,0.43782534038651444,0.0,0.16887626197960115,0.0,0.0,0.0,0.0,0.0,0.0,0.0,0.0,0.0,0.0,0.0,0.0,0.0,0.999980808283444,0.0,0.0,0.0,0.0
0.0,8.344533100057561e-07,2.383985297238489e-05,0.0,0.00359369103135021,0.0,1.5496499871092695e-06,0.0,0.0,0.00013575319796577112,0.0,1.227765654099322e-05,0.0,0.0,1.4185645677788905e-05,0.0,0.0,0.0,0.9962922018686023,0.0,0.999796572171877,0.0,0.0,1.192240617342577e-07,0.0
0.0,0.0,0.0,0.0,9.059744912831569e-06,0.0,0.0,0.0,0.0,0.0,0.0,0.0,0.0,0.0,0.0,0.9999992847883448,0.0,0.0,0.0,0.0,0.0,0.0,0.0,0.0,0.0
0.0,0.0,2.6224444984457307e-06,0.0,4.768950248035253e-07,0.0,0.9999094130976677,0.0,0.0,0.0,0.0,0.0,0.0,0.0,1.192240617342577e-07,0.0,0.0,0.0,0.0,0.0,0.9999856950776103,0.0,0.0,0.0,0.0
0.0,0.0,0.0,0.0,1.788187994011814e-06,0.0,0.9998145676597914,0.0,0.0,0.0,0.0,0.0,0.0,0.0,0.0,0.0,0.0,4.768950248035253e-07,0.0,0.0,0.9999008312651285,0.0,0.0,0.0,0.0
0.0,0.0,0.0,0.0,0.9999947551633549,0.0,0.999979735846639,0.0,0.0,0.0,0.0,0.0,0.0,0.0,0.0,0.0,0.0,0.0,0.0,0.0,0.999998927093209,0.0,0.9999752063885837,0.0,0.0
0.0,2.384476545103098e-07,4.768950248035253e-07,0.9999948743383752,0.9992206542557684,0.0,0.9999862914267522,0.0,0.0,0.0,0.0,0.0,0.0,0.0,0.0,0.0,1.192240617342577e-07,5.960258064874324e-07,1.192240617342577e-07,2.384476545103098e-07,0.9999971391564481,0.0,1.192240617342577e-07,0.0,0.0
0.0,0.0,0.0,0.0,0.9999881992158033,0.0,0.9999412309324024,0.0,8.702340543398357e-06,0.9999972583629027,0.0,0.0,0.0,0.0,0.0,0.0,0.0,0.0,0.0,0.0,0.9999998807761656,0.0,0.9998295812694064,0.0,0.0
4.291615254836678e-06,0.0,3.85022147018077e-05,0.0,0.9999994039743072,0.0,0.1008801852558956,0.0,0.0,1.9075798713963366e-06,0.0,2.384476545103098e-07,0.0,0.0,0.0,0.0,0.0433652250890747,5.960258064874324e-07,0.0,0.0,0.9999545857261926,0.0,0.9999990462097231,0.0,0.0
0.0,0.0,5.960258064874324e-07,5.960258064874324e-07,0.9999895103542181,0.0,0.9975637306766802,0.0,0.0,0.0,0.0,0.0,0.0,0.0,1.192240617342577e-07,0.0,3.671503797186837e-05,0.0,0.0,0.0,0.9999973775557289,0.0,9.536328438142228e-06,0.0,0.0
0.0,0.0,1.192240617342577e-07,0.0,0.9999959466272526,0.0,0.9637801779334845,0.0,0.0,0.0,0.0,0.0,0.0,0.0,0.0,0.0,0.0,0.0,0.0,0.0,0.9999957083847452,0.0,0.0,0.0,0.0
0.0,0.0,2.384476545103098e-07,3.57605976830655e-07,7.152486773853717e-06,0.0,3.4570836574543407e-06,2.384476545103098e-07,0.0,0.0,0.0,0.0,0.0,0.0,4.768950248035253e-07,0.0,0.9999995231047478,0.00015636047291101018,0.0,2.384476545103098e-07,0.0001638659053467828,0.0,0.0,0.8266920978935263,0.0
0.0,0.0,4.0533725200742055e-06,0.0,0.006290416570220891,0.0,0.9993698073006773,0.0,0.0,2.384476545103098e-07,0.0,0.0,0.0,0.0,7.152118257636175e-07,0.0,0.0005350787390863143,0.9998176658912178,3.4570836574543407e-06,1.192240617342577e-07,0.9999483864927012,0.0,1.192051257703497e-06,0.0,0.0
0.0,0.0,0.0,0.0,3.218546048677773e-06,0.0,9.537902768697037e-07,0.9997763084472676,2.6224444984457307e-06,0.0,0.0,0.0,0.0,0.0,0.0,0.0,3.57605976830655e-07,0.9987741771707733,0.0,0.0,0.9978172370466554,0.0,0.0,0.0,1.5496499871092695e-06
0.0,0.0,0.0,1.192240617342577e-07,1.788187994011814e-06,0.0,1.0729066772796614e-06,0.0,0.0,0.0,0.0,0.0,0.0,0.0,0.0,0.0,0.0,0.9997728512987942,0.0,0.0,1.3112231088685533e-06,0.0,0.0,0.0,1.192240617342577e-07
0.0,1.0489645781874835e-05,9.059744912831569e-06,0.0,4.708309393508525e-05,0.0,2.384476545103098e-07,0.0,0.0,0.0,0.0,1.192240617342577e-07,0.0,0.0,8.821472391562502e-06,0.0,0.9465961546080299,0.0008413618700564562,1.5139941738073759e-05,0.0,0.0003104303345653481,0.0,0.0,0.0,0.0
0.0,0.0,0.0,0.0,0.0005357929721359067,0.0,2.9800638619015274e-06,0.0,0.0,0.0,1.192240617342577e-07,0.0,0.0,0.0,0.0001946084309597529,0.0,1.5496499871092695e-06,2.5747468992420863e-05,0.0,0.0,0.9886696256288054,0.0,0.0,0.0,1.192240617342577e-07
0.0,0.0,0.0,0.0,1.9787498552359395e-05,0.0,0.0032736207224678404,1.192051257703497e-06,3.4570836574543407e-06,0.0,0.0,0.0,0.0,0.0,0.0,0.0,1.8357687601944228e-05,0.9999986887770048,0.0,0.0,0.9669138552598994,0.0,0.0,0.0,8.344533100057561e-07
0.0,0.0,0.0,0.0,0.9999704361021116,0.0,7.749399615231134e-06,0.0,0.0,0.0,0.0,0.0,0.0,0.0,0.0,0.0,4.768950248035253e-07,0.0003436606071069992,0.0,0.0,0.9999873646563813,0.0,0.0,0.0,0.0
0.0,0.0,0.0,0.0,3.9574605787073835e-05,0.0,7.152118257636175e-07,0.0,0.0,0.0,0.0,0.0,0.0,0.08755804728219096,4.768950248035253e-07,0.0,0.0,0.9996513366924864,0.011330491309245794,0.0,0.9999749679341086,0.0,2.956389811581417e-05,0.0,0.9999837866075887
0.0,0.0,3.576194730270377e-05,0.0,0.9998535267985356,0.0,1.9075798713963366e-06,1.192240617342577e-07,0.0,0.0,0.0,0.0,0.0,0.0,2.5032657550161375e-06,0.0,9.298030337445695e-06,2.384476545103098e-07,0.0,1.192240617342577e-07,0.9999672161419587,0.0,0.0,0.0,0.0
0.0,0.0,1.5496499871092695e-06,0.0,0.9999377682917608,0.0,5.960406527749651e-05,2.384476545103098e-07,0.0,0.0,0.0,0.0,0.0,0.0,0.0,0.9998358958170179,0.0,1.192240617342577e-07,0.0,0.0,0.9999929667885175,0.0,9.417177575965496e-06,0.0,0.0
0.0,0.0,4.410745809479977e-06,0.0,3.4570836574543407e-06,0.0,1.192240617342577e-07,0.9999284775370956,0.0,0.0,0.0,0.0,0.0,0.0,0.0,0.0,0.0,0.0,0.0,0.0,0.004070302708585771,0.0,1.192240617342577e-07,0.0,0.0
0.0,0.0,0.0,0.0,0.0,0.0,0.0,0.0,0.0,0.0,0.0,0.9999530361133866,0.9999731793227268,0.0,0.0,0.0,0.0,0.0,0.0,0.0,0.0,0.0,2.02668910964654e-06,0.999742564156203,0.0
0.0,1.6094279633338537e-05,0.0,0.0,2.741637097347649e-06,0.0,1.192240617342577e-07,0.0,0.0,0.0,0.0,0.9998746083770728,0.9999995231047478,1.192240617342577e-07,0.0,0.0,0.0,0.0,0.0,0.00034461348795500335,1.192240617342577e-07,0.0,0.009707649497566306,0.9999499364948214,0.0
0.0,5.960258064874324e-07,0.0,0.0,1.192240617342577e-07,0.0,0.0,0.0,0.0,0.0,0.0,0.9496696535375699,1.2396882322129876e-05,0.0,0.0,0.0,0.0,0.0,0.0,0.0,1.192240617342577e-07,0.0,0.0,0.0,0.0
0.0,7.152118257636175e-07,4.768950248035253e-07,1.6689859979157617e-05,1.192240617342577e-07,0.6926593335305967,3.57605976830655e-07,0.0,0.0,0.0,0.0,1.788187994011814e-06,1.192051257703497e-06,0.0,0.00012194299794310304,0.0,0.0,0.0,1.192240617342577e-07,1.192240617342577e-07,2.384476545103098e-07,0.0,0.0,0.0,0.0
0.0,0.0,0.0,1.192240617342577e-07,1.5496499871092695e-06,2.384476545103098e-07,3.57605976830655e-07,4.768950248035253e-07,0.0,0.0,0.0,1.192240617342577e-07,0.0,0.0,1.1204765295924624e-05,1.192240617342577e-07,0.0,0.0,0.0,1.192240617342577e-07,4.768950248035253e-07,0.0,0.0,0.0,0.0
0.0,0.0,0.0,0.0,5.960258064874324e-07,0.0,0.0,0.0,0.0,0.0,0.0,0.9998579340541489,0.017442973687912255,0.0,0.0,0.0,0.0,0.0,1.192240617342577e-07,0.0,3.0992980275534876e-06,0.0,2.02668910964654e-06,0.0,0.0
0.0,3.57605976830655e-07,0.0,0.0,3.57605976830655e-07,0.0,0.0,0.0,0.0,0.0,0.0,0.9999996423941084,0.9999996423941084,0.0,0.0,0.0,0.0,0.0,0.0,0.0,0.0,0.0,7.867060535093895e-05,0.999998569577201,0.0
0.0,0.0,1.5617844750348553e-05,0.0,0.9999971391564481,0.0,0.0,0.0,0.0,0.0,0.0,0.0001025065857820362,1.0,0.0,0.0,0.0,0.0,0.0,0.0,1.192240617342577e-07,9.774639442183819e-06,2.384476545103098e-07,0.999998569577201,1.0,0.0
5.960258064874324e-07,0.0,0.9914222805281369,0.0,0.9099119528776036,0.0,0.0,0.0,0.0,0.9999982118117786,0.0,2.384476545103098e-07,3.71916028603092e-05,7.152118257636175e-07,4.768950248035253e-07,0.0,0.0,0.9999294305252449,0.0,9.178885813310167e-06,8.344964695150558e-06,0.0,1.9075798713963366e-06,0.9998976126258453,5.960258064874324e-07
0.0,2.384476545103098e-07,0.9998227896742686,0.0,0.00014456733802270527,0.0,2.384476545103098e-07,1.192240617342577e-07,0.0,0.005344128956075722,0.0,1.6689054689322802e-06,1.6689054689322802e-06,0.0,4.768950248035253e-07,0.0,0.0,0.562177934870117,0.0,0.0,6.079235556621931e-06,0.0,3.218546048677773e-06,0.999793473292919,2.384476545103098e-07
0.0,0.0002236915525052341,0.0,0.0,1.192240617342577e-07,0.0,0.0,0.0,0.0,0.0,0.0,0.9999929667885175,0.9999951126684495,1.192240617342577e-07,0.0,4.768950248035253e-07,0.0,0.0,0.0,0.0,0.0,0.0,0.0,0.6297641011465096,0.0
0.0,0.002003466880428628,0.0035384561552276317,0.0,0.0026733286680987733,0.0,1.192240617342577e-07,0.0,0.0,0.0,0.0,0.7549580075814919,0.9999948743383752,1.192240617342577e-07,0.0,0.0028013962769102285,0.0,0.9999965429163425,0.0,4.768950248035253e-07,1.0251296977292768e-05,0.0,0.00016886985470865312,0.9950941424102253,9.537902768697037e-07
0.0,0.0005297217734856474,0.0006685231490460852,0.0,0.9960543732538346,0.0,2.384476545103098e-07,0.0,0.0,0.0,0.0,2.384476545103098e-07,0.0,0.0,0.0,0.0,0.0,0.9999998807761656,0.0,0.0,0.7981772981144445,0.0,0.0,0.0,0.0
0.0,0.0,1.192240617342577e-07,0.0,3.57605976830655e-07,0.0,3.57605976830655e-07,0.0,0.0,0.0,0.0,0.0,0.0,0.0,0.0,0.008062915822480088,0.0,1.0,0.0,0.0,2.0860005657596936e-05,0.0,0.0,0.0,3.57605976830655e-07
0.0,6.223170823915769e-05,0.0,1.192240617342577e-07,0.00014456733802270527,0.0,1.192240617342577e-07,3.57605976830655e-07,0.0,0.0,0.0,0.0,0.0,1.192240617342577e-07,0.0,0.0,0.0,0.9999969007019724,0.0,0.0,0.9763080352128556,0.0,0.0,5.960258064874324e-07,0.0
0.0,2.145812430742744e-06,0.0,1.192240617342577e-07,0.00013158461721241022,0.0,0.9998763947369343,0.9999983310946448,0.0,0.9999942784020251,0.0,0.0,0.0,0.0,2.384476545103098e-07,0.0,1.192240617342577e-07,0.20182255916031977,0.0,1.192240617342577e-07,0.0028013962769102285,0.0,0.0,0.0,0.0
0.0,0.0,8.248345286088199e-05,0.0,0.9985449567813788,0.0,1.895341552671237e-05,1.3112231088685533e-06,0.0,0.0,0.0,2.384476545103098e-07,0.0,0.0,4.768175814184872e-06,0.0,0.0,0.9999998807761656,0.0,7.152118257636175e-07,0.999989271993647,0.0,0.0,0.020966375255190406,2.384476545103098e-07
0.0,0.0,0.9995042056664454,0.0,1.3112231088685533e-06,0.0,3.57605976830655e-07,0.0,0.0,0.0,0.0,0.0,0.0,0.0,2.145812430742744e-06,0.0,4.768950248035253e-07,3.2069189365713235e-05,0.0,0.0,0.0003625998700604871,0.0,0.0,0.0,1.192240617342577e-07
0.0,0.0,3.57605976830655e-07,0.0,0.0005506732981993556,0.0,3.266474359930882e-05,0.0,0.0,0.0,0.0,0.0,0.0,0.0,0.0,0.0,0.0,0.9999998807761656,0.0,0.0,0.9985449567813788,0.0,0.0,0.0,0.0
0.0,4.768950248035253e-07,0.0,5.960258064874324e-07,0.0005074606278960836,0.0,0.0,5.960258064874324e-07,0.0,0.0,0.0,0.0,0.0,4.768950248035253e-07,0.0,0.0,0.0,0.9999885568367871,0.0,0.0,4.028956717350152e-05,0.0,1.0729066772796614e-06,9.537902768697037e-07,0.0
0.0,0.0,1.192240617342577e-07,0.0,3.0041062795582718e-05,0.0,0.00021343997597533804,0.0,0.0,0.0,0.0,0.0,0.0,0.0,0.0,0.0,0.0,0.9999997615523455,5.960258064874324e-07,0.0,0.9999914167879084,0.0,0.0,0.0,3.57605976830655e-07
0.0,0.0,1.192240617342577e-07,0.0,2.384476545103098e-07,0.0,4.410745809479977e-06,0.0,0.0,0.0,0.0,0.0,0.0,0.0,1.192240617342577e-07,0.0,0.0,0.9999899870382419,0.0,0.0,0.9871797358213031,0.0,0.0,0.0,0.0
0.0,0.0,1.192051257703497e-06,0.0,1.7404604901405385e-05,0.0,3.814476810670708e-05,0.0,0.0,0.0,0.0,0.0,0.0,0.0,0.0,1.192240617342577e-07,0.0,1.0,0.0,0.0,0.999980450817114,0.0,0.0,0.006098156855188663,2.384476545103098e-07
0.0,0.9999862914267522,0.0,0.0,2.384476545103098e-07,0.0,0.0,1.192240617342577e-07,0.0,0.0,0.0,0.0010651324254443706,0.0,7.152118257636175e-07,0.0,0.0,0.0,0.0,0.0,0.0,2.384476545103098e-07,0.0,0.0,0.0,0.0
0.0,0.02758606297700905,0.0,0.0,4.768950248035253e-07,0.0,0.0,0.0,0.0,0.0,0.0,0.9999970199361381,0.9999977350503925,0.0,0.0,0.0,0.0,0.0,0.0,0.0,0.0,0.0,0.003075859065751807,0.9999991655469742,0.0
0.0,0.0,1.192240617342577e-07,0.0,0.9976029010431859,0.0,0.0,0.0,0.0,0.0,0.0,0.9999957083847452,0.999993682308234,0.0,0.0,0.0,0.0,0.0,0.0,1.192051257703497e-06,0.0,0.0,0.9998230279778791,0.9999998807761656,0.0
1.1323962328835258e-05,1.192240617342577e-07,9.655482241965885e-06,0.0,0.9998910553599578,0.0,0.0,0.0,0.0,1.0,0.0,0.13296086763449533,0.999991297659684,0.0,0.0,0.0,0.0,0.0,0.0,7.152118257636175e-07,7.152118257636175e-07,0.0,0.02033435681204021,0.999993682308234,0.0
0.0,0.0,0.0,0.0,0.9999570886651235,0.0,0.0,0.0,1.192240617342577e-07,0.9999511287215506,0.0,1.2158434156250841e-05,0.9999891528092899,0.0,0.0,0.0,0.0,0.0,0.0,1.4304229126738122e-06,6.198460485218327e-06,0.0,0.0,5.340213843463282e-05,0.0
1.192240617342577e-07,0.0,0.0,0.0,0.9999680499178857,0.0,0.0,0.0,0.0,0.00017172937196618943,0.0,2.384476545103098e-07,3.969376647050549e-05,0.0,0.0,0.0,0.0,0.0,0.0,0.0,4.6367864115492985e-05,0.0,0.0,0.0,0.0
3.57605976830655e-07,0.0,1.5496499871092695e-06,0.0,0.9999854565160436,0.0,0.0,0.0,5.960258064874324e-07,2.4793611416273897e-05,0.0,2.02668910964654e-06,9.785750366497759e-05,0.0,0.0,0.9999939207644434,0.0,0.0,0.0,0.0,0.0015489330853423189,0.0,2.384476545103098e-07,0.0,0.0
0.0,0.0,1.2754578679330386e-05,0.0,0.11279234741524358,0.0,0.0,0.0,0.0,0.0,0.0,5.960406527749651e-05,0.9999990462097231,0.0,0.0,0.9999982118117786,0.0,0.0,0.0,1.3112231088685533e-06,0.0,0.0,1.192240617342577e-07,0.9998873589937135,0.0
0.0,0.0,0.0,0.0,0.9999753256149331,0.10669565940148196,0.0,0.0,0.0,0.0,0.0,0.0,0.999993682308234,1.192240617342577e-07,0.0,1.192240617342577e-07,0.0,0.0,0.0,9.537902768697037e-07,0.0012066762663685004,0.0,1.192240617342577e-07,0.9999474325806768,0.0
0.0,0.0,0.0,0.0,0.0001359913947738267,0.0,1.4304229126738122e-06,0.0,0.0,0.0,0.0,0.0,0.0,0.0,0.0,0.0,0.0,0.9996015434540954,0.0,1.192240617342577e-07,5.256741909587248e-05,0.0,3.326031930539486e-05,0.0006466200487403873,3.57605976830655e-07
0.0,0.0,7.30711258225547e-05,0.0,0.9999792591684112,0.0,2.02668910964654e-06,0.0,0.0,0.0,0.0,4.768950248035253e-07,0.9998957051614862,0.0,0.0,0.9999940399834745,0.0,0.0,0.0,5.960258064874324e-07,0.0019876594849068674,0.0,1.9075798713963366e-06,3.57605976830655e-07,0.0
0.0,0.0,1.192240617342577e-07,0.0,0.00012372434121221687,0.0,2.264949380159642e-06,0.0,0.0,0.0,0.0,0.0,0.0,0.0,6.079235556621931e-06,0.0,0.0,0.93046089887321,0.0,0.0,6.198460485218327e-06,0.0,0.000593052107852654,3.93426102218708e-06,0.0
0.0,0.0,0.999095908976188,0.0,0.9999965429163425,0.0,4.768950248035253e-07,0.0,0.0,1.192240617342577e-07,0.0,0.0,9.059744912831569e-06,0.0,1.192051257703497e-06,0.0,0.0,2.3720639469204663e-05,0.0,1.192240617342577e-07,0.000533888330977339,0.0,0.9997845336388259,0.0,1.192240617342577e-07
0.0,0.0,0.0,0.0,0.9992677921287755,3.6956766884532755e-06,0.0,0.0,0.0,0.9994803969153141,0.0,0.0,0.9724135965057754,0.0,0.0,0.0,0.0,0.0,0.0,1.3112231088685533e-06,0.0,0.0,0.0,0.05340363028465678,0.0
0.0,0.0,0.0,0.0,9.774639442183819e-06,0.0,0.0,0.0,0.0,0.004265056532353206,0.0,0.0,0.9871797358213031,0.0,0.0,0.0,0.0,0.0,0.0,1.3112231088685533e-06,0.0,0.0,0.0,2.384476545103098e-07,0.0
1.192240617342577e-07,0.0,3.57605976830655e-07,0.0,0.9993929010389164,0.0,1.192051257703497e-06,1.192240617342577e-07,4.768950248035253e-07,0.9999901062017802,0.0,0.0,7.749399615231134e-06,1.4304229126738122e-06,4.768950248035253e-07,0.0,0.0,0.02033435681204021,0.0,0.11919678439264014,0.00030090258775972156,0.0,0.0,0.0,0.0
0.0,0.0,0.0,0.0,0.9999916550353048,0.0,0.0,0.0,0.0,0.9999977350503925,0.0,0.0,0.0006719752837558435,0.0,0.0,0.0,0.0,0.0,0.0,0.0006061466213012068,1.3112231088685533e-06,0.0,2.205182718995058e-05,1.2158434156250841e-05,0.0
0.0,0.0,0.0,0.0,0.9999988079489697,0.0,4.601026390615992e-05,0.0,1.192240617342577e-07,0.9999958275089476,0.0,0.0,2.6224444984457307e-06,0.0,0.0,0.0,0.0,0.0,0.0,8.10672906514931e-06,0.18242237130609001,0.0,0.9999815231710137,0.0,0.0
0.0,0.0,0.0,0.0,0.014957603603691139,7.152118257636175e-07,1.192240617342577e-07,0.0,0.0,0.9974488574882322,0.0,0.0,0.0,0.0,0.0,0.0,0.0,1.192240617342577e-07,0.0,0.0,1.192240617342577e-07,0.0,0.0,1.192240617342577e-07,0.0
0.0,0.0,0.0,0.0,0.9999890336203998,0.0,0.9991958952798105,0.0,0.0,6.079235556621931e-06,0.0,0.0,1.192240617342577e-07,0.0,0.0,0.0,0.0,0.0,0.0,2.384476545103098e-07,0.00013575319796577112,0.0,0.0,0.0,0.0
0.0,0.0,0.0,0.0,0.08509258299943756,0.0,0.9991862536522879,0.0,0.0,0.9921830494992718,0.0,0.0,1.788187994011814e-06,1.192240617342577e-07,0.0,0.0,0.0,0.0,0.0,5.960258064874324e-07,1.4304229126738122e-06,0.0,0.0,3.218546048677773e-06,0.0
0.9999959466272526,0.0,0.0,0.0,0.9971099347904575,0.0,2.5032657550161375e-06,0.0,0.0,0.9999996423941084,0.0,0.0,0.0,0.0,0.0,0.0,0.0,2.02668910964654e-06,0.0,1.0132127783113454e-05,2.1098357390503253e-05,0.0,3.57605976830655e-07,0.0,0.0
0.9995923701911952,0.0,5.960258064874324e-07,0.0,0.9999972583629027,0.0,1.0012961758065764e-05,0.0,2.384476545103098e-07,0.00010751387598129103,0.0,5.960258064874324e-07,2.503206589143936e-05,1.5496499871092695e-06,0.0,0.0,0.0,8.344533100057561e-07,0.0,2.5032657550161375e-06,0.9998666288773593,0.0,0.9999946359824371,0.0,0.0
0.0,0.0,2.384476545103098e-07,0.0,0.0004766167001991617,0.0,1.192240617342577e-07,0.0,0.0,0.0,0.0,0.0,0.9997083866977852,2.384476545103098e-07,3.57605976830655e-07,1.192240617342577e-07,0.0,1.192240617342577e-07,0.0,1.4185645677788905e-05,1.192240617342577e-07,0.0,0.0,0.9999924896496935,0.0
0.0,1.9072566162070537e-05,0.0,0.0,0.9990302053672787,0.0,0.0,0.0,0.0,0.0,0.0,0.99953434594009,0.9999998807761656,7.152118257636175e-07,0.0,1.192240617342577e-07,0.0,0.0,0.0,8.344533100057561e-07,1.192240617342577e-07,0.0,0.12251698723346494,0.9999982118117786,0.0
0.0,0.9999995231047478,0.0,0.0,4.768950248035253e-07,0.0,0.0,0.0,0.0,0.0,0.0,1.0608823800883904e-05,3.815155876552012e-06,0.0,0.0,2.384476545103098e-07,0.0,0.0,0.0003517602670863873,0.0,3.57605976830655e-07,0.0,0.0,0.00012753531456866085,0.0
0.0,0.9999977350503925,0.0,0.0,0.9995761673479254,0.0,1.192240617342577e-07,0.0,0.0,0.0,0.0,0.00022714870097861883,0.9999592337750581,1.192240617342577e-07,0.0,0.0,0.0,0.0,0.0,0.0,0.999402186257402,0.0,6.913942543262941e-06,0.9999986887770048,0.0
0.0,0.9999997615523455,0.0,0.0,7.152118257636175e-07,4.768950248035253e-07,0.0,0.0,0.0,0.0,0.0,2.384476545103098e-07,0.0,0.0,0.0,0.0,0.0,0.0,0.0,0.0,0.0,0.0,2.384476545103098e-07,0.0,0.0
0.0,0.9999998807761656,0.0,0.0,2.384476545103098e-07,0.0,0.0,0.0,0.0,0.0,0.0,2.0740831361387713e-05,0.00012955995327679215,0.0,0.0,0.0,0.0,0.0,0.0,0.0,0.0,0.0,0.0,0.9999294305252449,0.0
0.0,2.384476545103098e-07,0.9999657867188313,0.0,0.0,0.0,1.192240617342577e-07,0.0,0.0,0.0,0.0,6.675423266711e-06,0.031144707842935992,0.9999701975232674,0.0,0.0,0.0,0.0,0.0,0.0,0.0,0.0,0.0,0.0,1.0
0.0,0.9999998807761656,0.0,0.0,0.0,0.0,0.0,0.0,0.0,0.0,0.0,0.0002574358437971158,0.9983253567943796,0.0,0.0,0.0,0.0,0.0,0.0,0.0,0.0,0.0,0.0,0.0,0.0
0.0,1.192240617342577e-07,0.0,0.0,0.9999623318217923,0.0,0.348650619007789,0.0,0.0,0.0,0.0,0.0,1.192240617342577e-07,0.0,0.0,0.0,0.0,0.0,0.0,0.0,0.9997137457834486,0.0,0.0,1.192240617342577e-07,0.0
0.0,0.0,1.192240617342577e-07,0.0,0.9999996423941084,0.0,0.9952442215530671,0.0,0.0,0.3345716626170579,0.0,5.960258064874324e-07,0.9999880800024706,0.0,0.0,5.483205060219376e-06,0.0,0.0,0.0,0.00025362535077577686,0.99964752504906,0.0,0.0,0.0,0.0
8.344533100057561e-07,0.0,8.344533100057561e-07,0.0,0.9999597104328265,0.0,1.192240617342577e-07,0.0,0.0,0.9999687645544164,0.0,2.02668910964654e-06,4.6367864115492985e-05,0.0,0.0,0.0,0.9997910894714278,0.0,0.0,2.980247673256553e-05,1.788187994011814e-06,2.384476545103098e-07,0.0,0.0,0.0
0.0,0.0,8.464086581505548e-06,0.0,0.13296473362121825,0.0,0.9935110504802289,7.652603775276656e-05,0.0,2.384476545103098e-07,0.0,0.0,0.0,0.0,2.9800638619015274e-06,0.0,0.0,2.4435937782230077e-05,0.0,1.0251296977292768e-05,0.9999964236267548,0.0,0.0,0.0,0.0
0.0,0.0,5.602398682524878e-06,0.0,0.999985337231189,0.0,0.9993145735048307,0.9999803316610926,0.0,0.0,0.0,0.0,0.0,0.0,5.72159797485039e-06,2.2290207969399845e-05,0.0,1.192240617342577e-07,0.0,0.0,0.9999995231047478,0.0,0.0,0.0,0.0
0.0,0.0,0.0,0.0,0.9999008312651285,0.0,0.9997344667072023,0.9999932053204985,0.0,0.0,0.0,0.0,0.0,0.0,0.0,0.0,0.0,0.0,0.0,0.0,0.9999907019696626,0.0,0.0,0.0,0.0
0.0,0.0,0.0,0.0,0.9987157909548292,0.0,0.9999816423126254,0.0,0.0,0.0,0.0,5.364017562903278e-06,0.9999992847883448,1.192240617342577e-07,0.0,0.0,0.0,0.0,0.0,0.9998486428554486,0.0002694630046672364,0.0,4.768950248035253e-07,0.9999819997302697,0.0
0.0,0.0,9.537902768697037e-07,0.0,0.9999997615523455,0.0,0.334624699144222,0.9999713903598513,0.0,0.0,0.0,1.192051257703497e-06,0.0,0.0,0.0,0.0,0.0,0.0,0.0,0.0,0.9999150141837938,0.0,0.9999960657392052,0.0,0.0
0.0,0.0,1.192240617342577e-07,0.0,0.9748192400070309,0.0,0.0,5.960258064874324e-07,0.0,0.0,0.0,1.192240617342577e-07,0.9999961848443508,0.9982297309557956,0.0,1.192240617342577e-07,0.0,0.0,0.0,9.537902768697037e-07,5.960258064874324e-07,2.384476545103098e-07,0.9999997615523455,0.9999996423941084,0.9149071170705879
0.0,0.0,1.0966379827559436e-05,0.0,0.9999294305252449,0.0,0.0,0.0,0.0,0.0,0.0,2.264949380159642e-06,0.999993563070601,0.9999837866075887,0.0,0.0,0.0,0.0,0.0,0.0,1.5496499871092695e-06,0.0,0.9999821188664811,0.9999688836617672,0.00844601652646959
0.0,0.0,0.00019150990766003684,0.0,0.9284128700406008,0.0,0.0,0.0,0.0,0.0,0.0,7.152118257636175e-07,0.9999949935065885,0.13296094515402823,0.0,0.0,0.0,0.9999995231047478,0.0,7.152118257636175e-07,1.549873917727762e-05,0.0,6.485197059102887e-05,1.585605744547358e-05,0.991152642747886
0.0,0.0,0.9715635592586598,1.192240617342577e-07,0.00015147626304212736,0.0,1.192240617342577e-07,0.0,0.0,0.0,0.0,0.0,5.602398682524878e-06,1.192051257703497e-06,0.0,0.999783222430908,0.0,0.9999995231047478,0.0,0.0,0.0003056663997759168,0.0,4.768950248035253e-07,0.0,0.999990582822424
0.0,0.999990582822424,0.0,0.0,1.192240617342577e-07,0.0,0.0,0.0,0.0,0.0,0.0,1.0012961758065764e-05,1.192240617342577e-07,0.0,0.0,5.960258064874324e-07,0.0,0.0,0.20182277324798237,0.0,1.192240617342577e-07,0.0,0.0,1.4185645677788905e-05,0.0
0.0,1.192240617342577e-07,0.0,0.0,7.152118257636175e-07,0.0,0.0,0.0,0.0,0.0,0.0,0.9999967814539513,0.9999970199361381,0.0,0.0,0.0,0.0,0.0,0.0,2.384476545103098e-07,0.0,0.0,0.0,0.9999988079489697,0.0
0.0,0.9999995231047478,0.0,2.384476545103098e-07,0.0,0.0,0.0,0.0,0.0,0.0,0.0,0.9999339569457946,0.0,0.0,0.0,0.0,0.0,0.0,0.9998782955441401,0.0,0.0,0.0,0.0,0.0,0.0
0.0,0.0,0.0,0.0,0.0,0.0,0.0010004119975420833,0.0,0.0,0.0,0.0,0.0,0.0,0.0,0.0,0.0,0.0,0.0,0.00032627087083436646,0.0,1.5020643980290238e-05,0.0,0.0,0.0,0.0
0.0,0.9999988079489697,0.0,0.0,4.768950248035253e-07,0.0,0.0,0.0,0.0,0.0,0.0,0.9999346716016133,0.0,0.0,0.0,0.0,0.0,0.0,0.0,0.0,0.0,0.0,0.0,0.0,0.0
0.0,0.001727388310101885,0.0,0.9999945167951672,0.0,0.0,3.218546048677773e-06,0.0,1.192240617342577e-07,0.0,0.0,5.960258064874324e-07,0.0,0.0,0.0,0.0,0.0,0.0,0.9997593791150344,0.0,3.337807925274383e-06,0.0,0.0,0.0,0.0
0.0,0.9999997615523455,0.0,3.01603576245979e-05,3.57605976830655e-07,0.0,4.768950248035253e-07,0.0,0.0,0.0,0.0,9.642712387836205e-05,0.0,0.0,0.0,0.0,0.0,0.0,1.192240617342577e-07,0.0,4.4937494341645845e-05,0.0,0.0,0.0,0.0
0.0,0.9999995231047478,6.079698129735078e-05,1.3947103124856142e-05,2.384476545103098e-07,0.0,0.0,0.0,0.0,0.0,0.0,0.0001854323404359981,0.0,0.0,1.192240617342577e-07,0.0,0.0,0.0,0.9999423044447076,0.0,2.384476545103098e-07,0.0,0.0,0.0,0.0
0.0,0.9999784249211245,0.0,0.0,2.384476545103098e-07,0.0,2.384476545103098e-07,0.0,0.0,0.0,0.0,0.0,0.0,0.0,0.0,0.0,0.0,0.0,0.9999543473293828,0.0,7.749399615231134e-06,0.0,0.0,4.768950248035253e-07,0.0
0.0,0.9999805699749683,5.840804528811638e-06,0.0,0.0,0.0,0.0,0.0,0.0,0.0,0.0,1.192240617342577e-07,0.0,0.0,1.6689054689322802e-06,0.0,0.0,0.0,0.9993638553801851,0.0,2.384476545103098e-07,0.0,0.0,0.0,0.0
0.0,1.0,0.0,0.0,0.0,0.0,1.192051257703497e-06,0.0,0.0,0.0,0.0,1.192240617342577e-07,0.0,0.0,0.0,0.0,0.0,0.0,0.9988664689875872,0.0,0.0,0.0,0.0,0.0,0.0
0.0,0.9999964236267548,0.0,0.0,2.384476545103098e-07,0.0,1.192240617342577e-07,0.0,0.0,0.0,0.0,4.649025975411725e-06,0.0,0.0,3.57605976830655e-07,0.0,0.0,0.0,0.9999765177809861,0.0,5.244836645101891e-06,0.0,0.0,0.0,0.0
0.0,0.00015147626304212736,5.960258064874324e-07,0.9997765468852862,0.0,0.0,1.192240617342577e-07,0.0,1.192240617342577e-07,0.0,0.0,2.384476545103098e-07,0.0,0.0,0.9997898975264415,0.0,5.960258064874324e-07,0.0,0.002511985945707007,0.0,0.0,0.0,0.0,0.0,0.1403375603114686
1.192240617342577e-07,0.9999065526871954,9.537902768697037e-07,0.0,1.788187994011814e-06,0.0,0.0,0.0,0.0,0.0,0.0,5.089810269509609e-05,0.0,0.0,1.192240617342577e-07,0.0,0.0,0.0,0.9840945590473145,0.0,1.6808977915672152e-05,0.0,0.0,0.0,0.0
0.0,0.9998086092494812,0.0004959133671491589,0.0,1.847682898625802e-05,0.0,1.192240617342577e-07,0.0,7.152118257636175e-07,0.0,0.0,0.0,0.0,0.0,6.580483323082031e-05,0.0,0.0,0.0,0.0008167222310766498,0.0,0.999089005241265,0.0,0.0,0.0,0.0
0.0,1.0,0.0,0.0,2.384476545103098e-07,0.0,0.0,0.0,0.0,0.0,0.0,8.344533100057561e-07,0.0,0.0,0.0,0.0,0.0,0.0,0.9525745096312499,0.0,0.0,0.0,0.0,0.0,0.0
0.0,0.999453612217343,0.0,0.0,0.0,0.0,0.0,0.0,0.0,0.0,0.0,0.9999973775557289,0.0,0.0,0.0,2.145812430742744e-06,0.0,0.0,5.72159797485039e-06,0.0,0.0,0.0,0.0,0.0,0.0
0.0,0.9999982118117786,0.0,0.0,2.741637097347649e-06,0.0,0.0,0.0,0.0,0.0,0.0,0.0012643514597527883,0.0,0.0,0.0,1.192240617342577e-07,0.0,5.960258064874324e-07,0.0,0.0,0.0,0.0,0.0,0.0,0.0
0.0,0.9999990462097231,1.192240617342577e-07,0.0,1.192240617342577e-07,0.0,3.57605976830655e-07,0.0,0.0,0.0,0.0,0.00010918311264518366,0.0,0.0,0.0,0.0,0.0,1.192240617342577e-07,6.306541526435172e-05,0.0,3.6956766884532755e-06,0.0,0.0,0.0,0.9999992847883448
0.0,0.0,0.999998569577201,0.0,1.192240617342577e-07,0.0,0.0,0.0,0.0,0.0,0.0,0.0006760225264825781,0.0,1.192240617342577e-07,0.00012670163947081647,0.0,0.0,0.0,0.0,0.0,0.0,1.192240617342577e-07,2.8371090350365336e-05,6.878266795462551e-05,3.57605976830655e-07
0.0,2.384476545103098e-07,0.0,0.0,6.198460485218327e-06,0.0,0.0,0.0,0.0,0.0,0.0,6.198460485218327e-06,0.9996297764693176,0.0,0.0,0.0,0.0,0.0,0.0,0.0,4.5295080610685545e-05,0.0,5.018272645451738e-05,4.768950248035253e-07,0.0
0.0,0.0,1.192240617342577e-07,0.0,2.145812430742744e-06,0.0,0.0,0.0,0.0,0.0,0.0,0.9999249036159062,0.9999855757990935,0.0,3.57605976830655e-07,0.0,0.0,0.0,0.0,0.0,0.0,0.0,9.537902768697037e-07,0.9999982118117786,0.0
0.0,0.0,1.788187994011814e-06,0.0,1.1800783969451167e-05,0.0,0.0,0.0,0.0,0.0,0.0,1.5496499871092695e-06,0.9999762793607582,0.0,2.384476545103098e-07,0.0,0.0,0.0,0.0,0.0,0.0,0.0,3.57605976830655e-07,0.9999998807761656,0.0
0.0,0.0,3.57605976830655e-07,0.0,9.893798219806627e-06,0.0,0.0,0.0,0.0,0.0,0.0,1.0729066772796614e-06,0.9999305026207191,0.0,2.384476545103098e-07,0.0,0.0,0.0,0.0,1.192240617342577e-07,0.0,2.384476545103098e-07,1.3112231088685533e-06,0.9999994039743072,0.0
0.0,3.57605976830655e-07,0.0,0.0,0.0,0.0,0.0,0.0,0.0,0.0,0.0,0.9999970199361381,3.4570836574543407e-06,0.0,0.0,1.192240617342577e-07,0.0,0.0,0.0,0.0,0.0,0.0,0.0,0.9996746819690822,0.0
0.0,0.0,0.0,0.0,1.4185645677788905e-05,0.0,0.0,0.0,0.0,0.0,0.0,0.00284525961480786,0.9999952318244132,2.5032657550161375e-06,0.0,1.192240617342577e-07,0.0,0.0,0.0,0.00010202973941475513,0.0,6.198460485218327e-06,0.002890183145444869,0.9993637363049077,0.0
0.0,0.0,0.8354653892952757,0.0,0.0003464001944035733,0.0,0.9984022281374226,0.0,0.0,0.0,0.0,9.298030337445695e-06,0.0,0.0,0.0001946084309597529,0.0,0.0,0.0,2.384476545103098e-07,0.0,1.0251296977292768e-05,0.0,0.0,0.9362819352671338,0.0
0.0,0.0,0.0,0.0,8.821472391562502e-06,0.0,0.0,0.0,0.0,0.0,0.0,2.3959066688616915e-05,0.999998569577201,0.0,0.0,0.0,0.0,4.768950248035253e-07,0.0,2.384476545103098e-07,0.0,0.0,2.02668910964654e-06,0.9999998807761656,0.0
0.9997927581560592,0.0,1.0251296977292768e-05,0.0,0.03514459179313367,0.0,0.0,0.0,0.0,0.9995268389311042,0.0,0.011685763743099042,0.0003891643850411075,0.0,0.0,0.0,0.0,0.0,0.0,0.0,1.192240617342577e-07,0.9999974967344724,0.9999998807761656,5.36406351977492e-05,0.0
0.0,0.0002826815444781916,0.9998148059905406,0.0,9.537902768697037e-07,0.0,1.192240617342577e-07,2.384476545103098e-07,0.0,0.0,0.0,1.3112231088685533e-06,4.768950248035253e-07,0.0,2.384476545103098e-07,0.0,0.0,0.0,0.0,0.0,0.00020986407594580925,0.0,8.77266801108112e-05,0.0,0.0
0.0,0.0,0.00010131446886896267,0.0,1.192240617342577e-07,0.0,0.0,0.0,0.0,0.0,0.0,0.9999994039743072,0.9996658681326801,0.0,0.0,0.0,0.0,0.0,0.0,0.0,0.0,0.0,8.344533100057561e-07,0.0,0.0
0.0,0.0,0.0,0.0,0.00013158461721241022,0.0,0.0,0.0,0.0,0.0,0.0,0.00038451841790787533,0.9999998807761656,9.537902768697037e-07,0.0,0.0,0.0,0.0,0.0,0.0,1.192240617342577e-07,0.0,0.9999879607864238,0.9999992847883448,1.192240617342577e-07
0.000360455751402311,0.0,0.00012789259143941578,0.0,0.9997507805012038,0.0,3.0992980275534876e-06,0.0,1.192051257703497e-06,0.9999848600582619,0.0,9.417177575965496e-06,0.9999609020163983,0.0,0.0,0.0,0.0,0.0,0.0,0.0,3.302208665545425e-05,0.9999986887770048,0.9999996423941084,0.9999065526871954,0.0
2.02668910964654e-06,4.768950248035253e-07,0.003945626746165498,0.0,0.9999583995954074,0.0,0.0,0.0,0.0,0.9999522016515195,0.0,1.3112231088685533e-06,0.9999976158993602,0.0,0.0,0.0,0.0,0.0,0.0,1.192240617342577e-07,3.57605976830655e-07,0.9999994039743072,0.9999998807761656,0.9999996423941084,0.0
0.9966229276055739,0.0,0.8266921841242363,0.0,0.9999536321356571,0.0,0.0,0.0,0.0,0.9999969007019724,0.0,2.860843551943937e-06,0.9999039304695693,0.0,0.0,0.0,0.0,0.0,0.0,0.0,3.05208374177246e-05,0.9999997615523455,0.9999996423941084,0.9995476912815474,0.0
0.9999896295304322,0.0,1.6689054689322802e-06,0.0,0.00048031076909715864,0.0,0.0,0.0,0.0,0.9999887952344767,0.0,0.9998785340865076,5.960258064874324e-07,0.0,0.0,0.0,0.0,0.0,0.0,0.0,0.0,0.9999886760374438,0.999971867450865,1.0847190710094878e-05,0.0
0.9999949935065885,0.0,2.5866706354849e-05,0.0,0.9997786926408796,0.0,0.0,0.0,0.0,0.9999719867222898,0.0,0.9995487636513631,0.999993563070601,0.0,0.0,0.0,0.0,0.0,0.0,0.0,1.192240617342577e-07,0.9999997615523455,0.9999997615523455,0.9999988079489697,0.0
0.0,3.57605976830655e-07,0.9999976158993602,0.0,0.9999990462097231,0.0,5.483205060219376e-06,1.788113374623368e-05,0.0,3.647675862561428e-05,0.0,2.384476545103098e-07,0.9999983310946448,0.0,0.0,0.0,0.0,1.192240617342577e-07,3.57605976830655e-07,2.384476545103098e-07,0.9999934438270707,0.999998092420356,0.9999995231047478,0.9999921314938888,0.0
0.0,2.384476545103098e-07,0.9997154130442388,0.0,0.9993333814720765,0.0,1.192240617342577e-07,0.0,0.0,0.9998056299121513,0.0,1.192240617342577e-07,1.6808977915672152e-05,0.0,0.0,0.0,0.0,0.0,0.0,0.0,0.0014324592844726647,0.999998927093209,0.9999996423941084,0.9999122733198892,0.0
1.192240617342577e-07,0.0,0.9997466128325568,0.0,0.16453426212151734,0.0,1.192240617342577e-07,0.0,0.0,0.9998837815455575,0.0,0.0,3.57605976830655e-07,0.0,0.0,0.0,0.0,0.0,0.0,0.0,0.02033424185133481,0.9999738948123691,0.9999977350503925,3.0992980275534876e-06,4.768950248035253e-07
0.9999283584090937,0.0,0.0,0.0,8.987182048891817e-05,0.0,0.0,0.0,0.0,0.9999984503497855,0.0,3.552368250814286e-05,0.0,0.0,0.0,0.0,0.0,0.0,0.0,0.0,2.384476545103098e-07,0.9999973775557289,0.999998092420356,0.0,0.0
0.0,4.768950248035253e-07,0.0,0.0,0.00010584471655761263,0.0,0.0,0.0,0.0,0.0,0.0,0.9999959466272526,0.9999865299439533,0.0,0.0,0.0,0.0,0.0,0.0,1.192240617342577e-07,0.0,0.0,0.0,1.192240617342577e-07,0.0
0.0,0.0,0.9998413760424018,0.0,0.9999974967344724,0.0,1.5496499871092695e-06,0.0,0.0,0.0,0.0,0.0,0.9999778289822995,0.0,0.0,0.0,0.0,0.0,0.0,0.0,0.9999855757990935,0.4073577390435009,0.9999920123837689,0.9999135841950586,0.0
0.0,0.0,0.9999970199361381,0.0,0.9999983310946448,0.0,4.5771867181687576e-05,0.0,0.0,2.384476545103098e-07,0.0,0.0,0.0,0.0,0.0,0.0,0.0,0.00016160230135298104,0.0,0.0,0.9999709132436002,0.999966501444691,0.9999982118117786,0.00047316106866868157,2.145812430742744e-06
0.0,2.2409405727286114e-05,9.059744912831569e-06,0.0,1.4304229126738122e-06,0.0,0.0,0.0,0.0,0.0,0.0,0.9999645954495694,0.9999895103542181,0.0,0.0,0.0,0.0,0.0,0.0,1.192240617342577e-07,0.0,0.0,2.145812430742744e-06,6.198460485218327e-06,0.0
0.0,0.9999643571849738,1.192240617342577e-07,0.0,2.384476545103098e-07,0.0,0.0,0.0,0.0,0.0,0.0,0.007346129281098013,1.192240617342577e-07,0.0,0.0,1.192240617342577e-07,0.0,0.0,0.0,0.0,0.0,0.0,0.0,5.960258064874324e-07,0.0
0.0,0.9999899870382419,0.0001773294847901008,1.192240617342577e-07,1.192240617342577e-07,0.0,0.0,0.0,0.0,0.0,0.0,1.788187994011814e-06,1.192240617342577e-07,0.0,0.0,0.0,0.0,0.0,0.0,0.0,3.57605976830655e-07,0.0,0.0,0.0,0.0
0.0,0.00019139075051877175,0.0,0.0,5.960258064874324e-07,0.0,0.0,0.0,0.0,0.0,0.0,0.9999929667885175,0.9999237122389276,1.192240617342577e-07,0.0,0.0,0.0,0.0,0.0,0.0,0.0,0.0,0.0,2.384476545103098e-07,0.0
0.0,0.0,0.9999954701172836,0.0,0.0,0.0,0.0,0.0,0.0,0.0,0.0,5.960258064874324e-07,0.9999928475132261,0.0,2.384476545103098e-07,0.0,0.0,0.0,0.0,0.0,1.192240617342577e-07,0.00045838556567656674,0.999998927093209,1.9075798713963366e-06,0.9953898596758319
0.0,4.768950248035253e-07,0.9994294466657446,0.0,0.0005274599720171969,0.0,7.271768417527191e-06,0.0,0.0,0.0,0.0,1.5496499871092695e-06,0.0,0.0,2.384476545103098e-07,0.0,0.9977165229222313,0.0,0.0,1.192240617342577e-07,0.9763081497793341,0.0,0.0,0.0,0.0
0.0,0.9999294305252449,0.8266922703549552,0.0,1.1323962328835258e-05,0.0,0.0001854323404359981,0.0,0.0,0.0,0.0,4.768950248035253e-07,9.537902768697037e-07,0.0,3.57605976830655e-07,0.0,0.0,0.0,0.0,0.0,0.9997507805012038,0.0,3.457065277434612e-05,0.0,0.0
0.0,0.0,3.57605976830655e-07,0.0,0.9994296847156238,1.192051257703497e-06,5.94847794177511e-05,0.0,0.0,0.0,0.0,0.0,0.0,0.0,0.00038761573165346785,0.0,0.0,0.0,3.57605976830655e-07,0.0,0.9996200083781825,0.0,0.0,0.0,0.0
0.0,0.0,0.999980450817114,0.0,0.9999995231047478,0.0,6.675423266711e-06,0.0,0.0,0.0,0.0,1.0729066772796614e-06,0.00014039838639301472,0.0,0.0,0.00012586799277802818,0.0,0.0,0.0,0.0,0.9999948743383752,2.145812430742744e-06,0.01205257358041567,0.9999971391564481,0.0
0.0,1.3112231088685533e-06,4.649025975411725e-06,0.0,0.9046526762436923,0.0,1.1681574487942825e-05,0.0,1.192240617342577e-07,0.0,0.0,3.57605976830655e-07,0.0,0.0,1.192240617342577e-07,0.9999972583629027,3.57605976830655e-07,0.0,1.7047225114641407e-05,0.0,0.9916838419801262,0.0,0.0,0.0,0.0
0.0,0.0,0.997488014054293,0.0,0.0033768350130198854,0.0,8.344533100057561e-07,0.0,0.0,0.0,1.192240617342577e-07,0.0,0.0,0.0,4.5298824890016576e-06,0.0,2.3841004124225407e-06,2.384476545103098e-07,0.00010584471655761263,0.0,0.9999731793227268,1.192240617342577e-07,8.37941947265941e-05,0.0,0.0
0.0,0.0,3.57605976830655e-07,0.0,0.0020506473107041456,0.0,0.0,0.0,0.0,1.192240617342577e-07,1.406637349898876e-05,0.0,0.0,0.0,0.0,0.0,0.0,3.027965425839163e-05,0.0,0.0,0.0003877348658632984,0.0,0.45326884723367367,0.0,0.0
0.0,0.0,0.999955062505431,0.0,0.9999961848443508,0.0,1.3112231088685533e-06,0.0,0.0,0.0,0.0,0.0,1.3589312835349254e-05,0.0,0.0,0.0,0.0,0.0002456472765330897,0.0,0.0,0.9999809274340653,8.344533100057561e-07,0.00045862387516693026,0.0004095360292516448,0.0
0.0,0.0,0.9999719867222898,0.0,0.9950942605713213,0.0,5.960258064874324e-07,0.0,0.0,0.0,1.192240617342577e-07,0.0,0.0,0.0,0.0,3.57605976830655e-07,0.0,2.6224444984457307e-06,0.0,0.0,0.999887597472767,1.192240617342577e-07,0.00017983174922231449,5.960258064874324e-07,0.0
0.0,0.0,0.0,0.0,5.5071680289842107e-05,0.0,2.384476545103098e-07,7.152118257636175e-07,0.0,1.192240617342577e-07,0.0,0.0,1.192240617342577e-07,0.0,0.0,0.0,1.192240617342577e-07,3.57605976830655e-07,0.0,0.0,8.344533100057561e-07,0.0,0.0,8.344533100057561e-07,0.0
0.0,0.0,0.0,1.192240617342577e-07,9.774639442183819e-06,0.0,1.192240617342577e-07,0.0,6.198460485218327e-06,2.264949380159642e-06,0.0,0.0,0.0,0.0,0.0,0.0,0.0,0.004070775749696498,1.192240617342577e-07,1.192240617342577e-07,4.768950248035253e-07,0.0,0.0,0.0,0.0
0.0,0.0,3.815155876552012e-06,0.0,0.00015385877537299475,0.0,2.264949380159642e-06,0.0,0.0,0.0,0.0,0.0,0.0,0.0,0.0,0.9999984503497855,0.0,1.192240617342577e-07,0.0,0.0,0.07158712995961036,0.0,7.152118257636175e-07,0.0,0.0
0.9995520998363303,0.0,0.0006316211448591513,0.0,0.1645129580213975,0.0,0.0,0.0,0.0,0.0,0.0,0.9999901062017802,0.9999690027618564,0.0,3.57605976830655e-07,0.0,0.0,0.0,0.0,4.768950248035253e-07,3.93426102218708e-06,0.9994319465413511,0.0029353384251445958,0.9999997615523455,0.0
0.0,0.0,0.9196493759002319,0.0,1.0729066772796614e-06,0.0,1.4304229126738122e-06,0.0,0.0,0.0,0.0,0.0,0.0,1.0729066772796614e-06,1.9075798713963366e-06,0.0,0.0,0.0,0.0,0.0,9.893798219806627e-06,0.0,2.384476545103098e-07,1.6689054689322802e-06,0.9999998807761656
0.0,0.0,1.788187994011814e-06,0.0,0.0025511425115409825,0.0,0.0022520070386142788,0.0,0.0,0.0,0.0,0.0,0.0,0.0,0.0,0.0,0.0,0.0,0.0,0.0,3.815155876552012e-06,0.0,0.0,3.57605976830655e-07,0.0
0.0,0.0,0.0,0.0,1.192240617342577e-07,0.0,1.192240617342577e-07,0.0,0.0,0.0,0.0,0.0,0.0,1.192240617342577e-07,0.0,0.0,0.0,1.192240617342577e-07,0.0,0.0,7.152118257636175e-07,0.0,0.0,0.0,3.171186393102765e-05
0.0,5.602398682524878e-06,2.384476545103098e-07,0.0,0.0002574358437971158,0.0,1.192240617342577e-07,0.0,0.0,0.0,0.0,0.0,0.8175602623894708,8.344533100057561e-07,0.0,0.0,0.0,0.0,0.0,5.960258064874324e-07,8.344533100057561e-07,0.0,0.00012396252633584126,0.9999960657392052,4.768950248035253e-07
0.0,0.0,2.9800638619015274e-06,0.0,0.9998643659078482,0.0,2.384476545103098e-07,0.0,0.0,0.9999996423941084,0.0,3.57605976830655e-07,0.0,0.0,5.602398682524878e-06,0.0,0.0,0.0,0.0,4.768950248035253e-07,2.384476545103098e-07,0.0,7.807487480626651e-05,0.0,4.768175814184872e-06
0.0,0.0,0.9995824817932915,0.0,0.10669526006343666,0.0,0.00015898133952985116,0.0,0.0,0.5156194435072463,0.0,3.57605976830655e-07,2.5032657550161375e-06,0.0,3.57605976830655e-07,0.0,0.0,1.5496499871092695e-06,0.0,3.337807925274383e-06,0.9999910593932734,0.0,0.00043407900239345043,0.0,0.0
0.0,0.0,5.960258064874324e-07,0.0,2.9325322852602476e-05,0.0,3.57605976830655e-07,0.0,0.0,0.0,0.0,0.0,0.0,0.0,5.960258064874324e-07,0.0,0.0,0.0,0.0,0.0,0.0013045412883490037,0.0,0.0,0.0,0.0
0.9997865600240248,0.0,4.314969226693055e-05,0.0,0.9999932053204985,0.0,2.02668910964654e-06,0.0,0.0,0.9999998807761656,0.0,0.0,0.0,0.0,1.3112231088685533e-06,0.0,0.0,0.004134401905584784,0.0,0.0,0.9724137088039929,0.0,0.9995624657839173,1.192240617342577e-07,0.00011132935601076976
0.0,0.0,1.192051257703497e-06,0.0,0.9999579229055234,0.0,1.192240617342577e-07,1.192240617342577e-07,0.0,1.192051257703497e-06,0.0,0.0,0.0,0.0,0.0,0.0,0.0,1.895341552671237e-05,0.0,0.0,3.4570836574543407e-06,0.0,0.999783222430908,0.00011240252723299093,0.0
0.0,0.0,0.9992675540011268,0.0,0.9999926089435868,0.0,4.0533725200742055e-06,0.0,0.0,1.192240617342577e-07,0.0,8.344533100057561e-07,0.0,0.0,0.0,0.0,0.0,0.0,0.0,0.0,0.9999523208623938,0.0,0.999970555391555,0.999984620364591,0.0
0.0,0.0,0.0,0.0,0.0001338475323396926,0.0,0.0,0.0,0.0,0.0,0.0,0.0,0.9970183283906285,1.192240617342577e-07,0.0,0.0,0.0,0.0,0.0,0.0,0.0,0.0,0.0,0.9999973775557289,0.0
0.0,0.00011264100628649576,0.0,0.0,0.999966501444691,0.0,0.0,0.0,0.0,0.0,0.0,1.192240617342577e-07,0.9999748487059829,0.0,0.0,0.0,0.0,1.192240617342577e-07,0.0,1.3589312835349254e-05,0.0,0.0,0.0,0.9999995231047478,0.0
0.0,0.0,0.9942690395736514,0.0,0.9999907019696626,0.0,0.0,0.0,0.0,0.0,0.0,7.152118257636175e-07,0.9999977350503925,1.192240617342577e-07,0.0,0.0,0.0,8.940606499252546e-06,0.0,8.344533100057561e-07,7.747916550560063e-05,1.4304229126738122e-06,2.288619570722794e-05,0.9999984503497855,0.0
0.0,0.0,1.192240617342577e-07,0.0,6.902090277072226e-05,0.0,0.0,0.0,0.0,0.0,0.0,0.9999991655469742,0.9999984503497855,0.0,0.0,0.0,0.0,0.0,0.0,0.0,0.0,0.0,4.768950248035253e-07,0.9999990462097231,0.0
0.0,0.0,3.93426102218708e-06,0.0,0.0004987704075557486,0.0,8.248345286088199e-05,0.9999954701172836,0.0,1.192240617342577e-07,0.0,0.0,1.192240617342577e-07,0.022631705998756413,0.0,5.960258064874324e-07,0.0,0.0,0.0,0.0,0.9999927282315825,0.0,0.0,0.0,1.144316321288752e-05
0.0,0.0,1.6689054689322802e-06,0.0,0.9999803316610926,0.0,0.006693397156566694,0.002947070147147013,0.0,1.5379635408985237e-05,0.0,0.0,0.0,0.0,7.152118257636175e-07,0.0,0.0,0.0011881233958700443,0.0,0.0,0.0002036661836238851,0.0,0.0,0.0,0.0
0.0,0.8840443893368611,0.0,0.0,0.0012643514597527883,0.0,4.88733132308905e-06,0.0,0.0,0.0,0.0,0.0,0.0,0.0,0.0,0.0,0.0,1.192240617342577e-07,0.0,0.0,1.192240617342577e-07,0.0,0.0,0.0,0.0
0.0,3.93426102218708e-06,0.0,0.0,5.4594650784056675e-05,0.0,0.0,0.0,0.0,0.0,0.0,0.0,0.07807156897580969,0.8311240847923174,0.0,4.768950248035253e-07,0.0,0.0,0.0,0.0,0.0,0.0,0.0,0.9822870295236591,0.0
0.0,1.192240617342577e-07,0.0,0.0,1.5496499871092695e-06,0.0,0.0,0.0,0.0,0.0,0.0,0.0,6.675423266711e-06,2.7536219380341898e-05,0.0,0.0,0.0,0.0,0.0,1.192240617342577e-07,0.0,0.0,0.0,0.9995040866326237,0.0
0.0,0.0,0.0,0.0,0.9149003634432519,0.0,0.0,0.0,0.0,0.0,0.0,1.192240617342577e-07,0.9999841439423273,1.1919997756737466e-05,0.0,0.0,0.0,0.0,0.0,1.633250494759153e-05,0.0,0.0,0.0,0.9999982118117786,0.0
0.0,0.0,1.192240617342577e-07,0.0,2.264949380159642e-06,0.0,0.0,0.0,0.0,0.0,0.0,0.0,4.875206042742608e-05,0.0,0.0,0.0,0.0,4.768950248035253e-07,0.0,0.0,2.5032657550161375e-06,0.0,0.0,0.9999954701172836,0.0
2.5032657550161375e-06,2.384476545103098e-07,0.0,0.0,1.192240617342577e-07,0.0,0.0,0.0,0.0,0.0,0.0,1.0,0.999993563070601,1.192240617342577e-07,0.0,0.0,0.0,0.0,0.0,1.6689054689322802e-06,0.0,0.0,0.0,0.0019119473315223345,0.0
0.9999971391564481,0.0,0.0,0.0,0.9999952318244132,0.0,0.0,0.0,0.0,0.9997795270816171,0.0,1.4185645677788905e-05,0.999998092420356,0.0,0.0,0.0,0.0,0.0,0.0,1.2516111272287134e-05,4.649025975411725e-06,3.57605976830655e-07,0.9999973775557289,0.9999996423941084,0.0
0.0,0.0,0.0,0.0,0.8872075071601017,0.0,0.0,0.0,0.0,0.0,0.0,0.0,0.9999887952344767,1.0729066772796614e-06,0.0,0.0,0.0,3.57605976830655e-07,0.0,3.57605976830655e-07,0.0,0.0,1.192240617342577e-07,0.9999982118117786,0.0
0.0,2.384476545103098e-07,1.192240617342577e-07,0.0,0.9999945167951672,0.0,4.768950248035253e-07,0.0,0.0,0.9999997615523455,0.0,0.0,1.192240617342577e-07,0.0,0.0,0.0,0.0,5.960258064874324e-07,0.0,1.192240617342577e-07,2.062165932470439e-05,0.0,0.0,7.391056640604354e-06,0.0
0.0,0.0,0.0,0.0,0.9539666261609272,0.0,1.0251296977292768e-05,0.0,0.0,0.9999994039743072,0.0,0.0,0.0,0.0,0.0,0.0,0.0,0.0,0.0,0.0,0.000286968743796856,0.0,0.0,0.0,0.0
0.0,0.0,0.014063489236259996,0.0,0.9999579229055234,0.0,0.0,0.0,0.0,0.0,0.0,0.0,0.9990226708013765,0.0,0.0,0.0,0.0,3.57605976830655e-07,0.0,5.960016525530243e-06,5.960258064874324e-07,1.9075798713963366e-06,1.192240617342577e-07,0.9999994039743072,0.0
0.0,0.0,0.0,0.0,0.9999661440835161,0.0,0.0,0.0,0.0,0.0,0.0,0.00019746868935133222,0.9999988079489697,1.192240617342577e-07,0.0,0.0,0.0,1.192240617342577e-07,0.0,1.192240617342577e-07,0.0,0.0,0.0,0.9999979733108904,0.0
1.0729066772796614e-06,0.0,1.192240617342577e-07,0.0,0.9999995231047478,0.0,0.00013575319796577112,0.0,2.384476545103098e-07,1.4782057971451934e-05,0.0,0.0007526819887244685,0.9999991655469742,0.0,0.0,0.0,0.0,0.0,0.0,8.464086581505548e-06,0.0016229614596979802,0.0,2.3601429135045038e-05,0.9999752063885837,0.0
0.0,1.192240617342577e-07,0.0,0.0,0.9999983310946448,0.0,0.0,0.0,0.0,0.999964833710584,0.0,1.0729066772796614e-06,0.9999929667885175,0.0,0.0,0.0,0.0,0.0,0.0,2.384476545103098e-07,8.344533100057561e-07,0.0,4.5298824890016576e-06,1.192240617342577e-07,0.0
0.0,0.0,1.4304229126738122e-06,0.0,0.9999889144297048,0.0,1.192051257703497e-06,0.0,1.192240617342577e-07,0.0,0.0,0.0,0.9999768754005207,0.0,0.0,0.0,0.0,0.0,0.0,0.48437961180004663,0.0004375342160829465,0.0,0.0,0.9995823626628727,0.0
1.192051257703497e-06,0.0,0.0,0.0,0.42251537349893,0.0,1.192240617342577e-07,0.0,0.0,0.0,0.0,0.0,2.384476545103098e-07,0.0,0.0,0.9999977350503925,0.0,1.192240617342577e-07,0.0,1.192240617342577e-07,2.384476545103098e-07,0.0,0.0,0.0,0.0
0.0,0.0,0.9901408349133399,0.0,0.0017006603067762915,0.0,3.5047160706458413e-05,0.0,0.0,0.0,0.0,0.0,0.8670383184128247,0.0,5.364017562903278e-06,0.9999995231047478,0.0,0.0,0.0,4.768950248035253e-07,0.9999551816911816,0.0,0.0,1.788187994011814e-06,0.0
0.0,0.0,0.0,0.0,0.9998837815455575,0.0,1.192240617342577e-07,1.192240617342577e-07,0.0,0.0,0.0,0.0,0.0,0.0,0.0,0.9999994039743072,0.0,0.0,0.0,0.0,5.72159797485039e-06,0.0,0.0,0.0,0.0
0.0,0.0,0.997284569388844,0.0,5.960258064874324e-07,0.0,9.537902768697037e-07,0.0,0.0,0.0,0.0,0.0,0.0,0.0,2.384476545103098e-07,0.0,0.0,2.5032657550161375e-06,0.0,1.192240617342577e-07,0.9996429986231756,0.0,0.0,0.0,2.6701425927755373e-05
0.0,0.0,0.0,0.0,2.562823002405512e-05,0.0,0.0,0.0,1.192240617342577e-07,0.0,0.0,0.0,0.0007041153902609398,0.0,0.0,0.9975073572958171,0.0,1.192240617342577e-07,0.0,0.0,0.0,0.0,0.0,0.0,0.0
1.192240617342577e-07,1.192240617342577e-07,6.913942543262941e-06,0.0,2.0264153133608964e-05,0.0,2.384476545103098e-07,0.0,1.192240617342577e-07,0.0,0.0,5.960258064874324e-07,0.00023084444884746702,0.0,0.0,0.00017470811316344648,0.0,2.384476545103098e-07,0.0,0.0,9.537902768697037e-07,0.0,1.192240617342577e-07,0.0002102216723438577,3.815155876552012e-06
0.0,0.0,3.540455043060664e-05,0.0,5.72159797485039e-06,0.0,0.0,4.0533725200742055e-06,0.0,0.0,0.0,0.0,2.3841004124225407e-06,0.9999983310946448,0.0,0.0,0.0,2.5032657550161375e-06,0.0,0.0,1.5496499871092695e-06,0.0,0.0,0.0,1.0
0.0,0.0,0.0197210551544591,0.0,2.9800638619015274e-06,0.0,5.840804528811638e-06,0.0,0.0,0.0,0.0,2.384476545103098e-07,1.7047225114641407e-05,6.317691993329433e-06,0.0,0.9997963338163762,0.0,0.0,0.0,0.0,7.152118257636175e-07,0.0,0.0,1.192240617342577e-07,0.9999898678719895
0.0,0.0,0.9949390363291958,0.0,1.192240617342577e-07,0.0,1.192240617342577e-07,0.0,0.0,0.0,0.0,0.0,0.0,0.9999095322816149,0.0,0.0,0.0,1.192240617342577e-07,0.0,0.0,4.768950248035253e-07,0.0,0.0,0.0,0.9999995231047478
0.0,0.0,0.0,0.0,8.940606499252546e-06,2.384476545103098e-07,0.003172979161112477,0.0,2.3841004124225407e-06,0.0,0.0,1.192240617342577e-07,0.0,2.145812430742744e-06,0.0,0.0,0.0,0.0,0.0,0.0,7.152486773853717e-06,0.0,0.0,0.0,0.9999812848805573
0.0,0.0,0.9999948743383752,0.0,8.77266801108112e-05,0.0,0.9999890336203998,0.0,0.0,0.0,0.0,0.0,0.0002135591745898724,7.152118257636175e-07,0.9995820052135184,0.0,0.0,1.192240617342577e-07,0.0,5.960258064874324e-07,0.999968288136069,0.0,0.00010584471655761263,0.9956677976777603,0.001727507197249345
0.999980808283444,0.0,0.999905122412275,0.0,0.9999955892541905,0.0,1.192240617342577e-07,0.0,0.0,0.0,0.0,4.768175814184872e-06,0.9999842630496908,0.0,0.0,0.0,0.0,0.0,0.0,1.192240617342577e-07,0.0034835662468414297,2.384476545103098e-07,1.192240617342577e-07,0.9999766369874834,0.0
0.0,0.0,0.0,0.0,2.7416958570669614e-05,0.0,0.0,0.0,0.0,0.0,0.0,0.0,0.0,0.0,0.0,1.192240617342577e-07,0.0,0.0,0.0,0.0,0.0,0.0,0.0,0.0,0.0
9.356650367198238e-05,0.0,0.005642797633710339,0.0,4.601026390615992e-05,0.0,1.192240617342577e-07,0.0,0.0,0.0,0.0,0.0,0.0,0.0,8.344533100057561e-07,0.0,0.0,0.0,0.0,2.384476545103098e-07,4.970582944230362e-05,0.0,0.0,0.0,1.4304229126738122e-06
0.9999986887770048,0.0,1.192240617342577e-07,0.0,0.9998684153830149,0.0,0.0,0.0,0.0,0.0,0.0,0.9995625849119646,2.384476545103098e-07,0.0,0.0,2.02668910964654e-06,0.0,0.0,0.0,1.4304229126738122e-06,0.0,0.0,0.0,0.010985735352512571,0.0
0.999993682308234,0.0,0.0,0.0,0.0010321785256807159,0.0,0.0,0.0,0.0,1.192240617342577e-07,0.0,1.0012961758065764e-05,0.0,0.0,0.0,0.0,0.0,0.0,0.0,0.0,0.0,0.0,0.0,0.7490763042686506,0.0
0.0,6.317691993329433e-06,0.0,0.0,5.960258064874324e-07,0.0,0.0,0.0,0.0,0.0,0.0,0.9999996423941084,0.9998388742406173,0.0,0.0,0.0,0.0,0.0,0.0,2.384476545103098e-07,0.0,0.0,0.0,0.0,0.0
0.0,1.192240617342577e-07,0.0,0.0,1.0728006353044606e-05,0.0,2.5032657550161375e-06,1.192240617342577e-07,0.999976398570865,0.0,0.0,6.735327969220606e-05,0.999998569577201,2.384476545103098e-07,0.0,0.0,0.0,0.0,0.0,9.537902768697037e-07,2.9325322852602476e-05,0.0,2.384476545103098e-07,0.6076529705196951,0.0
0.0,0.0,0.0061934134738016455,0.0,1.6808977915672152e-05,0.0,2.384476545103098e-07,0.0,0.0,0.0,0.0,2.5032657550161375e-06,0.9996746819690822,1.192240617342577e-07,0.995036059357746,0.0,0.0,0.0,0.0,2.384476545103098e-07,1.108557052253989e-05,0.0,1.192240617342577e-07,0.9999948743383752,5.6622103676851054e-05
0.0,0.0,0.0,0.0,0.9999670970275308,0.0,8.344533100057561e-07,1.6689054689322802e-06,0.9999951126684495,0.0,0.0,0.0,0.9999928475132261,2.384476545103098e-07,0.0,0.0,0.0,0.0,0.0,2.9800638619015274e-06,0.04084493608492079,0.0,0.0,0.22271395233056543,0.0
0.0,0.0,0.0,0.0,1.526053549183448e-05,0.0,0.0,0.0,4.0533725200742055e-06,0.0,0.0,0.0,0.9999991655469742,0.0,0.0,4.768950248035253e-07,0.0,0.0,0.0,0.0,1.192240617342577e-07,0.0,0.0,0.9999879607864238,0.0
0.0,0.0,9.537902768697037e-07,0.0,3.4570836574543407e-06,0.0,2.3601429135045038e-05,0.0,4.291615254836678e-06,0.0,0.0,0.0,0.9996794461240978,4.768950248035253e-07,0.0,0.0,0.0,3.57605976830655e-07,0.0,8.344533100057561e-07,0.000386186180941106,0.0,0.0,0.0,0.001086188375833852
0.0,0.0,2.145812430742744e-06,0.0,1.6689054689322802e-06,0.0,0.00012753531456866085,0.0,0.99994146949706,0.0,0.0,0.0,0.0,0.0,1.192240617342577e-07,0.0,0.0,0.0,0.0,0.0,0.0003315115034615568,0.0,0.0,0.0,1.0728006353044606e-05
0.0,0.0,3.57605976830655e-07,0.0,2.145812430742744e-06,0.0,2.384476545103098e-07,0.0,0.0,0.0,0.0,0.0,0.9999326467205352,4.768950248035253e-07,0.0,0.0,0.0,0.005220737181554025,0.0,2.02668910964654e-06,7.987616003735099e-06,0.0,0.0,0.999300765154774,1.263534339135397e-05
0.0,0.0,7.319025341268048e-05,0.0,5.602398682524878e-06,0.0,1.788187994011814e-06,0.0,0.0,0.0,0.0,0.0,7.747916550560063e-05,3.4570836574543407e-06,3.57605976830655e-07,0.0,0.0,0.9783822647201906,0.0,5.602398682524878e-06,0.0039457450214951395,0.0,0.0,0.0,0.9998459029737062
0.0,0.0,0.0,0.0,1.4304229126738122e-06,0.0,1.192240617342577e-07,0.0,0.0,0.0,0.0,0.0,0.0,0.9999561352031626,0.0,0.0,0.0,4.768950248035253e-07,0.0,0.0,0.0,0.0,0.0,0.0,1.0
0.0,0.0,0.9998086092494812,0.0,1.9072566162070537e-05,0.0,2.384476545103098e-07,0.0,0.0,0.0,0.0,2.384476545103098e-07,0.4999998202337709,9.201707971751016e-05,4.768950248035253e-07,0.0,0.0,3.337807925274383e-06,0.0,0.0,4.0533725200742055e-06,0.0,0.0,2.384476545103098e-07,0.9999755640622178
0.0,0.0,0.9908745892080261,0.0,5.483205060219376e-06,0.0,2.264949380159642e-06,0.0,0.0,0.0,0.0,1.192240617342577e-07,0.36298154128286486,0.0,0.20689711702725655,0.0,0.0,8.225844613463096e-06,0.0,1.192240617342577e-07,0.0001144296992264815,0.0,0.0,1.192240617342577e-07,2.4197499308042936e-05
0.0,0.0,1.192240617342577e-07,0.0,2.384476545103098e-07,0.0,5.960258064874324e-07,0.0,0.0,0.0,0.0,6.628127535068806e-05,5.72159797485039e-06,0.0,0.0,0.0,0.0,0.0008298157915812565,0.0,5.00649341150794e-06,1.5496499871092695e-06,0.0,0.0,7.987616003735099e-06,7.152118257636175e-07
0.0,0.0,0.0,0.0,0.008062447449201704,0.0,0.0,0.0,0.0,0.0,0.0,4.768175814184872e-06,0.9999982118117786,0.0,0.0,0.0,0.0,9.537902768697037e-07,0.0,0.0,9.537902768697037e-07,0.0,0.0,0.9999998807761656,0.0
0.0,4.768950248035253e-07,0.00010119525709950672,0.0,0.9995955868369634,0.0,2.384476545103098e-07,0.0,0.0,0.0,0.0,0.9997713014802414,0.9999929667885175,0.0,0.0,0.0,0.0,0.0,0.0,1.192240617342577e-07,0.001116045795446996,0.0,4.768950248035253e-07,0.9999996423941084,0.0
4.291615254836678e-06,0.0,0.00032543711390908836,0.0,0.7981891505065386,0.0,0.0013887144575804866,0.0,0.0,0.9972844507354646,0.0,0.0,0.0,0.0,0.00010059921236205138,0.0,0.0,4.231544115229635e-05,0.0,0.0,0.2120407875060959,0.0,0.014503930358381378,9.440083207057359e-05,1.788187994011814e-06
0.9990440124792734,0.0,1.0729066772796614e-06,0.0,0.03732645356761877,0.0,0.0,0.0,0.0,0.0,0.0,0.9999977350503925,0.0,0.0,0.0,0.0,0.0,0.0,0.0,0.0,0.0002783943858748472,0.0,0.0,0.9999998807761656,0.0
1.192240617342577e-07,0.9995383972349757,0.0,0.0,0.9998686535811001,0.0,2.384476545103098e-07,2.384476545103098e-07,2.384476545103098e-07,0.0,0.0,1.192240617342577e-07,0.0,0.0,0.0,0.0,0.0,1.192240617342577e-07,0.0,1.192240617342577e-07,0.00011085240495112281,0.0,0.0,0.0,0.0
1.0251296977292768e-05,8.344533100057561e-07,0.0,5.960258064874324e-07,7.152118257636175e-07,0.0,0.0,0.0,0.0,0.0,0.0,0.9999996423941084,0.02033435681204021,0.0,0.0,0.0,0.0,0.0,0.0,4.172491279819113e-06,0.0,0.0,0.0,0.0,0.0
7.152118257636175e-07,0.0,7.152118257636175e-07,0.0,0.0017006603067762915,0.0,0.0,0.0,0.0,0.0,0.0,0.9999961848443508,0.0,0.0,0.0,0.0,0.0,2.9800638619015274e-06,0.0,0.0,0.0,0.0,0.0,0.9999932053204985,0.0
0.0,0.0,0.9999423044447076,0.0,0.9999897487030227,0.0,1.192240617342577e-07,0.0,0.0,0.0,0.0,0.36294730876748305,0.0004308620635508076,0.0,0.0,0.0,0.0,2.384476545103098e-07,0.0,0.0,0.0015731746466691732,0.00011645695441131476,1.192240617342577e-07,0.9999948743383752,0.0
0.0,0.0,0.8872071303781525,0.0,0.9959296972914143,0.0,4.422235416012832e-05,0.0,1.192240617342577e-07,1.5496499871092695e-06,0.0,0.0,0.0,5.960258064874324e-07,0.0,0.0,0.0,0.0,0.0,0.0,0.001056805001371841,0.0,1.192240617342577e-07,0.0,2.384476545103098e-07
0.0,0.0,0.00034890155565547865,0.0,1.633250494759153e-05,0.0,1.192240617342577e-07,0.0,0.0,0.0,0.0,0.0,0.0,0.0,3.337807925274383e-06,0.0,0.0,2.264949380159642e-06,0.0,0.0,2.8013277710181583e-05,0.0,0.8354657378786727,0.0,1.192240617342577e-07
0.0,0.0,0.0,0.0,1.9191716555955196e-05,0.0,0.01065139455142794,0.0,0.0,0.0,0.0,0.0,0.0,0.0,0.0,0.0,1.192240617342577e-07,0.0,0.0,0.0,1.192240617342577e-07,0.0,0.0,0.0,2.384476545103098e-07
0.0,0.0,1.192051257703497e-06,0.0,2.384476545103098e-07,0.0,0.9994844443845202,0.0,0.0,0.0,0.0,0.0,0.0,1.192240617342577e-07,0.0,0.0,0.0,6.949737928085842e-05,0.0,0.0,2.384476545103098e-07,0.0,0.0,0.0,0.9999810465847007
0.0,0.0,0.0,0.0,2.860843551943937e-06,0.0,8.225844613463096e-06,0.0,0.0,0.0,0.0,1.192240617342577e-07,0.0,0.0,0.0,0.9995554360615233,0.0,0.0,0.0,0.0,1.192240617342577e-07,0.0,0.0,1.192240617342577e-07,0.0
0.0,0.0,0.001741167619499051,0.0,6.317691993329433e-06,0.0,0.00012955995327679215,0.0,0.0,0.0,0.0,0.0,0.0,0.0,0.0,0.0,0.0,4.291615254836678e-06,0.0,0.0,0.01001251071106879,0.0,0.0,0.0,1.3112231088685533e-06
0.0,0.0,0.0,0.0,2.384476545103098e-07,0.0,0.9999537513357886,0.0,0.0,0.0,0.0,0.0,0.0,0.0,0.0,0.0,0.0,7.152486773853717e-06,0.0,0.0,1.192240617342577e-07,0.0,0.0,0.0,0.0
4.768950248035253e-07,0.0,0.9999389592562314,0.0,0.9999953509740246,0.0,0.00018245328177945996,0.0,0.0,0.9999992847883448,0.0,0.0,0.0,0.0,4.88733132308905e-06,0.0,8.344533100057561e-07,6.532839838668814e-05,0.0,1.192240617342577e-07,0.9999790208184688,0.0,1.192240617342577e-07,1.192240617342577e-07,0.0
0.9999986887770048,0.0,0.0002966151574707032,0.0,0.9993538560730088,0.0,0.0,0.0,0.0,0.999939560905,0.0,0.9999904636715619,0.0,0.0,1.192240617342577e-07,0.0,0.0,6.806797044101032e-05,0.0,0.0,0.0,0.0,1.192240617342577e-07,0.9706878726515786,3.57605976830655e-07
0.9998115885083944,1.192240617342577e-07,0.9979808451758159,4.768950248035253e-07,0.9999543473293828,0.0,4.768950248035253e-07,0.0,0.0,0.0,0.0,2.121753482731137e-05,0.0,0.0,0.0,1.192240617342577e-07,0.0,2.956389811581417e-05,0.0,0.0,7.521551167000151e-05,0.00034115929115619004,0.0,8.344964695150558e-06,0.0
0.0,0.0,0.0,0.0,9.726150809197254e-05,0.0,0.0,0.0,0.0,0.0,0.0,2.384476545103098e-07,0.0,0.0,0.0,0.0,0.0,1.192240617342577e-07,0.0,0.0,0.0,0.0,0.0,0.0,5.483205060219376e-06
0.0,0.0,0.5389789790996993,0.0,9.9407144328989e-05,0.0,1.192240617342577e-07,0.0,0.0,0.0,0.0,0.0,4.768950248035253e-07,0.0,1.192240617342577e-07,0.0,0.0,0.00019139075051877175,0.0,5.960258064874324e-07,0.0012066762663685004,0.0,0.0,0.0,4.768950248035253e-07
0.0,0.0,0.9999651910931175,0.0,0.999987006942147,0.0,5.5071680289842107e-05,0.9998989239546842,0.0,0.0,0.0,0.0,0.0,0.0,5.960258064874324e-07,0.0,0.0,6.436929626318921e-06,0.0,1.192240617342577e-07,0.9999315746809657,1.192240617342577e-07,0.0,1.192240617342577e-07,0.0
0.9999579229055234,0.0,5.960258064874324e-07,0.0,1.5020643980290238e-05,0.0,0.0,0.0,0.0,7.152486773853717e-06,0.0,0.9999991655469742,0.0,0.0,2.384476545103098e-07,0.0,0.0,1.192240617342577e-07,0.0,0.0,0.0,0.0,0.0,0.9999879607864238,0.0
0.0,0.0,0.00041775646753194895,0.0,0.9999736563218279,0.0,1.4304229126738122e-06,0.0,0.0,0.9999928475132261,0.0,1.192240617342577e-07,1.192240617342577e-07,0.0,0.0,0.0,0.0,0.0,0.0,3.57605976830655e-07,0.9999036920739233,3.337807925274383e-06,0.9999570886651235,7.152118257636175e-07,0.0
0.0,0.0,0.00035723959388567206,0.0,0.9615346611049135,0.0,0.0,0.0,0.0,0.9999543473293828,0.0,0.0,1.5496499871092695e-06,0.0,1.192240617342577e-07,0.0,0.0,0.0,0.0,2.02668910964654e-06,0.00970776570526899,0.06754676653904959,2.145812430742744e-06,0.0,0.0
0.9999988079489697,0.0,0.08035103521519316,0.0,0.9998362532262174,0.0,0.0,0.0,0.0,0.0013887144575804866,0.0,0.9999920123837689,0.0,0.0,0.0,0.0,0.0,0.0,0.0,0.0,0.0,0.9967390463496985,1.192240617342577e-07,0.0,0.0
0.9999921314938888,0.0,0.0,0.0,6.437554984395355e-05,0.0,0.0,0.0,0.0,0.4765776689286865,0.0,0.9999998807761656,0.0,0.0,0.0,0.0,0.0,0.0,0.0,2.384476545103098e-07,0.0,0.0,0.0,0.0003516411870035929,0.0
0.0,0.0,0.0,0.0,7.152118257636175e-07,0.0,0.0,0.0,0.0,0.0,0.0,2.264949380159642e-06,0.0,0.0,0.0,0.0,0.0,1.192240617342577e-07,0.0,0.0,0.0,0.0,0.0,0.9902922342949564,0.0
0.0,0.0,2.7774745504305365e-05,1.192240617342577e-07,0.9995761673479254,0.0,0.00014683055863951022,2.384476545103098e-07,3.57605976830655e-07,0.0,0.0,2.384476545103098e-07,0.0,0.0,2.145812430742744e-06,0.0,4.768950248035253e-07,0.6791750531038432,0.0,0.0,0.999906671878077,0.0,0.0,0.9999984503497855,0.0
0.0,0.0,0.001245087504570086,0.0,0.9999213293946491,0.0,2.145812430742744e-06,0.0,0.0,1.3589312835349254e-05,0.0,0.0,1.192240617342577e-07,1.192240617342577e-07,1.192240617342577e-07,0.0,0.0,0.9994983725022534,0.0,0.0,1.1681574487942825e-05,1.192240617342577e-07,0.0,0.0,0.8519454733966279
0.0005446021313084692,0.0,0.9999730600693492,0.0,0.033086033076795474,0.0,0.999290408988362,0.0,1.192240617342577e-07,0.0,0.0,0.0,0.0,0.0,0.9999444512799732,4.768950248035253e-07,0.0,1.192240617342577e-07,3.57605976830655e-07,0.0,0.6370527481894686,0.0,0.0,0.0,1.192240617342577e-07
0.0,0.0,0.0,0.0,1.6689054689322802e-06,0.0,1.192240617342577e-07,0.0,0.14033800866025226,0.0,0.0,0.0,5.960258064874324e-07,2.9800638619015274e-06,0.0,0.0,0.0,2.9325322852602476e-05,0.0,5.602398682524878e-06,1.0729066772796614e-06,0.0,0.0,0.00019627691844081863,0.9998202873806669
0.0,0.0,2.384476545103098e-07,0.0,8.344533100057561e-07,0.0,0.0,0.0,0.0,0.0,0.0,0.9997933540937076,0.0,0.0,0.0,0.0,0.0,0.0,0.0,0.0,1.192240617342577e-07,0.0,0.0,0.8479573666717967,0.0
0.0,0.0,5.960258064874324e-07,0.0,0.00017697202212085816,0.0,0.0014438702947843218,0.0,1.192240617342577e-07,0.0,0.0,0.0,4.768950248035253e-07,0.0,6.675423266711e-06,0.0,0.0,4.768950248035253e-07,0.0,0.0,2.062165932470439e-05,0.0,0.0,0.9748190511698471,1.192240617342577e-07
0.0,1.192240617342577e-07,0.9748189367781094,4.768950248035253e-07,0.9998785340865076,0.0,0.007346247152638985,0.0,0.0,0.0,0.0,1.192240617342577e-07,1.192240617342577e-07,0.0,1.192240617342577e-07,0.0,0.0,0.9902922342949564,0.0,1.192240617342577e-07,0.9994964677993892,3.57605976830655e-07,0.0,0.987947426419809,3.278385781391169e-05
0.0,0.00039833741297279346,2.264949380159642e-06,0.0,2.6462925922454694e-05,0.0,2.872891536753741e-05,0.0,0.0,0.0,0.0,5.483205060219376e-06,0.0,0.0,1.227765654099322e-05,0.0,0.0,1.192240617342577e-07,0.0,0.0,0.999481111159706,0.0,0.0,1.752373366648019e-05,0.0
0.0,5.94847794177511e-05,0.0,0.0,0.003172979161112477,0.0,2.02668910964654e-06,0.0,0.0,0.0,0.0,0.0,0.0,0.0,0.0,0.0,0.0,9.537902768697037e-07,0.0,0.0,0.9984750722885978,0.0,0.0,0.0,0.0
0.0,0.0,7.152118257636175e-07,0.0,0.0003355611724407126,0.0,7.152486773853717e-06,0.0,0.0,3.57605976830655e-07,0.0,0.0,0.0,0.0,8.344533100057561e-07,0.0,0.0,0.0,0.0,0.0,0.999769513227693,9.655482241965885e-06,5.960258064874324e-07,0.0,2.384476545103098e-07
0.0,0.0,3.93426102218708e-06,0.0,0.0002236915525052341,7.033211255169647e-06,0.0012066762663685004,0.0,4.768950248035253e-07,0.0,0.0,0.0,0.0,0.0,0.9993268343558114,0.0,0.0,0.0,0.0,0.0,0.0002933996674172601,0.0,0.0,0.0,0.0
0.0,2.384476545103098e-07,0.012430555615487782,0.0,0.9937097014262416,0.0,0.00010262581194553366,1.192240617342577e-07,0.0,0.0,0.0,0.0,0.0,0.0,0.0,0.0,0.0,0.0013044224673198768,0.0,0.0,0.9999620935286333,0.0,0.0,0.0,7.152118257636175e-07
0.0,0.0,0.9999033344878362,0.0,0.033086033076795474,0.0,0.26894368741332675,0.0,0.0,0.0,0.0,2.384476545103098e-07,1.192240617342577e-07,0.0,0.999967454367219,0.0,0.0,3.57605976830655e-07,0.0,1.192240617342577e-07,0.9996471676927778,0.9987739393932993,0.9999488634290468,1.192240617342577e-07,1.192240617342577e-07
0.0,2.384476545103098e-07,3.57605976830655e-07,0.0,0.9997387536197399,0.0,3.57605976830655e-07,0.0,0.0,0.9997342285556325,0.0,0.0,0.0,0.0,0.0,0.0,4.136206138427578e-05,0.9999957083847452,0.0,0.0,9.059744912831569e-06,0.0,0.0,0.0,3.2307410874343745e-05
0.0,1.0729066772796614e-06,0.9149071170705879,0.0,5.853050294002404e-05,0.0,1.3231550839210016e-05,0.0,0.0,0.0,0.0,0.0,0.0,0.0,7.152118257636175e-07,0.0,0.0,2.02668910964654e-06,0.0,0.0,0.9999803316610926,0.0,0.0,0.0,0.0
0.0,0.0,0.0,0.0,2.384476545103098e-07,0.0,7.749399615231134e-06,0.0,0.0,0.0,0.0,0.0,0.0,0.0,0.0,0.0,0.0,2.384476545103098e-07,0.0,0.0,0.0035938095797843905,0.0,0.0,0.0,0.0
0.0,1.0,0.0,0.0,0.0007438733257789654,0.0,4.768950248035253e-07,0.0,0.0,0.0,0.0,3.57605976830655e-07,0.0,0.0,0.0,0.0,0.0,3.57605976830655e-07,0.0,0.0,1.4901349391416296e-05,0.0,0.0,0.0,0.0
0.2568086836551705,0.0,0.0,0.0,3.57605976830655e-07,0.0,0.0,0.0,0.0,0.0,0.0,0.9999998807761656,0.0,0.0,0.0,0.0,0.0,0.0,0.0,0.0,0.0,0.0,0.0,0.0,0.0
0.9999997615523455,0.0,0.9999187080986198,0.0,0.9978843574862779,0.0,0.0,0.0,0.0,0.999278981516652,0.0,0.9960543732538346,0.0,0.0,0.0,0.0,0.0,0.0,0.0,0.0,0.0,0.9999762793607582,0.0016359120167934726,0.0,0.0
0.9999953509740246,0.0,0.9998174275597868,0.0,0.9850421725524086,0.0,0.0,0.0,0.0,5.960258064874324e-07,0.0,0.9688552921570641,0.0,0.0,0.0,0.9999979733108904,0.0,0.0,0.0,0.0,0.0,0.9998115885083944,7.152118257636175e-07,0.0,0.0
0.0006216218087140568,0.0,0.00011276024601925005,0.0,0.9999865299439533,0.0,0.9930957803534478,1.192240617342577e-07,2.5032657550161375e-06,0.00029173238944846247,0.0,0.0,0.0,0.0,2.5032657550161375e-06,0.0,0.0,1.5496499871092695e-06,0.0,1.192240617342577e-07,0.999971867450865,2.6224444984457307e-06,0.28143097492095004,4.410745809479977e-06,0.0
0.0,0.0,9.537902768697037e-07,0.0,1.788187994011814e-06,0.0,0.9930245495360935,0.0,0.0,0.0,0.0,0.0,0.0,0.0,0.9263033093855214,0.0,5.602398682524878e-06,1.9075798713963366e-06,0.0,0.0,0.00022702948966291103,0.0,0.0,0.0,3.93426102218708e-06
1.5617844750348553e-05,0.0,3.57605976830655e-07,0.0,6.949737928085842e-05,0.0,2.9086756172413963e-05,2.384476545103098e-07,0.0,0.0,0.0,0.0,0.0,0.0,2.384476545103098e-07,8.344533100057561e-07,0.0,7.509638409375352e-05,0.0,0.0,0.0005034131674693798,0.0,0.00015159539629572283,4.768950248035253e-07,7.5103503065498955e-06
0.9948594965964811,0.0,0.0001362296210797309,0.0,0.9997543527234669,0.0,4.77983484804545e-05,0.0,0.0,0.0,0.0,0.0,0.0,0.0,1.192240617342577e-07,0.9999974967344724,1.192240617342577e-07,1.8357687601944228e-05,3.57605976830655e-07,0.0,0.07158702620095869,0.9982174973359229,0.0,0.0,0.0
0.0,0.0,0.0004113230271760582,0.0,1.5496499871092695e-06,0.0,1.192240617342577e-07,0.0,0.0,0.0,0.0,0.0,0.0,8.702340543398357e-06,0.0,0.9999732985742996,0.0,0.0005706723589464779,0.0,0.0,1.192240617342577e-07,0.0,0.0,0.0,0.9999482672568315
0.0,0.0,0.0,0.0,4.768950248035253e-07,0.0,5.960258064874324e-07,0.0,0.0,0.0,0.0,0.9968269034004049,4.768950248035253e-07,1.3231550839210016e-05,0.0,0.0,0.0,0.0,0.0,0.0,0.0,0.0,0.0,0.0,0.8962484300800944
1.0132127783113454e-05,0.0,6.604305420543355e-05,0.0,0.592642472901791,0.0,0.00010763310882289101,0.0,1.9075798713963366e-06,0.0,0.0,0.0,0.0,0.0,0.0,1.0,0.0,0.0,0.0,0.0,0.9967266155230101,0.0,0.0,0.0,0.0
0.9999992847883448,0.0,9.537902768697037e-07,0.0,0.9992206542557684,0.0,0.0,0.0,0.0,0.999922520834267,0.0,0.9999983310946448,0.0,0.0,0.0,0.9955309347550964,0.0,0.0,0.0,0.0,0.0,0.9999390837184483,5.960258064874324e-07,1.192051257703497e-06,0.0
0.0,0.9999998807761656,0.0,0.0,1.192240617342577e-07,0.0,0.0,0.0,0.0,0.0,0.0,0.9967266155230101,0.348634715772696,0.0,0.0,1.6689054689322802e-06,0.0,0.0,0.0,1.192240617342577e-07,0.0,0.0,0.0,0.9998599589439813,0.0
0.0,0.9999996423941084,0.0,0.0,7.033211255169647e-06,0.0,0.0,0.0,0.0,0.0,0.0,0.00033032044489378354,4.172491279819113e-06,0.0,0.0,2.384476545103098e-07,0.0,0.0,0.0,0.0,1.192240617342577e-07,0.0,0.0,0.9999440934901456,0.0
0.9999995231047478,0.0,0.0,0.0,0.999951605586448,0.0,3.93426102218708e-06,0.0,0.0,0.999862102899809,0.0,0.9999878415658437,5.960258064874324e-07,0.0,0.0,0.0,0.0,0.0,0.0,4.768175814184872e-06,5.960258064874324e-07,0.0,1.192240617342577e-07,0.0,0.0
0.999998927093209,0.0,0.0,0.0,5.72159797485039e-06,0.0,0.0,0.0,0.0,0.9999988079489697,0.0,3.57605976830655e-07,0.0,0.0,0.0,0.0,0.0,0.0,0.0,0.0,1.192240617342577e-07,0.00032531803091795375,0.00015385877537299475,0.0,0.0
0.9999941591956986,0.0,0.0,0.0,5.960258064874324e-07,0.0,0.0,0.0,0.0,0.9999995231047478,0.0,4.410745809479977e-06,0.0,0.0,0.0,0.0,0.0,0.0,0.0,0.0,0.0,0.0,1.6451621562496577e-05,0.0,0.0
0.9999979733108904,0.0,0.04603359417480979,0.0,0.00048436230837056726,0.0,0.0,0.0,0.0,0.9999998807761656,0.0,1.1323962328835258e-05,0.0,0.0,4.768950248035253e-07,0.0,0.0,0.0,0.0,0.0,5.00649341150794e-06,0.0,0.00044098950510174095,0.0,0.0
0.9999991655469742,0.0,0.0,0.0,3.57605976830655e-07,0.0,0.0,0.0,0.0,0.9999991655469742,0.0,0.9991958952798105,1.192240617342577e-07,0.0,0.0,0.0,0.0,0.0,0.0,1.192240617342577e-07,0.0,0.0,0.0,0.0,0.0
1.0,0.0,1.192240617342577e-07,0.0,0.9998802038046474,0.0,0.0,0.0,0.0,0.0011881233958700443,0.0,2.145812430742744e-06,1.192240617342577e-07,0.0,0.0,0.0,0.0,0.0,0.0,1.192240617342577e-07,1.192240617342577e-07,1.192240617342577e-07,0.0,1.192240617342577e-07,0.0
0.9999294305252449,0.0,0.9919372005777897,0.0,0.9999110815941936,0.0,1.192240617342577e-07,0.0,0.0,0.0,0.0,0.9999868876971247,0.0,0.0,1.192240617342577e-07,0.0,0.0,0.0,0.0,0.0,5.340213843463282e-05,2.384476545103098e-07,0.0,0.9999998807761656,0.0
0.999998092420356,0.0,0.8840441061112155,0.0,0.8080685093360475,0.0,0.0,0.0,0.0,0.987947426419809,0.0,0.999993563070601,0.0,0.0,0.0,0.0,0.0,0.0,0.0,0.0,0.0,0.9993832588483595,9.893798219806627e-06,0.0,0.0
0.9999996423941084,0.0,0.0,0.0,2.384476545103098e-07,0.0,0.0,0.0,0.0,0.9999660249619403,0.0,0.9999916550353048,4.768950248035253e-07,0.0,0.0,0.0,0.0,0.0,0.0,0.0,0.0,0.9999765177809861,0.0,0.0,0.0
0.0,0.0,5.840804528811638e-06,0.0,0.000701496548575653,0.0,1.2754578679330386e-05,0.9999963043233115,0.0,0.0,0.0,0.0,0.0,0.0,0.0,0.0,0.0,8.344533100057561e-07,0.0,0.0,0.9999976158993602,0.0,0.0,0.0,1.192240617342577e-07
0.0,0.0,0.0,0.0,3.57605976830655e-07,0.0,0.0,0.0,0.0,0.0,0.0,0.9999872454213207,0.0,7.868505883856791e-06,0.0,0.0,0.0,1.192240617342577e-07,0.0,0.0,0.0,0.0,0.0,0.0001180072864848114,2.384476545103098e-07
0.0,0.0,0.9990374660376202,0.0,5.853050294002404e-05,0.0,3.57605976830655e-07,0.0,0.0,0.0,0.0,0.0,0.0,2.384476545103098e-07,2.9086756172413963e-05,0.0,0.0,0.9996285852548685,0.0,7.152118257636175e-07,0.0006361446198149823,0.0,0.0,3.0997237916330356e-05,0.9830850379333542
0.0,0.0,0.0,0.0,3.4570836574543407e-06,0.0,0.0013045412883490037,0.0,0.0,0.0,0.0,2.384476545103098e-07,0.0,0.0,0.0,0.0,0.0,1.192240617342577e-07,0.0,0.0,0.9998258876547352,0.0,0.0,0.0,0.00014909383233252527
0.0,0.0,0.0,1.192240617342577e-07,1.1323962328835258e-05,0.0,7.152118257636175e-07,0.0,0.0,0.0,0.0,1.192240617342577e-07,0.0,0.0,0.0,0.9999982118117786,0.0,0.00012003473084332139,0.0,0.0,8.344533100057561e-07,0.0,0.0,0.0,4.768950248035253e-07
0.0,0.0,0.0,3.815155876552012e-06,0.0003288911613742451,0.0,3.326031930539486e-05,0.0,0.0,0.0,0.0,0.0,0.0,0.0,0.0,0.9999992847883448,0.0,0.0020507660431772212,0.0,0.0,1.0729066772796614e-06,0.0,0.0,0.0,4.768950248035253e-07
0.0,0.0,0.0,0.0,4.768175814184872e-06,0.0,1.192240617342577e-07,0.0,3.57605976830655e-07,0.0,0.0,0.0,0.0,0.0,0.0,0.9999994039743072,0.0,0.0,0.0,0.0,2.384476545103098e-07,0.0,0.0,0.0,0.0
0.0,0.0,1.5379635408985237e-05,0.0,3.57605976830655e-07,0.0,3.683417716893178e-05,0.0,0.0,0.0,0.0,0.0,0.0,0.0,0.0,0.0,0.0,5.471390789768549e-05,0.0,0.0,2.1932638711641417e-05,0.0,0.0,0.0,0.010327137596740088
0.9999986887770048,0.0,0.9993011222999729,0.0,3.754903183428304e-05,0.0,0.0,0.0,0.0,0.9999654293469983,0.0,0.9905880154036873,0.0,0.0,0.0,0.0,0.0,0.0,0.0,0.0,0.0,0.9998763947369343,0.0,0.0,0.0
0.0,0.0,0.0,0.0,0.0,0.0,0.0,0.0,0.0,0.0,0.0,0.9999984503497855,0.0,0.0,0.0,0.0,0.0,0.0,0.0,0.0,0.0,0.0,0.0,0.0,0.0
0.9999961848443508,0.0,0.00018281075681092496,0.0,0.9986330406742301,0.0,0.0,0.0,0.0,0.9999732985742996,0.0,7.271768417527191e-06,0.0,0.0,0.0,5.960258064874324e-07,0.0,0.0,0.0,0.0,1.3112231088685533e-06,0.999986172162716,0.0013778966479310872,0.0,0.0
0.0,0.0,0.0,0.0,1.192240617342577e-07,0.0,0.0,0.0,0.0,0.0,0.0,0.9999998807761656,0.0,0.0,0.0,0.0,0.0,1.5496499871092695e-06,0.0,0.0,0.0,0.0,0.0,0.9999107240636664,0.0
0.0,0.0,0.0,0.0,0.0002700584247893323,0.0,0.0,0.0,0.0,0.0,0.0,0.00857771947208874,1.5496499871092695e-06,0.0,0.0,0.0,0.0,0.0,0.0,2.384476545103098e-07,0.0,0.0,0.0,0.9999626892543616,0.0
0.0,0.0,0.028436440741119395,0.0,0.00015624134022518277,0.0,0.00014921295109282529,0.0,0.0,0.0,1.192240617342577e-07,0.0,0.0,0.0,3.815155876552012e-06,0.0,0.0,0.0,1.4304229126738122e-06,0.0,0.9999283584090937,0.0,0.0,0.0,0.0
0.0,0.0,0.0,0.0,2.062165932470439e-05,0.0,1.192240617342577e-07,0.0,0.0,0.0,0.0,0.0,0.0,0.0,0.0,0.0,0.0,0.00044098950510174095,0.0,0.0,0.0,0.0,0.0,0.01065139455142794,5.602398682524878e-06
0.0,1.3112231088685533e-06,1.4304229126738122e-06,0.0,0.004609904395247777,0.0,2.61051876309093e-05,0.0,0.0,0.9999662632051062,0.0,0.0,0.0,0.0,3.57605976830655e-07,0.0,0.0,0.9999578037303596,0.0,0.0,0.9998706782452909,0.0,0.0,8.344533100057561e-07,4.768950248035253e-07
0.0,0.0,0.0,0.0,3.6238487407747044e-05,0.0,3.57605976830655e-07,0.0,0.0,0.0,0.0,0.0,0.5312085392850417,0.0,0.0,0.0,0.0,0.0,0.0,0.000582933653223705,1.192240617342577e-07,0.0,0.0,0.00027410732458810205,0.0
5.972335089576841e-05,0.0,0.0,0.0,5.4833165451739774e-05,0.0,0.0,0.0,0.0,0.0,0.0,0.9997543527234669,0.0,0.0,0.0,0.0,0.0,0.0,0.0,0.0,0.0,0.0,0.0,0.9999979733108904,0.0
0.0,0.0,0.9987054463733155,0.0,0.00033043952728895043,0.0,0.00027184468280083696,0.0,2.384476545103098e-07,0.39234769953031545,0.0,4.768950248035253e-07,6.187441540916883e-05,0.0,1.0729066772796614e-06,0.0,2.384476545103098e-07,8.344533100057561e-07,0.0,2.860843551943937e-06,0.9996800416305239,5.960258064874324e-07,2.384476545103098e-07,0.9999952318244132,0.0
0.0,0.0,0.0007099481530079554,0.0,0.0006512625876935463,0.0,0.00012384343389482133,0.0,0.0,0.0,0.0,0.0,0.0,0.0,1.192240617342577e-07,0.0,0.0,6.151712245150431e-05,0.0,0.0,0.9958009164351856,0.0,0.0,0.9999752063885837,0.0010487152117348852
0.0,0.0,0.999922401692424,0.0,0.9999529169060649,0.0,2.860843551943937e-06,0.0,0.0,0.0,0.0,0.0,0.0,0.0,0.0,0.0,0.0,0.0,0.0,0.0,0.007346247152638985,0.0,1.192240617342577e-07,0.9998486428554486,0.0
0.0,0.0,0.99976188292927,0.0,2.145812430742744e-06,0.0,1.192240617342577e-07,0.0,0.0,0.0,0.0,0.0,0.9976027828164775,2.384476545103098e-07,1.1204765295924624e-05,0.0,0.0,0.0012845657486436624,0.0,1.192240617342577e-07,1.6094279633338537e-05,1.192240617342577e-07,5.960258064874324e-07,0.9999734178258868,2.062165932470439e-05
0.0,0.0,3.57605976830655e-07,0.0,6.317691993329433e-06,0.0,1.192240617342577e-07,0.0,0.0,0.0,0.0,0.0,0.0,0.0,3.57605976830655e-07,0.0,0.0,0.9999692409657152,0.0,0.0,7.152118257636175e-07,0.0,0.0,0.0,0.9967769329568212
0.0,0.0,0.9999122733198892,0.0,1.192240617342577e-07,0.0,9.537902768697037e-07,0.0,0.0,0.0,0.0,0.0,0.0,0.0,0.00010930234528783167,0.0,0.0,0.0,0.0,0.0,0.0012644704020446929,0.0,0.0,0.0,0.9999860528968751
0.0,0.0,4.768950248035253e-07,0.0,0.0,0.0,2.384476545103098e-07,0.0,0.0,0.0,0.0,0.0,0.0,1.192240617342577e-07,1.6689054689322802e-06,0.0,0.0,0.0,0.0,0.0,2.205182718995058e-05,0.0,0.0005036512335109267,0.0,3.6956766884532755e-06
0.0,1.192240617342577e-07,2.384476545103098e-07,0.0,4.88733132308905e-06,0.0,9.059744912831569e-06,0.0,0.0,0.9990448457398454,0.0,7.391056640604354e-06,0.9999175165471391,0.0,2.384476545103098e-07,0.0,0.0,3.57605976830655e-07,0.0,3.815155876552012e-06,0.9591550639150793,0.0,0.00016636785405921284,0.9999371727918688,0.0
0.0,0.0,0.9997797655058547,0.0,0.0019876594849068674,0.0,1.192240617342577e-07,0.0,0.0,0.0,0.0,2.9444608445006182e-05,0.9999997615523455,0.9999754448376589,0.0,0.0,0.0,0.0,0.0,1.0608823800883904e-05,0.9669138552598994,0.0,7.5103503065498955e-06,0.9999976158993602,0.015423224195595053
0.0,0.0,6.890178855278872e-05,0.0,9.893798219806627e-06,0.0,4.768950248035253e-07,0.0,0.0,0.0002236915525052341,0.00013611050099993083,0.0,0.0,0.0,0.0,0.0,0.0,0.0,0.0,0.0,0.9950942605713213,0.0,1.4304229126738122e-06,0.0,0.0
0.0,0.0,0.9990524634566136,0.0,0.8080685936241656,0.0,0.3208246432810262,1.192240617342577e-07,0.0,0.0,0.0,0.0,0.0,1.4304229126738122e-06,1.192240617342577e-07,0.0,0.0,6.556172929328419e-06,0.0,0.0,0.9999036920739233,0.0,2.741637097347649e-06,7.152118257636175e-07,0.9999792591684112
0.0,0.0,2.384476545103098e-07,0.0,9.537902768697037e-07,0.0,0.0,0.0,0.0,0.0,0.0,0.0,2.6939930650837773e-05,0.00017971261933313887,0.0,0.0,0.0,3.57605976830655e-07,0.0,0.0,1.3112231088685533e-06,0.0,0.0,0.9933063669458015,7.152118257636175e-07
0.0,0.0,0.008062915822480088,0.0,0.20181084949350733,3.4570836574543407e-06,5.72159797485039e-06,0.0,0.0,0.0,0.0,0.0,0.0,0.0,0.8031870647287139,0.0,0.0,1.192240617342577e-07,0.0,0.0,2.02668910964654e-06,0.0,0.0,0.0,0.0
0.0,0.0,4.88733132308905e-06,0.0,0.002323373862200384,0.0,0.009125176394682466,1.192240617342577e-07,0.0,0.9999939207644434,0.0,0.0,0.0,0.0,2.384476545103098e-07,0.0,0.0,0.0,0.0,0.0,0.9999974967344724,1.192240617342577e-07,0.0,0.0,0.0
0.0,0.0,0.01205257358041567,0.0,6.198460485218327e-06,0.0,3.57605976830655e-07,0.0,0.0,0.0,0.0,0.0,0.0,1.192240617342577e-07,1.192240617342577e-07,0.9999942784020251,0.0,0.0,0.0,0.0,0.9999175165471391,0.0,0.0,0.0,0.0
0.0,1.192240617342577e-07,0.0,0.0,0.9883142362569011,0.0,2.9444608445006182e-05,0.0,0.0,0.0,0.0,1.192240617342577e-07,0.0,0.0,0.0,0.9999995231047478,0.0,0.0,0.0,0.0,3.93426102218708e-06,0.0,0.0,0.0,0.0
0.0,0.0,3.421328116870459e-05,0.0,0.9964061904199891,0.0,0.999998569577201,0.9637802892346802,0.0,0.0,0.0,0.0,0.0,0.0,0.00011371421247663438,0.9999971391564481,0.0,0.00029173238944846247,3.57605976830655e-07,0.0,0.9999949935065885,0.0,0.0,0.0,0.0
0.0,0.0,0.0,0.0,0.000158623957825621,0.0,0.9994639689697623,0.9998257684953074,0.0,0.9999536321356571,0.0,0.0,0.0,0.0,0.0,0.0,0.0,0.0,0.0,0.0,0.0010005309712672883,0.0,0.0,0.0,0.0
0.0,0.0,2.384476545103098e-07,0.0,0.9998716310255786,0.0,0.9566348818229812,5.960258064874324e-07,0.00015636047291101018,0.0,0.0,0.0,0.0,0.0,0.0,0.0,0.0,0.0,0.0,0.0,0.9999387210704993,0.0,0.0,0.030213251704714783,0.0
0.0,0.0,0.7981772267518362,0.0,0.9998744892845888,0.0,0.00015385877537299475,1.192240617342577e-07,8.77266801108112e-05,0.0,0.0,0.0,1.192240617342577e-07,0.0,8.344533100057561e-07,0.0,0.0,0.0,0.0,0.0,0.9999942784020251,0.0,0.0,0.0,0.0
0.0,0.0,7.485811434804202e-05,0.0,2.264949380159642e-06,0.0,4.768175814184872e-06,0.0,0.0,1.0729066772796614e-06,1.192240617342577e-07,0.0,0.0,7.152118257636175e-07,3.57605976830655e-07,0.0,0.0,1.192240617342577e-07,0.0,0.0,0.0005255553145241398,0.0,2.384476545103098e-07,0.0,0.9999854565160436
0.0,0.0,0.0,0.0,2.9800638619015274e-06,0.0,0.999862102899809,0.9997154130442388,0.0,0.0,0.0,0.0,0.0,0.0,0.0,2.384476545103098e-07,0.0,0.0,0.0,0.0,2.3601429135045038e-05,0.0,0.0,0.0,0.0
0.0,0.0,3.57605976830655e-07,0.0,0.9999893911761991,0.0,8.344533100057561e-07,0.9990598432114691,0.0,0.0,0.0,1.192240617342577e-07,0.0,0.0,0.0,0.0,0.0,0.0,1.192240617342577e-07,0.0,0.9998115885083944,0.0,1.192240617342577e-07,1.192240617342577e-07,0.0
0.0,0.0,0.0011882423474672832,0.0,4.827519911088096e-05,0.0,1.788187994011814e-06,0.9999918932709349,0.0,0.0,0.0,0.0,0.0,0.0,0.0,0.0,0.0,0.0,0.0,0.0,0.9999376491917541,0.0,1.192240617342577e-07,0.0,0.0
0.0,0.0,0.0,1.192240617342577e-07,0.00021010247333130838,0.0,1.192240617342577e-07,0.0002575549062328042,0.0,0.0,0.0,0.0,0.0,0.0,0.0,0.0,0.0,1.0729066772796614e-06,0.0,0.0,5.340213843463282e-05,0.0,0.0,0.9933066028434334,0.0
0.0,0.0,0.0,0.0,0.13660693762987075,0.0,0.999897493414218,1.0,0.0,0.0,0.0,0.0,0.0,0.0,0.0,0.0,0.0,0.0,0.0,0.0,0.9999992847883448,0.0,2.503206589143936e-05,0.0,0.0
0.0,1.192240617342577e-07,1.3112231088685533e-06,0.0,0.9525747331941207,0.0,7.391056640604354e-06,1.0,1.192240617342577e-07,0.0,0.0,0.0,0.0,0.0,0.0,0.0,0.0,1.7404604901405385e-05,0.0,0.0,0.9999966621920747,0.0,0.9967264980963564,0.0,0.0
0.0,0.0,0.0,0.0,0.9980428882932635,0.0,0.988669508690979,0.9999996423941084,0.0,0.0,0.0,0.0,0.0,0.0,0.0,0.0,0.0,0.0,1.192240617342577e-07,0.0,0.9991862536522879,0.0,0.0,0.0,0.0
0.0,0.0,0.0,0.0,0.0020829682780356684,0.0,0.002673565752880691,1.0,0.0,0.0,0.0,0.0,0.0,0.0,0.0,0.0,0.0,0.0,0.0,0.0,0.9999523208623938,0.0,0.0,0.0,0.0
0.0,0.0,0.0,0.0,0.9999656675936601,0.0,0.9955998344310204,0.9999995231047478,0.0,0.0,0.0,0.0,0.0,0.0,0.0,0.0,0.0,0.0,0.0,0.0,0.9999951126684495,0.0,0.0,0.0,0.0
0.0,0.0,0.9972844507354646,0.0,0.00014039838639301472,0.0,0.9949390363291958,0.9962343965849351,0.0,0.0,0.0,0.0,0.0,0.0,4.410745809479977e-06,0.0,0.0,1.192051257703497e-06,0.0,0.0,0.9999982118117786,0.0,0.0,0.0,0.0
0.0,0.0,0.0,0.0,1.6094279633338537e-05,0.0,0.0,1.0,0.0,0.0,0.0,0.0,0.0,0.0,0.0,0.0,0.0,0.0,0.0,0.0,0.009125410792199418,0.0,0.0,0.0,0.0
0.0,0.0,2.384476545103098e-07,0.0,0.9241480574723988,0.0,0.0,0.9999997615523455,0.0,0.0,0.0,0.0,0.0,0.0,0.0,0.0,0.0,0.8596628111775052,0.0,1.192240617342577e-07,0.9697867482955058,0.0,0.0,0.0,0.0
0.0,0.0,0.0,0.0,3.218546048677773e-06,0.0,1.192240617342577e-07,0.9999998807761656,0.0,0.0,0.0,0.0,0.0,7.152118257636175e-07,0.0,0.0,0.0,0.0,0.0,0.0,8.344964695150558e-06,0.0,0.0,0.0,0.0
0.0,0.0,0.0,0.0,0.9964063089688764,0.0,0.9999597104328265,0.9999998807761656,0.0,0.0,0.0,0.0,0.0,0.0,0.0,0.0,0.0,0.0,0.0,0.0,0.9999998807761656,0.0,0.0,0.0,0.0
0.0,0.9999998807761656,7.688345630463278e-05,0.0,0.9997867984208417,0.0,0.9999626892543616,7.749399615231134e-06,0.0,0.0,0.0,0.0,0.0,0.0,0.0,0.0,0.0,1.192240617342577e-07,1.192240617342577e-07,0.0,0.9999997615523455,0.0,4.768950248035253e-07,0.0,0.0
0.0,0.0,0.0010004119975420833,1.192240617342577e-07,1.5496499871092695e-06,0.0,4.1004557378765405e-05,0.0,0.0,0.0,1.192240617342577e-07,0.0,1.192240617342577e-07,1.192240617342577e-07,3.57605976830655e-07,0.0,1.192240617342577e-07,3.815155876552012e-06,1.192051257703497e-06,0.0,0.0003984565459047573,8.10672906514931e-06,3.457065277434612e-05,0.0,1.192240617342577e-07
0.0,0.0,0.0,0.0,0.928412766282383,0.0,1.192240617342577e-07,0.9999998807761656,0.0,0.0,0.0,0.0,0.0,0.0,0.0,0.0,0.0,0.9999626892543616,0.0,0.0,0.9999747294724145,0.0,0.0,0.0,0.0
0.0,9.058690233232358e-05,0.0,0.0,1.370857324778374e-05,0.0,0.0,0.9999991655469742,8.344533100057561e-07,0.0,0.0,0.0,0.0,0.0,0.0,0.0,0.0,0.0,0.0,0.0,0.01065139455142794,0.0,0.0,0.0,0.0
0.0,0.0,0.0,0.0,0.9830850379333542,0.0,0.0,0.9999998807761656,0.0,0.0,0.0,0.0,0.0,0.0,0.0,0.0,0.0,0.0,0.0,0.0,0.9999885568367871,0.0,0.0,0.0,0.0
9.537902768697037e-07,0.0,0.0,0.0,0.8596628111775052,0.0,0.0,0.9999998807761656,0.0,0.0,0.0,0.0,0.0,0.0,0.0,0.0,0.0,0.0,0.0,0.0,2.4197499308042936e-05,0.0,1.192240617342577e-07,0.0,0.0
0.0,0.0,0.0,0.0,0.0038243456309369206,0.0,0.0,0.9999998807761656,0.0,0.0,0.0,0.0,0.0,0.0,0.0,0.0,0.0,4.1957922936264325e-05,0.0,0.0,0.9999779481725827,0.0,8.344533100057561e-07,0.0,0.0
0.0,0.0,0.0,0.0,0.9984513046154929,0.0,0.0001337284408486905,0.9999998807761656,1.192240617342577e-07,0.0,0.0,0.0,0.0,8.344533100057561e-07,0.0,0.0,0.0,3.57605976830655e-07,0.0,0.0,0.9999997615523455,0.0,0.0,0.0,0.0
0.0,0.0,1.192240617342577e-07,0.0,0.19193140637565076,0.0,0.0,0.9999998807761656,0.0,0.0,0.0,0.0,0.0,0.0003517602670863873,0.0,0.0,0.0,0.0,0.0,0.0,0.9999960657392052,0.0,0.0,0.0,4.5298824890016576e-06
0.0,0.0,0.0,0.0,2.0860005657596936e-05,0.0,9.893798219806627e-06,0.9999536321356571,0.0,0.0,0.0,0.0,0.0,0.001768487206407987,0.0,0.0,0.0,1.7642866737443974e-05,0.0,0.0,0.9999973775557289,0.0,0.0,0.0,0.0
0.0,0.0,7.152118257636175e-07,0.0,0.023691850220444066,0.0,0.9999873646563813,0.9999992847883448,1.192051257703497e-06,0.0,0.0,0.0,0.0,0.0,0.0,0.0,0.0,1.192240617342577e-07,1.192240617342577e-07,0.0,0.9999998807761656,0.0,0.0,0.0,0.0
0.0,0.0,1.192240617342577e-07,0.0,0.9975270567268367,0.0,0.9944441995457786,0.9999614977850708,0.0,0.0,0.0,0.0,0.0,0.9989492623346573,0.0,0.0,0.0,0.0,0.0,0.0,0.9999992847883448,0.0,0.0,0.0,0.9996644388275595
0.0,0.0,2.3841004124225407e-06,0.0,0.0020506473107041456,0.0,0.0,0.9999967814539513,0.0,0.0,0.0,0.0,0.0,0.9999969007019724,0.0,0.0,0.0,0.0,0.0,0.0,0.9983257130098702,0.0,0.0,0.0,0.9999924896496935
0.0,0.0,0.0,0.0,4.649025975411725e-06,0.0,0.9998730601613374,0.9999887952344767,1.192240617342577e-07,2.384476545103098e-07,0.0,0.0,0.0,1.9075798713963366e-06,0.0,0.0,0.0,0.0,1.108557052253989e-05,0.0,0.9999996423941084,0.0,0.0,0.0,0.0
0.0,0.0,1.192240617342577e-07,0.0,0.0008426711954964139,0.0,0.9999148950210192,0.9999998807761656,0.0,0.0,0.0,0.0,0.0,1.192240617342577e-07,0.0,0.0,0.0,0.0,0.0,0.0,0.9999992847883448,0.0,0.0,0.0,0.0
0.0,1.0,2.384476545103098e-07,0.0,0.9999493403583443,0.0,0.9988211532267522,0.0,0.0,0.0,0.0,0.0,0.0,0.0,0.0,0.0,0.0,0.0,0.0,0.0,0.9999954701172836,0.0,3.815155876552012e-06,0.0,0.0
0.0,0.0,0.0,0.0,2.384476545103098e-07,0.0,0.9241477476276694,0.9835972565557958,0.0,0.0,0.0,0.0,0.0,0.0,0.0,0.0,0.0,0.0,0.0,0.0,0.9998337512917564,0.0,0.0,0.0,0.0
0.0,0.0,0.0,0.0,4.768950248035253e-07,1.0729066772796614e-06,0.9999752063885837,0.00018257244044062038,0.0,0.0,0.0,0.0,0.0,0.0,0.0,0.0,0.0,0.0,0.0,0.0,0.9998686535811001,0.0,0.0,0.0,0.0
0.0,0.0,0.9998388742406173,0.0,6.628127535068806e-05,0.0,1.192240617342577e-07,3.57605976830655e-07,3.57605976830655e-07,0.0,0.0,0.9921829321458847,0.9999932053204985,1.4662768811013471e-05,1.192240617342577e-07,0.0,0.0,0.0,0.0,0.0,0.9998364915039379,0.0,1.9075798713963366e-06,0.9999823571334899,2.384476545103098e-07
0.0,0.0,0.0,0.0,0.8354658125751339,0.0,0.0,0.0,0.0,0.0,0.0,3.588107956509212e-05,0.00029161330221505466,0.0,0.0,0.0,0.0,0.0,0.0,1.0729066772796614e-06,0.0,0.0,5.960258064874324e-07,0.9999614977850708,0.0
0.0,0.012430555615487782,5.125661624805211e-06,0.9999881992158033,0.0005571016235258464,0.0,3.57605976830655e-07,0.0,0.0,0.0,0.0,1.9430024804312218e-05,0.7431914492378047,0.0,0.0,0.0,0.0,0.0,0.9979808451758159,0.0,8.344533100057561e-07,0.0,1.192240617342577e-07,0.999998569577201,0.0
0.0,1.192240617342577e-07,2.384476545103098e-07,0.0,2.384476545103098e-07,0.0,0.0,0.0,0.0,0.0,0.0,4.768950248035253e-07,0.0,2.384476545103098e-07,0.0,0.0,0.0,0.0,0.0,0.0,0.0,0.0,0.0,0.0,0.9999979733108904
0.0,0.0,0.0,0.0,0.0,0.0,0.0,0.0,0.0,0.0,0.0,0.9999994039743072,0.9999570886651235,0.0,0.0,0.0,0.0,0.0,0.0,1.192240617342577e-07,0.0,0.0,9.537902768697037e-07,9.869192328859633e-05,0.0
0.0,0.9999991655469742,0.0,0.0,0.0,0.0,0.0,0.0,0.0,0.0,0.0,0.9999749679341086,0.0,0.9999837866075887,0.0,0.0,0.0,0.0,0.0,0.0,0.0,0.0,0.0,0.0,0.0
0.0,1.192240617342577e-07,0.0,0.0024730619551665,0.0,0.0,0.0,0.0,0.0,0.0,0.0,3.5763732452176455e-06,0.0,0.0,0.0,0.0,0.0,0.0,0.0,0.0,0.0,0.0,0.0,0.0,0.0
0.0,2.02668910964654e-06,0.0,0.9999998807761656,1.192240617342577e-07,0.0,0.06009506408135212,0.0,0.0,0.0,0.0,4.1957922936264325e-05,0.0,0.0,0.0,0.0,0.0,0.0,5.185198288926163e-05,0.0,0.999838993372508,0.0,0.0,0.0,0.0
0.0,0.9991373315151821,0.0,0.9999994039743072,0.0,0.0,7.152118257636175e-07,0.0,0.0,0.0,0.0,1.0489645781874835e-05,0.0,0.0,0.0,0.0,0.0,0.0,0.00014456733802270527,0.0,5.483205060219376e-06,0.0,0.0,0.0,0.0
0.0,0.9999946359824371,0.0,0.9999988079489697,2.384476545103098e-07,0.0,3.57605976830655e-07,0.0,0.0,0.0,0.0,2.5985947113671415e-05,0.0,0.0,0.0,0.0,0.0,0.0,0.996875814012024,0.0,0.9990150557540896,0.0,0.0,5.960258064874324e-07,0.0
0.0,0.0003727250939324911,0.0,1.5139941738073759e-05,6.317691993329433e-06,0.0,9.537902768697037e-07,0.0,0.0,0.0,0.0,2.384476545103098e-07,0.0,4.172491279819113e-06,0.0,0.0,0.0,0.0,7.878975432740187e-05,0.0,0.0033248772905395407,0.0,7.152118257636175e-07,6.317691993329433e-06,0.9755742073739856
0.0,0.9999675734780515,0.0,3.6956766884532755e-06,0.9993227870595102,0.0,0.0,0.0,0.0,0.0,0.0,1.192240617342577e-07,0.0,0.0,0.0,0.0,0.0,1.4662768811013471e-05,1.192051257703497e-06,1.192240617342577e-07,1.192240617342577e-07,0.0,0.0,0.0,0.0
0.0,0.0,0.0,1.4304229126738122e-06,9.273218890049062e-05,0.0,7.152118257636175e-07,0.0,1.192240617342577e-07,0.0,0.0,4.768950248035253e-07,0.0,0.0,0.0,0.0,0.0,0.0,9.537902768697037e-07,0.0,0.0953474248593229,0.0,0.0,0.0,0.0
0.0,0.0008693342363007561,0.0,0.9999499364948214,0.008577484945237468,0.0,0.0,0.0,0.0,0.0,0.0,3.933629119856619e-05,0.0,0.0,0.0,0.0,0.0,2.7416958570669614e-05,0.0008298157915812565,0.0,4.172491279819113e-06,0.0,4.172491279819113e-06,0.9999998807761656,0.0
0.0003305586683131079,8.464086581505548e-06,0.0,0.9999927282315825,3.0992980275534876e-06,0.0,0.0,0.0,0.0,0.0,0.0,0.9971987223664822,0.00012122737857045429,0.0,0.0,1.788187994011814e-06,0.0,0.0,0.026760965794781266,3.57605976830655e-07,0.0,0.0,0.0,0.9971099347904575,0.0
0.9999988079489697,0.0,0.0,0.0,6.628127535068806e-05,0.0,0.0,0.0,0.0,0.9999998807761656,0.0,0.0,0.0,0.0,0.0,0.0,0.0,0.0,0.0,0.0,0.0,0.0,7.152118257636175e-07,0.0,0.0
0.9997994326023574,5.00649341150794e-06,0.0,0.0,0.0,0.0,0.0,0.0,0.0,2.384476545103098e-07,0.0,0.0,0.0,0.0,0.0,0.0,0.0,0.0,0.0,0.0,0.0,0.0,0.0,0.0,0.0
0.0,0.0,0.0,0.0,1.0729066772796614e-06,0.0,0.0,0.0,0.0,0.0,0.0,0.0,0.0,0.0,0.0,0.0,0.0,0.0,0.0,0.0,0.0,0.0,0.0,0.0,0.0
0.9998058682698683,0.0002782752965979629,0.0,0.0,4.1004557378765405e-05,0.0,0.0,0.0,0.0,1.192240617342577e-07,0.0,0.0,0.0,0.0,0.0,0.0,0.0,0.0,0.0,0.0,0.0,0.0,0.0,0.0,0.0
2.264949380159642e-06,0.0,0.0,0.0,0.9999260949579272,0.0,0.0,1.192240617342577e-07,0.0,0.0,0.0,0.0001716102267894648,0.0,0.0,0.0,0.0,0.0,0.0,0.0,0.0,0.0,0.0,4.219626964041545e-05,0.004070420968884547,0.0
2.5151294017145e-05,2.384476545103098e-07,0.9997342285556325,0.0,0.9999731793227268,1.192240617342577e-07,0.0,1.6689054689322802e-06,0.0,0.0,0.0,0.00857771947208874,0.0,0.0,0.0,0.0,0.0,0.0,0.0,0.0,0.0,5.960258064874324e-07,1.3112231088685533e-06,0.0,0.0
0.00045874302954984625,0.0,4.124289339657583e-05,0.0,1.192240617342577e-07,0.0,0.0,0.0,0.0,4.768950248035253e-07,0.0,0.0033769538197522264,0.0,0.0,0.0,0.0,0.0,0.0,0.0,0.0,0.0,0.9981323445812946,1.192240617342577e-07,0.0,0.0
0.33462501642011655,1.192240617342577e-07,3.6956766884532755e-06,0.0,0.0004442064986236449,0.0,0.0,0.0,0.0,0.0,0.0,0.0,0.0,0.0,0.0,0.0,0.0,0.0,0.0,0.0,0.0,0.0,0.0,0.0,0.0
0.999406709789511,0.0,0.0,0.0,9.537902768697037e-07,0.0,0.0,0.0,0.0,0.0,0.0,6.83061979246391e-05,0.0,0.0,0.0,0.0,0.0,0.0,0.0,0.0,0.0,0.0,0.0,0.0,0.0
0.0005815051378688096,3.588107956509212e-05,1.192240617342577e-07,0.0,0.0,0.0,0.0,0.0,0.0,0.0,0.0,0.0001272971298414971,0.0,0.0,0.0,0.0,0.0,0.0,0.0,0.0,0.0,0.0,0.0,0.0,0.0
0.9724137088039929,1.192240617342577e-07,5.5906510081804583e-05,0.0,3.57605976830655e-07,0.0,0.0,0.0,0.0,0.0,0.0,0.013636178741730842,0.0,0.0,0.0,0.0,0.0,0.0,0.0,0.0,0.0,0.0004658923965303874,0.0,0.0,0.0
0.9997728512987942,2.2766994368317306e-05,0.0,0.0,2.384476545103098e-07,0.0,0.0,0.0,0.0,0.0,0.0,2.2766994368317306e-05,0.0,0.0,0.0,0.0,0.0,0.0,0.0,0.0,0.0,0.0,0.0,0.0,0.0
1.4662768811013471e-05,1.192240617342577e-07,0.0,0.0,2.741637097347649e-06,0.0,0.0,0.0,0.0,2.384476545103098e-07,0.0,0.0,1.192240617342577e-07,0.0,0.0,0.0,0.0,0.0,0.0,1.192240617342577e-07,0.0,0.0,0.0,3.57605976830655e-07,0.0
5.244836645101891e-06,2.384476545103098e-07,0.0,0.0,0.9999719867222898,0.0,0.0,0.0,0.0,3.337807925274383e-06,0.0,0.0,0.0,0.0,0.0,0.0,0.0,1.454348372897929e-05,0.0,0.0,1.192240617342577e-07,0.0,1.9075798713963366e-06,0.0,0.0
0.0018245465779506143,0.0,0.0,0.0,4.88733132308905e-06,0.0,0.0,0.0,0.0,8.344533100057561e-07,0.0,4.768950248035253e-07,1.192240617342577e-07,0.0,0.0,0.0,1.192240617342577e-07,0.0,0.0,1.192240617342577e-07,0.0,0.0,0.0,0.0,0.0
0.9999992847883448,0.0,0.9990675800825688,0.0,0.9626738799526123,0.0,0.0,0.0,0.0,6.913942543262941e-06,0.0,4.768950248035253e-07,0.0,0.0,0.0,0.0,0.0,0.0,0.0,0.0,0.0,0.9999907019696626,6.687683080752738e-05,0.0,0.0
0.9999966621920747,1.6689054689322802e-06,0.0,0.0,2.264949380159642e-06,0.0,0.0,0.0,0.0,1.192240617342577e-07,0.0,4.0533725200742055e-06,0.0,0.0,0.0,0.0,0.0,0.0,0.0,0.0,0.0,0.0,0.0,0.0,0.0
0.0013044224673198768,0.0,0.0,0.0,0.0,0.0,0.0,0.0,0.0,0.0,0.0,2.384476545103098e-07,0.0,0.0,0.0,0.0,0.0,0.0,0.0,0.0,0.0,0.0,0.0,0.0,0.0
0.031144599565133713,0.0,0.0,0.0,3.9097983601688036e-05,0.0,0.0,0.0,0.0,0.9999976158993602,0.0,0.0,0.0,0.0,0.0,0.0,0.0,0.0,0.0,0.0,0.0,4.768950248035253e-07,0.0,0.0,0.0
0.4378220912261125,0.0,0.0,0.0,1.406637349898876e-05,0.0,0.0,0.0,0.0,1.192051257703497e-06,0.0,0.0,0.0,0.0,0.0,0.0,5.960258064874324e-07,0.0,0.0,0.0,0.0,0.0,4.768950248035253e-07,0.0,0.0
0.0,1.9549182886047234e-05,0.0,0.0,1.192051257703497e-06,0.0,0.0,0.0,0.0,0.0,0.0,0.0,0.0,0.0,0.0,0.0,0.0,0.0,0.0,0.0,0.0,0.0,0.0,0.0,0.0
0.9997711822545763,0.9960541367036422,0.0,0.0,1.192240617342577e-07,0.0,0.0,0.0,0.0,0.0,0.0,4.768950248035253e-07,0.0,0.0,0.0,0.0,0.0,0.0,0.0,0.0,0.0,0.0,0.0,0.0,0.0
0.9999983310946448,0.0,0.0,0.0,0.8808033993572488,0.0,0.0,0.0,0.0,1.0,0.0,0.0,0.0,0.0,0.0,0.0,0.0,0.0,0.0,0.0,0.0,0.0,0.0,0.0,0.0
1.6689054689322802e-06,0.9999972583629027,1.192240617342577e-07,0.0,0.9999969007019724,0.0,1.192240617342577e-07,0.0,0.0,0.0,0.0,4.88733132308905e-06,0.0002574358437971158,4.410745809479977e-06,0.0,0.0,0.0,0.0,0.0,1.192240617342577e-07,1.5496499871092695e-06,0.0,5.840804528811638e-06,0.9998598398241424,0.0
3.57605976830655e-07,0.9995760482182592,0.0,0.0,0.6513492563050902,0.0,0.0,0.0,0.0,0.0,0.0,0.0,1.6689054689322802e-06,0.025180948830374694,0.0,0.0,0.0,0.0,0.0,0.0,0.0,0.0,1.1562366811213032e-05,0.9999790208184688,0.0
0.0,0.9993929010389164,0.0,0.0,0.0002345403135366464,0.0,0.0,0.0,0.0,0.0,0.0,0.0,0.08035805972281766,0.0005796005258754677,0.0,0.0,0.0,0.0,0.0,1.192240617342577e-07,0.0,0.0,0.0,0.999998927093209,0.0
0.9998873589937135,0.9763081497793341,0.0,0.0,0.9998599589439813,0.0,0.0,0.0,0.0,0.0,0.0,0.9999661440835161,0.0,0.0,0.0,0.0,0.0,0.0,0.0,0.0,1.192240617342577e-07,5.960258064874324e-07,1.192240617342577e-07,0.0010321785256807159,0.0
0.0038243456309369206,0.9999437356931703,0.0,0.0,0.9999939207644434,0.0,1.192240617342577e-07,0.9997173184552947,0.0,0.0,0.0,2.384476545103098e-07,0.0,0.0,0.0,0.0,0.0,0.0,0.0,7.749399615231134e-06,3.218546048677773e-06,0.0,0.9999609020163983,0.0,0.0
0.9998740129147947,1.9075798713963366e-06,3.57605976830655e-07,0.0,0.9999626892543616,0.0,0.0,0.0,0.0,0.0,0.0,0.0,0.0,0.0,0.0,0.0,0.0,5.960258064874324e-07,0.0,9.298030337445695e-06,1.192240617342577e-07,0.0,0.000849575005880232,0.0,0.0
0.0006312640336664233,0.9999998807761656,0.0,0.0,0.9991169773139503,0.0,1.192240617342577e-07,0.0,0.0,0.0,0.0,8.464086581505548e-06,0.0,0.0,0.0,0.0,0.0,0.0,0.0,0.0,7.5103503065498955e-06,0.0,0.02297969265467137,0.0,0.0
3.5763732452176455e-06,0.0,5.5548720254150474e-05,0.0,1.752373366648019e-05,1.192240617342577e-07,0.9998554326619773,0.0,0.0,3.57605976830655e-07,0.0,1.192240617342577e-07,0.0,0.0,0.0,0.0,0.0,0.9947792628182198,0.0,0.0,0.9981897052302767,0.0,0.0,0.0,0.0
0.9999423044447076,8.724998629749958e-05,7.152118257636175e-07,0.0,3.433240656725012e-05,0.0,0.0,0.0,0.0,1.192240617342577e-07,0.0,0.00016112575938265206,0.0,0.0,0.0,0.0,0.0,0.0,0.0,0.0,0.0,0.0,1.192240617342577e-07,1.192240617342577e-07,0.0
0.0,0.0,1.3589312835349254e-05,3.195008234169183e-05,5.960258064874324e-07,0.0,2.860843551943937e-06,0.0,0.0,0.0,0.0,0.0,0.0,0.0,1.192240617342577e-07,0.0,0.0,4.768950248035253e-07,0.0,0.0,1.5496499871092695e-06,0.0,0.0,0.0,0.0
0.0,0.0,0.991152642747886,0.0,0.0001742315046926457,0.0,1.192240617342577e-07,0.0,0.0,0.0,0.0,1.5496499871092695e-06,0.9928781233554106,0.0,0.0,0.0,0.0,0.0,0.0,0.0,1.5379635408985237e-05,0.0,0.0001854323404359981,0.999998569577201,0.0
0.0,0.0,2.288619570722794e-05,0.0,0.0,0.0,9.537902768697037e-07,0.0,0.0,0.0,0.0,0.0,0.0,0.0,0.0,0.0,0.0,0.0,0.0,0.0,1.192240617342577e-07,0.0,0.0,0.0,2.3841004124225407e-06
0.0,0.0,0.0,0.0,0.0,0.0,0.0,0.0,0.0,0.0,0.0,1.192240617342577e-07,0.0,0.00021689678163017145,0.0,0.0,0.0,0.0,0.0,0.0,0.0,0.0,0.0,0.0,0.9999998807761656
0.0,0.0,2.384476545103098e-07,0.0,5.960258064874324e-07,0.0,2.4912836159907137e-05,0.0,0.0,0.0,0.0,0.0,0.0,0.000955035280798211,0.0,0.0,0.0,1.192240617342577e-07,1.192240617342577e-07,0.0,7.867060535093895e-05,0.0,0.0,0.0,0.01205257358041567
0.0,0.0,4.410745809479977e-06,0.0,1.6689054689322802e-06,0.0,1.5496499871092695e-06,0.0,1.192240617342577e-07,0.0,0.0,0.0,0.0,0.00010334110315146638,1.192240617342577e-07,0.0,0.0,0.0,0.00047316106866868157,0.0,7.867060535093895e-05,0.0,0.0,0.0,0.9999675734780515
0.0,0.0,0.020966375255190406,0.0,5.960258064874324e-07,0.0,3.57605976830655e-07,0.0,0.0,0.0,0.0,0.0,0.0,0.6076529343007567,0.6513649930443962,0.0,0.0,3.57605976830655e-07,5.960258064874324e-07,0.0,2.860843551943937e-06,0.0,1.192240617342577e-07,0.0,0.9999998807761656
0.0,0.0,0.009412101761042346,0.0,0.0,0.0,2.384476545103098e-07,0.0,0.0,0.0,0.0,1.192240617342577e-07,1.192240617342577e-07,4.768950248035253e-07,0.999991297659684,0.0,0.0,0.00012360526306565145,4.25537950468069e-05,0.0,3.57605976830655e-07,0.0,0.0,3.57605976830655e-07,0.9999986887770048
0.0,0.0,0.7931178192058083,0.0,3.4570836574543407e-06,0.0,0.0,0.0,0.0,0.0,0.0,2.741637097347649e-06,1.8238545748783253e-05,0.9994382557707092,2.145812430742744e-06,0.0,0.0,0.0,0.0,0.0,0.0,0.0,1.0251296977292768e-05,0.9998509061676675,0.9999995231047478
0.0,0.0,0.9999789016426095,0.0,0.0,0.0,0.0,0.0,0.0,0.0,0.0,0.0,5.030195567401474e-05,0.9999982118117786,0.0,0.0,0.0,0.0,0.0,0.0,0.0,0.0,0.0,0.004755660268016215,0.9999997615523455
0.0,0.0,0.9999921314938888,0.0,0.0,0.0,0.0,0.0,0.0,0.0,0.0,0.0,0.9998839008064758,0.9999982118117786,0.0,0.0,0.0,8.583211864254814e-06,0.0,0.0,0.0,0.0,4.768950248035253e-07,0.0,1.0
0.0,0.0,0.02595900316976707,0.0,0.9985895313490935,0.0,0.0,0.0,0.0,0.0,0.0,2.384476545103098e-07,1.1800783969451167e-05,2.3363012743971012e-05,0.0,0.0,0.0,0.0,0.0,0.0,0.0,0.0,0.0,0.9981612021654545,0.46101295894021704
0.0,0.0,1.192240617342577e-07,0.0,0.4999998202337709,0.0,0.0,0.0,0.0,0.0,0.0,9.537902768697037e-07,0.9995286263132378,0.0,1.192240617342577e-07,0.0,0.0,0.0,0.0,0.0,0.0,2.9800638619015274e-06,0.00011812654740284145,1.0,0.0
0.0,0.0,5.960258064874324e-07,0.0,2.384476545103098e-07,0.0,0.0,0.0,0.0,0.0,0.0,0.999740777991796,0.9999872454213207,2.5032657550161375e-06,0.0,0.0,0.0,0.0,0.0,0.0,0.0,1.0729066772796614e-06,3.5763732452176455e-06,0.9999983310946448,2.384476545103098e-07
0.0,0.0,0.09008824372417312,0.0,0.0,0.0,3.57605976830655e-07,0.0,0.0,0.0,0.0,0.0,0.0,7.152118257636175e-07,3.93426102218708e-06,0.0,0.0,0.0,4.88733132308905e-06,0.0,4.172491279819113e-06,0.0,0.0,0.0,0.9999995231047478
0.0,0.0,2.8013277710181583e-05,0.0,1.192240617342577e-07,0.0,0.999446945809951,0.0,0.0,0.0,0.0,0.0,0.0,2.860843551943937e-06,4.768950248035253e-07,0.0,0.0,0.0,1.4304229126738122e-06,0.0,0.00011991545605738452,0.0,0.0,0.0,0.9999996423941084
3.57605976830655e-07,0.0,8.344533100057561e-07,0.0,8.344533100057561e-07,0.0,0.9899871389300934,0.0,0.0,0.00831639168496634,0.0,0.0,0.0,8.344533100057561e-07,1.192240617342577e-07,0.0,1.192240617342577e-07,1.192240617342577e-07,0.0,0.0,0.9971987223664822,0.0,5.960258064874324e-07,0.0,0.9999991655469742
0.9999148950210192,0.0,0.0,0.0,1.5496499871092695e-06,0.0,0.9933064848946105,0.0,0.0,0.9999963043233115,0.0,0.9998425673649282,0.0,0.0,0.0,0.0,0.9999965429163425,0.0,0.0,0.0,2.384476545103098e-07,0.0,0.0,0.0,1.192240617342577e-07
8.344533100057561e-07,0.0,1.192240617342577e-07,0.0,0.0,0.0,4.768950248035253e-07,0.0,0.0,0.8479571771385767,0.0,0.0,0.0,2.9800638619015274e-06,1.192240617342577e-07,0.0,0.0,0.0,5.960258064874324e-07,0.0,1.4662768811013471e-05,0.0,0.0,0.0,1.0
0.01322203357659113,0.0,0.0,0.0,2.02668910964654e-06,0.0,1.192240617342577e-07,0.0,0.0,0.9999954701172836,0.0,0.10669526006343666,1.192240617342577e-07,0.0,0.0,0.0,0.9998682962767186,0.0,0.0,0.0,1.192240617342577e-07,0.0,0.0,0.0,2.384476545103098e-07
0.0,0.0,2.550899467945733e-05,0.0,1.192240617342577e-07,0.0,2.384476545103098e-07,0.0,0.0,0.0,0.0,4.768950248035253e-07,0.0,0.0,0.0,0.0,0.0,0.0,0.0,0.0,3.5763732452176455e-06,0.0,0.0,0.0,0.9999971391564481
1.192240617342577e-07,1.192240617342577e-07,0.0011338878859853407,0.0,0.9999992847883448,0.0,1.7285475894635027e-05,1.3112231088685533e-06,0.0,0.0,0.0,2.384476545103098e-07,0.9985333084256537,0.0,0.0,0.0,0.0,0.0,0.0,0.03621993695805903,0.9999772330056317,2.384476545103098e-07,0.9999984503497855,0.9999990462097231,1.192240617342577e-07
0.0,0.0,1.192240617342577e-07,0.0,1.192240617342577e-07,0.9998995199992653,0.0038244641523816902,0.0,0.0,0.0,0.0,0.0,0.0,0.0,0.0,0.0,0.0,0.0,0.0,0.0,0.0069043375701156595,0.0,0.0,0.0,0.0
9.893798219806627e-06,0.0,0.9999779481725827,0.0,1.9072566162070537e-05,0.9997578290845915,6.235080801864079e-05,0.0,0.0,0.0,0.0,0.0,0.0,0.0,0.9988114009150116,0.0,1.192240617342577e-07,0.0,3.57605976830655e-07,0.0,0.9988305490054056,0.0,0.9997831032183699,0.9991026936564869,0.9998843778066407
0.0,0.0,2.550899467945733e-05,0.0,8.344533100057561e-07,0.0,8.344533100057561e-07,0.0,0.0,0.0,0.0,0.0,0.0,1.192240617342577e-07,0.0,0.0,0.0,1.192240617342577e-07,0.0,0.0,0.9994296847156238,0.0,0.0,0.0,0.9999485057249474
0.0,0.0,0.0,0.0,9.537902768697037e-07,0.0,5.960258064874324e-07,0.0,0.0,0.0,0.0,0.0,0.0,1.192240617342577e-07,0.0,0.0,0.0,0.0,0.0,0.0,5.4117635601813596e-05,0.0,0.0,0.0,0.00016648698508370252
0.0,0.0,0.0,0.0,2.5032657550161375e-06,1.192240617342577e-07,0.9942690395736514,0.0,2.384476545103098e-07,0.0,4.768950248035253e-07,0.0,0.0,0.0,4.434154407428892e-05,0.0,4.410745809479977e-06,1.192240617342577e-07,3.5763732452176455e-06,0.0,0.017442741258189787,0.0,0.0,0.0,5.960258064874324e-07
2.384476545103098e-07,0.0,0.0,0.0,1.192240617342577e-07,0.0,5.960258064874324e-07,0.0,0.0,0.0,0.0,0.0,0.0,0.0,9.537902768697037e-07,0.0,0.0,0.0,3.57605976830655e-07,0.0,0.0,0.0,0.0,0.0,4.410745809479977e-06
0.0,0.0,0.0,0.0,8.344533100057561e-07,0.0,0.0,0.0,0.0,0.0,4.768950248035253e-07,0.0,0.0,0.0016359120167934726,0.0,0.0,0.0,0.0,1.192240617342577e-07,0.0,4.768950248035253e-07,0.0,0.0,0.0,0.9999998807761656
0.0,0.0,0.008316274390412826,0.0,1.192240617342577e-07,0.0,0.0,0.0,0.0,0.0,0.0,0.0003080483701219938,0.9999945167951672,0.9998837815455575,2.384476545103098e-07,0.0,0.0,0.0,0.0,0.0,0.0,0.0,5.960258064874324e-07,8.344533100057561e-07,0.9999997615523455
0.0,0.999939560905,3.218546048677773e-06,0.0,5.960258064874324e-07,0.0,0.0,0.0,0.0,0.0,0.0,0.9992445802428783,0.9999994039743072,0.9999998807761656,0.0,0.0,0.0,0.0,0.0,0.0,0.0,0.0,3.254563278098921e-05,2.741637097347649e-06,0.9999990462097231
0.0,0.0,0.0,0.0,2.384476545103098e-07,0.0,0.0,0.0,0.0,0.0,0.0,0.0,0.0,0.9999902253607852,0.0,0.0,0.0,0.0,0.0,0.0,0.0,0.0,0.0,0.0,0.9999998807761656
0.0,6.317691993329433e-06,1.3112231088685533e-06,0.0,4.172491279819113e-06,0.0,0.0,0.0,0.0,0.0,0.0,0.9999966621920747,1.5496499871092695e-06,0.9999997615523455,0.0,3.57605976830655e-07,0.0,0.0,0.0,0.0,0.0,0.0,0.0,0.0,0.9999779481725827
0.0,0.0,0.999555555188733,0.0,0.0,0.0,0.0,0.0,0.0,0.0,0.0,3.57605976830655e-07,0.0,0.9921830494992718,2.4674385294298773e-05,0.0,0.0,0.0,1.192240617342577e-07,0.0,1.192240617342577e-07,0.0,1.192240617342577e-07,0.0,0.9999997615523455
0.0,0.0,0.9992896947639163,0.0,1.192240617342577e-07,0.0,0.0,0.0,0.0,0.0,0.0,2.384476545103098e-07,0.9999907019696626,0.999998569577201,0.0,0.0,0.0,0.0,0.0,0.0,0.0,0.0,0.0,4.768950248035253e-07,0.9999998807761656
0.0,1.6689054689322802e-06,0.00012979813701019527,0.0,2.6224444984457307e-06,0.0,0.0,0.0,0.0,0.0,0.0,0.0,2.384476545103098e-07,0.9999977350503925,0.0,0.0,0.0,1.192240617342577e-07,0.0,0.0,1.192240617342577e-07,0.0,0.0,0.0,0.9999995231047478
0.0,0.0,0.0,0.0,0.0,0.0,0.0,0.0,0.0,0.0,0.0,0.9999997615523455,0.9999468363583855,2.384476545103098e-07,0.0,3.6956766884532755e-06,0.0,0.0,0.0,0.0,0.0,0.0,0.0,0.0,0.0
0.0,2.0264153133608964e-05,0.0,0.0,0.0,0.0,0.0,0.0,0.0,0.0,0.0,0.9999998807761656,0.9284084931512278,0.9999991655469742,0.0,0.0,0.0,0.0,0.0,0.0,0.0,0.0,0.0,0.0,0.0007324459988732324
3.57605976830655e-07,2.0860005657596936e-05,1.192240617342577e-07,0.0,6.913942543262941e-06,0.0,3.4570836574543407e-06,0.0,0.0,0.0,0.0,0.9999867684493882,0.0,0.0,0.0,0.9770200780452464,0.0,0.0,0.0,0.0,5.960258064874324e-07,0.0,0.0,0.0,0.0
0.0,0.0,0.9999148950210192,0.0,4.67254792029248e-05,0.0,0.0004444448114945265,0.0,0.0,0.0,0.0,0.0,0.0,0.00010751387598129103,0.9984982470033384,0.0,0.0,0.0,0.0,0.0,1.3350801972178417e-05,0.0,0.0,1.192240617342577e-07,0.9999996423941084
0.0,1.5496499871092695e-06,0.9688552921570641,0.0,1.0729066772796614e-06,0.0,0.0,0.0,0.0,0.0,0.0,0.9999957083847452,0.9998644850136763,0.0,3.0992980275534876e-06,0.0,0.0,0.0,0.0,0.0,1.0729066772796614e-06,0.0,1.192240617342577e-07,0.0,0.0
0.0,0.999991297659684,0.0,0.0,1.4424200679097332e-05,0.0,0.0,0.0,0.0,0.0,0.0,0.00032007748265494573,1.3112231088685533e-06,0.0,0.0,0.0,0.0,0.0,0.0,0.0,0.0,0.0,0.0,1.192240617342577e-07,0.0
0.0,0.9998642468020342,0.0,0.0,2.6224444984457307e-06,0.0,5.960258064874324e-07,0.0,0.0,0.0,0.0,0.00016886985470865312,0.998695458711424,0.0,0.0,2.384476545103098e-07,0.0,0.0,0.0,0.0,5.960258064874324e-07,0.0,0.0,0.025959231770182223,0.0
0.0,0.0,0.0,0.0,1.192240617342577e-07,0.0,0.0,0.0,0.0,0.0,0.0,0.9999315746809657,0.9999609020163983,0.999900592855671,0.0,0.0,0.0,0.0,0.0,0.0,0.0,0.0,0.0,0.00506096367080433,0.9998837815455575
0.0,0.0,0.000305785514430168,0.0,0.0011694509945945342,0.0,0.0,0.0,0.0,0.0,0.0,0.0,0.9999972583629027,0.9999942784020251,0.0,0.0,0.0,0.0,0.0,0.0,2.741637097347649e-06,0.0,1.192240617342577e-07,0.9999522016515195,0.9999872454213207
0.0,2.384476545103098e-07,0.0002460044964242014,0.0,0.000701496548575653,0.0,9.537902768697037e-07,0.0,0.0,0.0,0.0,2.384476545103098e-07,1.192240617342577e-07,1.192240617342577e-07,0.9999891528092899,0.0,1.192051257703497e-06,0.0,4.768950248035253e-07,0.0,1.3589312835349254e-05,0.0,0.0,0.999986172162716,0.9999991655469742
0.0,0.0,7.5103503065498955e-06,0.0,9.785750366497759e-05,0.0,1.1681574487942825e-05,0.0,0.0,0.0,0.0,4.410745809479977e-06,0.999986172162716,0.0,3.57605976830655e-07,0.0,0.0,0.0,0.0,0.0,2.384476545103098e-07,1.192240617342577e-07,0.9999746102424983,0.9999988079489697,0.0
0.0,0.0,3.57605976830655e-07,0.0,0.9999933245767333,0.0,0.9539666261609272,0.0,0.0,0.0,0.0,0.0,1.1919997756737466e-05,0.0,0.0,0.0,2.384476545103098e-07,0.0,0.0,0.0,0.0010484772759742356,0.0,0.0,1.192240617342577e-07,0.999985337231189
0.0,1.192240617342577e-07,5.960258064874324e-07,0.0,0.00045314280569586085,0.0,8.344533100057561e-07,0.0,0.0,0.0,0.0,0.0,4.5298824890016576e-06,0.0,0.9999995231047478,0.0,0.0,0.0,2.789401172809125e-05,0.0,4.768950248035253e-07,0.0,1.192240617342577e-07,0.9999984503497855,1.192240617342577e-07
0.0,0.0,0.9999660249619403,0.0,0.0003922617428033792,0.0,0.9998388742406173,0.0,0.0,0.0,0.0,0.0,0.9997655789262221,0.0,0.9999767561958138,1.192240617342577e-07,0.0,0.0,7.152118257636175e-07,1.192240617342577e-07,0.009707535134638623,0.0,0.0,0.999897493414218,0.0
0.0,0.0,0.9992204161975151,0.0,0.9902924648653615,0.0,0.999998092420356,0.0,0.0,0.0,0.0,0.0,0.0,0.0,0.9999976158993602,0.0,0.0,0.0,2.384476545103098e-07,0.0,0.9999680499178857,0.0,5.125661624805211e-06,0.0,0.0
0.0,0.0,4.0533725200742055e-06,0.0,7.509638409375352e-05,0.0,0.0,0.0,0.0,0.0,0.0,2.2766994368317306e-05,0.9999994039743072,1.6689054689322802e-06,0.0,0.0,0.0,0.0,0.0,0.0,7.152118257636175e-07,0.0,5.5906510081804583e-05,0.9999922506003848,0.0
1.192240617342577e-07,0.0,0.0,0.0,1.0729066772796614e-06,0.0,0.0,0.0,0.0,0.0,0.0,0.9998148059905406,0.0,0.0,0.0,0.0,0.0,0.0,0.0,0.0,0.0,1.192240617342577e-07,0.0,0.0,0.0
0.0,0.0,0.9449943536408724,0.0,3.969376647050549e-05,0.0,0.0,0.0,0.0,0.0,0.0,0.0,0.9999866491980278,0.9999997615523455,0.0,0.0,0.0,0.0,0.0,3.57605976830655e-07,4.219626964041545e-05,0.0,1.192240617342577e-07,0.9999973775557289,0.9999998807761656
0.0,0.0,1.5496499871092695e-06,0.0,0.8991200090138958,0.0,0.0,0.0,0.0,0.0,0.0,2.384476545103098e-07,0.005220500934354111,0.9998840200601332,0.0,0.0,0.0,0.0,0.0,0.0,2.3841004124225407e-06,0.0,0.0,0.9999995231047478,1.0
0.0,0.0,0.0,0.0,0.1824399812624382,0.0,1.847682898625802e-05,0.0,0.0,0.0,0.0,0.0,0.0,0.00040155399124319757,0.0,0.0,0.0,1.192240617342577e-07,0.0,0.0,1.192240617342577e-07,0.0,0.0,0.0,1.0
0.0,0.0,0.0,0.0,1.788187994011814e-06,0.0,1.192240617342577e-07,0.0,0.0,0.0,0.0,0.0,0.0,0.0,0.0,0.0,8.248345286088199e-05,5.864978527592157e-05,0.0,0.0,0.0,0.0,0.0,0.0,2.384476545103098e-07
0.0,3.57605976830655e-07,0.0,0.0,0.9996793270112172,0.0,8.344533100057561e-07,0.0,0.0,0.0,0.0,1.192240617342577e-07,0.0006156698015009621,0.9993333814720765,0.0,0.0,0.0,1.8000269957685333e-05,0.0,0.0,0.004331729868944478,0.0,6.913942543262941e-06,0.9999926089435868,0.9999898678719895
0.0,0.0,0.9999650719680174,0.0,1.406637349898876e-05,0.0,2.4793611416273897e-05,0.0,0.0,0.0,0.0,0.0,0.9999405152205822,1.192240617342577e-07,4.768950248035253e-07,0.0,0.0,1.0729066772796614e-06,0.0,0.0,0.9999316938020754,2.9800638619015274e-06,1.4185645677788905e-05,0.999244342120761,4.25537950468069e-05
0.0,0.0,0.9999523208623938,0.0,2.6939930650837773e-05,0.0,1.6213392638686486e-05,0.0,0.0,0.0,0.0,0.0,0.0056426814120300595,0.9952443397319839,1.192240617342577e-07,0.0,0.0,0.0,0.0,0.0,0.005220500934354111,0.0,0.000156598722780954,0.00034115929115619004,0.9999998807761656
0.0,0.0,0.0,0.0,1.192051257703497e-06,0.0,9.537902768697037e-07,0.0,0.0,0.0,0.0,0.0,0.0,0.0002036661836238851,0.0,2.145812430742744e-06,0.0,0.9825570263120877,0.0,0.0,1.192051257703497e-06,0.0,0.0,0.0,0.9999992847883448
0.0,0.0,0.001489749117334016,0.0,0.9989678214743193,0.0,0.00010107604508846624,3.57605976830655e-07,0.0,0.0,0.0,0.0,0.0,0.9099118511870242,0.0,0.0,0.0,0.9999791399943424,0.0,0.0,0.9999932053204985,0.0,0.0,8.344533100057561e-07,0.9990449647189746
0.0,0.0,0.9987356485404744,0.0,9.344731280458429e-05,0.0,8.344533100057561e-07,0.0,0.0,0.0,0.0,0.0,2.384476545103098e-07,0.9999723445166412,0.0,0.0,0.0,2.1455897843414284e-05,0.0,0.0,0.887207745127731,0.0,1.0729066772796614e-06,0.0,0.9999959466272526
0.0,0.0,0.9999991655469742,0.0,6.282720790384833e-05,0.0,3.57605976830655e-07,1.192240617342577e-07,0.0,0.0,0.0,0.0,0.0,0.5312086659350419,0.0,0.0,0.0,0.0025513800898421257,0.0,0.0,0.9959296972914143,0.0,0.0,0.0,0.9999996423941084
0.0,0.0,0.307397343638789,0.0,1.6689054689322802e-06,0.0,2.384476545103098e-07,0.0,0.0,0.0,0.0,0.0,0.0,0.9999685263470333,0.0,0.0,0.0,0.8872074146171521,0.0,0.0,3.815155876552012e-06,0.0,0.0,0.0,0.9999998807761656
0.0,0.0,0.9825570263120877,0.0,0.02033424185133481,0.0,1.6689054689322802e-06,0.0,0.0,0.0,0.0,0.0,0.9998891475952763,0.0002135591745898724,0.9999909402550872,0.0,0.0,3.57605976830655e-07,5.960258064874324e-07,1.0729066772796614e-06,0.0003834462660621263,0.0,2.8967472356256074e-05,0.9943129998409297,0.9999995231047478
0.0,0.0,0.0016746432056204963,0.0,2.622443381805617e-05,0.0,0.0,0.0,0.0,0.0,0.0,0.9669138552598994,0.9999874838887277,0.0006567383821104444,0.0,0.0,0.0,0.0,0.0,0.0,0.0,1.192240617342577e-07,0.999956254392679,0.999998927093209,6.747239318516396e-05
0.0,0.0,0.9995590104948984,0.0,1.192240617342577e-07,0.0,0.0,0.0,0.0,0.0,0.0,0.0,0.002673565752880691,0.9999994039743072,0.0,0.0,0.0,0.9814521355100696,0.0,0.0,0.0,0.0,0.0,5.960258064874324e-07,1.0
0.0,0.0,0.9993433806907275,0.0,7.152486773853717e-06,0.0,0.0,0.0,0.0,0.0,0.0,2.3601429135045038e-05,0.9999982118117786,0.9999903445179854,0.0,0.0,0.0,0.0,0.0,1.192240617342577e-07,0.0,0.0,2.384476545103098e-07,0.9998485237369579,0.9999990462097231
0.0,3.57605976830655e-07,0.9999951126684495,0.0,3.57605976830655e-07,0.0,0.0,0.0,0.0,0.0,0.0,0.9908748236053178,0.9999886760374438,0.9999915359134185,0.0,2.384476545103098e-07,0.0,2.384476545103098e-07,0.0,0.0,0.0,0.0,1.0729066772796614e-06,7.271768417527191e-06,0.9999996423941084
0.0,5.960258064874324e-07,0.05340363028465678,0.0,0.0,0.0,0.0,0.0,0.0,0.0,0.0,0.9999997615523455,0.9999997615523455,0.9999969007019724,0.0,0.0,0.0,0.0,0.0,0.0,0.0,0.0,1.5496499871092695e-06,0.515619474240561,0.0024730619551665
0.0,0.0,0.0,0.0,0.0,0.0,0.0,0.0,0.0,0.0,0.0,1.192240617342577e-07,0.0,0.0,0.0,0.0,0.0,0.0,0.0,0.0,0.0,0.0,0.0,0.0,0.0
0.0,0.9999890336203998,0.0,0.0,4.768950248035253e-07,0.0,0.0,0.0,0.0,0.0,0.0,0.9999963043233115,0.9999941591956986,0.9999988079489697,0.0,0.0,0.0,0.0,0.0,1.2516111272287134e-05,1.192240617342577e-07,0.0,0.0,0.0,0.9678988034971358
0.0,0.0,5.960258064874324e-07,0.0,1.192240617342577e-07,0.0,0.0,0.0,0.0,0.0,0.0,0.036219710765319824,0.9999926089435868,0.9999992847883448,0.0,0.0,0.0,0.0,0.0,0.0,0.0,0.0,0.0,2.503206589143936e-05,1.0
0.0,3.57605976830655e-07,4.649025975411725e-06,0.0,3.57605976830655e-07,0.0,0.0,0.0,0.0,0.0,0.0,0.0,4.768950248035253e-07,0.9999986887770048,0.0,0.0,0.0,1.192240617342577e-07,0.0,0.0,0.0,0.0,0.0,0.0,1.0
0.0,0.000984944246137709,0.9845765447306467,0.0,1.192240617342577e-07,0.0,0.0,0.0,0.0,0.0,0.0,0.9999822380008879,0.9999357435571972,0.9999921314938888,0.0,0.9952439847318288,0.0,0.0,0.0,0.0,0.0,0.0,0.0,0.0,0.9999988079489697
0.0,0.0,0.0,0.0,1.192240617342577e-07,0.0,0.0,0.0,0.0,0.0,0.0,0.9999996423941084,0.5774843855557582,0.0,0.0,9.537902768697037e-07,0.0,0.0,0.0,2.384476545103098e-07,0.0,0.0,0.0,0.0,0.0
0.0,0.43782523986197064,7.749399615231134e-06,0.0,4.5298824890016576e-06,0.0,0.0,0.0,0.0,0.0,0.0,2.2290207969399845e-05,3.57605976830655e-07,0.9999984503497855,0.0,0.9998599589439813,0.0,0.0,0.0,0.0,0.0,0.0,0.0,0.0,0.9999997615523455
0.0,2.384476545103098e-07,0.9899872560237665,0.0,3.2307410874343745e-05,0.0,0.0,0.0,0.0,0.0,0.0,0.0,0.004609904395247777,0.9999960657392052,0.0,2.6343678172113805e-05,0.0,0.0,0.0,0.0,2.384476545103098e-07,0.0,0.0,0.0005016274979741109,0.9999915359134185
0.0,0.9999405152205822,2.3601429135045038e-05,0.0,4.768950248035253e-07,0.0,0.0,0.0,0.0,0.0,0.0,1.9075798713963366e-06,0.30734088629672673,0.9999998807761656,0.0,0.0,0.0,0.0,0.0,0.0,0.0,0.0,0.0,0.0,0.9999997615523455
0.0,0.9999996423941084,0.0007017345674364961,0.0,1.5020643980290238e-05,0.0,0.0,0.0,0.0,0.0,0.0,0.16453426212151734,2.384476545103098e-07,0.0,3.337807925274383e-06,0.0,0.0,0.0,0.0,1.192240617342577e-07,1.585605744547358e-05,0.0,0.0,0.0,0.0
0.0,0.9999506518386915,0.0,0.0,0.0850924807505602,0.0,0.0,0.0,0.0,0.0,0.0,1.192240617342577e-07,0.0,0.0,0.0,0.0,0.0,0.0,0.0,0.0,0.0,0.0,0.0,0.0,0.0
1.3112231088685533e-06,1.0,0.0,0.0,0.00359369103135021,0.0,0.0,0.0,0.0,0.0,0.0,0.99996161693521,0.0,0.0,0.0,0.0,0.0,0.0,0.0,0.0001446864575496143,1.192240617342577e-07,0.0,0.0,0.0,0.0
0.0,0.9999998807761656,4.88733132308905e-06,0.0,0.001926670818820586,0.0,0.0,0.0,0.0,0.0,0.0,0.9997545908798309,0.0,0.0,0.0,0.0,0.0,0.0,0.0,0.0,1.192051257703497e-06,0.0,0.0,0.0,0.0
0.7981772267518362,0.9999996423941084,1.3112231088685533e-06,0.0,0.021617622292528726,0.0,8.868006682849483e-05,0.0,0.0,0.0,0.0,3.57605976830655e-07,0.0,0.0,5.960258064874324e-07,0.0,0.0,0.0,0.0,0.0,0.9987933237336316,0.0,8.344533100057561e-07,0.0,0.0
0.0,0.0,9.537902768697037e-07,0.0,0.9999995231047478,0.0,7.152486773853717e-06,0.0,0.0,0.0,0.0,0.9999963043233115,0.9999998807761656,4.88733132308905e-06,0.0,0.0,0.0,0.0,0.0,0.0006073370022015023,5.542945892023088e-05,0.0,0.00033043952728895043,0.9999996423941084,0.0
0.0,3.4451531269463764e-05,0.0,0.0,0.9790337414549423,0.0,0.0,0.0,0.0,0.0,0.0,0.9999560160209362,5.125661624805211e-06,7.152118257636175e-07,0.0,0.0,0.0,0.0,0.0,0.0,0.0,0.0,0.0,0.10669555956693655,0.0
0.0,1.8595974221602418e-05,1.5496499871092695e-06,0.0,9.537902768697037e-07,0.0,0.0,0.0,0.0,0.0,0.0,0.9999983310946448,0.9999941591956986,0.9999964236267548,0.0,0.0,0.0,0.0,0.0,0.0,0.0,0.0,0.0,0.9970644240885178,6.317691993329433e-06
0.0,1.3827837283986177e-05,0.00010596394232320616,0.0,3.921713729349019e-05,0.0,0.0,0.0,0.0,0.0,0.0,0.009707535134638623,0.9999065526871954,0.9998509061676675,0.0,0.0,0.0,4.768950248035253e-07,0.0,2.5032657550161375e-06,0.0,0.0,2.384476545103098e-07,0.9999928475132261,0.004134401905584784
0.0,5.840804528811638e-06,8.915676700804731e-05,0.0,2.02668910964654e-06,0.0,0.0,0.0,0.0,0.0,0.0,3.7787324794313903e-05,0.9999485057249474,0.9999986887770048,0.0,0.0,0.0,0.0,0.0,0.0,0.0,0.0,0.0,0.0,1.0
0.0,0.0,0.0,0.0,0.0,0.0,0.0,0.0,0.0,0.0,0.0,0.9999845012608227,0.00010262581194553366,0.9975271756413354,0.0,0.0,0.0,0.0,0.0,0.0,0.0,0.0,0.0,9.178885813310167e-06,0.0003355611724407126
0.0,0.0,0.00015898133952985116,0.0,5.960258064874324e-07,0.0,0.0,0.0,0.0,0.0,0.0,0.9999971391564481,0.9999957083847452,0.9688552921570641,0.0,1.192240617342577e-07,0.0,0.0,0.0,0.0,0.0,0.0,7.152118257636175e-07,0.0007438733257789654,0.9817346445792438
0.0,0.0,0.0,0.0,0.0001180072864848114,0.0,0.0,0.0,0.0,0.0,0.0,0.9999994039743072,0.9999998807761656,2.384476545103098e-07,0.0,0.0,0.0,0.0,0.0,0.0,0.0,0.0,0.9998337512917564,0.999998092420356,0.0
0.0,0.0012258228294539375,0.9970183283906285,0.0,2.264949380159642e-06,0.0,0.0,0.0,0.0,0.0,0.0,0.9999926089435868,0.9999982118117786,0.9999796166797892,0.0,0.0062905345673471835,0.0,0.0,0.0,0.0,0.0,0.0,3.815155876552012e-06,0.9999557776456125,0.9999921314938888
0.0,0.0,1.192240617342577e-07,0.0,1.192051257703497e-06,0.0,0.0,0.0,0.0,0.0,0.0,0.9999829527748854,2.384476545103098e-07,0.9999927282315825,0.0,0.0,0.0,1.192240617342577e-07,0.0,2.384476545103098e-07,0.0,0.0,0.0,1.192240617342577e-07,0.9999998807761656
0.0,0.0,0.9999927282315825,0.0,5.960258064874324e-07,0.0,1.192240617342577e-07,0.0,0.0,0.0,0.0,1.192240617342577e-07,0.0025511425115409825,0.9999880800024706,1.192240617342577e-07,0.0,0.0,0.0,0.0,0.0,3.195008234169183e-05,0.0,0.0,0.0,0.9999996423941084
0.0,0.9998873589937135,2.384476545103098e-07,0.0,3.57605976830655e-07,0.0,0.0,0.0,0.0,0.0,0.0,1.1681574487942825e-05,1.9075798713963366e-06,0.9999761601470276,0.0,0.0,0.0,1.192051257703497e-06,0.0,0.0,1.6689054689322802e-06,0.0,1.192240617342577e-07,0.0,0.9998086092494812
0.0,0.0,3.57605976830655e-07,0.0,1.0489645781874835e-05,0.0,0.0,0.0,0.0,0.0,0.0,0.0,0.0,0.9999958275089476,0.0,0.0,0.0,0.0,0.0,0.0,0.0,0.0,5.960258064874324e-07,0.0,0.9999928475132261
0.0,0.0,1.192240617342577e-07,1.192240617342577e-07,6.198460485218327e-06,0.0,0.0,0.0,0.0,0.0,0.0,0.0,0.0,0.9999896295304322,0.0,0.0,0.0,8.344533100057561e-07,0.0,0.0,0.0,0.0,0.0,0.0,1.0
0.0,0.0,0.9999188272545736,0.0,0.9999783057362415,0.0,0.0,0.9995118245004837,0.0,0.0,0.0,0.0,1.192240617342577e-07,0.999998927093209,0.0,0.9930955445058834,0.0,0.0,0.0,0.0,0.0002236915525052341,0.0,0.0,0.0,0.9999884376334162
0.0,0.0,0.0002202344943728063,0.0,9.536328438142228e-06,0.0,0.0,0.0,0.0,0.0,0.0,0.0003460428358221801,0.9999986887770048,1.5496499871092695e-06,0.0,0.0,0.0,0.0,0.0,0.0,0.0,0.0,0.9999673352564007,0.9999992847883448,3.57605976830655e-07
0.0,0.0,0.0004095360292516448,0.0,8.344533100057561e-07,0.0,0.0,0.0,0.0,0.0,0.0,0.006488716812233508,0.9999904636715619,0.012430555615487782,0.0,0.0,0.0,0.0,0.0,0.0,0.0,0.0,1.192240617342577e-07,0.9999020232914428,0.9999997615523455
0.0,0.0,0.9996313250356771,0.0,1.192240617342577e-07,0.0,0.0,0.0,0.0,7.152118257636175e-07,0.0,2.145812430742744e-06,8.225844613463096e-06,0.9998724646854313,0.0,0.0,1.192240617342577e-07,0.0,0.0,0.0,0.0,0.0,0.0,0.7431912498983508,0.9999995231047478
0.0,0.0,1.6689054689322802e-06,0.0,5.960258064874324e-07,0.0,0.0,2.384476545103098e-07,0.9969240230200946,0.0,0.0,0.0,0.0026322885058047696,0.036219710765319824,0.0,0.0,0.0,0.0,0.0,0.0,1.9075798713963366e-06,0.0,0.0,0.0,0.7057406053386222
0.0,0.0736910068266724,2.02668910964654e-06,0.0,0.00014242329005154097,0.0,0.00018257244044062038,0.0,0.00446894703194145,0.0,0.0,0.0,0.0,0.0,0.0,0.0,3.4451531269463764e-05,4.768950248035253e-07,0.0,0.0,0.0005194840534584744,0.0,0.0,0.0,0.9999961848443508
0.0,0.0,0.999758186800498,0.0,1.192240617342577e-07,0.0,0.0,0.0,0.0,0.0,0.0,0.0,2.7774745504305365e-05,0.9999979733108904,0.0,0.0,0.0,0.0,0.0,0.0,0.0,0.0,0.0,0.00015278663802442694,1.0
0.0,0.0,0.5621781436398965,0.0,1.8357687601944228e-05,0.0,0.0,0.0,0.0,0.0,0.0,3.57605976830655e-07,0.9999971391564481,0.9999891528092899,0.0,0.0,0.0,0.0,0.0,3.57605976830655e-07,1.192240617342577e-07,0.0,1.192240617342577e-07,0.9950940242491434,0.9999997615523455
0.0,0.0,5.960258064874324e-07,0.0,4.899049668449784e-05,0.0,4.649025975411725e-06,0.0,0.0,0.0,0.0,0.0,0.9997487561961831,7.868505883856791e-06,0.0,0.0,4.768950248035253e-07,0.0,0.0,0.0,8.344533100057561e-07,0.0,0.0,0.9999973775557289,0.999971628909877
0.0,0.0,0.0014551622544491938,2.61051876309093e-05,1.192240617342577e-07,0.0,9.537902768697037e-07,0.0,0.0,0.0,0.0,6.794679274113591e-06,0.9999680499178857,0.0008694532837933977,1.192240617342577e-07,0.0,1.788187994011814e-06,0.9997049330282993,0.0,1.0729066772796614e-06,2.384476545103098e-07,0.0,0.0,3.7787324794313903e-05,0.9999997615523455
0.0,0.0,0.0,0.0,1.192240617342577e-07,0.0,0.0,0.0,0.0,0.0,0.0,0.0,0.0,0.9995889152351808,0.0,0.0,0.0,0.0,0.0,0.0,0.0,0.0,0.0,0.997850736180083,0.9999927282315825
0.0,0.0,0.0015978904162464724,0.0,0.0003786812825418151,0.0,4.768950248035253e-07,0.0,0.0,0.0,0.0,2.384476545103098e-07,0.17330763109564074,0.03732633880798242,0.0,0.0,0.0,0.0,0.0,0.0,2.384476545103098e-07,0.0,1.3112231088685533e-06,0.9999972583629027,0.9999997615523455
0.0,0.0,0.004070302708585771,0.0,0.9997640290025548,0.0,2.384476545103098e-07,0.0,0.0,0.0,0.0,6.913942543262941e-06,0.9997728512987942,7.271768417527191e-06,0.9998846163068086,0.0,0.0,0.0,9.537902768697037e-07,0.0,0.0033769538197522264,0.0,4.768950248035253e-07,0.9999570886651235,2.384476545103098e-07
0.0,0.0,7.152118257636175e-07,0.0,0.0017007788484549868,0.0,1.192240617342577e-07,0.0,0.0,0.0,0.0,9.537902768697037e-07,2.384476545103098e-07,0.0,1.3112231088685533e-06,0.0,4.768950248035253e-07,0.0,0.0,0.0,9.655482241965885e-06,0.0,0.0,0.9942690395736514,1.192240617342577e-07
0.0,0.0,0.0,0.0,0.005555446202647474,0.0,6.794679274113591e-06,0.0,0.0,0.0,0.0,0.0,0.0,3.337807925274383e-06,0.0,0.0,0.0,2.384476545103098e-07,0.0,0.0,0.9972846882744362,0.0,0.0,0.9951697072103524,0.9999666205590478
0.0,1.192240617342577e-07,5.125661624805211e-06,0.0,0.9999506518386915,0.0,5.244836645101891e-06,3.218546048677773e-06,0.0,0.0,0.0,0.0,0.0,1.192240617342577e-07,3.57605976830655e-07,0.0,0.00034902066538555765,0.00255149829826673,0.0,0.0,0.9998837815455575,0.0,0.0,0.0,0.8266919254321334
0.0,0.0,1.192240617342577e-07,0.0,2.384476545103098e-07,0.0,8.344964695150558e-06,0.0,0.0,0.0,0.0,0.0,0.0,0.0,0.0,0.0,0.0,0.0,0.0,0.0,0.9999829527748854,0.0,0.0,0.0,0.0
0.0,0.0,0.0,0.0,7.5103503065498955e-06,0.0,0.9994723019678962,0.0,0.0,0.0,0.0,0.0,0.0,0.0,0.0,0.0,0.0,0.0,0.0,0.0,0.9999810465847007,0.0,0.0,0.0,0.0
0.0,0.0,1.192240617342577e-07,0.0,0.9991373315151821,0.0,0.0,0.0,0.0,0.9999437356931703,0.0,1.192240617342577e-07,4.7440715814972556e-05,0.0,0.0,0.0,0.0,0.0,0.0,0.0,3.57605976830655e-07,0.0,0.00024576634014539245,0.999998569577201,0.0
0.0,0.0,0.00010274502377183303,0.0,0.01001251071106879,0.0,1.192240617342577e-07,0.0,0.0,0.0,0.0,0.0,2.384476545103098e-07,0.00011526443967602162,0.0,0.0,0.0,6.913942543262941e-06,0.0,0.0,2.741637097347649e-06,0.0,0.0,0.9999570886651235,0.9997692747768033
0.0,0.0,0.058346490751215785,0.0,4.0533725200742055e-06,0.0,0.0,0.0,0.0,0.0,0.0,4.768950248035253e-07,0.01065139455142794,3.218546048677773e-06,0.0,0.0,0.0,0.0,0.0,0.0,0.0,0.0,5.960258064874324e-07,0.016402628022136323,0.9994555168967149
0.0,0.0,3.57605976830655e-07,0.0,4.88733132308905e-06,0.0,0.0,0.0,0.0,0.0,0.0,1.192240617342577e-07,0.0,0.9999908211141867,0.0,0.0,0.0,1.192240617342577e-07,0.0,0.0,0.0,0.0,0.0,0.0,1.0
0.0,0.0,8.534330448750627e-05,0.0,4.768950248035253e-07,0.0,0.0,0.0,0.0,0.0,1.192240617342577e-07,0.0,1.192240617342577e-07,0.0,1.3112231088685533e-06,3.57605976830655e-07,0.0,0.0,1.192240617342577e-07,0.0,2.2766994368317306e-05,0.0,1.192240617342577e-07,0.0,0.0
0.0,0.0,5.960258064874324e-07,0.0005216268422313375,7.056947475514441e-05,0.0,2.264949380159642e-06,0.0,0.0,2.3959066688616915e-05,0.0,1.788187994011814e-06,0.9999583995954074,0.0,0.0,0.0,0.999998569577201,5.00649341150794e-06,0.0,5.960258064874324e-07,2.384476545103098e-07,0.0,0.0,0.00013789710019096457,0.999983667494825
0.0,0.0,3.337807925274383e-06,3.4570836574543407e-06,3.57605976830655e-07,0.0,1.0966379827559436e-05,0.0,0.0,0.0,0.0,0.0008010098017737777,2.264949380159642e-06,8.344533100057561e-07,0.0,0.0,0.9999896295304322,0.9997383963763264,0.0,2.384476545103098e-07,0.0,0.0,0.0,0.0,1.0
0.0,1.192240617342577e-07,0.0,0.0,3.4570836574543407e-06,0.0,0.0,0.0,0.0,0.0,0.0,0.0,0.0,0.9999260949579272,0.0,0.0,0.0,0.0,0.0,0.0,1.192240617342577e-07,0.0,0.0,0.9999357435571972,0.9999998807761656
1.4901349391416296e-05,0.00010918311264518366,0.015423224195595053,0.0,3.0041062795582718e-05,0.0,2.384476545103098e-07,0.0,0.0,0.9990597242305679,0.0,3.57605976830655e-07,1.192240617342577e-07,0.9999793783406753,0.0,0.0,0.0,0.0,0.0,0.0,3.6956766884532755e-06,0.0,0.999712912168644,0.0,1.0
0.0,0.9999992847883448,1.192051257703497e-06,0.0,1.192240617342577e-07,0.0,3.57605976830655e-07,0.0,0.0,0.0,0.0,0.9996359707200558,1.192240617342577e-07,0.9995759290595159,0.0,6.043909499997557e-05,0.0,0.0,0.0,0.0,1.192240617342577e-07,0.0,0.0,0.0,0.0
0.0,0.0,0.0,0.0,2.384476545103098e-07,0.0,0.0,0.0,0.0,0.0,0.0,1.0,0.9998891475952763,0.0,0.0,0.0,0.0,0.0,0.0,0.0,0.0,0.0,0.0,0.00014004105579135118,0.0
0.0,1.4304229126738122e-06,0.9999622126752057,0.0,0.0,0.0,0.0,0.0,0.0,0.0,0.0,0.999998569577201,0.9982993396932237,1.192240617342577e-07,0.0,0.0,0.0,0.0,0.0,0.0,4.768950248035253e-07,0.0,0.999783222430908,0.0,1.192240617342577e-07
0.0,0.9999988079489697,0.0005036512335109267,0.0,5.960258064874324e-07,0.0,0.0,0.0,0.0,0.0,0.0,0.9999593529431167,0.0,0.4455348386973633,0.0,0.0,0.0,0.0,0.0,0.0,1.192240617342577e-07,0.0,1.192240617342577e-07,0.0,0.0
0.0,0.0,4.768950248035253e-07,0.0,4.768950248035253e-07,0.0,0.0,0.0,0.0,0.0,0.0,0.9999924896496935,0.9999948743383752,0.0,0.0,0.0,0.0,0.0,0.0,1.192240617342577e-07,0.0,0.0,0.0,0.9999930860574567,0.0
0.0,0.9999593529431167,0.20182261862898965,0.0,2.121753482731137e-05,0.0,2.384476545103098e-07,0.0,0.0,0.0,0.0,0.9997817919977792,0.9999928475132261,6.079235556621931e-06,0.0,0.0,0.0,0.0,0.0,1.192240617342577e-07,1.370857324778374e-05,0.0,3.57605976830655e-07,0.9999845012608227,1.0729066772796614e-06
0.0,0.9997655789262221,3.5763732452176455e-06,0.0,2.145812430742744e-06,0.0,0.0,0.0,0.0,0.0,0.0,0.9999922506003848,0.8080684130067802,2.384476545103098e-07,0.0,0.00031567073042026994,0.0,0.0,0.0,2.384476545103098e-07,1.192240617342577e-07,0.0,3.57605976830655e-07,1.192240617342577e-07,1.192240617342577e-07
0.0,0.0,0.0,0.0,0.0,0.9998873589937135,0.0,0.0,0.0,0.0,0.0,0.0,0.0,3.05208374177246e-05,0.0,9.298030337445695e-06,0.0,8.344533100057561e-07,0.0,0.0,0.0,0.0,0.0,0.0,1.0
0.0,0.0,0.9933064848946105,0.6653752413664418,0.9998362532262174,0.0,3.57605976830655e-07,0.0,0.0,0.0,0.0,1.3112231088685533e-06,0.9999830718984778,0.0,4.768950248035253e-07,0.0,0.9999983310946448,0.9124418507442728,2.384476545103098e-07,4.768950248035253e-07,8.37941947265941e-05,0.0,0.0,0.0023600603245993446,0.9999830718984778
1.192240617342577e-07,0.0,0.0,4.649025975411725e-06,6.425644257546104e-05,0.0,1.192240617342577e-07,0.0,0.0,8.344533100057561e-07,0.0,2.384476545103098e-07,0.029311783819640502,0.0,0.0,0.0,2.860843551943937e-06,5.960258064874324e-07,0.0,4.768175814184872e-06,1.192240617342577e-07,0.0,0.0,0.0,0.0
0.0,0.0,0.10088028574056418,0.0007795838024849955,0.0,0.0,1.192240617342577e-07,0.0,0.0,0.0,0.0,0.0,0.0,1.3947103124856142e-05,0.99976188292927,0.0,0.0,1.7761999112075877e-05,2.02668910964654e-06,0.0,1.192240617342577e-07,0.0,0.0,0.0,0.9999997615523455
0.0,0.9998026504818562,0.00012753531456866085,0.0,1.6689054689322802e-06,0.0,0.0,0.0,0.0,0.0,0.0,1.4424200679097332e-05,0.0,0.9961756543690632,0.0,0.0,0.0,1.192240617342577e-07,0.0,0.0,0.0,0.0,0.0,9.537902768697037e-07,1.0
0.0,1.5496499871092695e-06,0.0,0.0,0.00037117650258255974,0.0,2.145812430742744e-06,0.0,0.0,0.0,0.0,0.9875696780001768,0.0,0.0,0.0,1.192240617342577e-07,0.0,0.0,0.0,0.0,1.192051257703497e-06,0.0,0.0,0.9999952318244132,0.0
0.0,3.5642815253589255e-05,0.0,0.0,3.57605976830655e-07,0.0,0.0,0.0,0.0,0.0,0.0,0.0,0.0,0.9998337512917564,0.0,2.384476545103098e-07,0.0,0.0009383713754766987,0.0,0.0,0.0,0.0,0.0,0.0,1.0
0.0,0.999998927093209,0.9975651551491631,0.0,4.410745809479977e-06,0.0,0.0,0.0,0.0,0.0,0.0,2.5032657550161375e-06,0.9998822312349395,0.0003409210700356935,0.0,4.768950248035253e-07,0.0,6.556172929328419e-06,0.0,0.0,3.57605976830655e-07,0.0,4.768950248035253e-07,0.0,0.9999958275089476
0.0,0.0,0.000430981250561846,0.0,0.9999378873917818,0.0,1.192240617342577e-07,0.0,0.0,3.57605976830655e-07,0.0,0.0,0.0,0.0030757404552407275,0.0,0.0,0.9999734178258868,0.00017983174922231449,0.0,2.384476545103098e-07,9.893798219806627e-06,0.0,0.0,0.0,0.9999991655469742
0.0,0.0,8.583211864254814e-06,0.0,0.9999926089435868,0.0,2.384476545103098e-07,0.0,0.0,1.192240617342577e-07,0.0,0.0,0.0,0.9991373315151821,0.0,0.0,5.72159797485039e-06,3.57605976830655e-07,0.0,0.0,3.647675862561428e-05,0.0,0.0,0.0,0.9999998807761656
0.0,0.0,8.344533100057561e-07,0.9981895862367981,3.815155876552012e-06,0.0,0.9997932349090592,0.0,0.0,0.00015385877537299475,0.0,8.344964695150558e-06,0.9995342267863178,0.0,5.960258064874324e-07,0.0,0.02931212734842148,0.9993120736901386,5.960258064874324e-07,3.57605976830655e-07,0.0003704617736858262,0.0,0.0,0.0007855355311956469,0.3486502033841108
0.0,0.0,0.0,1.192240617342577e-07,2.741637097347649e-06,0.0,0.0,0.0,0.0,0.0,0.0,0.9991573288045036,0.9999988079489697,0.0,0.0,0.0,0.0,0.0,0.0,2.384476545103098e-07,0.0,0.0,5.00649341150794e-06,0.9999972583629027,0.0
0.0,0.0,1.3112231088685533e-06,0.0,0.9995993990969311,0.0,0.0,0.0,0.0,0.0,0.0,2.384476545103098e-07,0.9995423293624536,0.9998462603573836,0.0,0.0,0.0,7.521551167000151e-05,0.0,1.0729066772796614e-06,0.0,0.0,0.0,7.152118257636175e-07,1.0
0.0,0.0,0.0,0.0,0.0003829697570951751,0.0,1.192240617342577e-07,0.0,0.0,0.0,0.0,0.0,0.0,0.9990168405056004,0.0,0.0,0.0,2.384476545103098e-07,0.0,0.0,1.192240617342577e-07,0.0,0.0,0.0,1.0
0.0,0.0,0.9998576958295177,0.0,0.00010095683351796225,0.0,4.291615254836678e-06,0.0,0.0,0.0,0.0,4.649025975411725e-06,0.9999887952344767,5.960258064874324e-07,0.9995231449657945,0.0,0.00011812654740284145,1.5496499871092695e-06,1.9075798713963366e-06,2.384476545103098e-07,9.417177575965496e-06,0.0,0.0,0.9999996423941084,0.9999730600693492
0.0,0.0,0.9996328736044355,0.0,2.264949380159642e-06,0.0,1.192240617342577e-07,0.0,0.0,0.0,0.0,0.0,0.0,0.9998924861240187,0.9950940242491434,0.0,0.0,0.0,1.192240617342577e-07,0.0,3.57605976830655e-07,0.0,0.0,0.0,0.9999967814539513
0.0,0.0,0.9999641189204349,0.0,4.0051245479788555e-05,0.0,0.9998924861240187,0.0,0.0,0.0,0.0,0.0,0.0,0.0,0.9999394416083407,1.192240617342577e-07,1.192240617342577e-07,1.5496499871092695e-06,3.57605976830655e-07,0.0,0.9970185649376677,0.0,2.384476545103098e-07,0.7981772267518362,0.9995342267863178
0.0,0.0,7.152118257636175e-07,0.0,0.9854961852862822,0.0,1.192240617342577e-07,0.0,0.0,0.0,0.0,1.6689054689322802e-06,0.9999995231047478,0.005555446202647474,0.0,0.0,0.0,0.0007588717663697953,0.0,1.2993058080335018e-05,3.6238487407747044e-05,0.0,0.5926831822184299,0.9999995231047478,0.0015191044135002274
0.0,0.0,8.344533100057561e-07,0.0,0.0,0.0,0.999972463780847,0.0,0.0,0.0,0.0,0.0,0.0,1.192240617342577e-07,0.0,0.0,1.3112231088685533e-06,4.696388684077846e-05,0.0,0.0,1.192240617342577e-07,0.0,0.0,0.0,1.0
0.0,0.0,1.406637349898876e-05,0.0,1.192240617342577e-07,0.0,0.9999843821552497,0.0,0.0,0.0,0.0,0.0,0.0,0.0,1.2516111272287134e-05,0.0,0.0,9.774639442183819e-06,0.0,0.0,5.244836645101891e-06,0.0,0.0,0.0,0.9999996423941084
0.0,2.6224444984457307e-06,7.152118257636175e-07,0.0,1.4304922389740682e-05,0.0,4.863284943956714e-05,0.0,0.0,0.9976763889700534,0.0,3.4808906882455304e-05,4.0647057110598794e-05,0.0,0.9950942605713213,0.0,0.0,0.0,0.0,0.0,2.264949380159642e-06,0.0,0.0,2.3841004124225407e-06,0.9999938015395148
0.0,0.9997336331333118,0.9997692747768033,0.0,2.384476545103098e-07,0.0,1.192240617342577e-07,0.0,0.0,0.0,0.0,0.9770204238152324,0.0,0.9979007534853376,1.192240617342577e-07,0.0,0.0,0.0,0.0,0.0,0.0,0.0,0.0,0.0,0.9999997615523455
0.0,0.9740408807157263,3.5763732452176455e-06,0.0,0.14805426000881705,0.0,0.0010902328946439388,0.0,0.0,0.9924222172782281,0.0,0.0,0.0,0.0,0.9999994039743072,0.0,0.00012967904526428597,6.461375638078248e-05,2.6582173885847382e-05,0.0,0.0010651324254443706,0.0,0.0,0.0,2.384476545103098e-07
0.0,0.0,0.0,0.0,0.0006288832115596277,0.0,7.749399615231134e-06,0.0,0.0,0.0,0.0,0.0,0.0,0.9905877829193555,2.384476545103098e-07,0.0,1.192240617342577e-07,0.9399047223321291,0.0,0.0,1.192240617342577e-07,0.0,0.0,0.0,0.9999998807761656
0.0,0.0,0.0,0.0,2.6939930650837773e-05,0.0,0.9998362532262174,0.0,0.0,0.0,0.0,0.0,0.0,1.192240617342577e-07,0.9985448377455509,0.0,4.172491279819113e-06,0.9994020672357302,0.0,0.0,0.00015385877537299475,0.0,0.0,0.0,1.5736950536582306e-05
0.0,0.0,0.0,0.0,1.4304229126738122e-06,0.0,2.6224444984457307e-06,0.0,0.0,0.0,0.0,0.0,0.0,0.9997963338163762,1.6928101522206696e-05,0.0,0.0,0.00019162909434011777,0.0,0.0,2.384476545103098e-07,0.0,0.0,0.0,0.9999997615523455
0.0,0.0,0.0,0.0,1.3231550839210016e-05,0.0,0.0,0.0,0.0,0.0,0.0,0.0,0.0,0.9993586176519966,0.0,0.0,0.0,3.57605976830655e-07,0.0,0.0,0.0,0.0,0.0,0.0,0.9999991655469742
0.0,0.0,0.0,0.0,1.788187994011814e-06,0.0,0.9998202873806669,4.768950248035253e-07,1.192240617342577e-07,0.0,0.0,0.0,0.0,0.0,0.0,0.014957827447815486,0.0,0.0,0.0,0.0,5.542945892023088e-05,0.0,0.0,0.0,0.0
0.0,0.0,0.0,0.9999998807761656,0.013636178741730842,0.0,8.129190115280238e-05,0.0,0.0,0.0,0.0,1.192240617342577e-07,0.0,0.0,2.384476545103098e-07,0.0,0.9998855703007735,0.9999910593932734,0.0,0.0,2.288619570722794e-05,0.0,0.0,0.0,0.9999642380526973
0.0,7.152118257636175e-07,0.0,0.0,1.6689054689322802e-06,0.0,0.0,0.0,0.0,0.0,0.0,4.768175814184872e-06,1.1681574487942825e-05,0.0,0.0,0.0,0.0,0.0,0.0,0.0,3.57605976830655e-07,0.0,1.6689054689322802e-06,0.0,0.0
0.0,0.0,0.0,0.0,2.2528597331983313e-05,0.0,1.192240617342577e-07,0.0,0.0,0.0,0.0,0.0,0.0,0.9999340760526371,0.0,8.546246699225879e-05,0.0,1.192240617342577e-07,0.0,0.0,0.0,0.0,0.0,0.0,1.0
0.0,5.602398682524878e-06,3.6956766884532755e-06,1.192240617342577e-07,0.0002533871672160126,0.0,7.152118257636175e-07,0.0,0.0,0.0,0.0,0.0,0.0,0.8311239114063401,0.0,4.768950248035253e-07,8.344533100057561e-07,0.1824399812624382,0.0,0.0,0.00013170372305415512,0.0,0.0,0.0,0.9999678116997592
0.0,0.0,0.999916205805046,0.0,0.9999897487030227,0.0,1.192240617342577e-07,0.0,0.0,0.9678989152739669,0.0,1.192240617342577e-07,0.0,0.987947426419809,0.0,0.0,0.0,0.0,0.0,0.0,0.718568960834139,0.0,0.11919687626757025,1.0,0.9999942784020251
0.0,0.0,2.02668910964654e-06,0.0,7.152118257636175e-07,0.0,0.999899043166482,0.0,0.0,0.0,0.0,0.0,0.0,0.9992873140194504,0.0,0.0,0.0,1.0729066772796614e-06,0.0,0.0,1.0729066772796614e-06,0.0,0.0,0.0,0.9999998807761656
0.0,0.0,0.0,0.0,3.337807925274383e-06,0.0,0.9999175165471391,0.0,0.0,0.0,0.0,0.0,0.0,1.6928101522206696e-05,0.0,0.0,0.0,0.00013194190695897667,0.0,0.0,3.57605976830655e-07,0.0,0.0,0.0,0.9999995231047478
0.0,0.0,0.9999991655469742,0.0,0.8933046334465495,0.0,6.436929626318921e-06,0.0,0.0,0.0,0.0,0.001215952281701016,5.4594650784056675e-05,4.5295080610685545e-05,0.0,0.0,1.192240617342577e-07,0.0,0.0,0.0,0.9994681354601449,0.0,0.0,8.464086581505548e-06,0.9999982118117786
0.0,0.0,0.0,0.0,4.768950248035253e-07,0.0,0.0,0.0,0.0,0.0,0.0,0.9999442127546198,0.0926881167421087,3.57605976830655e-07,0.0,0.9999951126684495,0.0,2.384476545103098e-07,0.0,1.788113374623368e-05,0.0,0.0,0.0,1.192240617342577e-07,7.152118257636175e-07
1.192240617342577e-07,0.0,5.960258064874324e-07,0.0,0.9999991655469742,0.0,9.201707971751016e-05,0.0,8.367503179573799e-05,0.0,0.0,1.192240617342577e-07,0.0001337284408486905,0.0,0.0,3.57605976830655e-07,2.264949380159642e-06,2.384476545103098e-07,0.0,1.192240617342577e-07,0.9996140520874073,0.0,7.616861907311367e-05,1.1562366811213032e-05,4.291615254836678e-06
0.0,0.0,0.9999722252542683,0.0,5.960258064874324e-07,0.0,1.192240617342577e-07,0.0,0.0,0.0,0.0,5.125661624805211e-06,2.384476545103098e-07,0.9999587571066034,0.0,0.0,0.0,0.0,0.0,1.192240617342577e-07,8.464086581505548e-06,0.0,0.0,0.0,0.9999976158993602
0.0,0.0,0.9999998807761656,0.0,2.550899467945733e-05,0.0,2.02668910964654e-06,0.0,0.0,0.0,0.0,2.384476545103098e-07,1.192240617342577e-07,0.9998416143213431,0.0,0.0,0.0,2.384476545103098e-07,0.0,0.0,0.9950941424102253,0.0,0.0,0.0,0.9997655789262221
0.0,0.0,0.9999561352031626,0.0,0.9993538560730088,0.0,1.192240617342577e-07,3.57605976830655e-07,0.0,7.152118257636175e-07,0.0,2.384476545103098e-07,0.0,0.00359369103135021,1.192240617342577e-07,0.0,0.0,0.0,0.0,0.0,0.998161439564652,0.0,1.192240617342577e-07,0.9999305026207191,0.06560597771009502
0.0,0.0,0.9991472110603354,0.0,0.9995399462706752,0.0,2.741637097347649e-06,0.99853901360952,0.0,0.0,0.0,0.0,6.794679274113591e-06,0.0,0.0,0.0,0.0,0.00017697202212085816,0.0,4.768950248035253e-07,0.9998802038046474,0.0,0.0,3.57605976830655e-07,2.3124599479285024e-05
0.9937093474362184,9.059744912831569e-06,1.788187994011814e-06,0.0,4.768175814184872e-06,0.0,0.0,0.0,0.0,0.999102931744849,0.0,4.51758803514668e-05,1.192240617342577e-07,0.9999992847883448,0.0,0.0,0.0,1.192240617342577e-07,0.0,0.0,0.0,0.0,3.218546048677773e-06,0.0,0.9999996423941084
0.0,1.2396882322129876e-05,0.0,0.0,0.9997765468852862,0.0,0.999985337231189,0.0,0.0,3.57605976830655e-07,0.0,1.192240617342577e-07,0.0,0.0,0.0,0.0,0.0,0.0,0.0,0.0,0.9999927282315825,0.0,0.0,0.0,2.384476545103098e-07
0.0,1.192240617342577e-07,9.537902768697037e-07,0.0,0.0034835662468414297,0.0,1.4304229126738122e-06,0.0,0.0,0.0,0.0,0.0,1.192240617342577e-07,4.1004557378765405e-05,5.960258064874324e-07,0.0,0.0,1.7404604901405385e-05,0.0,0.0,2.741637097347649e-06,0.0,0.0,0.0,0.9999773522031196
0.0,1.4304922389740682e-05,0.0,0.0,0.0019876594849068674,0.0,2.860843551943937e-06,0.0,0.0,0.0,0.0,1.192240617342577e-07,1.192240617342577e-07,0.9999828336494883,0.0,0.0,1.192240617342577e-07,0.0,0.0,0.0,1.4304229126738122e-06,0.0,0.0,5.960016525530243e-06,0.9999996423941084
0.0,0.00011431044536980295,0.0,0.0,0.9525747331941207,0.0,0.0,0.0,0.0,0.0,0.0,1.192240617342577e-07,0.0,0.00032531803091795375,0.0,0.0,0.0,0.9997500660350056,0.0,0.0,0.0,0.0,0.0,2.384476545103098e-07,0.9999992847883448
0.0,0.9999901062017802,0.0,0.0,6.675423266711e-06,0.0,0.0,0.0,0.0,0.0,0.0,0.0,0.0,0.9999967814539513,0.0,0.0,0.0,2.860843551943937e-06,0.0,0.0,0.0,0.0,0.0,0.0,0.9999994039743072
0.0,0.0,0.0,0.0,8.117274542640551e-05,0.0,0.0,0.0,0.0,0.0,0.0,0.0,1.192240617342577e-07,0.9999907019696626,0.0,0.0,0.0,2.9800638619015274e-06,0.0,0.0,0.0,0.0,0.0,0.0,1.0
0.0,0.0,0.0,0.0,7.033211255169647e-06,0.0,1.192240617342577e-07,0.0,0.0,0.0,0.0,0.0,0.0,0.9970185649376677,0.0,0.0,0.0,0.0,0.0,0.0,0.0,0.0,0.0,0.0,0.9999998807761656
0.0,0.9964615438447725,8.344533100057561e-07,0.0,2.956389811581417e-05,0.0,0.0,0.0,0.0,0.0,0.0,0.0,2.145812430742744e-06,0.999980808283444,0.0,0.0,0.0,0.0,0.0,0.0,0.0,0.0,0.0,0.0,1.0
0.0,0.0,0.001142689680311726,0.0,3.5763732452176455e-06,0.0,0.0,0.0,0.0,0.0,0.0,0.0,0.0001517145145306653,0.9999969007019724,0.0,0.0,0.0,0.0,0.0,0.0,0.0,0.0,0.0,0.0,1.0
0.0,0.9433470852218695,0.0,0.0,1.0729066772796614e-06,0.0,1.192240617342577e-07,0.0,0.0,0.0,0.0,0.0002655332925702858,0.0,0.0,0.0,0.0,0.0,0.0,0.0,0.0,2.860843551943937e-06,0.0,0.0,0.00027410732458810205,0.0
0.0,1.192240617342577e-07,0.9999520824406596,0.0,4.768950248035253e-07,0.0,0.0,0.0,0.0,0.0,0.0,0.9999945167951672,0.02369173565417404,1.9075798713963366e-06,2.384476545103098e-07,7.056947475514441e-05,0.0,0.0,0.0,5.960258064874324e-07,0.0,0.0,1.9075798713963366e-06,1.192240617342577e-07,4.768950248035253e-07
0.0,0.0,9.537902768697037e-07,0.0,0.0,0.0,0.0,0.0,0.0,0.0,0.0,8.344533100057561e-07,1.192240617342577e-07,0.9999964236267548,0.0,0.0,0.0,0.0,0.0,0.0,0.0,0.0,0.0,0.0,1.0
0.0,0.0,0.9992902899218358,0.0,5.960258064874324e-07,0.0,0.0,0.0,0.0,0.0,0.0,1.192051257703497e-06,3.57605976830655e-07,0.9999954701172836,0.0,0.0,0.0,0.0,0.0,0.0,0.0,0.0,9.536328438142228e-06,0.0,1.0
0.0,1.192240617342577e-07,0.00015385877537299475,0.0,0.0,0.0,0.0,0.0,0.0,0.0,0.0,5.960258064874324e-07,1.192240617342577e-07,0.9999965429163425,0.0,0.0,0.0,0.0,0.0,0.0,0.0,0.0,0.0,0.9999921314938888,1.0
0.0,0.0,0.9999609020163983,0.0,9.537902768697037e-07,0.0,0.0,0.0,0.0,0.0,0.0,6.794679274113591e-06,0.0010986787692882638,0.9999992847883448,0.0,0.0,0.0,2.384476545103098e-07,0.0,0.0,0.0,0.0,0.0,3.57605976830655e-07,0.9999998807761656
0.0,0.00012170445585990564,8.940606499252546e-06,0.0,1.788187994011814e-06,0.0,0.0,0.0,0.0,0.0,0.0,0.0,1.192240617342577e-07,0.9999878415658437,0.0,0.0,0.0,6.317691993329433e-06,0.0,0.0,0.0,0.0,0.0,0.0,1.0
0.0,0.03846544993694834,0.0002239299615969248,0.0,0.0,0.0,0.0,0.0,0.0,0.0,0.0,0.9835976028213692,1.192240617342577e-07,0.9999982118117786,0.0,0.0,0.0,0.0,0.0,0.0,0.0,0.0,0.0,0.0,0.9999995231047478
0.0,6.556172929328419e-06,0.9998855703007735,0.0,3.57605976830655e-07,0.0,0.0,0.0,0.0,0.0,0.0,0.9996095252021476,2.384476545103098e-07,0.9999965429163425,0.0,0.0,0.0,3.57605976830655e-07,0.0,0.0,0.0,0.0,0.0,0.0,1.0
0.0,0.0,1.192240617342577e-07,0.0,0.0,0.0,0.0,0.0,0.0,0.0,0.0,0.00011264100628649576,2.384476545103098e-07,0.999998569577201,0.0,0.0,0.0,0.0,0.0,0.0,0.0,0.0,0.0,0.0,1.0
0.0,0.0,4.207709470394061e-05,0.0,0.0,0.0,0.0,0.0,0.0,0.0,0.0,0.00010584471655761263,5.364017562903278e-06,0.9999940399834745,0.0,0.0,0.0,0.0,0.0,0.0,0.0,0.0,0.0,0.0,0.9999998807761656
0.0,0.9998311301452913,0.0,0.0,4.768175814184872e-06,0.0,0.0,0.0,0.0,0.0,0.0,0.9999443320154705,2.384476545103098e-07,0.6370183289047969,0.0,8.344533100057561e-07,0.0,1.192240617342577e-07,0.0,0.0,1.192240617342577e-07,0.0,0.0,0.0,0.6224689948815497
0.0,0.9999902253607852,1.192240617342577e-07,0.0,0.0001025065857820362,0.0,0.0,0.0,0.0,0.0,0.0,0.9982454099127562,6.913942543262941e-06,0.9999676925888983,0.0,7.271768417527191e-06,0.0,0.0,0.0,0.0,0.0,0.0,1.192240617342577e-07,0.0,0.017712970476564394
0.0,0.9840946745275155,0.0,0.0,0.0,0.0,0.0,0.0,0.0,0.0,0.0,0.9999485057249474,0.0,4.0051245479788555e-05,0.0,0.0005317455100879442,0.0,0.0,0.0,0.0,0.0,0.0,0.0,0.0,0.0
0.0,0.0,2.384476545103098e-07,0.0,1.192240617342577e-07,0.0,0.0,0.0,0.0,0.0,0.0,1.3470056046682721e-05,2.384476545103098e-07,4.768950248035253e-07,0.0,0.9999994039743072,0.0,0.0,0.0,0.0,0.0,0.0,0.0,0.0,0.9999669779131172
0.0,0.0,0.9930955445058834,0.0,0.0,0.0,0.0,0.0,0.0,0.0,0.0,8.344533100057561e-07,1.9075798713963366e-06,0.9958333156323291,0.0,0.14033727849230904,0.0,0.0,0.0,0.0,0.0,0.0,0.0,0.0,0.9999996423941084
0.0,0.0,3.5763732452176455e-06,0.0,2.872891536753741e-05,0.0,0.0,0.0,0.0,0.0,0.0,0.0,0.0,0.0,3.57605976830655e-07,2.384476545103098e-07,0.0,2.384476545103098e-07,0.0,0.0,4.768950248035253e-07,0.0,9.178885813310167e-06,0.0,4.768950248035253e-07
0.0,3.218546048677773e-06,9.537902768697037e-07,0.0,7.152118257636175e-07,0.0,2.384476545103098e-07,0.0,0.0,0.0,0.0,4.768950248035253e-07,0.0,0.9998642468020342,0.0,1.192240617342577e-07,0.0,0.0,0.0,0.0,2.384476545103098e-07,0.0,0.0,0.0,1.0
0.0,0.0,0.0,0.0,0.0,0.0,0.0,0.0,0.0,0.0,0.0,0.0,0.0,0.9999895103542181,0.0,0.0,0.0,5.960016525530243e-06,0.0,0.0,0.0,0.0,0.0,0.0,1.0
0.0,0.0,0.0,0.0,0.0,0.0,0.0,0.0,0.0,0.0,0.0,0.0,0.0,0.0,0.0,1.192240617342577e-07,0.0,0.0,0.0,0.0,0.0,0.0,0.0,0.0,2.384476545103098e-07
0.0,0.9997282744065744,0.0,0.0,3.57605976830655e-07,0.0,0.0,0.0,0.0,0.0,0.0,0.00026970118439706425,0.0,0.0,0.0,2.5747468992420863e-05,0.0,0.0,0.0,0.0,0.0,0.0,0.0,0.0,0.0
0.0,0.0,0.9998724646854313,0.0,1.6689054689322802e-06,0.0,1.192240617342577e-07,0.0,0.0,0.0,0.0,0.0,1.192240617342577e-07,0.9999839057203667,0.0,0.0,0.0,2.2409405727286114e-05,0.0,0.0,7.152118257636175e-07,0.0,0.0,0.0,1.0
0.0,0.9999122733198892,2.384476545103098e-07,0.0,3.57605976830655e-07,0.0,0.0,0.0,0.0,0.0,0.0,1.192240617342577e-07,0.0,0.9974085190284122,0.0,9.225544700108834e-05,0.0,0.0,0.0,0.0,0.0,0.0,0.0,0.0,0.999998569577201
0.0,0.9991832777689235,0.9984513046154929,0.0,0.9970185649376677,0.0,1.5496499871092695e-06,0.0,0.0,0.0,0.0,1.192240617342577e-07,0.0,0.02676085158866104,0.0,0.0,0.880802848107697,1.192240617342577e-07,0.0,0.0,0.0006986396807131534,0.0,0.0,0.0,0.9999997615523455
0.0,2.9800638619015274e-06,0.0,0.0,0.00712187664458952,0.0,1.192240617342577e-07,0.0,0.0,0.0,0.0,0.0,0.0,0.9999532745207971,0.0,0.0,5.244836645101891e-06,0.0,0.0,0.0,0.0,0.0,0.0,2.741637097347649e-06,1.0
0.0,0.0,0.9999915359134185,0.0,1.9191716555955196e-05,0.0,0.0,0.0,0.0,0.0,0.0,1.788187994011814e-06,8.344533100057561e-07,0.999998092420356,0.0,0.0,0.0,0.0,0.0,0.0,0.0,0.0,1.192240617342577e-07,0.9977123668698324,1.0
0.0,0.0,2.384476545103098e-07,0.0,0.00012955995327679215,0.0,0.0,0.0,0.0,0.0,0.0,0.0,0.0,0.9999327658344971,0.0,0.0,0.0,0.0,0.0,0.0,0.00043729590179164557,0.0,0.0,1.192240617342577e-07,0.9999998807761656
0.0,0.0,0.9999722252542683,0.0,0.0,0.0,0.0,0.0,0.0,0.0,0.0,1.192240617342577e-07,0.0,0.9999759217177903,0.0,0.0,0.0,0.0,0.0,0.0,0.0,0.0,0.0,0.0010005309712672883,1.0
0.0,0.0,5.364017562903278e-06,0.0,1.192240617342577e-07,0.0,0.0,0.0,0.0,0.0,0.0,4.768950248035253e-07,2.384476545103098e-07,0.9999960657392052,0.0,0.0,0.0,0.0,0.0,0.0,1.192240617342577e-07,0.0,0.0,1.192240617342577e-07,0.9999997615523455
0.0,0.10669546638822058,1.192240617342577e-07,0.0,0.9997711822545763,0.0,0.0,0.0,0.0,0.0,0.0,7.391056640604354e-06,1.192240617342577e-07,0.9999986887770048,0.0,0.0,0.0,0.0,0.0,0.0,0.0,0.0,2.2766994368317306e-05,0.0,0.9999997615523455
0.0,8.344533100057561e-07,0.999846141224627,0.0,2.384476545103098e-07,0.0,0.0,0.0,0.0,0.0,0.0,1.192240617342577e-07,0.8740834433084518,0.9999949935065885,0.0,0.0,0.0,0.0,0.0,0.0,1.192240617342577e-07,0.0,8.583211864254814e-06,0.0,1.0
0.0,5.3759881739168236e-05,0.0007210184835753086,0.0,2.384476545103098e-07,0.0,0.0,0.0,0.0,0.0,0.0,0.9999951126684495,0.003075859065751807,0.9999744910053205,0.0,0.0,0.0,0.0,0.0,0.0,0.0,0.0,0.0,0.0,0.00011896135706246369
0.0,3.647675862561428e-05,0.9997344667072023,0.0,0.0,0.0,0.0,0.0,0.0,0.0,0.0,2.384476545103098e-07,4.768950248035253e-07,0.9999918932709349,0.0,0.0,0.0,0.0,0.0,0.0,0.0,0.0,0.0,0.0,1.0
0.0,0.0,6.198460485218327e-06,0.0,2.384476545103098e-07,0.0,0.0,0.0,0.0,0.0,0.0,0.9999928475132261,3.57605976830655e-07,0.9995485253113051,0.0,0.0,0.0,0.0,0.0,0.0,0.0,0.0,0.0,1.788187994011814e-06,1.2516111272287134e-05
0.0,2.384476545103098e-07,0.0008989727859933794,0.0,0.0,0.0,0.0,0.0,0.0,0.0,0.0,0.9999740140531137,0.0,0.9999970199361381,0.0,0.0,0.0,0.0,0.0,0.0,0.0,0.0,0.0,0.0,0.9999998807761656
0.0,7.391056640604354e-06,9.537902768697037e-07,0.0,2.9800638619015274e-06,0.0,0.0,0.0,0.0,0.0,0.0,0.9999994039743072,1.192240617342577e-07,0.9997316087466271,0.0,0.0,0.0,0.0,0.0,0.0,1.192240617342577e-07,0.0,0.0,0.9999984503497855,3.337807925274383e-06
0.0,0.9999998807761656,0.0,0.0,7.152118257636175e-07,0.0,0.0,0.0,0.0,0.0,0.0,0.9944446718815403,0.8175602623894708,0.9999970199361381,0.0,0.0,0.0,1.0729066772796614e-06,0.0,4.88733132308905e-06,1.192240617342577e-07,0.0,1.192240617342577e-07,1.192240617342577e-07,0.0
0.0,0.9999947551633549,1.192240617342577e-07,0.0,1.3112231088685533e-06,0.0,0.0,0.0,0.0,0.0,0.0,0.9999650719680174,0.0,0.9999998807761656,0.0,0.0,0.0,7.152118257636175e-07,0.0,0.0,0.0,0.0,0.0,0.0,0.999998927093209
0.0,0.00011991545605738452,0.9989512847882651,0.0,1.3112231088685533e-06,0.0,0.0,0.0,0.0,0.0,0.0,0.9999460016179451,2.384476545103098e-07,0.9999949935065885,0.0,0.00013789710019096457,0.0,0.0,0.0,0.0,0.0,0.0,0.0,0.0,0.9999998807761656
0.0,0.0,0.0,0.0,7.152118257636175e-07,0.0,0.0,0.0,0.0,0.0,0.0,1.0728006353044606e-05,0.0,0.9999499364948214,0.0,0.0,0.0,0.0,0.0,0.0,0.0,0.0,0.0,0.0,1.0
0.0,3.57605976830655e-07,0.0,0.0,5.960258064874324e-07,0.0,0.0,0.0,0.0,0.0,0.0,0.9998941552834424,0.0,0.010651160515116831,0.0,0.5621745590888318,0.0,0.0,0.0,0.0,0.0,0.0,0.0,0.9999249036159062,0.00013158461721241022
0.0,0.0,0.0004919848949327399,0.0,0.0,0.0,0.0,0.0,0.0,0.0,0.0,1.192240617342577e-07,1.192051257703497e-06,0.999985337231189,0.0,0.0,0.0,0.0,0.0,0.0,1.192240617342577e-07,0.0,0.0,0.0,0.9999998807761656
0.0,0.0,1.6689054689322802e-06,0.0,0.0,0.0,0.0,0.0,0.0,0.0,0.0,0.9999501749487842,2.384476545103098e-07,0.9999108432332193,0.0,0.0,0.0,0.0,0.0,0.0,0.0,0.0,0.0,0.0,0.9999998807761656
0.0,0.0,0.0,0.0,4.768950248035253e-07,0.0,0.0,0.0,0.0,0.0,0.0,0.0,0.0,0.999987722343459,0.0,2.384476545103098e-07,0.0,0.0,0.0,0.0,0.0,0.0,0.0,0.0,1.0
0.0,3.57605976830655e-07,0.0,0.0,7.152118257636175e-07,0.0,0.0,0.0,0.0,0.0,0.0,0.999782864822434,1.192240617342577e-07,0.999992369703257,0.0,0.9961755358476184,0.0,0.0,0.0,0.0,0.0,0.0,0.0,0.0,0.999998569577201
0.0,6.436929626318921e-06,1.716635028436997e-05,0.0,7.152486773853717e-06,0.0,0.0,3.492803198257288e-05,0.0,0.0,0.0,2.02668910964654e-06,2.384476545103098e-07,0.9999081021042867,0.0,6.675423266711e-06,0.0,2.384476545103098e-07,0.0,0.0,1.192240617342577e-07,0.0,0.0,0.0,0.9999998807761656
0.0,0.7549579625824894,0.0,0.0,1.192240617342577e-07,0.0,0.0,0.0,0.0,0.0,0.0,2.860843551943937e-06,0.0,0.9999978541875693,0.0,0.0,0.0,7.152118257636175e-07,0.0,0.0,0.0,0.0,0.0,0.0,1.0
0.0,2.3841004124225407e-06,0.9999467171081494,0.0,1.9075798713963366e-06,0.0,0.0,0.0,0.0,0.0,0.0,0.0016745244283975502,0.0,0.9999945167951672,1.192240617342577e-07,0.0,0.0,3.57605976830655e-07,0.0,0.0,9.178885813310167e-06,0.0,0.0,0.0,1.0
0.0,0.0001662487080162922,6.198460485218327e-06,0.0,3.57605976830655e-07,0.0,0.0,0.0,0.0,0.0,0.0,0.9997692747768033,1.192240617342577e-07,0.011330258354124823,0.0,2.3841004124225407e-06,0.0,0.0,0.0,0.0,0.0,0.0,0.0,3.57605976830655e-07,0.9999982118117786
6.556172929328419e-06,0.0,0.8872042468454009,0.0,1.192240617342577e-07,0.0,0.0,0.0,0.0,0.0,0.0,0.9999922506003848,3.9097983601688036e-05,4.768950248035253e-07,3.57605976830655e-07,7.152118257636175e-07,0.0,0.0,0.0,1.192240617342577e-07,0.0,0.0,2.384476545103098e-07,0.0,4.768950248035253e-07
0.0,0.0,0.00024576634014539245,0.0,4.1957922936264325e-05,0.0,5.960258064874324e-07,0.0,0.0,0.0,0.0,1.192240617342577e-07,0.0,0.9993330243735172,0.8872075600417916,1.192240617342577e-07,0.0,0.0,1.192240617342577e-07,0.0,2.4197499308042936e-05,0.0,0.0,0.0,0.9999996423941084
0.0,0.0,0.0015015152850484936,0.0,6.794679274113591e-06,0.0,0.0,0.0,0.0,0.0,0.0,6.794679274113591e-06,0.0,0.9998413760424018,0.0,7.152118257636175e-07,0.0,9.178885813310167e-06,0.0,0.0,1.192240617342577e-07,0.0,0.0,0.0,1.0
0.0,3.57605976830655e-07,0.9999522016515195,0.0,1.037046934038166e-05,0.0,0.0,0.0,0.0,0.0,0.0,3.5763732452176455e-06,0.8933047399367666,0.9999972583629027,0.0,0.0,0.0,0.0,0.0,0.0,0.0,0.0,0.0,8.344533100057561e-07,0.9999988079489697
0.0,0.0004308620635508076,1.6689054689322802e-06,0.0,0.0002574358437971158,0.0,0.0,0.0,0.0,0.0,0.0,0.0004656540599100589,1.192240617342577e-07,0.9999986887770048,0.0,0.0,0.0,3.57605976830655e-07,0.0,0.0,0.0,0.0,0.0,0.0,1.0
0.0,4.457991908546344e-05,0.9997260117938408,0.0,1.192240617342577e-07,0.0,0.0,0.0,0.0,0.0,0.0,0.9997262499725491,1.192240617342577e-07,0.9999960657392052,0.0,0.0,0.0,0.0,0.0,0.0,0.0,0.0,0.0,0.0,0.9999997615523455
0.0,0.0,0.0,0.0,2.384476545103098e-07,0.0,0.0,0.0,0.0,0.0,0.0,0.0,0.0,0.9995042056664454,0.0,0.0,0.0,2.384476545103098e-07,0.0,0.0,0.0,0.0,0.0,0.0,0.9999996423941084
0.0,0.0004494491018413038,0.0,0.0,3.57605976830655e-07,0.0,0.0,0.0,0.0,0.0,0.0,0.9999997615523455,0.9999996423941084,0.007816716717729766,0.0,0.0,0.0,0.0,0.0,0.0,0.0,0.0,7.987616003735099e-06,0.9999949935065885,0.0
0.0,1.192240617342577e-07,1.192240617342577e-07,0.0,3.815155876552012e-06,0.0,0.0,0.0,0.0,0.0,0.0,0.9996427604061143,0.0,0.9999946359824371,0.0,0.0,0.0,0.0,0.0,0.0,0.0,0.0,0.0,2.384476545103098e-07,1.0
0.0,0.0,0.0,0.0,1.192240617342577e-07,0.0,0.0,0.0,0.0,0.0,0.0,0.0,0.0,0.999998092420356,0.0,0.0,0.0,0.0,0.0,0.0,0.0,0.0,0.0,0.0,1.0
0.0,0.0,0.0,0.0,1.192240617342577e-07,0.0,1.192240617342577e-07,0.0,0.0,0.0,0.0,7.152118257636175e-07,0.0,0.9978169993808381,0.0,0.0,0.0,0.0,0.0,0.0,1.192240617342577e-07,0.0,0.0,0.0,0.9999994039743072
0.0,1.192240617342577e-07,3.0992980275534876e-06,0.0,0.00010346031489250063,0.0,0.0,3.7906471139326214e-05,0.0,0.0,0.0,4.768950248035253e-07,0.08509268524809566,1.1681574487942825e-05,0.0,4.768950248035253e-07,0.0,0.0,0.0,0.0,1.192240617342577e-07,0.0,0.0,0.0,0.0007439924461576375
0.0,0.9755745489979756,7.868505883856791e-06,0.0,9.774639442183819e-06,0.0,0.0,0.0,0.0,0.0,0.0,0.970688443994617,0.9999704361021116,0.9946144730633701,0.0,5.960258064874324e-07,0.0,0.0,0.0,1.192240617342577e-07,0.0,0.0,5.840804528811638e-06,4.768175814184872e-06,0.0016229614596979802
5.960258064874324e-07,0.0,0.0,0.0,0.0,0.0,0.0,0.0,0.0,0.0,0.0,0.9999971391564481,0.00038022986226549094,2.384476545103098e-07,0.0,1.192240617342577e-07,0.0,0.0,0.0,3.57605976830655e-07,0.0,0.0,0.0,1.192240617342577e-07,0.0
0.0,1.192240617342577e-07,3.815155876552012e-06,0.0,8.344533100057561e-07,0.0,0.0,0.0,0.0,0.0,0.0,0.9990527015330057,1.192240617342577e-07,0.9999883184255121,0.0,1.192240617342577e-07,0.0,2.384476545103098e-07,0.0,1.192240617342577e-07,0.0,0.0,0.0,0.0,1.0
0.0,1.883426669602173e-05,0.9999952318244132,0.0,1.9075798713963366e-06,0.0,4.649025975411725e-06,0.0,0.0,0.0,0.0,0.9999991655469742,0.9999591146106515,0.0,1.192240617342577e-07,0.0,0.0,0.0,0.0,0.0024729432733903156,2.741637097347649e-06,0.0,0.0,0.0,0.0
0.0,0.001330460726486682,0.0,0.0,1.8357687601944228e-05,0.0,5.960258064874324e-07,0.0,0.0,0.0,0.0,6.794679274113591e-06,0.0,0.9999326467205352,0.0,0.0,0.0,2.384476545103098e-07,0.0,0.0,0.0,0.0,0.0,0.0,1.0
0.0,5.936548990592705e-05,3.57605976830655e-07,0.0,7.152118257636175e-07,0.0,0.0,0.0,0.0,0.0,0.0,9.487758772497301e-05,0.9999405152205822,0.9999974967344724,0.0,0.0,0.0,0.0,0.0,1.192240617342577e-07,0.0,0.0,0.0,0.0,1.0
0.0,0.93046099592785,7.033122575705875e-05,0.0,0.0,0.0,0.0,0.0,0.0,0.0,0.0,0.9999957083847452,0.0,1.192240617342577e-07,1.192240617342577e-07,0.0,0.0,0.0,0.0,0.0,0.0,0.0,0.0,2.384476545103098e-07,0.0
0.0,3.57605976830655e-07,0.8438813507149496,0.0,1.3112231088685533e-06,0.0,0.0,0.0,0.0,0.0,0.0,1.0847190710094878e-05,0.9998874782332331,0.9999998807761656,0.0,0.0,0.0,0.0,0.0,7.152118257636175e-07,0.0,0.0,0.0,0.0,1.0
0.0,9.536328438142228e-06,4.863284943956714e-05,0.0,4.768950248035253e-07,0.0,0.0,0.0,0.0,0.0,0.0,0.2450990164358718,2.384476545103098e-07,0.9999930860574567,0.0,0.0,0.0,1.192240617342577e-07,0.0,0.0,0.0,0.0,0.0,1.192240617342577e-07,0.9999998807761656
0.0,1.192240617342577e-07,0.0,0.0,0.0,0.0,0.0,0.0,0.0,0.0,0.0,0.003273384476763397,0.0,0.9999872454213207,0.0,0.0,0.0,0.0,0.0,1.0729066772796614e-06,0.0,0.0,0.0,6.675423266711e-06,1.0
0.0,0.0,7.152118257636175e-07,0.0,1.192240617342577e-07,0.0,0.0,0.0,0.0,0.0,0.0,0.999935148029409,0.0,0.9999973775557289,0.0,0.0,0.0,0.0,0.0,0.0,7.152118257636175e-07,0.0,0.0,0.0,1.0
0.0,2.384476545103098e-07,2.02668910964654e-06,0.0,7.152118257636175e-07,0.0,0.0,0.0,0.0,0.0,0.0,9.537902768697037e-07,0.0,0.9999858143543222,0.0,0.0,0.0,1.192240617342577e-07,0.0,0.0,0.0,0.0,0.0,0.0,1.0
0.0,0.21204070531554087,0.0,0.0,2.264949380159642e-06,0.0,0.0,0.0,0.0,0.0,0.0,1.4304229126738122e-06,0.0,0.9998908168873548,0.0,2.384476545103098e-07,0.0,0.0,0.0,0.0,1.192240617342577e-07,0.0,0.0,0.0,0.9999997615523455
0.0,1.192240617342577e-07,0.9999791399943424,0.0,1.192240617342577e-07,0.0,0.0,0.0,0.0,0.0,0.0,0.9999953509740246,0.9999151333465827,7.152118257636175e-07,1.192240617342577e-07,0.0,0.0,0.0,0.0,8.344533100057561e-07,0.0,2.384476545103098e-07,3.6956766884532755e-06,0.004007732229614036,0.0
0.0,2.384476545103098e-07,0.0,1.192240617342577e-07,1.192240617342577e-07,0.0,0.0,0.0,0.0,0.0,0.0,0.0005530541898218777,1.192051257703497e-06,1.192240617342577e-07,0.0,0.0,0.0,0.0,0.0,0.0,0.0,0.0,0.0,1.192240617342577e-07,0.0
0.0,0.9999928475132261,0.0,0.0,0.0,0.0,0.0,0.0,0.0,0.0,0.0,0.9999487441967579,1.192240617342577e-07,0.9999957083847452,0.0,1.9075798713963366e-06,0.0,0.0,0.0,0.0,0.0,0.0,0.0,0.0,0.0
0.0,0.0,1.192240617342577e-07,0.0,0.0,0.0,0.0,0.0,0.0,0.0,0.0,0.012052457647868886,1.192240617342577e-07,0.9999891528092899,0.0,0.0,0.0,0.0,0.0,0.0,0.0,0.0,0.0,0.0,1.0
0.0,0.9998437586597748,0.0,0.0,5.960258064874324e-07,0.0,0.0,0.0,0.0,0.0,0.0,3.57605976830655e-07,7.152118257636175e-07,0.9958006799451861,0.0,2.6224444984457307e-06,0.0,1.0729066772796614e-06,0.0,0.0,0.0,0.0,0.0,0.0,0.164534436413044
0.0,0.0,0.0,0.0,6.317691993329433e-06,0.0,0.0,0.0,0.0,0.0,0.0,0.0,0.0,0.9999941591956986,0.0,0.0,0.0,1.0729066772796614e-06,0.0,0.0,0.0,0.0,0.0,0.0,1.0
0.0,0.0,2.384476545103098e-07,0.0,1.192051257703497e-06,0.0,0.0,0.0,0.0,0.0,0.0,0.0,0.0,0.9999977350503925,0.0,0.0,0.0,1.192051257703497e-06,0.0,0.0,0.0,0.0,0.0,0.0,1.0
0.0,0.0,0.0,0.0,1.192240617342577e-07,0.0,0.0,0.0,0.0,0.0,0.0,0.0,0.0,0.9993709977122978,0.0,0.0,1.192240617342577e-07,1.192051257703497e-06,0.0,0.0,0.0,0.0,0.0,0.0,1.0
0.0,0.0,0.9539664058251902,0.0,1.1681574487942825e-05,0.0,0.0,0.0,0.0,0.0,0.0,1.5496499871092695e-06,0.0,0.9999758025004646,0.0,0.0,0.0,1.3112302875262216e-05,0.0,0.0,0.0,0.0,0.0,0.0,1.0
0.0,0.0,1.8119407746652882e-05,0.0,3.337807925274383e-06,0.0,0.0,0.0,0.0,0.0,0.0,7.152486773853717e-06,0.0,0.9999976158993602,0.0,0.0,0.0,0.0,0.0,0.0,1.192240617342577e-07,0.0,0.0,0.0,1.0
0.0,0.0,1.6094279633338537e-05,0.0,2.3841004124225407e-06,0.0,1.192240617342577e-07,0.0,0.0,0.0,0.0,0.0,0.0,0.999905122412275,0.0,0.0,0.0,0.0,0.0,0.0,4.0533725200742055e-06,0.0,0.0,0.0,0.9999988079489697
0.0,0.0,1.192240617342577e-07,0.0,1.192240617342577e-07,0.0,0.0,0.0,0.0,0.0,0.0,5.00649341150794e-06,0.0,0.9998485237369579,0.0,0.0,0.0,0.0,0.0,0.0,0.0,0.0,0.0,1.192240617342577e-07,0.9999997615523455
0.0,0.0,0.0,0.0,3.57605976830655e-07,0.0,0.0,0.0,0.0,0.0,0.0,0.003273501903870435,0.0,0.9998532885604047,0.0,0.0,0.0,0.0,0.0,0.0,0.0,0.0,0.0,0.017176968570198348,0.9999998807761656
0.0,0.9982992211515451,0.0,1.192240617342577e-07,6.198460485218327e-06,0.0,0.0,0.0,0.0,0.0,0.0,9.537902768697037e-07,1.192240617342577e-07,0.9991305467159796,0.0,0.0,0.0,0.9990815064038115,0.0,0.0,0.0,0.0,0.0,0.0,0.9999666205590478
0.0,5.364017562903278e-06,1.9906660229551676e-05,0.0,1.192240617342577e-07,0.0,0.0,0.0,0.0,0.0,0.0,1.788187994011814e-06,0.0,0.9999994039743072,0.0,0.0,0.0,0.0,0.0,0.0,0.0,0.0,0.0,0.0,1.0
0.0,0.0,0.0,0.0,3.5047160706458413e-05,0.0,0.0,0.0,0.0,0.7931029076367533,0.0,0.0,0.0,0.9998663906652064,0.0,0.0,0.0,3.57605976830655e-07,0.0,0.0,0.0,0.0,0.0,0.0,1.0
0.0,0.0,0.0,2.145812430742744e-06,1.4304229126738122e-06,0.0,3.57605976830655e-07,3.5763732452176455e-06,0.0,0.0,0.0,1.192240617342577e-07,0.0,0.2568088386971138,0.0,0.0,4.768950248035253e-07,2.6224444984457307e-06,0.0,0.0,1.192240617342577e-07,0.0,0.0,0.0,0.9999998807761656
0.0,0.0,1.192240617342577e-07,0.0,0.0002782752965979629,0.0,0.0,0.0,0.0,6.675423266711e-06,0.0,9.537902768697037e-07,0.0,0.9999654293469983,0.0,0.0,0.0,4.768950248035253e-07,0.0,0.0,0.0,0.0,0.0,0.0,1.0
0.0,0.0,2.717844100130762e-05,0.0,1.192240617342577e-07,0.0,0.0,0.0,0.0,0.0,0.0,0.0,0.0,0.9999970199361381,0.0,0.0,0.0,0.0,0.0,0.0,0.0,0.0,0.0,0.0,1.0
0.0,0.0,5.960258064874324e-07,0.0,0.0,0.0,0.0,0.0,0.0,0.0,0.0,0.0,3.815155876552012e-06,0.999986172162716,0.0,0.0,0.0,0.0,0.0,0.0,0.0,0.0,0.0,0.0,0.9999996423941084
0.0,0.0009699137261682811,0.0,5.960258064874324e-07,2.1813450446384053e-05,0.0,0.0,0.0,0.0,0.0,0.0,0.0,0.0,0.00019746868935133222,0.0,0.0,0.0,0.022288796558971535,0.0,0.0,0.0,0.0,0.0,0.0,0.00019746868935133222
0.0,0.5000003287777653,0.0,0.0,1.192240617342577e-07,0.0,0.0,0.0,0.0,0.0,0.0,0.0,0.0,0.9999893911761991,0.0,0.0,0.0,1.192240617342577e-07,0.0,0.0,0.0,0.0,0.0,0.0,1.0
0.0,0.0,0.9955310529680585,0.0,0.0,0.0,0.0,0.0,0.0,0.0,0.0,0.0,0.0,0.9998873589937135,0.0,0.0,0.0,2.5032657550161375e-06,0.0,0.0,1.192240617342577e-07,0.0,0.0,0.0,1.0
0.0,0.0,0.9972844507354646,0.0,5.960258064874324e-07,0.0,1.192240617342577e-07,0.0,0.0,0.0,0.0,0.0,0.0,0.9830849225716306,0.0,0.0,0.0,6.317691993329433e-06,0.0,0.0,0.0,0.0,0.0,0.0,1.0
0.0,0.0,0.0,2.384476545103098e-07,1.3112231088685533e-06,0.0,0.0,1.192240617342577e-07,1.192240617342577e-07,0.0,0.0,1.192240617342577e-07,0.0,0.9937093474362184,0.0,3.57605976830655e-07,0.0,2.6224444984457307e-06,0.0,0.0,1.0729066772796614e-06,0.0,0.0,1.192240617342577e-07,0.9999984503497855
0.0,0.0,0.007346479197079203,0.0,1.192051257703497e-06,0.0,0.0,0.0,0.0,0.0,0.0,1.192240617342577e-07,0.0006300736233220139,0.9999825953950986,0.0,0.0,0.0,0.0,0.0,0.0,0.0,0.0,0.0,2.145812430742744e-06,0.9999988079489697
0.0,3.57605976830655e-07,0.999989271993647,0.0,0.0,0.0,0.0,0.0,0.0,0.0,0.0,0.9999915359134185,5.960258064874324e-07,0.002115761470573463,0.0,0.0,0.0,0.0,0.0,0.0,0.0,0.0,2.384476545103098e-07,1.192240617342577e-07,4.291615254836678e-06
0.0,0.0,1.192240617342577e-07,0.0,2.384476545103098e-07,0.0,0.0,0.0,0.0,0.0,0.0,8.821472391562502e-06,0.999555555188733,0.9981031326247872,0.0,3.57605976830655e-07,0.0,8.344533100057561e-07,0.0,0.0,0.0,0.0,0.0,0.9999458823641708,1.0
1.788187994011814e-06,0.0,4.291615254836678e-06,0.0,0.005220500934354111,0.0,4.768950248035253e-07,0.0,0.0,0.0,0.0,0.0,0.9993533799512597,0.9997037421025272,0.0,0.0,4.768950248035253e-07,0.9724137088039929,0.0,4.768950248035253e-07,2.6224444984457307e-06,0.0,0.0,0.9999213293946491,0.9999998807761656
0.0,0.0,0.0,1.192240617342577e-07,3.9097983601688036e-05,0.0,1.192240617342577e-07,0.0,0.0,0.0,0.0,0.0,0.9999462401182608,0.9971210765673442,0.0,0.0,3.195008234169183e-05,1.5496499871092695e-06,0.0,2.384476545103098e-07,4.768950248035253e-07,0.0,0.0,0.9998531694413605,0.9999997615523455
0.0,0.0,0.0,4.5298824890016576e-06,0.012430439727296072,0.0,8.344533100057561e-07,0.0,0.0,0.0,0.0,0.0,0.0,0.6992095647038394,0.0,0.0,3.93426102218708e-06,2.384476545103098e-07,1.192240617342577e-07,0.0,6.378002927476256e-05,0.0,0.0,2.550899467945733e-05,0.9999983310946448
0.0,0.0,2.264949380159642e-06,1.192240617342577e-07,8.940606499252546e-06,0.0,9.537902768697037e-07,1.263534339135397e-05,0.0,0.0,0.0,0.0,0.0,0.9999864106871647,0.0,1.192240617342577e-07,0.0,1.192240617342577e-07,0.0,0.0,5.960258064874324e-07,0.0,0.0,0.0,1.0
0.0,0.0,4.768950248035253e-07,0.0,1.192240617342577e-07,0.0,0.0,0.0,0.0,0.0,0.0,0.0,0.0,0.9998257684953074,0.0,1.3350801972178417e-05,0.0,1.192240617342577e-07,0.0,0.0,0.0,0.0,0.0,0.0,1.0
0.0,2.384476545103098e-07,0.0,0.0,0.9999948743383752,0.0,2.384476545103098e-07,0.0,0.0,0.0,0.0,0.0,0.0,0.9999994039743072,0.0,1.192240617342577e-07,0.0,3.57605976830655e-07,0.0,0.0,2.741637097347649e-06,0.0,0.0,0.0,1.0
0.0,0.0,0.0,0.0,0.00021177119728932325,0.0,0.0,0.0,0.0,0.0,0.0,0.0,0.0,0.9999670970275308,0.0,2.384476545103098e-07,0.0,7.962378221459954e-05,0.0,1.192240617342577e-07,0.0,0.0,0.0,1.192240617342577e-07,0.9999998807761656
0.0,0.0,2.384476545103098e-07,2.384476545103098e-07,2.384476545103098e-07,0.0,0.0,0.0,0.0,0.0,0.0,0.0,0.0,0.9496694341942961,0.0,2.384476545103098e-07,0.0,1.192051257703497e-06,0.0,0.0,0.0,0.0,0.0,0.0,1.0
0.0,2.384476545103098e-07,0.0,0.0,1.192240617342577e-07,0.0,0.0,0.0,0.0,0.0,0.0,1.788187994011814e-06,0.0,1.0251296977292768e-05,0.0,0.0,0.0,0.0,0.0,0.0,0.0,0.0,0.0,0.0,0.9999994039743072
0.0,0.0,0.0,0.0,1.192240617342577e-07,0.0,0.0,0.0,0.0,0.0,0.0,0.999089005241265,0.0,0.9987156720149022,0.0,0.0,0.0,0.0,0.0,0.0,0.0,0.0,0.0,1.192240617342577e-07,0.9999970199361381
0.0,0.7773480518787038,1.192240617342577e-07,0.0,4.768950248035253e-07,0.0,0.0,0.0,0.0,0.0,0.0,0.9999990462097231,0.9988483897630159,0.9994639689697623,0.0,2.384476545103098e-07,0.0,1.192240617342577e-07,0.0,1.192240617342577e-07,0.0,0.0,0.0,1.0489645781874835e-05,0.9850421725524086
0.0,2.145812430742744e-06,3.57605976830655e-07,0.0,3.57605976830655e-07,0.0,0.0,0.0,0.0,0.0,0.0,0.9998893860674811,1.192240617342577e-07,0.9999978541875693,0.0,0.0,0.0,0.0,0.0,0.0,0.0,0.0,0.0,2.384476545103098e-07,1.0
0.0,0.0,0.0,5.960258064874324e-07,3.57605976830655e-07,0.0,0.0,0.0,0.0,0.0,0.0,0.0,0.0,0.0002494576542524385,0.0,1.192240617342577e-07,1.192240617342577e-07,1.192240617342577e-07,0.0,0.0,0.0,0.0,0.0,0.0,1.0
0.0,0.0,0.0,1.192240617342577e-07,4.768950248035253e-07,0.0,2.384476545103098e-07,0.0,0.0,1.192240617342577e-07,0.0,0.0,0.0,0.00031531341904300625,0.0,7.545378837858774e-05,3.57605976830655e-07,2.431672025748899e-05,0.0,0.0,2.384476545103098e-07,0.0,0.0,0.0,0.9999997615523455
0.0,0.0,4.768950248035253e-07,0.0,7.152118257636175e-07,0.0,3.218546048677773e-06,0.0,0.0,0.0,0.0,0.0,0.0,3.552368250814286e-05,0.0,0.0,0.0,0.0,0.0,0.0,0.004199083564814465,0.0,0.0,0.0,0.9999878415658437
0.0,0.0,0.0,0.0,0.1480543488738717,0.0,0.00018960318459693148,0.0,0.0,0.0,0.0,0.0,0.0,0.0,0.0,0.0,0.0,0.0,0.0,0.0,0.00011085240495112281,0.0,0.0,0.0,0.0
0.0,0.0,1.5496499871092695e-06,0.0,0.9996699177785824,0.0,5.960258064874324e-07,0.0,0.0,0.0,0.0,0.0,0.0,0.21204084621380903,0.0,0.0,0.0,0.9465961546080299,0.0,0.0,0.9968270208388875,0.0,0.0,1.0729066772796614e-06,0.9999974967344724
0.0,0.0,0.0,0.0,1.5496499871092695e-06,0.0,0.0,1.3350801972178417e-05,0.0,0.0,0.0,0.0,0.0,7.152118257636175e-07,1.192240617342577e-07,0.9999997615523455,0.007816950500728392,0.0004959133671491589,0.0,0.0,0.0,0.0,0.0,0.0,0.9999982118117786
0.0,0.0024346077095331875,5.185198288926163e-05,0.0,5.960258064874324e-07,0.0,0.0,0.0,0.0,0.0,0.0,0.9980733291811794,0.0,4.172491279819113e-06,0.0,0.0,0.0,0.0,0.0,1.192240617342577e-07,1.192240617342577e-07,0.0,0.0,4.768950248035253e-07,0.0
0.0,0.0,1.0728006353044606e-05,0.0,2.384476545103098e-07,0.0,0.0,0.0,0.0,0.0,0.0,0.003650099452549238,0.0,0.9999563735749338,0.0,0.0,0.0,0.0,0.0,0.0,0.0,0.0,0.0,0.0001180072864848114,1.0
0.0,0.0,0.0074612061601255775,0.0,1.192240617342577e-07,0.0,0.0,0.0,0.0,0.0,0.0,1.192240617342577e-07,1.4782057971451934e-05,0.0020506473107041456,0.0,7.199896755150093e-05,0.0,0.0,0.0,0.0,0.0,0.0,0.0,0.0,0.9999992847883448
0.0,0.9999572078511155,3.57605976830655e-07,0.0,1.192240617342577e-07,0.0,0.0,0.0,0.0,0.0,0.0,0.9999771138045201,3.57605976830655e-07,0.10087847147079204,0.0,0.0008296967391384635,0.0,0.0,0.0,0.0,0.0,0.0,0.0,0.0,1.192240617342577e-07
0.0,1.192240617342577e-07,3.0992980275534876e-06,0.0,1.0729066772796614e-06,0.0,1.192240617342577e-07,0.0,0.0,0.0,0.0,0.9999704361021116,0.0,1.3112231088685533e-06,0.0,0.0,0.0,3.6956766884532755e-06,0.0,0.0,4.768950248035253e-07,0.0,0.0,0.9553199029676328,0.9999940399834745
0.0,0.999955062505431,0.038465560978797164,0.0,9.537902768697037e-07,0.0,0.0,0.0,0.0,0.0,0.0,0.9999921314938888,0.0003104303345653481,0.9999889144297048,0.0,0.0,0.0,0.0,0.0,1.192240617342577e-07,0.0,0.0,0.0,0.0,0.00014242329005154097
0.0,0.0,0.0,0.0,1.0729066772796614e-06,0.0,0.0,0.0,0.0,0.0,0.0,0.9999966621920747,2.860843551943937e-06,0.9994428983762471,0.0,0.0,2.3841004124225407e-06,0.0,0.0,1.192240617342577e-07,0.0,0.0,0.0,1.192240617342577e-07,0.9999979733108904
0.0,1.192240617342577e-07,0.9981028952394574,0.0,7.152118257636175e-07,0.0,0.0,0.0,0.0,0.0,0.0,2.6224444984457307e-06,0.0,0.9999966621920747,0.0,0.0,0.0,0.0,0.0,0.0,0.0,0.0,0.0,2.0979181531211033e-05,1.0
0.0,0.0,0.9999922506003848,0.0,0.9669138552598994,0.0,9.655482241965885e-06,1.192240617342577e-07,0.0,0.0,0.0,0.0,0.0,3.57605976830655e-07,0.0,0.0,0.0,0.9999916550353048,0.0,0.0,0.9999829527748854,0.0,0.0,0.9999970199361381,2.5032657550161375e-06
0.0,0.0,7.152118257636175e-07,1.192240617342577e-07,5.089810269509609e-05,0.0,0.9991062645807863,0.0,0.0,0.0,0.0,2.384476545103098e-07,0.0,0.9969359865033609,0.0,0.0,0.0,3.57605976830655e-07,0.0,0.0,1.3112231088685533e-06,0.0,0.0,1.192051257703497e-06,1.0
0.0,0.17330763109564074,0.0,0.0,3.218546048677773e-06,0.0,0.0,0.0,0.0,0.0,0.0,5.960258064874324e-07,0.0,4.768950248035253e-07,0.0,0.0,0.0,0.005469964564267293,0.0,0.0,0.0,0.0,0.0,0.0,6.079235556621931e-06
0.0,0.0,0.0,0.0,0.0,0.0,0.0,0.0,0.0,0.0,0.0,0.0,0.0010162360764021106,0.9996197701375072,0.0,1.192240617342577e-07,0.0,0.0,0.0,0.0,1.192240617342577e-07,0.0,0.0,0.0,0.9999996423941084
0.0,1.585605744547358e-05,0.0,1.192240617342577e-07,1.192240617342577e-07,0.0,0.0,0.0,0.0,0.0,0.0,0.9999897487030227,1.0729066772796614e-06,7.867060535093895e-05,0.0,0.0,0.0,2.384476545103098e-07,0.0,0.0,0.0,0.0,0.0,1.1562366811213032e-05,0.0
0.0,1.788187994011814e-06,0.0,0.0,2.384476545103098e-07,0.0,0.0,0.0,0.0,0.0,0.0,0.0012943158657438003,0.0,0.9999326467205352,0.0,0.0,0.0,2.3841004124225407e-06,0.0,0.0,0.0,0.0,0.0,3.01603576245979e-05,0.999998092420356
0.0,0.0,8.403251349775598e-05,0.0,1.192240617342577e-07,0.0,0.0,0.0,0.0,0.0,0.0,1.192051257703497e-06,0.0,0.26894360026478414,0.0,0.0,0.0,0.0,0.0,0.0,0.0,0.0,0.0,0.0,0.9999998807761656
0.0,0.0,0.999984620364591,0.0,8.344533100057561e-07,0.0,3.218546048677773e-06,0.0,0.0,0.0,0.0,0.0,0.0,1.192240617342577e-07,2.3841004124225407e-06,0.0,0.0,0.0001449246958790118,0.0,0.0,8.510497920821702e-05,0.0,0.0,0.0,0.9992324386464198
0.0,0.0,2.145812430742744e-06,4.768950248035253e-07,9.537902768697037e-07,0.0,3.57605976830655e-07,0.0,0.0,0.0,0.0,0.0,0.0,0.005730842363002364,0.0,0.0,1.192240617342577e-07,2.384476545103098e-07,0.0,0.0,0.0,0.0,0.0,0.0,1.0
0.0,0.9669138552598994,0.0,0.0,1.192240617342577e-07,0.0,0.0,0.0,0.0,0.0,0.0,0.9992563646830451,3.57605976830655e-07,0.9999973775557289,0.0,0.0,0.0,2.384476545103098e-07,0.0,0.0,0.0,0.0,0.0,0.0,0.9999991655469742
0.0,0.9999998807761656,0.0,1.192240617342577e-07,1.788187994011814e-06,0.0,0.0,0.0,0.0,0.0,0.0,1.4185645677788905e-05,2.384476545103098e-07,0.9998174275597868,0.0,0.0,0.0,4.768950248035253e-07,0.0,0.0,0.0,0.0,0.0,0.0,0.0
0.0,0.0,0.9950940242491434,0.0,2.0144986724313085e-05,0.0,0.0,0.0,0.0,0.0,0.0,0.0,0.0,0.9999036920739233,0.0,0.9196491703426009,0.0,1.192240617342577e-07,0.0,0.0,0.00011812654740284145,0.0,0.0,0.0,0.9999885568367871
0.0,0.0,7.391056640604354e-06,0.0,7.152118257636175e-07,0.0,0.0,0.0,0.0,0.0,0.0,0.0,0.0,0.9999988079489697,0.0,0.0,0.0,0.0,0.0,0.0,5.960258064874324e-07,0.0,9.537902768697037e-07,0.0,1.0
0.0,7.807487480626651e-05,0.0,0.0,4.768950248035253e-07,0.0,0.0,0.0,0.0,0.0,0.0,3.8025617697501346e-05,0.0,1.4304229126738122e-06,0.0,0.9998086092494812,0.0,1.192240617342577e-07,0.0,0.0,0.0,0.0,0.0,0.0,0.025181063221890843
0.0,1.3470056046682721e-05,0.0,0.0,1.192240617342577e-07,0.0,0.0,0.0,0.0,0.0,0.0,0.9999927282315825,2.384476545103098e-07,0.0006266214602071996,0.0,0.0,0.0,4.768950248035253e-07,0.0,0.0,0.0,0.0,0.0,0.01640239717885439,0.0
0.0,0.9998462603573836,0.0,0.0,0.0,0.0,0.0,0.0,0.0,0.0,0.0,0.999468373519239,3.57605976830655e-07,0.9994881347743088,0.0,0.9999108432332193,0.0,0.0,0.0,0.0,0.0,0.0,0.0,0.0,0.0
0.0,0.9986748893605795,0.0,0.0,1.4304229126738122e-06,0.0,0.0,0.0,0.0,0.0,0.0,0.9999069102526075,0.0,0.0010986787692882638,0.0,0.9970184460838001,0.0,0.0,0.0,0.0,0.0,0.0,0.0,1.192240617342577e-07,0.9999948743383752
0.0,0.9994803969153141,0.00014051749163945804,0.0,0.9976765074377746,0.0,5.960258064874324e-07,0.0,0.0,0.0,0.0,1.5617844750348553e-05,2.384476545103098e-07,0.9998472133617482,0.0,0.9996167919738467,0.0,4.410745809479977e-06,0.0,0.0,0.9994383747966908,0.0,0.0,0.9999566119431239,0.9999983310946448
0.0,0.9987933237336316,0.000430981250561846,0.0,1.192051257703497e-06,0.0,1.192240617342577e-07,0.0,0.0,0.0,0.0,1.192240617342577e-07,0.0,0.9999462401182608,0.0,1.192240617342577e-07,0.0,0.0005573396765522487,0.0,0.0,1.192240617342577e-07,0.0,0.0,0.0,0.9999997615523455
0.0,0.999998927093209,0.0,0.0,1.192240617342577e-07,0.0,0.0,0.0,0.0,0.0,0.0,0.9958009164351856,0.0,0.9990886481718757,0.0,3.57605976830655e-07,0.0,2.384476545103098e-07,0.0,0.0,0.0,0.0,0.0,0.0,0.9999964236267548
0.0,0.0,3.4570836574543407e-06,0.0,3.57605976830655e-07,0.0,0.0,0.9899092553439379,0.0,0.0,0.0,0.0,0.0,0.999998927093209,0.0,0.0,0.0,0.0,0.0,1.192240617342577e-07,1.192240617342577e-07,0.0,0.0,0.0,1.0
0.0,0.0,4.314969226693055e-05,0.0,5.6622103676851054e-05,0.0,1.192240617342577e-07,1.0729066772796614e-06,0.0,1.192240617342577e-07,0.0,0.0,3.57605976830655e-07,0.9980123405150931,0.0,0.0,0.0,0.0,0.0,0.0,5.72159797485039e-06,0.0,2.741637097347649e-06,0.0,0.9999982118117786
0.0,0.0,0.28780592067748234,0.0,2.860843551943937e-06,0.0,0.0,0.0,0.0,0.0,0.0,1.192240617342577e-07,0.0,0.9603620867832604,0.0,0.0,0.0,1.788187994011814e-06,0.0,0.0,1.4304229126738122e-06,0.0,0.0,0.0,0.9999998807761656
0.0,9.417177575965496e-06,0.0,0.0,1.192240617342577e-07,0.0,0.0,0.0,0.0,0.0,0.0,0.9999971391564481,1.5496499871092695e-06,1.0729066772796614e-06,0.0,0.0,0.0,0.0,0.0,0.0,0.0,0.0,0.0,0.0,0.0
0.003377072394426084,0.004199083564814465,0.9999769946034228,0.0,0.9959295790311157,0.0,0.0,0.0,0.0,0.9879471982355957,0.0,7.152486773853717e-06,2.384476545103098e-07,0.04468021091558472,0.0,0.0,0.0,0.0,0.0,0.0,2.145812430742744e-06,0.0,0.9999991655469742,0.00042430919974567605,2.0860005657596936e-05
0.0,3.57605976830655e-07,0.9975269380446068,0.0,2.5032657550161375e-06,0.0,1.192240617342577e-07,0.0,0.0,0.0,0.0,0.0,0.0,1.8119407746652882e-05,0.0,0.0,0.0,1.1323962328835258e-05,0.0,0.0,5.602398682524878e-06,0.0,1.192240617342577e-07,0.0,0.9999978541875693
0.0,0.9990960279613987,0.00012586799277802818,0.0,1.3112231088685533e-06,0.0,0.0,0.0,0.0,0.0,0.0,1.3589312835349254e-05,2.6224444984457307e-06,1.192240617342577e-07,0.0,2.0264153133608964e-05,0.0,1.192240617342577e-07,0.0,0.0,4.768950248035253e-07,0.0,0.0009587251393914364,0.0,0.9995889152351808
0.0,0.0,3.337807925274383e-06,0.0,2.1098357390503253e-05,0.0,0.0,0.0,0.0,0.0,0.0,0.0,0.0,9.537902768697037e-07,0.0,0.0,0.0,2.384476545103098e-07,0.0,0.0,1.4185645677788905e-05,0.0,1.0012961758065764e-05,5.960258064874324e-07,0.9999909402550872
0.0,0.0,0.0,0.0,0.00036855582829631306,0.0,0.0,0.0,0.0,0.0,0.0,0.0,0.0,0.0,0.0,0.0,0.0,0.0,0.0,0.0,1.192240617342577e-07,0.0,0.9999786632854765,0.0,0.0
0.0,1.192240617342577e-07,1.9075798713963366e-06,0.0,0.00011085240495112281,0.0,1.192240617342577e-07,0.0,0.0,0.0,0.0,0.0,0.0,4.708309393508525e-05,0.0,0.0,0.0,0.0,0.0,0.0,0.0005235315072106284,0.0,7.630296515626078e-06,2.455516256849588e-05,0.9999974967344724
0.8808030187325215,0.0,0.9999346716016133,0.0,0.9996898078643286,0.0,2.3841004124225407e-06,0.0,0.0,8.10672906514931e-06,0.0,1.192240617342577e-07,3.57605976830655e-07,0.9950942605713213,0.0,0.0,1.192240617342577e-07,1.144316321288752e-05,0.0,1.192240617342577e-07,0.08035051446922203,0.0,0.9999984503497855,3.57605976830655e-07,0.9999249036159062
0.0,0.0,8.344533100057561e-07,0.0,7.5103503065498955e-06,0.0,0.0,0.0,0.0,0.0,0.0,0.0,1.192240617342577e-07,0.00359369103135021,0.0,0.0,0.0,1.192240617342577e-07,0.0,0.0,0.0,0.0,1.192240617342577e-07,0.9465963697151281,0.9999947551633549
0.0,0.0,6.913942543262941e-06,0.0,0.00020688429012383214,0.0,0.0,0.0,0.0,0.0,0.0,0.0,0.00010942157791626883,0.00023811707072995958,0.0,0.9999965429163425,0.0,0.0,0.0,0.0,4.649025975411725e-06,0.0,0.9997505423457477,0.9999954701172836,1.8715119215362286e-05
0.0,0.0,3.373679489382386e-05,1.192240617342577e-07,4.768950248035253e-07,0.0,0.0,0.0,0.0,0.0,0.0,0.0,0.0,5.00649341150794e-06,0.0,0.0,0.0,2.384476545103098e-07,0.0,0.0,3.57605976830655e-07,0.0,0.0,3.945544804517809e-05,0.999998569577201
0.0,0.0,0.00025386347631328743,0.0,5.960258064874324e-07,0.0,0.0,0.0,0.0,0.0,0.0,0.0,0.0,4.649025975411725e-06,0.0,0.0,0.0,1.192240617342577e-07,0.0,0.0,3.57605976830655e-07,0.0,0.9985895313490935,1.192240617342577e-07,0.9669136319337671
0.0,1.4304229126738122e-06,0.0005685296178299382,0.0,1.192240617342577e-07,0.0,0.0,0.0,0.0,0.0,0.0,0.985936626460088,1.192240617342577e-07,1.192051257703497e-06,0.0,0.0,0.0,0.0,0.0,0.0,3.57605976830655e-07,0.0,0.0,0.0,0.0016713168567079606
0.0,0.011330258354124823,0.0,0.0,0.0,0.0,0.0,0.0,0.0,0.0,0.0,0.9995995182293801,0.0,0.0015486953845073037,0.0,0.0,0.0,2.384476545103098e-07,0.0,0.0,0.0,0.0,0.0,1.192240617342577e-07,0.0
0.0,0.0,0.0,0.0,1.6689054689322802e-06,0.0,0.0,0.0,0.0,0.0,0.0,0.0,2.384476545103098e-07,0.985936626460088,0.0,0.0,0.0,1.6689054689322802e-06,0.0,0.0,0.0,0.0,0.9997305369953329,1.192240617342577e-07,0.9999997615523455
0.0,2.384476545103098e-07,1.3112231088685533e-06,0.0,2.145812430742744e-06,0.0,9.537902768697037e-07,0.0,0.0,0.0,0.0,0.0,0.0,9.178885813310167e-06,0.0,0.0,0.0,4.768950248035253e-07,0.0,0.0,2.384476545103098e-07,0.0,0.0,0.0,0.9999996423941084
1.192240617342577e-07,0.0,1.192240617342577e-07,0.0,6.235080801864079e-05,0.0,0.9678989152739669,0.0,0.0,0.0,0.0,1.192240617342577e-07,0.0,0.0,0.0,0.0,0.9968019164729648,5.960258064874324e-07,0.0,0.0,6.317691993329433e-06,0.0,0.0,1.7642866737443974e-05,0.9999867684493882
0.0,1.3112231088685533e-06,0.0,0.0,8.784584255883132e-05,0.0,0.00016886985470865312,0.0,0.0,0.0,0.0,0.0,0.0,2.384476545103098e-07,0.0,0.999783222430908,1.192240617342577e-07,2.384476545103098e-07,0.0,0.0,0.9996644388275595,0.0,0.0,0.0,0.10669555956693655
0.0,0.0,0.9960542549787315,0.0,5.960258064874324e-07,0.0,5.674137532718504e-05,0.0,0.0,0.0,0.0,0.0,0.0,2.384476545103098e-07,2.0860005657596936e-05,0.0,0.0,1.5496499871092695e-06,1.192240617342577e-07,0.0,4.2911334876549745e-05,0.0,1.192240617342577e-07,0.0,0.9999998807761656
0.0,3.218546048677773e-06,0.0,0.0,3.4570836574543407e-06,0.0,1.5496499871092695e-06,0.0,0.0,0.0,0.0,1.192240617342577e-07,0.0,0.0,0.0,8.344533100057561e-07,0.0,1.192240617342577e-07,0.0,0.0,0.0,0.0,2.384476545103098e-07,0.0,5.2925152240423934e-05
0.0,0.0,0.0,0.0,3.815155876552012e-06,0.0,0.001061087688712492,0.9974485017017334,0.0,0.0,0.0,0.0,0.0,0.0,0.0,0.0,0.0,0.0,0.0,0.0,0.3486347740091399,0.0,2.9800638619015274e-06,0.0,0.999998092420356
0.0,0.0,0.00011657621528693429,0.0,1.788187994011814e-06,0.0,1.263534339135397e-05,0.0,0.0,0.0,0.0,0.0,0.0,0.0,0.0,0.0,0.0,0.9987550313237599,1.192240617342577e-07,0.0,0.9149074170005624,0.0,0.0,0.0,0.9999772330056317
0.0,0.0,0.9999589954426212,3.57605976830655e-07,1.0728006353044606e-05,0.0,0.9970184460838001,2.384476545103098e-07,0.0,0.0,0.0,0.0,0.0,1.4304229126738122e-06,0.0004657732139095039,0.0,8.940606499252546e-06,0.9998763947369343,0.0,3.57605976830655e-07,0.9997800039156003,0.0,1.192240617342577e-07,0.0,0.999998927093209
0.0,0.0,0.0,0.0,1.192240617342577e-07,0.0,0.0,0.0,0.0,0.0,0.0,0.0,0.0,0.0014666915743463127,0.0,0.0,0.0,2.741637097347649e-06,1.192240617342577e-07,0.0,3.57605976830655e-07,0.0,0.0,0.0,1.0
0.0,0.0,0.9433467548832034,0.0,5.244836645101891e-06,0.0,2.741637097347649e-06,0.0,0.0,0.0,0.0,0.0,0.0,1.192240617342577e-07,0.0,0.0,0.0,8.344533100057561e-07,0.0,0.0,5.173274339587142e-05,0.0,1.192240617342577e-07,0.0,0.9999998807761656
0.0,0.0,4.51758803514668e-05,0.0,1.6689054689322802e-06,0.0,1.3112231088685533e-06,0.0,0.0,0.0,0.0,0.0,0.0,2.02668910964654e-06,0.00014242329005154097,0.0,0.0,5.960258064874324e-07,3.57605976830655e-07,0.0,6.043909499997557e-05,0.0,9.059744912831569e-06,0.0,0.9999440934901456
0.0,0.0,7.033211255169647e-06,1.192240617342577e-07,2.82518169076873e-05,0.0,2.384476545103098e-07,0.0,0.0,0.0,0.0,5.960258064874324e-07,0.0,1.192240617342577e-07,0.0,0.0,0.0,2.145812430742744e-06,0.0,0.0,1.9787498552359395e-05,0.0,0.0,0.0,0.9999535129319022
0.0,2.384476545103098e-07,0.0,0.0,1.6689054689322802e-06,0.0,0.0,0.0,0.0,0.0,0.0,9.487758772497301e-05,0.0,3.57605976830655e-07,0.0,0.0,0.0,1.192240617342577e-07,0.0,0.0,0.0,0.0,0.0,0.0,0.0
0.0,2.741637097347649e-06,0.0,0.0,2.384476545103098e-07,0.0,1.192240617342577e-07,0.0,0.0,0.0,0.0,0.0,0.0,1.931087080087046e-05,4.768950248035253e-07,0.0,0.0,8.344533100057561e-07,0.0,0.0,4.768950248035253e-07,0.0,0.0,0.0,0.9999998807761656
0.0,3.337807925274383e-06,0.0,0.0,5.840804528811638e-06,0.0,0.9999341951667692,0.0,0.0,0.0021162366019576995,0.0,0.0,0.0,0.0,0.0,0.0,0.0,0.0,0.0,0.0,1.1681574487942825e-05,0.0,0.0,2.384476545103098e-07,0.0005075797185064568
0.0,0.0,2.384476545103098e-07,0.0,0.00023179819307506122,0.0,0.9999992847883448,0.0,0.0,0.0,0.0,0.0,0.0,4.291615254836678e-06,0.0,0.0,0.99929017091349,9.178885813310167e-06,0.0,0.0,0.9241481538685581,0.0,0.0,0.9993265963304298,0.9999994039743072
0.0,0.0,2.384476545103098e-07,0.0,8.821472391562502e-06,0.0,2.384476545103098e-07,0.0,0.0,0.0,0.0,0.0,0.0,0.9995484061849332,0.0,0.0,1.192240617342577e-07,0.9981895862367981,0.0,0.0,1.1919997756737466e-05,0.0,0.0,2.5032657550161375e-06,1.0
0.0,0.0,5.960016525530243e-06,8.225844613463096e-06,5.960016525530243e-06,0.0,1.192240617342577e-07,0.0,0.0,0.0,0.0,1.192240617342577e-07,0.0,0.9999779481725827,0.0,0.0,3.3975038059685936e-05,0.06754564333540913,0.0,0.0,0.0,0.0,0.0,0.0,1.0
0.0,0.0,3.71916028603092e-05,0.0001977070605944098,7.868505883856791e-06,0.0,7.152118257636175e-07,9.082525563353094e-05,0.0,0.0,0.0,2.384476545103098e-07,1.4304229126738122e-06,0.19193158699321977,0.0,0.9986953397739184,8.10672906514931e-06,3.611935132274979e-05,0.0,0.0,0.867039054846169,0.0,0.00030590459997537067,0.0,1.0
0.0,0.01001274397623364,0.9975269380446068,0.0,0.9999977350503925,0.0,8.344533100057561e-07,0.0,0.0,0.0,0.0,1.192240617342577e-07,0.0,0.0,0.0,1.192240617342577e-07,0.0,0.0026321698420656015,0.0,0.0,0.9999202570689225,0.0,2.7536219380341898e-05,0.999436232040317,0.9999772330056317
0.0,0.0,0.0,8.344533100057561e-07,3.433240656725012e-05,0.0,1.633250494759153e-05,0.0,0.0,0.0,0.0,0.0,1.192240617342577e-07,0.0,0.0,0.0,0.0,0.00019150990766003684,0.0,0.0,2.121753482731137e-05,0.0,0.0,1.192240617342577e-07,1.192051257703497e-06
0.0,0.9999977350503925,2.384476545103098e-07,0.0,5.960258064874324e-07,0.0,0.0,0.0,0.0,0.0,0.0,0.9999910593932734,1.192240617342577e-07,0.0,0.0,0.9976765074377746,5.960258064874324e-07,0.0,0.0,0.0,1.192240617342577e-07,0.0,0.0,1.6213392638686486e-05,0.9999606637090288
0.0,0.0,0.0,0.0,2.860843551943937e-06,2.4197499308042936e-05,0.0,0.0,0.0,0.0,0.0,0.0,1.192240617342577e-07,0.0,0.0,0.0,0.0,0.0,0.0,2.384476545103098e-07,0.0,0.0,0.0,1.966833890743036e-05,0.0
0.0,0.0,0.9999188272545736,0.0,2.6224444984457307e-06,0.0,4.768175814184872e-06,0.0,0.0,0.0,0.0,3.337807925274383e-06,2.384476545103098e-07,1.192240617342577e-07,7.152118257636175e-07,0.0,4.768950248035253e-07,1.1562366811213032e-05,0.0,0.0,6.485197059102887e-05,0.0,1.192240617342577e-07,8.583211864254814e-06,0.0
0.0,0.0,0.8311236513274418,0.0,0.0,0.0,0.0,0.0,0.0,0.0,0.0,5.840804528811638e-06,0.0,0.9999654293469983,2.145812430742744e-06,0.0,0.0,0.0,0.0,0.0,0.0,0.0,0.0,1.192240617342577e-07,1.0
0.0,1.3112231088685533e-06,0.999902142496335,0.0,2.384476545103098e-07,0.0,0.0,0.0,0.0,0.0,0.0,1.192051257703497e-06,0.0,0.9999992847883448,0.0,0.0,0.0,1.192240617342577e-07,0.0,1.192240617342577e-07,1.192240617342577e-07,0.0,0.0,0.0,1.0
0.0,0.9996200083781825,1.192240617342577e-07,0.0,1.108557052253989e-05,0.0,0.0,0.0,0.0,0.0,0.0,1.3112231088685533e-06,0.0,1.0,0.0,0.0,0.0,0.0,0.0,0.0,0.0,0.0,0.0,0.0,1.0
0.0,0.0,2.384476545103098e-07,0.0,1.192240617342577e-07,0.0,0.0,0.0,0.0,0.0,0.0,7.152118257636175e-07,0.0,0.9999991655469742,0.0,0.0,0.0,0.0,0.0,0.0,0.0,0.0,0.0,0.0,1.0
0.0,0.0,4.410745809479977e-06,0.0,1.9075798713963366e-06,0.0,0.0,0.0,0.0,0.0,0.0,0.0,0.0,0.9999974967344724,0.0,0.0,0.0,0.0,0.0,0.0,1.192240617342577e-07,0.0,0.0,4.768950248035253e-07,0.9999995231047478
0.0,0.0,0.9984986036292401,0.0,0.0017007788484549868,0.0,2.02668910964654e-06,0.9999734178258868,0.0,0.0,0.0,0.0,0.0,0.19193175556940967,1.192240617342577e-07,0.0,0.0,0.9996015434540954,0.0,0.0,0.999986172162716,0.0,0.0,0.0,0.9999960657392052
0.0,0.0,0.9930955445058834,0.0,0.00026148453285135265,0.0,1.9075798713963366e-06,0.0,0.0,0.0,0.0,0.0,0.0,0.00026589053445202904,0.0,0.9999862914267522,0.0,7.749399615231134e-06,1.192240617342577e-07,0.0,0.10088009147059018,0.0,0.0,0.0,0.9999982118117786
0.0,0.0,0.9999038112717391,0.0,0.000984944246137709,0.0,0.005730724300094248,0.0,0.0,0.0,0.0,0.0,0.0,7.450070234760187e-05,0.0,0.0,0.0,0.0,0.0,0.0,0.9980733291811794,0.0,0.0,0.0,0.9999988079489697
0.0,0.0,0.30734077638308027,0.0,3.57605976830655e-07,0.0,2.3601429135045038e-05,0.0,0.0,0.0,0.0,2.384476545103098e-07,0.0,3.57605976830655e-07,3.4570836574543407e-06,0.0,0.0,1.192240617342577e-07,1.192240617342577e-07,0.0,0.9999901062017802,0.0,0.0,0.0,0.9926536349762857
0.0,0.0,5.960258064874324e-07,1.9075798713963366e-06,0.5467312831172065,0.0,1.192240617342577e-07,0.9995380397722531,0.0,0.0,0.0,1.192240617342577e-07,0.0,0.0,0.0,0.03308614473988092,1.192240617342577e-07,0.0758521559759936,5.960258064874324e-07,0.0,0.9883141239633058,0.0,0.0,0.0,0.0
0.0,0.0,0.00028720691935602005,0.0,2.384476545103098e-07,0.0,1.3827837283986177e-05,0.0,0.0,0.0,0.0,1.192240617342577e-07,0.0,1.192240617342577e-07,2.3841004124225407e-06,0.0,0.0,0.9999991655469742,0.0,0.00024957674650749606,0.9996800416305239,0.0,0.0,0.0,0.009707882834563919
0.0,0.0,4.7321508308550975e-05,0.0,2.02668910964654e-06,0.0,1.192240617342577e-07,0.0,0.0,0.0,5.960258064874324e-07,0.0,0.0,1.192051257703497e-06,0.0,0.0,0.0,0.9999990462097231,0.0,0.0,1.1800783969451167e-05,0.0,0.0,0.0,0.9999973775557289
0.0,3.57605976830655e-07,3.3498555308986155e-05,0.0,3.57605976830655e-07,0.0,0.0,0.0,0.0,0.0,0.0,0.9998928438080787,0.994269275699906,5.960258064874324e-07,1.192240617342577e-07,0.0,0.0,0.0,0.0,0.0,0.0,0.0,1.192051257703497e-06,6.687683080752738e-05,2.02668910964654e-06
0.0,0.0,1.2993058080335018e-05,0.0,0.0010162360764021106,0.0,0.0,0.0,0.0,0.0,0.0,4.768950248035253e-07,0.9988663500297156,1.192240617342577e-07,0.0,0.0,0.0,0.9996773022689878,0.0,2.384476545103098e-07,5.840804528811638e-06,0.0,1.192240617342577e-07,0.9999994039743072,1.192240617342577e-07
0.9995413761250604,5.602398682524878e-06,0.0,0.0,0.9999775905945001,0.0,0.0,0.0,0.0,0.0,0.0,5.602398682524878e-06,0.0,0.0,0.0,0.0,0.0,0.0,0.0,0.0,1.5496499871092695e-06,0.0,3.4570836574543407e-06,0.9999996423941084,0.0
0.0,6.913942543262941e-06,0.0,0.0,3.027965425839163e-05,0.0,0.0,0.0,0.0,0.0,0.0,0.0,0.0,0.0,0.0,0.0,0.0,0.0,0.0,0.0,0.0,0.0,0.0,0.9998763947369343,0.0
0.0,0.0,0.0,0.0,0.9980123405150931,0.0,0.0,1.192051257703497e-06,0.0,0.0,0.0,0.0,0.0,0.0,0.0,0.0,0.0,1.192240617342577e-07,0.0,0.0,0.0,0.0,0.0,4.6367864115492985e-05,0.0
0.0,0.0,0.9971545028771723,0.0,0.999998092420356,0.0,0.0,0.0,0.0,2.384476545103098e-07,0.0,1.192240617342577e-07,0.0,0.0,0.0,0.0,0.0,2.384476545103098e-07,0.0,0.0,0.2813956901491715,0.0,0.9996078573906398,0.9999998807761656,0.0
3.0992980275534876e-06,0.0,7.391056640604354e-06,0.0,0.9999856950776103,0.0,0.0,0.0,0.0,0.0,0.0,9.537902768697037e-07,8.10672906514931e-06,0.0,0.0,0.0,0.0,0.0,0.0,0.0,0.005060727385660324,0.0,0.999902142496335,0.9999998807761656,0.0
0.0,0.0,2.205182718995058e-05,0.0,0.999343618720107,0.0,0.0,0.0,0.0,2.02668910964654e-06,0.0,1.3112231088685533e-06,0.9999610211737423,0.9999626892543616,0.0,0.0,0.0,0.0,0.0,1.192240617342577e-07,0.0,0.0,6.628127535068806e-05,1.0,0.9999996423941084
6.436929626318921e-06,0.0,5.960258064874324e-07,0.0,0.0014103497260022912,0.0,0.0,0.0,0.0,0.0,0.0,0.0,1.192240617342577e-07,0.9626736611920176,0.0,5.5906510081804583e-05,0.0,4.5298824890016576e-06,0.0,0.0,4.768175814184872e-06,0.0,1.192240617342577e-07,0.9999592337750581,0.9999723445166412
1.3112302875262216e-05,0.0,0.0,0.0,0.9999995231047478,0.0,0.0,0.0,0.0,0.0,0.0,0.0,0.0,0.0,0.0,0.0,0.0,0.0,0.0,0.0,0.0002034278281231039,0.0,8.344533100057561e-07,0.9999911785278358,0.0
0.0,0.0,0.0,0.0,0.0004879372845678631,0.0,0.0,0.0,0.0,0.0,0.0,0.0,0.0,8.464086581505548e-06,0.0,0.0,0.0,0.0,0.0,0.0,0.0,0.0,0.0,0.9997865600240248,4.3983979063799694e-05
0.0,0.0,0.9966229276055739,0.0,0.9999969007019724,0.0,3.57605976830655e-07,0.0,0.0,0.0,0.0,2.384476545103098e-07,8.344533100057561e-07,0.0,0.0,0.0,0.0,0.0,0.0,0.0,0.9875696780001768,2.860843551943937e-06,0.9999991655469742,1.0,0.0
0.0,2.9800638619015274e-06,0.0,0.0,0.6791802589177363,0.0,0.0,0.0,0.0,0.0,0.0,1.192240617342577e-07,0.9996798034046352,0.9324544608744918,0.0,0.0,0.0,0.0,0.0,0.0,1.192240617342577e-07,0.0,0.00012182372338476188,0.9999995231047478,0.9999972583629027
0.0,0.0,2.384476545103098e-07,0.0,0.0002575549062328042,0.0,0.0,0.0,0.0,0.0,0.0,0.012052457647868886,0.9999812848805573,0.9990672230208368,0.0,2.384476545103098e-07,0.0,0.0,0.0,2.384476545103098e-07,0.0,0.0,1.192240617342577e-07,0.9999855757990935,0.9999276436486555
0.0,0.0,0.9343940222899052,0.0,0.985936626460088,0.0,1.192240617342577e-07,0.9999965429163425,0.0,0.0,0.0,0.0,0.0,0.9999597104328265,0.0,0.0,0.0,0.0,0.0,0.0,0.9933066028434334,0.0,0.0,0.0,0.9999996423941084
2.741637097347649e-06,1.4304229126738122e-06,0.9999812848805573,0.0,0.9999376491917541,0.0,1.788187994011814e-06,0.0,1.192240617342577e-07,0.0,0.0,1.192240617342577e-07,1.192051257703497e-06,0.0,0.0,0.9999982118117786,0.0,1.263534339135397e-05,0.0,0.0,0.9962927931535649,2.741637097347649e-06,2.7536219380341898e-05,0.9997760700384032,0.0
0.0,0.0,0.9950940242491434,0.0,0.00098506333777848,0.0,0.21204092840452848,0.0,0.0,0.0,0.0,0.0,0.0,1.192051257703497e-06,2.6224444984457307e-06,5.960258064874324e-07,0.0,0.9997994326023574,0.0,0.0,0.9999814040257784,0.0,0.0,5.960258064874324e-07,0.9999994039743072
0.0,0.0,0.9998257684953074,0.0,3.57605976830655e-07,0.0,7.152118257636175e-07,0.0,0.0,0.0,0.0,0.9996079765240969,0.9990031574534013,0.004905739428678779,9.537902768697037e-07,0.0,0.0,4.410745809479977e-06,0.0,1.6689054689322802e-06,1.4304229126738122e-06,0.0,0.0,5.2090457968057e-05,0.9999990462097231
0.0,0.0,0.0,0.0,0.0,0.0,0.0,0.0,0.0,0.0,0.0,0.9999972583629027,0.01363641207169397,1.192240617342577e-07,0.0,0.0,0.0,0.0,0.0,1.192240617342577e-07,0.0,0.0,0.0,2.145812430742744e-06,0.0
0.0,0.9999974967344724,4.768950248035253e-07,0.0,0.00011073316499088381,0.0,0.0,0.0,0.0,0.0,0.0,2.264949380159642e-06,0.0,0.0,0.0,0.0,0.0,0.0,0.0,0.0,1.3112231088685533e-06,0.0,0.0,0.0,0.16028298934980978
0.0,0.0,0.09807884509170883,3.57605976830655e-07,0.9999891528092899,0.0,0.9999784249211245,2.145812430742744e-06,1.192240617342577e-07,0.9999283584090937,0.0,0.0,0.0,0.0,2.384476545103098e-07,0.0,0.9998056299121513,8.010038462902269e-05,0.0,8.344533100057561e-07,0.9999977350503925,0.0,0.0,0.0,1.3112231088685533e-06
2.9800638619015274e-06,0.0,0.0,0.0,0.2568400386698522,0.0,0.0,0.0,0.0,1.0,0.0,0.0,0.0,0.0,0.0,0.0,0.0,0.9997794078840685,0.0,3.57605976830655e-07,1.192240617342577e-07,0.0,0.0,0.0,0.0
0.0,0.0,1.9075798713963366e-06,0.0,0.3486346575362469,0.0,4.5298824890016576e-06,0.0,7.152118257636175e-07,0.9999544665295995,0.0,0.0,0.0,0.0,0.0,0.0,0.0,2.384476545103098e-07,0.0,0.0,0.9988486276744956,0.0,0.0,0.0,0.0
0.0013148855434556017,0.0,0.0,0.0,0.9999921314938888,1.192240617342577e-07,0.0,0.0,0.0,0.9999929667885175,0.0,0.0,0.0,0.0,0.0,0.0,0.0,0.0,0.0,0.0,0.9980729728233608,0.0,1.192240617342577e-07,0.0,0.0
0.0,1.192240617342577e-07,0.0,0.0,0.9999424237198817,0.0,0.9999974967344724,0.9999990462097231,0.0,0.999998927093209,0.0,0.0,0.0,0.0,0.0,0.0,0.0,0.0,0.0,0.0,0.9999998807761656,0.0,1.192240617342577e-07,0.0,0.0
2.550899467945733e-05,0.0,2.9800638619015274e-06,0.0,0.9999957083847452,0.0,2.384476545103098e-07,0.0,0.0,0.9999997615523455,0.0,0.0,0.0,0.0,0.0,0.0,0.0,0.0,0.0,0.0,0.00067459408624293,0.0,2.288619570722794e-05,0.0,0.0
1.192240617342577e-07,0.0,0.0,0.0,1.3112302875262216e-05,0.0,1.192240617342577e-07,0.0,0.0,0.9999978541875693,0.0,0.0,0.0,0.0,0.0,0.0,1.0012961758065764e-05,0.0,0.0,0.0,0.00012753531456866085,0.0,0.0,0.0,0.0
0.9999337187248767,0.0,0.0,0.0,0.0030757404552407275,0.0,1.192240617342577e-07,0.0,0.0,0.9999998807761656,0.0,1.192240617342577e-07,0.0,0.0,0.0,0.0,0.0,0.0,0.0,0.0,3.337807925274383e-06,0.0,0.00040620019921144834,0.0,0.0
7.152118257636175e-07,0.0,5.960258064874324e-07,0.0,0.02161773528003197,0.0,2.384476545103098e-07,0.0,0.0,0.9999997615523455,0.0,0.0,0.0,0.0,0.0,0.0,0.0,1.192240617342577e-07,0.0,0.0,2.5032657550161375e-06,0.0,1.192240617342577e-07,0.0,0.0
0.0,0.0,4.768950248035253e-07,0.0,0.9999610211737423,0.0,0.9999823571334899,0.0,0.0,0.9990598432114691,0.0,0.0,0.0,0.0,0.49999970102453833,0.0,0.0,0.07158754499199038,0.0,0.0,0.9999661440835161,0.0,1.788187994011814e-06,0.0,0.0
5.960258064874324e-07,0.0,5.6145038987653884e-05,4.768175814184872e-06,0.02297969265467137,0.0,4.0533725200742055e-06,0.9996315632791063,1.192240617342577e-07,0.0,0.0,1.192240617342577e-07,0.0,0.0,1.895341552671237e-05,0.0,8.344533100057561e-07,0.9046526762436923,0.0,4.649025975411725e-06,0.9999357435571972,0.0,0.0,0.0,0.0
0.0,0.0,7.868505883856791e-06,0.0,1.037046934038166e-05,0.0,2.741637097347649e-06,1.144316321288752e-05,0.0,0.0,0.0,0.0,0.0,0.0,3.5763732452176455e-06,0.0,0.9999939207644434,5.960258064874324e-07,0.0,0.0,0.9999806891291991,0.0,0.0,0.0,3.57605976830655e-07
0.0,2.384476545103098e-07,8.10672906514931e-06,0.0,0.007121761983046371,0.0,0.4687914290524611,1.192240617342577e-07,9.537902768697037e-07,2.860843551943937e-06,0.0,0.0,0.0,0.0,0.0003686749643230236,1.192240617342577e-07,0.0,1.192240617342577e-07,0.0,1.192240617342577e-07,0.9999722252542683,0.0,0.0,0.0,0.0
0.0,0.0,1.192240617342577e-07,0.0,8.37941947265941e-05,0.0,0.025959231770182223,0.9724134805850483,0.0,6.079235556621931e-06,0.0,0.0,0.0,0.0,0.0,0.0,0.0,5.960258064874324e-07,0.0,0.0,0.9999283584090937,0.0,0.0,0.0,0.0
0.9999986887770048,1.8000269957685333e-05,0.0,0.9999996423941084,0.029311671720676835,0.0,1.4901349391416296e-05,0.0,0.0,0.9999890336203998,0.0,0.0018676554187054828,0.0,0.0,0.0,0.0,2.384476545103098e-07,0.0,0.9958006799451861,0.0,0.0005978137425980412,0.0,0.0,0.0,0.0
0.0,1.192240617342577e-07,0.0014666915743463127,0.9999977350503925,7.152118257636175e-07,0.0,1.192240617342577e-07,0.0,0.0,0.0,0.0,0.9996861157697815,0.0,0.08269075229391565,0.0,0.0,2.741637097347649e-06,2.145812430742744e-06,1.108557052253989e-05,0.0,1.0729066772796614e-06,0.0,0.0,2.5032657550161375e-06,0.9999995231047478
0.0,0.0,0.0,0.0,1.192240617342577e-07,0.0,0.0,0.0,0.0,0.0,0.0,0.9999840248313399,2.384476545103098e-07,1.1562366811213032e-05,4.768950248035253e-07,0.0,0.0,0.0,0.0,1.192240617342577e-07,0.0,0.0,0.0,2.622443381805617e-05,8.344533100057561e-07
1.3589312835349254e-05,6.556172929328419e-06,0.0,0.9999998807761656,7.391056640604354e-06,0.0,1.192240617342577e-07,0.0,0.0,0.0,0.0,0.0003434223865825814,0.0,0.0,0.0,0.0,4.768950248035253e-07,0.0,4.768950248035253e-07,0.0,2.384476545103098e-07,0.0,0.0,0.0,0.0
0.9999940399834745,3.57605976830655e-07,1.3947103124856142e-05,1.0,0.00026636686691572375,0.0,0.0002202344943728063,0.0,0.0,0.007121994542533261,0.0,1.8357687601944228e-05,0.0,0.0,0.0,0.0,0.00046899047674930916,0.00015636047291101018,0.00017697202212085816,0.0,0.9972846882744362,0.0,1.192240617342577e-07,0.0,2.384476545103098e-07
0.28139558951424853,1.192240617342577e-07,0.0,0.9999998807761656,3.93426102218708e-06,0.0,1.192051257703497e-06,0.0,0.0,0.0,0.0,0.9997448266609164,0.0,0.0,0.0,0.0,1.192240617342577e-07,0.0,8.344964695150558e-06,0.0,8.117274542640551e-05,0.0,0.0,0.0,0.0
0.0,0.9999775905945001,7.152118257636175e-07,0.9999997615523455,3.195008234169183e-05,0.0,0.00010417561982445367,0.0,0.0,0.0,0.0,1.5975168432769138e-05,2.384476545103098e-07,0.0,0.0,0.0,6.794679274113591e-06,2.384476545103098e-07,0.9926536349762857,0.0,0.9998230279778791,0.0,0.0,0.0,3.57605976830655e-07
0.0,0.0,1.192240617342577e-07,0.9999982118117786,7.152118257636175e-07,0.0,5.960258064874324e-07,0.9998891475952763,0.0,0.0,0.0,0.0,0.0,0.0,0.0,0.0,0.0001300363356916412,0.00032531803091795375,1.0251296977292768e-05,0.0,0.09534732375630772,0.0,1.192240617342577e-07,0.0,0.9998336321459408
0.0,0.0,0.0,0.9999992847883448,2.3841004124225407e-06,0.0,0.0,0.0,0.0,0.0,0.0,0.0,0.0,0.0,0.0,0.0,0.0017545900870168385,3.815155876552012e-06,2.384476545103098e-07,0.0,2.02668910964654e-06,0.0,0.0,0.0,0.0
0.0,1.192240617342577e-07,0.0,1.0,0.999850548811429,0.0,0.0005884095311725623,0.0,2.384476545103098e-07,0.0,0.0,0.0003409210700356935,0.0,0.0,0.0,0.0,0.0,0.0,0.9996970728047654,0.0,0.9999878415658437,0.0,0.0,0.0,0.0
0.0,2.384476545103098e-07,0.0,0.9999896295304322,0.002115761470573463,0.0,0.006488949519545262,3.6956766884532755e-06,2.3841004124225407e-06,0.0,0.0,0.0,0.0,0.0,0.0,0.0,7.152118257636175e-07,1.192240617342577e-07,3.815155876552012e-06,0.0,0.9999260949579272,0.0,0.003765603415065155,2.384476545103098e-07,0.0
0.0,0.0,0.0,0.999998927093209,4.410745809479977e-06,0.0,0.9982723741482727,0.0,3.57605976830655e-07,0.0,0.0,0.0,0.0,0.0,1.192240617342577e-07,0.0,0.0,0.0,0.9999504133918906,0.0,0.999985337231189,0.0,4.768950248035253e-07,4.028956717350152e-05,0.0
0.0,0.9999929667885175,0.0,0.9999998807761656,5.72159797485039e-06,0.0,0.00026993933497410083,0.0,0.0,0.0,0.0,2.6224444984457307e-06,0.0,0.0,0.0,0.0,0.0,0.0,0.9942691576367716,0.0,0.9999949935065885,0.0,0.0,0.0,0.0
0.0,0.9999249036159062,1.192240617342577e-07,0.9999997615523455,2.2409405727286114e-05,0.0,0.9626736611920176,0.0,0.0,0.0,0.0,2.205182718995058e-05,0.0,0.0,1.192240617342577e-07,0.0,9.537902768697037e-07,3.57605976830655e-07,0.0010987977310834562,0.0,0.999862102899809,0.0,0.0,0.0,0.0
0.0,2.550899467945733e-05,0.0,0.9999998807761656,0.005730842363002364,0.0,0.9996990974124678,0.005555564286142678,0.0,0.0,0.0,0.0,0.0,0.0,1.192240617342577e-07,0.0,9.537902768697037e-07,7.152118257636175e-07,5.960016525530243e-06,5.960258064874324e-07,0.9999951126684495,0.0,0.0,2.384476545103098e-07,0.0
0.0,6.842531880690839e-05,9.059744912831569e-06,8.808418923822448e-05,1.037046934038166e-05,0.0,0.9999885568367871,0.0,0.0,0.0,0.0,0.0,0.0,0.0,2.384476545103098e-07,0.0,0.0,1.192051257703497e-06,0.0,0.0,0.9998555517667413,0.0,0.0,0.0,0.0
0.0,0.0,1.108557052253989e-05,4.768950248035253e-07,0.00015719437039618533,0.0,0.9999967814539513,0.0,0.0,0.0,0.0,0.0,5.960258064874324e-07,0.0,0.056653027233859676,0.0,0.0,3.815155876552012e-06,1.0729066772796614e-06,7.152118257636175e-07,0.998983763923598,0.0,0.0,0.0,0.0
0.0,0.0,0.0,1.192240617342577e-07,1.0729066772796614e-06,0.0,0.0,0.0,0.0,0.0,0.0,1.0729066772796614e-06,1.192240617342577e-07,3.57605976830655e-07,0.0,0.0001383735366059513,0.0,3.683417716893178e-05,0.0,0.0,1.192240617342577e-07,0.0,0.0,0.0,0.9993135021715305
0.0,0.0,1.192051257703497e-06,1.192240617342577e-07,7.152118257636175e-07,0.0,3.57605976830655e-07,0.0,0.0,0.0,0.0,0.0,0.0,5.960258064874324e-07,0.0,0.0,0.0,0.9999982118117786,1.192240617342577e-07,0.0,1.370857324778374e-05,0.0,0.0,0.0,0.9999982118117786
0.0,0.0,0.012820264178472485,0.9999996423941084,3.218546048677773e-06,0.0,2.3841004124225407e-06,0.0,0.0,0.0,0.0,1.192240617342577e-07,0.0,0.0,0.0,0.0,0.0,1.0,0.0,0.0,0.999622867357994,0.0,0.0,1.192240617342577e-07,0.0015368116767945361
0.0,0.0,1.192240617342577e-07,0.9999998807761656,3.57605976830655e-07,0.0,8.702340543398357e-06,0.0,0.0,0.0,0.0,1.192240617342577e-07,0.0,1.192240617342577e-07,0.0,0.0,0.0,0.9999998807761656,0.0,0.0,0.9966751227096873,0.0,0.0,0.0,0.9999680499178857
0.0,0.0,7.749399615231134e-06,0.9999957083847452,3.123544581096205e-05,0.0,1.192051257703497e-06,0.0,0.0,0.0,0.0,0.0,0.0,0.0,0.0,0.0,1.0012961758065764e-05,0.9999997615523455,0.0,0.0,3.242652194845874e-05,0.0,0.0,0.0,0.9998958243801755
0.0,0.0,0.0,0.0,0.0,0.0,0.0,0.0,0.0,0.0,0.0,0.0,0.0,0.0,0.0,0.0,0.01001274397623364,0.7186043433958069,0.0,0.0,0.0,0.0,0.0,0.0,0.0
0.0,0.0,1.3112231088685533e-06,0.0,0.9995270772659912,0.0,0.00027148744304683614,0.0,0.0,0.0,0.0,0.0,0.0,0.0,2.5032657550161375e-06,0.0,0.0,1.7285475894635027e-05,0.0,0.0,0.011685876036469756,0.0,0.0,0.0,1.2516111272287134e-05
0.0,0.0,8.344533100057561e-07,1.192240617342577e-07,0.2689437527748516,0.0,5.960258064874324e-07,0.0,0.0,0.0,0.0,0.0,0.0,8.344533100057561e-07,0.0,0.0,0.005385645040754228,0.9999543473293828,0.0,0.0,3.4570836574543407e-06,0.0,0.0,0.0,0.9999896295304322
0.0,0.0,3.57605976830655e-07,1.192240617342577e-07,1.192240617342577e-07,4.172491279819113e-06,0.0,0.0,0.0,0.0,0.0,0.0,0.0,0.001727388310101885,0.0,0.18243990816687317,0.0,0.407357774367866,0.0,0.0,0.0,0.0,0.0,0.0,0.9999994039743072
0.0,0.0,6.794679274113591e-06,0.0,2.384476545103098e-07,0.0,1.192240617342577e-07,0.0,0.0,0.0,0.0,0.0,0.0,0.0,0.0,0.0,0.0,0.0,0.0,0.0,2.264949380159642e-06,0.0,1.192240617342577e-07,6.556172929328419e-06,0.0
0.0,0.0,2.264949380159642e-06,0.0,2.384476545103098e-07,0.0,7.152118257636175e-07,0.0,0.0,0.0,0.0,1.192240617342577e-07,0.0,0.0,4.768950248035253e-07,0.0,0.0,0.0,1.192240617342577e-07,0.0,0.9940882916555037,0.0,3.111633823282833e-05,0.0,2.1694263985905238e-05
0.0,0.0,0.9993068360588393,0.0,1.192240617342577e-07,0.0,3.57605976830655e-07,0.0,0.0,0.0,0.0,0.0,0.002889946576699609,4.768950248035253e-07,1.8357687601944228e-05,0.0,1.192240617342577e-07,0.0,0.0,0.0,6.842531880690839e-05,0.0,7.152118257636175e-07,0.6076697666967799,0.005730842363002364
0.0,0.0005443640752481604,0.9999924896496935,0.0,0.00016374677355524003,0.0,0.0,0.0,0.0,0.0,0.0,0.9999227591179958,3.57605976830655e-07,2.741637097347649e-06,0.0,0.0,0.0,0.0,0.0,1.192240617342577e-07,1.192240617342577e-07,0.0,1.192240617342577e-07,2.384476545103098e-07,2.384476545103098e-07
0.0,0.0,0.999992369703257,0.0,4.219626964041545e-05,0.0,3.57605976830655e-07,0.0,0.0,0.0,0.0,0.0,0.0,0.0,1.192240617342577e-07,0.9999566119431239,2.5389757729032958e-05,0.0,0.0,0.0,0.0027153117253372328,0.0,0.0,0.0,0.0
0.0,0.0,0.022288796558971535,0.0,0.9998675816828884,0.0,5.960258064874324e-07,0.0,0.0,0.0,0.0,0.0,0.0,0.0,0.0,0.7310562472251484,0.0,0.0,0.0,0.0,0.00013801622051257123,0.0,0.0,0.0,0.0
0.0,4.768950248035253e-07,1.3112231088685533e-06,0.0,0.005060727385660324,0.0,1.192240617342577e-07,0.0,0.0,0.0,0.0,0.0,0.0,0.0,0.622453301107345,2.0264153133608964e-05,0.0,1.4304229126738122e-06,0.0,0.0,0.0006920926150071338,0.0,0.0,0.0,0.0
0.0,0.0,7.152118257636175e-07,0.0,0.9976766261377997,0.0,3.337807925274383e-06,2.5032657550161375e-06,0.0,0.0,0.0,0.0,0.0,0.0,0.0,0.9999730600693492,0.0,1.192240617342577e-07,0.0,0.0,0.9999841439423273,0.0,0.0,0.9998891475952763,0.0
0.0,0.0,0.0,0.0,2.8132549135029272e-05,0.0,2.9800638619015274e-06,0.0,0.0,0.0,0.0,0.0,0.0,0.0,8.605830226549038e-05,0.0,0.0,5.960258064874324e-07,0.0,0.0,2.741637097347649e-06,0.0,0.0,0.0,0.0
0.0,0.0,7.152118257636175e-07,0.0,2.384476545103098e-07,0.0,9.52351672756091e-05,0.0,0.0,0.0,0.0,0.0,0.0,0.0,0.0,0.0,0.0,0.0,0.0,0.0,0.9999094130976677,0.0,0.0,0.0,0.0
0.0,0.0,0.0,0.0,1.192240617342577e-07,0.0,0.0,0.0,0.0,0.0,0.0,0.0,0.0,0.0,0.0,0.0,0.0,0.0,0.0,0.0,0.0002102216723438577,0.0,0.0,0.0,0.0
0.0,0.0,0.0,0.0,8.344533100057561e-07,0.0,1.6689054689322802e-06,0.0,0.0,0.0,0.0,0.0,0.0,0.0,0.0,0.0,0.0,0.0,0.0,0.0,0.9987054463733155,0.0,0.0,0.0,0.0
0.0,0.0,5.602398682524878e-06,0.0,0.09534732375630772,0.0,4.768950248035253e-07,0.9978169993808381,0.0,0.0,0.0,0.0,0.0,0.0,0.0,0.9999949935065885,0.0,0.0,0.0,0.0,0.9958009164351856,0.0,0.0,0.0,0.0
0.0,0.0,0.0,0.0,2.145812430742744e-06,0.0,2.384476545103098e-07,1.192051257703497e-06,0.0,0.0,0.0,0.0,0.0,0.0,0.0,0.0,0.0,1.192240617342577e-07,0.0,0.0,8.940606499252546e-06,0.0,0.0,0.0,0.0
0.0,1.192240617342577e-07,3.57605976830655e-07,0.0,0.0001233670776296103,0.0,0.004070539229169223,1.192240617342577e-07,0.0,0.0,0.0,0.0,0.0,0.0,0.0,0.0,0.0,0.0,0.0,0.0,0.9999994039743072,0.0,6.317691993329433e-06,0.0,0.0
1.192240617342577e-07,0.0,2.264949380159642e-06,2.384476545103098e-07,1.9075798713963366e-06,1.192240617342577e-07,1.0729066772796614e-06,1.192240617342577e-07,0.0,0.0,0.0,1.192240617342577e-07,0.0,2.384476545103098e-07,2.384476545103098e-07,0.0,1.192240617342577e-07,1.192240617342577e-07,3.57605976830655e-07,0.0,3.815155876552012e-06,4.768950248035253e-07,1.0729066772796614e-06,0.0,1.192240617342577e-07
0.0,0.0,1.192240617342577e-07,0.0,2.384476545103098e-07,0.0,4.291615254836678e-06,7.056947475514441e-05,0.0,0.0,0.0,0.0,0.0,0.0,0.0,0.0,0.0,0.9997655789262221,0.0,0.0,0.9999779481725827,0.0,0.0,0.0,7.5103503065498955e-06
0.0,0.0,0.0,0.0,0.0006070989608564226,0.9999997615523455,7.152118257636175e-07,0.0,0.0,0.0,0.0,0.0,0.0,0.0,0.0,0.0,0.0,0.0,0.0,0.0,0.9124419527176016,0.0,0.0,0.0,0.0
0.0,0.0,0.0002008057538254171,0.0,1.3112231088685533e-06,1.192240617342577e-07,0.0,1.3112231088685533e-06,0.0,0.0,0.0,0.0,0.0,0.9999992847883448,0.0,0.0,0.0,0.0,0.0,0.0,2.384476545103098e-07,0.0,0.0,0.0,0.9999997615523455
0.0,7.749399615231134e-06,1.6928101522206696e-05,0.0,9.059744912831569e-06,0.019125645410784542,3.218546048677773e-06,2.384476545103098e-07,0.0,0.0,0.0,0.0,0.0,0.0,0.0,1.192240617342577e-07,0.0,0.0,0.0,0.0,6.317691993329433e-06,0.0,2.384476545103098e-07,0.0,0.0
0.0,0.0,3.57605976830655e-07,0.0,3.93426102218708e-06,1.0,0.0003104303345653481,0.0,0.0,0.0,0.0,0.0,0.0,0.0,0.011685763743099042,0.0,0.0,0.0,0.0,0.0,5.173274339587142e-05,0.0,0.0,0.0,0.0
0.0,0.0,3.2188300240765244e-05,0.0,6.913942543262941e-06,0.0,0.0,0.0,0.0,0.0,0.0,0.0,0.0,0.9999994039743072,0.0,0.0,0.0,0.0,0.0,0.0,0.0,0.0,0.0,0.9920610492046598,0.9999951126684495
0.0,0.9999843821552497,3.70724596131522e-05,0.0,9.537902768697037e-07,0.0,0.0,0.0,0.0,0.0,0.0,8.702340543398357e-06,0.9999881992158033,0.00041739907627580397,0.0,0.0,0.0,0.0,0.0,0.0,0.0,1.192240617342577e-07,0.5000001797662292,0.9999996423941084,5.960258064874324e-07
0.0,3.6956766884532755e-06,0.0017823840156679926,0.0,0.00010262581194553366,0.0,0.0,0.0,0.0,0.0,0.0,0.0,0.0,0.0,0.0,0.0,0.0,0.0,0.0,0.0,0.0,0.0,0.6076526807682485,0.9999997615523455,0.0
0.0,1.192240617342577e-07,0.9149003634432519,0.0,1.192240617342577e-07,0.0,0.0,0.0,0.0,0.0,0.0,0.0,0.00012955995327679215,1.0,0.0,0.0,0.0,0.0,0.0,0.0,0.0,0.0,1.3112231088685533e-06,0.9902922342949564,0.9999840248313399
0.0,0.0,2.82518169076873e-05,0.0,0.0,0.0,0.0,0.0,0.0,0.0,0.0,0.0,0.0,7.868505883856791e-06,0.0,0.0,0.0,0.0,0.0,0.0,0.0,0.0,1.3112231088685533e-06,0.0,0.9999997615523455
0.0,0.0,0.006693633054198678,0.0,0.999993563070601,0.0,8.344533100057561e-07,0.0002701775145904639,0.0,0.0,0.0,0.0,0.0,0.0,0.0,0.0,0.0,0.0,0.0,0.0,9.537902768697037e-07,0.0,0.9999982118117786,0.0,0.0
0.0,0.0,0.9999675734780515,0.0,0.0,0.0,0.0,0.0,0.0,0.0,0.0,0.0,0.0,0.00019150990766003684,0.0,0.0,0.0,0.0,0.0,0.0,1.192240617342577e-07,0.0,1.5736950536582306e-05,0.0,0.9998663906652064
0.0,0.0,0.9999887952344767,0.0,1.192240617342577e-07,0.0,1.192240617342577e-07,0.0,0.0,0.0,0.0,0.0,0.0,1.192240617342577e-07,3.57605976830655e-07,0.0,0.0,0.0,0.0,0.0,0.9790336247450323,0.0,0.9993011222999729,0.0,0.9996695604724838
0.0,0.0,0.9999529169060649,0.0,0.0,5.960258064874324e-07,0.0,0.0,0.0,0.0,0.0,0.0,0.9947384424215483,0.9999916550353048,0.999976398570865,0.0,0.0,0.0,0.1403375603114686,0.0,9.537902768697037e-07,0.0,1.8238545748783253e-05,0.0,0.9999994039743072
0.0,0.0,1.192240617342577e-07,0.0,1.192240617342577e-07,0.0,2.9086756172413963e-05,0.0,0.0,0.0,0.0,0.0,0.0,0.0,0.0,0.0,0.0,6.079235556621931e-06,0.0,0.0,4.2911334876549745e-05,0.0,0.0,0.0,0.9999335996180767
0.0,0.0,0.0,0.0,0.0,1.7404604901405385e-05,1.192240617342577e-07,0.0,0.0,0.0,0.0,0.0,0.0,0.0,0.0,0.0,0.0,0.0,0.0,0.0,2.384476545103098e-07,0.0,0.0,0.0,0.0
0.0,0.0,1.192240617342577e-07,0.0,1.192240617342577e-07,0.0,1.9075798713963366e-06,0.0,0.0,0.0,0.0,0.0,0.0,4.8155984428310816e-05,0.0,0.0,0.0,0.9808744696917595,0.0,0.0,4.5652670617180036e-05,0.0,0.0,0.0,1.0
0.0,0.0,0.9999971391564481,0.0,1.192240617342577e-07,0.0,0.0,0.0,0.0,0.0,0.0,0.005385408832491723,0.9999982118117786,0.0008167222310766498,0.0,0.0,0.0,0.0,0.0,0.0,0.0,0.0,0.0004881754995164078,0.9999932053204985,0.9999065526871954
0.0,0.0,0.9995487636513631,0.0,2.384476545103098e-07,0.0,2.384476545103098e-07,0.0,0.0,0.0,0.0,3.57605976830655e-07,0.9999337187248767,6.127892950069658e-05,0.0,0.0,0.0,1.192240617342577e-07,0.0,0.0,2.384476545103098e-07,0.0,0.0,0.0,0.9999922506003848
0.0,0.0,0.10374824057710305,0.0,0.008062682097888074,0.0,1.0729066772796614e-06,0.0,0.0,0.0,0.0,0.0,0.0,0.0,0.0,0.9999996423941084,0.0,4.768950248035253e-07,0.0,0.0,0.001896985893593106,0.0,0.0,0.9999122733198892,0.0
0.0,2.384476545103098e-07,0.0003630763305511042,0.0,4.5652670617180036e-05,0.0,1.5496499871092695e-06,8.583211864254814e-06,0.0,0.0,0.0,0.0,0.0,0.0,0.0,0.0013252294579884083,0.0,0.0,0.0,0.0,0.9998902207242839,0.0,0.0,1.3947103124856142e-05,0.0
0.0,0.0,0.9854960696416186,0.0,1.192240617342577e-07,0.0,0.0,0.0,0.0,0.0,0.0,1.192240617342577e-07,0.0,0.9999983310946448,0.0,0.0,0.0,0.0,0.0,0.0,0.0,0.0,0.0,0.0,0.9999998807761656
0.0,1.192240617342577e-07,0.9796656431879599,0.0,0.0,0.0,0.0,0.0,0.0,0.0,0.0,3.5763732452176455e-06,0.0,0.999987722343459,4.768950248035253e-07,0.0,0.0,2.384476545103098e-07,0.0,0.0,0.0,0.0,0.0,1.192240617342577e-07,1.0
0.0,0.0,0.9999079829205099,0.0,0.0,0.0,0.0,0.0,0.0,0.0,0.0,3.4570836574543407e-06,0.0,0.9924224529658858,0.0,0.0,0.0,0.0,0.0,0.0,0.0,0.0,0.0,0.8902951185305863,0.9999998807761656
0.0,0.0,4.768950248035253e-07,0.0,0.000709829086510072,0.0,0.0,0.0,0.0,6.937825807151743e-05,0.0,5.960258064874324e-07,2.062165932470439e-05,0.999998927093209,0.0,0.0,0.0,0.0,0.0,0.0,2.384476545103098e-07,0.0,0.14033747064168378,0.9999995231047478,0.9999996423941084
0.0,0.0,0.9997387536197399,0.0,7.283286286974278e-05,0.0,0.0,0.0,0.0,0.0,0.0,0.0019568739868889296,0.9999965429163425,0.9999850986506086,0.0,0.0,0.0,0.0,0.0,1.192240617342577e-07,1.192240617342577e-07,2.384476545103098e-07,0.0006525720461328932,0.9999994039743072,0.9999997615523455
0.0,0.0,5.2209693780946864e-05,0.0,0.9820129401341374,0.0,0.0,0.0,0.0,1.192240617342577e-07,0.0,4.768950248035253e-07,0.9996944526857977,0.0,2.384476545103098e-07,0.0,0.0,4.768950248035253e-07,0.0,7.152118257636175e-07,5.244836645101891e-06,0.0,0.0010989166930915895,0.9999886760374438,0.09008834541493749
0.0,0.0,1.454348372897929e-05,0.0,3.5763732452176455e-06,0.0,8.344533100057561e-07,0.0,0.0,0.0,0.0,0.0,0.0,0.9949390363291958,0.0,0.0,0.0,6.913942543262941e-06,0.0,0.0,0.0001881731615664961,0.0,0.0,0.0,0.9999996423941084
0.0,1.192240617342577e-07,0.9997915662236323,0.0,0.0005442450471966342,0.0,6.532839838668814e-05,0.0,0.0,0.0,0.0,0.0,0.0,0.9988119955555144,0.0,0.0,0.0,1.192240617342577e-07,0.0,0.0,5.328289162320754e-05,0.0,0.0,0.0,0.9999996423941084
0.0,1.192240617342577e-07,0.9998039614533707,0.0,0.9987157909548292,0.0,2.264949380159642e-06,0.0,0.0,0.0,0.0,0.0,0.0,5.996193345758627e-05,2.384476545103098e-07,0.0,0.0,3.4570836574543407e-06,0.0,0.0,0.9883141239633058,0.0,0.0,0.0,0.9999994039743072
0.0,0.0,0.002845497122827778,0.0,0.000393572151781707,0.0,0.0,0.0,0.0,0.0,0.0,0.0,0.0,0.00013682514988033745,0.0,0.0,0.0,4.5295080610685545e-05,0.0,0.0,0.9669139669229847,0.0,0.0,0.0,0.9999926089435868
0.0,0.007346129281098013,0.9999498172733181,0.0,0.9998089667653197,0.0,0.9996692031374187,0.0,0.0,0.0,0.0,0.0,0.0,0.0,1.1562366811213032e-05,0.0,0.0,0.0007253038315258031,1.192240617342577e-07,0.0,0.9998942745092221,0.0,0.0,0.0,0.0
0.1441530357555052,0.0,0.0,0.0,0.999899043166482,0.0,7.152118257636175e-07,0.0,0.0,0.9999998807761656,0.0,0.0,0.0,0.0,0.0,0.0,6.079235556621931e-06,9.356650367198238e-05,0.0,0.0,2.6224444984457307e-06,0.0,1.0729066772796614e-06,0.0,1.0489645781874835e-05
0.0,0.0,0.0002656523538143718,0.0,0.8991200090138958,0.0,1.192240617342577e-07,0.0,0.0,0.0,0.0,0.0,0.0,1.192240617342577e-07,0.0,0.0,0.0,1.5379635408985237e-05,0.0,0.0,1.192240617342577e-07,0.0,0.08035072687879852,0.9999536321356571,0.27514648179775236
9.417177575965496e-06,0.0,0.0,0.0,0.9914223977915555,0.0,6.198460485218327e-06,0.0,0.0,0.9999997615523455,0.0,0.0,0.0,0.0,0.0,0.0,0.0,3.4570836574543407e-06,0.0,0.0,5.256741909587248e-05,0.0,0.00014921295109282529,0.0,2.384476545103098e-07
0.0,0.0,0.0,0.0,9.059744912831569e-06,0.0,0.0,0.0,0.0,0.999998569577201,0.0,0.0,0.0,0.0,0.0,0.0,2.264949380159642e-06,0.0001257489001093015,0.0,0.0,1.192240617342577e-07,0.0,0.0,0.0,0.0
3.57605976830655e-07,0.0,2.384476545103098e-07,0.0,0.9999723445166412,0.0,5.960258064874324e-07,0.0,0.0,0.9999998807761656,0.0,0.0,0.0,0.00016910814570081367,0.0,0.0,0.0,7.152118257636175e-07,0.0,0.0,0.9959295790311157,0.0,1.192240617342577e-07,0.0,0.9987694203530557
0.9999675734780515,0.0,0.0,0.0,0.9999284775370956,0.0,4.768950248035253e-07,0.0,0.0,0.9999997615523455,0.0,0.0,0.0,0.0,2.384476545103098e-07,0.0,0.0,0.0715876487505841,0.0,2.384476545103098e-07,2.5151294017145e-05,0.0,0.0,0.0,0.0
1.192240617342577e-07,0.0,2.384476545103098e-07,0.0,0.9998665097712758,0.0,0.0,1.192240617342577e-07,0.0,1.0,0.0,0.0,0.0,0.0,0.0,0.0,7.152118257636175e-07,0.30739715786809774,0.0,2.384476545103098e-07,1.192240617342577e-07,0.0,0.0,0.0,0.0
0.018547864489707355,0.0,1.0729066772796614e-06,0.0,0.9999655484685032,0.0,1.9075798713963366e-06,0.0,0.0,1.0,0.0,0.0,0.0,0.0,0.0,0.0,3.57605976830655e-07,0.9999592337750581,0.0,0.0,0.9324543566645909,0.0,4.172491279819113e-06,0.9999458823641708,0.9999100090029954
3.337807925274383e-06,0.0,0.0,0.0,0.999992369703257,0.0,0.0,0.0,0.0,0.9999998807761656,0.0,0.0,0.0,0.0,0.0,0.0,0.0,0.9997101730661793,0.0,0.0,1.192240617342577e-07,0.0,0.0,0.0,0.0
9.178885813310167e-06,0.0,0.0,0.0,0.9935110504802289,0.0,0.0,0.0,0.0,0.9999998807761656,0.0,0.0,0.0,0.0,0.0,0.0,2.384476545103098e-07,1.2039213576175989e-05,0.0,0.0,1.192051257703497e-06,0.0,2.3841004124225407e-06,0.0,0.0
0.0005110319435357447,0.0,0.0,0.0,0.99988044233292,0.0,0.0,0.0,0.0,0.9999996423941084,0.0,0.0,0.0,0.0,0.0,0.0,0.0,1.3470056046682721e-05,0.0,0.0,1.1562366811213032e-05,0.0,0.0,0.0,0.0
4.768950248035253e-07,0.0,0.022288796558971535,0.0,0.9999572078511155,0.0,4.67254792029248e-05,0.0,0.0,0.9999990462097231,0.0,0.0,0.0,4.768950248035253e-07,0.0,0.0,0.0,0.9999907019696626,0.0,0.0,0.9983514939350135,0.0,0.0,1.192240617342577e-07,0.9995190934418305
0.0,0.0,0.0010989166930915895,0.0,0.9863637055117915,0.0,1.0729066772796614e-06,0.0,0.0,3.57605976830655e-07,1.192240617342577e-07,0.0,0.0,7.152118257636175e-07,3.815155876552012e-06,0.0,0.0,0.9980730916867468,0.0,1.9549182886047234e-05,0.9982993396932237,0.0,0.9999938015395148,0.0,0.9999951126684495
0.0,0.0,1.192240617342577e-07,0.0,9.01101810085736e-05,0.0,0.0,0.0,0.0,0.0,1.192240617342577e-07,0.0,0.0,0.0,0.0,0.0,0.0,1.192240617342577e-07,0.0,0.0,2.860843551943937e-06,0.0,0.9999988079489697,0.0,0.0
0.0,0.0,0.99988008454417,0.0,0.0028012776335177847,0.0,1.6689859979157617e-05,0.0,0.0,5.960258064874324e-07,0.0,0.0,3.337807925274383e-06,0.0,0.0,0.0,0.9991699461621898,5.840804528811638e-06,0.0,1.192240617342577e-07,0.00012182372338476188,0.0,0.7431913163448295,1.192051257703497e-06,2.288619570722794e-05
0.0,0.0,7.868505883856791e-06,0.0,0.999993563070601,0.0,0.00017983174922231449,0.0,0.0,0.0,0.0,0.0,0.0,0.0,0.0,0.9999990462097231,0.0,1.0728006353044606e-05,0.0,0.0,0.027586175275252978,0.0,0.0,0.0,0.0001861473321158602
0.0,0.0,1.4304229126738122e-06,0.0,5.5071680289842107e-05,0.0,5.72159797485039e-06,0.0,0.0,0.0,0.0,0.0,0.0,3.254563278098921e-05,0.0,0.0,0.0,1.1919997756737466e-05,0.0,0.0,3.815155876552012e-06,0.0,0.0,0.0,0.9999994039743072
0.0,0.0,7.152118257636175e-07,0.0,0.9883141239633058,0.0,0.0,0.0,0.0,2.384476545103098e-07,0.0,4.0051245479788555e-05,0.9999952318244132,0.7981773813708289,0.0,0.0,0.0,0.0,0.0,1.192240617342577e-07,1.0729066772796614e-06,0.0,0.002019036087723247,0.9999998807761656,0.9999569694864211
0.0,0.0,1.192240617342577e-07,0.0,0.0,0.0,0.0,0.0,0.0,0.0,0.0,0.9999817614542512,5.960258064874324e-07,0.0,0.0,0.0,0.0,0.0,0.0,0.0,0.0,0.0,1.192240617342577e-07,0.9999188272545736,0.0
0.0,0.0,1.192240617342577e-07,0.0,1.192240617342577e-07,0.0,0.0,0.0,0.0,0.0,0.0,0.0002456472765330897,7.152118257636175e-07,4.768950248035253e-07,0.0,0.0,0.0,0.0,0.0,0.0,0.0,0.0,0.0,0.993709465432879,0.0
0.0,0.0,0.0007797028608986789,0.0,0.0001742315046926457,0.0,0.0,0.0,0.0,3.0992980275534876e-06,0.0,4.768950248035253e-07,0.9997387536197399,0.9999957083847452,0.0,0.0,0.0,0.0,0.0,8.915676700804731e-05,2.384476545103098e-07,0.0,3.611935132274979e-05,0.9999978541875693,0.9999997615523455
0.0,3.6956766884532755e-06,1.192240617342577e-07,0.0,0.9974487385830698,0.0,0.0,0.0,0.0,0.0,0.0,4.410745809479977e-06,1.192240617342577e-07,5.960258064874324e-07,0.0,0.0,0.0,0.012820264178472485,0.0,4.768950248035253e-07,1.192240617342577e-07,0.0,0.0,0.0,1.3350801972178417e-05
0.0,0.0,0.9956000699460968,0.0,0.9999960657392052,0.0,3.57605976830655e-07,0.0,0.0,0.9997931157098763,0.0,0.0,0.9998338704375862,0.9999835483784375,0.0,0.0,0.0,0.0,0.0,8.940606499252546e-06,0.9950942605713213,0.0,2.145812430742744e-06,0.999998927093209,0.9997797655058547
0.0,0.0,0.0,0.0,0.9740409968304545,0.0,0.0,0.0,0.0,0.0,0.0,0.0,0.9995725930859284,1.192240617342577e-07,0.0,0.0,0.0,0.0,0.0,1.192240617342577e-07,0.0,0.0,0.0,0.9999982118117786,0.0
0.0,0.0,3.57605976830655e-07,0.0,0.8354658125751339,0.0,0.0,0.0,0.0,0.0,0.0,0.002396980033273932,0.9999974967344724,0.0,0.0,0.0,0.0,0.0,0.0,1.192240617342577e-07,0.0,0.00015540742694075682,2.264949380159642e-06,0.9999997615523455,0.0
0.0,0.0,0.0,0.0,0.0013044224673198768,0.0,0.0,0.0,0.0,0.0,0.0,0.9993881394710966,0.9999974967344724,5.960258064874324e-07,0.0,7.152118257636175e-07,0.0,0.0,0.0,3.0992980275534876e-06,0.0,0.0,0.0014778638941044253,0.9999990462097231,0.0
0.0,0.0,6.198460485218327e-06,0.0,0.9999967814539513,0.0,1.192240617342577e-07,0.0,0.0,0.0,0.0,9.537902768697037e-07,0.9999908211141867,0.0,0.0,0.0,0.0,0.0,0.0,0.9099119528776036,0.0009111137431092597,0.0,5.960258064874324e-07,0.9999995231047478,0.0
0.0,0.0,0.0,0.0,0.9999988079489697,0.0,2.384476545103098e-07,0.0,2.384476545103098e-07,0.0,0.0,0.0,0.9999662632051062,8.344533100057561e-07,0.0,0.0,0.0,0.0,0.0,0.9835973719776401,0.9999958275089476,0.0,0.0,0.9999967814539513,0.0
0.0,0.0,1.192240617342577e-07,0.0,0.9820130571992094,0.0,1.192240617342577e-07,0.0,0.0,0.0,0.0,3.57605976830655e-07,0.999989271993647,0.21204092840452848,0.0,0.0,0.0,3.075903405747038e-05,0.0,6.628127535068806e-05,2.5032657550161375e-06,0.0,0.0015731746466691732,0.9999799741767433,1.3470056046682721e-05
0.0,0.0,4.768950248035253e-07,0.0,0.001208935716624615,0.0,0.0,0.0,0.0,0.0,0.0,1.037046934038166e-05,0.9999988079489697,0.0023598227009553607,0.0,0.0,0.0,0.0,0.0,3.5763732452176455e-06,0.0,0.0,0.0002782752965979629,0.9999997615523455,0.0
0.0,0.0,1.3112231088685533e-06,0.0,0.0004762592429452539,0.0,0.0,0.0,0.0,0.0,0.0,3.98129235018585e-05,0.9999294305252449,0.0,0.0,0.0,0.0,0.0,0.0,2.384476545103098e-07,2.384476545103098e-07,0.0,0.0,0.9999951126684495,0.0
0.0,0.0,0.0,0.0,2.7536219380341898e-05,0.0,0.0,0.0,0.0,0.0,0.0,0.9999998807761656,0.9999978541875693,0.0,0.0,5.00649341150794e-06,0.0,0.0,0.0,4.768950248035253e-07,0.0,0.0,1.192240617342577e-07,0.9999796166797892,0.0
1.0,0.0,0.0,0.0,0.005820636660057832,0.0,0.0,0.0,0.0,0.9999998807761656,0.0,0.9999918932709349,0.0,0.0,0.0,0.0,0.0,0.0,0.0,4.768950248035253e-07,0.0,0.0,2.3841004124225407e-06,0.0,0.0
0.9999977350503925,0.0,6.354182185730473e-05,0.0,0.9835973719776401,0.0,2.384476545103098e-07,0.0,0.0,0.9999697203457416,0.0,3.4570836574543407e-06,0.9969240230200946,0.0017545900870168385,0.0,0.0,0.0,0.0,0.0,1.5496499871092695e-06,9.201707971751016e-05,0.0,1.585605744547358e-05,4.648706832521832e-05,0.9999998807761656
0.9999948743383752,0.0,0.9999909402550872,0.0,0.9999984503497855,0.0,8.344533100057561e-07,0.0,0.0,0.9999994039743072,0.0,0.0,0.00011645695441131476,0.0,0.0,0.0,0.0,0.0,0.0,2.741637097347649e-06,0.9999957083847452,0.0,0.9999709132436002,3.57605976830655e-07,2.5032657550161375e-06
0.9999986887770048,0.0,0.0,0.0,0.0005274599720171969,0.0,5.960016525530243e-06,0.0,0.0,0.9999566119431239,0.0,9.537902768697037e-07,7.807487480626651e-05,2.384476545103098e-07,0.0,0.0,2.9800638619015274e-06,0.0,0.0,7.747916550560063e-05,4.768950248035253e-07,0.0,0.0,0.0,0.9999902253607852
0.9884930137138327,0.0,0.003945863296131336,0.0,0.0002456472765330897,0.0,1.192240617342577e-07,0.0,0.0,0.00036855582829631306,0.0,1.192240617342577e-07,0.0002167775690921081,0.9996798034046352,0.0,0.0,2.384476545103098e-07,0.9755745489979756,0.0,6.079235556621931e-06,8.344533100057561e-07,0.0,0.0,0.0,0.9999984503497855
0.999998569577201,0.0,0.0,0.0,0.9999307408554218,0.0,0.004070302708585771,0.0,0.0,0.9999982118117786,0.0,0.0,0.0,0.0,0.0,0.0,4.410745809479977e-06,1.192240617342577e-07,0.0,0.0,8.702340543398357e-06,0.0,1.192240617342577e-07,1.192240617342577e-07,0.9999927282315825
0.9999997615523455,0.0,2.384476545103098e-07,0.0,0.0002960196952020988,0.0,1.192051257703497e-06,0.0,0.0,0.9999986887770048,0.0,1.192240617342577e-07,0.0,0.0,0.0,0.0,0.0,0.0,0.0,0.0,1.192240617342577e-07,0.0,1.192240617342577e-07,0.0,9.537902768697037e-07
0.0,0.0,0.0,0.0,0.0020506473107041456,0.0,0.0,0.0,0.0,0.0,0.0,0.9999759217177903,0.0005579349252206045,0.0,0.0,0.0,0.0,0.0,0.0,0.0,0.0,0.0,0.0,0.9999543473293828,0.0
0.0,0.0,0.001727388310101885,0.0,5.364017562903278e-06,0.0,5.125661624805211e-06,0.0,0.0,0.0,0.0,5.483205060219376e-06,0.0,0.00038022986226549094,0.0,0.0,4.768950248035253e-07,2.9800638619015274e-06,0.0,0.0,1.9075798713963366e-06,0.0,0.0,1.6213392638686486e-05,0.9999997615523455
0.9999977350503925,0.0,8.344533100057561e-07,0.0,0.0015011586588349335,0.0,3.57605976830655e-07,0.0,0.0,0.9999855757990935,0.0,6.72341652755426e-05,0.0,3.57605976830655e-07,0.0,0.0,0.0,0.00011824580762476167,0.0,2.384476545103098e-07,4.768950248035253e-07,0.0,0.0,0.0,3.5763732452176455e-06
0.9999589954426212,0.0,0.9999079829205099,0.0,0.9999557776456125,0.0,4.0170406333750464e-05,0.0,0.0,0.3345714631968663,0.0,1.192240617342577e-07,0.0,0.0,0.012052801764628973,2.384476545103098e-07,0.0,0.0,0.0,1.4304229126738122e-06,0.9999023808988867,0.0,0.0,0.9511422692580376,0.0
0.9989675835344494,0.0,0.0,0.0,2.6224444984457307e-06,0.0,1.192240617342577e-07,0.0,0.0,1.8000269957685333e-05,0.0,0.0,0.0,0.0,0.0,0.0,0.0,1.192240617342577e-07,0.0,0.0,1.192240617342577e-07,0.0,0.0,0.0,1.6689054689322802e-06
0.0,0.0,0.0,0.0,1.192240617342577e-07,0.0,2.6224444984457307e-06,0.0,0.0,0.0,0.0,0.0,0.0,0.0,0.0,0.0,0.0,2.3841004124225407e-06,0.0,0.0,1.192240617342577e-07,0.0,0.0,0.0,2.860843551943937e-06
0.0,0.0,0.0,0.0,1.192240617342577e-07,0.0,8.225844613463096e-06,0.0,0.0,0.0,0.0,0.0,0.0,0.0,0.0,0.0,0.0,8.344533100057561e-07,0.0,0.0,0.0,0.0,0.0,0.0,0.0
0.0,0.0,0.0,0.0,3.57605976830655e-07,0.0,0.0,0.0,0.0,0.0,0.0,0.00022714870097861883,0.0,0.0,0.0,0.0,0.0,0.0,0.0,2.384476545103098e-07,0.0,0.0,0.0,0.9999818805922533,0.0
0.9999666205590478,0.0,1.4662768811013471e-05,0.0,0.9984988413411652,0.0,0.7773477507106579,1.0729066772796614e-06,0.0,3.063993415308719e-05,0.0,0.0,0.0,3.6956766884532755e-06,0.0,0.0,0.0,0.00019150990766003684,0.0,0.0,0.9324543566645909,0.0,0.0,0.0,0.9999587571066034
0.9997173184552947,0.0,0.0,0.0,5.483205060219376e-06,0.0,1.192240617342577e-07,0.0,0.0,0.002591480971814608,0.0,2.384476545103098e-07,0.0,0.0,0.0,0.0,0.0,4.768950248035253e-07,0.0,0.0,1.192240617342577e-07,0.0,0.0,0.0,2.384476545103098e-07
0.0,0.0,0.0,0.0,0.9999940399834745,0.0,4.768950248035253e-07,0.0,0.0,0.9999998807761656,0.0,0.0,0.0,0.0,0.0,0.0,0.0,0.9957344705188129,0.0,0.0,0.03963802770081504,0.0,1.108557052253989e-05,0.0,0.0
0.0,0.0,1.192240617342577e-07,0.0,0.7431914492378047,0.0,0.0,0.0,0.0,0.0,0.0,1.4304922389740682e-05,0.9999827145241054,0.0,0.0,0.0,0.0,0.0,0.0,1.192240617342577e-07,0.0,4.768950248035253e-07,2.9800638619015274e-06,0.9999998807761656,0.0
0.0,0.0,0.0,0.0,0.0028900652097693103,0.0,0.0,0.0,0.0,0.0,0.0,0.9999673352564007,0.0,0.0,0.0,0.0,0.0,3.57605976830655e-07,0.0,0.0,4.768950248035253e-07,0.0,1.192240617342577e-07,0.9999995231047478,0.0
0.0,0.0,3.6956766884532755e-06,0.0,0.9998665097712758,0.0,3.337807925274383e-06,0.0,0.0,0.9999984503497855,0.0,0.0,0.0,0.002359941628925055,0.43782547441925423,0.0,0.0,0.004199201809821251,0.0,0.0,0.0006216218087140568,0.0,0.0,0.0,0.9999997615523455
0.0,0.0,0.00035199851471745536,0.0,0.9999148950210192,0.0,0.0,0.0,0.0,0.0,0.0,3.74298886297586e-05,0.9995952294119721,0.0,0.00043110037914873,0.0,0.0,0.0,0.0,1.192240617342577e-07,3.659589830584675e-05,0.0,1.0729066772796614e-06,0.9999998807761656,0.0
0.0,0.0,0.20181077732033625,0.0,6.794679274113591e-06,0.0,0.0,0.0,0.0,0.0,0.0,4.5298824890016576e-06,0.0,0.0,9.537902768697037e-07,0.0,0.0,0.0,0.0,0.0,4.768950248035253e-07,0.0,0.0,0.9999952318244132,1.931087080087046e-05
0.0,2.3601429135045038e-05,0.0,0.0,2.384476545103098e-07,0.0,0.0,0.0,0.0,0.0,0.0,0.9999887952344767,0.0,0.0,0.0,0.0,0.0,0.0,0.0,0.0,0.0,0.0,0.0,3.57605976830655e-07,0.0
0.0,0.9999995231047478,0.0,0.0,0.0,0.0,0.0,0.0,0.0,0.0,0.0,0.9999996423941084,0.0,0.9999957083847452,0.0,0.0,0.0,1.192240617342577e-07,0.0,0.0,0.0,0.0,0.0,0.0,0.0
0.0,0.9998325598633385,2.384476545103098e-07,0.0,1.192240617342577e-07,0.0,1.192240617342577e-07,0.0,0.0,0.0,0.0,0.9999958275089476,0.0,0.0,0.0,0.0,0.0,0.0,0.0,0.0,2.2290207969399845e-05,0.0,0.0,0.0,0.0
0.0,0.9999992847883448,0.0,0.0,1.192240617342577e-07,0.0,1.192240617342577e-07,0.0,0.0,0.0,0.0,0.99988044233292,0.0,1.192240617342577e-07,0.0,0.0,0.0,0.0,0.0,0.0,2.9086756172413963e-05,0.0,0.0,0.0,0.0
0.0,1.788187994011814e-06,0.0,0.0,0.0,0.0,0.0,0.0,0.0,0.0,0.0,0.9591551746821484,3.57605976830655e-07,0.0,0.0,0.0,0.0,0.0,0.0,0.0,0.0,0.0,0.0,0.0,0.0
0.0,0.9999930860574567,0.0,0.0,1.192240617342577e-07,0.0,0.0,0.0,0.0,0.0,0.0,0.999998092420356,0.0,0.9999513671503331,0.0,0.0,0.0,0.0,0.0,0.0,0.0,0.0,0.0,0.0,0.0
0.0,2.0740831361387713e-05,2.3841004124225407e-06,0.0,1.192240617342577e-07,0.0,0.0,0.0,0.0,0.0,0.0,0.9999834292602452,1.5496499871092695e-06,4.768950248035253e-07,0.0,0.0,0.0,0.0,0.0,0.0,0.0,0.0,1.192240617342577e-07,0.8933046334465495,0.0
0.0,3.183097098347076e-05,2.384476545103098e-07,0.0,2.384476545103098e-07,0.0,0.0,0.0,0.0,0.0,0.0,0.9978172370466554,0.0,2.145812430742744e-06,0.0,0.0,0.0,0.0,0.0,0.0,2.384476545103098e-07,0.0,0.0,2.2171017473149313e-05,0.0
0.0,0.964855519632234,0.0,1.192240617342577e-07,1.192240617342577e-07,0.0,0.0,0.0,0.0,0.0,0.0,0.8031878426763854,2.384476545103098e-07,6.890178855278872e-05,0.0,0.0,0.0,0.0001414703912995252,0.0,0.0,0.0,0.0,0.0,1.6689054689322802e-06,0.0
0.0,5.0540416344002637e-05,0.0,0.0,2.384476545103098e-07,0.0,0.0,0.0,0.0,0.0,0.0,0.9991030507308959,3.57605976830655e-07,7.152118257636175e-07,0.0,0.0,0.0,1.192240617342577e-07,0.0,0.0,0.0,0.0,0.0,0.0,0.0
0.0,0.9999829527748854,0.0,0.0,2.384476545103098e-07,0.0,1.192240617342577e-07,0.0,0.0,0.0,0.0,0.9999961848443508,0.0,0.9999990462097231,0.0,0.0,0.0,0.0,0.0,0.0,3.29029722417884e-05,0.0,1.192240617342577e-07,1.192240617342577e-07,0.9990150557540896
0.0,5.960258064874324e-07,1.5496499871092695e-06,0.0,1.192240617342577e-07,0.0,0.0,0.0,0.0,0.0,0.0,0.9999876031174505,0.0,0.9996294190902875,0.0,0.0,0.0,0.0,0.0,0.0,0.0,0.0,0.0,0.0,0.9999974967344724
0.0,0.9999886760374438,0.0,0.0,2.02668910964654e-06,0.0,0.0,0.0,0.0,0.0,0.0,0.4378221956110458,0.0,0.9992322005853588,0.0,0.0,0.0,1.192240617342577e-07,0.0,0.0,0.0,0.0,0.0,0.9850421725524086,0.0
0.0,0.9999586379386157,0.0,0.0,2.02668910964654e-06,0.0,0.0,0.0,0.0,0.0,0.0,0.999990582822424,0.9997798847179948,0.9997543527234669,0.0,0.0,0.0,5.244836645101891e-06,0.0,0.0,0.0,0.0,0.0,2.741637097347649e-06,1.192240617342577e-07
0.0,0.9999992847883448,0.0,0.0,0.0,0.0,0.0,0.0,0.0,0.0,0.0,0.9998655569522182,0.0,0.9999941591956986,0.0,0.0,0.0,0.0,0.0,0.0,0.0,0.0,0.0,0.0,2.384476545103098e-07
0.0,0.9999998807761656,0.0,0.0,1.192240617342577e-07,0.0,0.0,0.0,0.0,0.0,0.0,0.9433470852218695,2.384476545103098e-07,0.999998927093209,0.0,0.0,0.0,1.192240617342577e-07,0.0,0.0,0.0,0.0,0.0,0.0,0.0005796005258754677
0.0,0.9997364910996742,1.192240617342577e-07,0.0,1.3112231088685533e-06,0.0,0.0,0.0,0.0,0.0,0.0,7.152118257636175e-07,1.192240617342577e-07,0.9999986887770048,0.0,0.0,0.0,0.0,0.0,0.0,0.0,0.0,0.0,4.291615254836678e-06,0.999985933626501
0.0,1.192240617342577e-07,3.373679489382386e-05,0.0,1.192240617342577e-07,0.0,0.0,0.0,0.0,0.0,0.0,0.2689435566902596,0.0,0.9996992165277038,0.0,0.0,0.0,0.0,0.0,0.0,0.0,0.0,0.0,3.6956766884532755e-06,0.9999855757990935
0.0,1.192240617342577e-07,0.999964833710584,0.0,0.0,0.0,0.0,0.0,0.0,0.0,0.0,0.9999587571066034,1.192240617342577e-07,0.9999321702648295,0.0,0.0,0.0,0.0,0.0,0.0,0.0,0.0,0.0,0.005220619058300402,0.9999992847883448
0.0,7.152486773853717e-06,0.9999748487059829,0.0,0.0,0.0,0.0,0.0,0.0,0.0,0.0,0.9999864106871647,0.0,0.9998859280551109,0.0,0.0,0.0,0.0,0.0,0.0,0.0,0.0,0.0,1.0729066772796614e-06,0.9999997615523455
0.0,0.00040286444599701987,2.0264153133608964e-05,9.774639442183819e-06,2.384476545103098e-07,0.0,0.0,0.0,0.0,0.0,0.0,4.172491279819113e-06,0.0,0.999985337231189,0.0,0.0,0.0,0.0,0.0,0.0,0.0,0.0,0.0,0.0,0.9999996423941084
0.0,2.384476545103098e-07,1.192240617342577e-07,0.0,1.5496499871092695e-06,0.0,0.0,0.0,0.0,0.0,0.0,0.999496705865232,2.8490363323974144e-05,1.4304229126738122e-06,0.0,0.0,0.0,0.0,0.0,0.0,0.0,0.0,0.0,0.9998555517667413,0.9984988413411652
0.0,1.192240617342577e-07,6.913942543262941e-06,0.0,5.960258064874324e-07,0.0,0.0,0.0,0.0,0.0,0.0,3.57605976830655e-07,0.0,0.9999983310946448,0.0,0.0,0.0,1.5379635408985237e-05,0.0,0.0,0.0,0.0,0.0,0.0,1.0
0.0,3.4570836574543407e-06,1.5496499871092695e-06,0.0,2.384476545103098e-07,0.0,0.0,0.0,0.0,0.0,0.0,0.9999918932709349,0.0,1.192240617342577e-07,0.0,0.0,0.0,0.0,0.0,0.0,1.192240617342577e-07,0.0,0.0,3.57605976830655e-07,1.192240617342577e-07
0.0,0.0033246398964745794,8.583211864254814e-06,0.0,1.192240617342577e-07,0.0,0.0,0.0,0.0,0.0,0.0,0.9998958243801755,0.0,0.9981323445812946,0.0,0.0,0.0,0.0,0.0,0.0,0.0,0.0,0.0,0.0,4.4937494341645845e-05
0.0,0.00048436230837056726,0.0,0.0,1.192240617342577e-07,0.0,0.0,0.0,0.0,0.0,0.0,0.9999979733108904,0.0,0.0,0.0,3.57605976830655e-07,0.0,0.0,1.3947103124856142e-05,0.0,0.0,0.0,0.0,0.0,0.0
0.0,0.0,2.384476545103098e-07,3.57605976830655e-07,1.192240617342577e-07,0.0,1.192240617342577e-07,0.0,0.0,0.0,0.0,9.537902768697037e-07,0.0,0.0,0.0,0.0,0.0,0.0,0.0,0.0,0.0,0.0,0.0,0.0,1.8238545748783253e-05
0.0,0.9615345500630517,0.0018034062549070473,0.0,1.192240617342577e-07,0.0,0.0,0.0,0.0,0.0,0.0,0.9995939189323432,0.0,0.9981465948446504,0.0,0.0,0.0,0.0,0.0,0.0,0.0,0.0,0.0,0.0,0.0004658923965303874
0.0,1.192051257703497e-06,1.192051257703497e-06,0.0,0.0,0.0,0.0,0.0,0.0,0.0,0.0,0.00015874308977281704,0.0,0.9999978541875693,0.0,0.0,0.0,0.0,0.0,0.0,0.0,0.0,0.0,0.0,1.0
0.0,5.72159797485039e-06,0.9995759290595159,0.0,2.300539657718037e-05,0.0,0.0,0.0,0.0,0.0,0.0,4.768950248035253e-07,0.0,0.9999806891291991,0.0,0.0,0.0,4.768950248035253e-07,0.0,0.0,0.0,0.0,0.0,0.0,1.0
0.0,1.192240617342577e-07,0.0,0.0,0.9997640290025548,0.0,0.0,0.0,0.0,0.0,0.0,6.675423266711e-06,0.0,0.9999983310946448,0.0,0.0,0.0,3.57605976830655e-07,0.0,0.0,0.0,0.0,0.0,0.0,0.9999998807761656
0.0,3.57605976830655e-07,0.0001742315046926457,0.0,0.0,0.0,0.0,0.0,0.0,0.0,0.0,8.344964695150558e-06,0.0,0.9999986887770048,0.0,0.0,0.0,0.0,0.0,0.0,0.0,0.0,0.0,0.0,0.9999998807761656
0.0,0.0,6.33036150651245e-05,0.0,3.57605976830655e-07,0.0,0.0,0.0,0.0,0.0,0.0,2.3124599479285024e-05,2.384476545103098e-07,0.9999984503497855,0.0,0.0,0.0,1.192240617342577e-07,0.0,0.0,0.0,0.0,0.0,0.0,1.0
0.0,0.0,0.002758119607019216,0.0,1.4304229126738122e-06,0.0,0.0,0.0,0.0,0.0,0.0,0.0,1.192240617342577e-07,0.9999926089435868,0.0,0.0,0.0,0.0,0.0,0.0,1.192240617342577e-07,0.0,0.0,0.0,0.9999996423941084
0.0,0.0,2.384476545103098e-07,0.0,2.384476545103098e-07,0.0,0.0,0.0,0.0,0.0,0.0,0.0,0.0,0.9999747294724145,0.0,0.0,0.0,1.192240617342577e-07,0.0,0.0,0.0,0.0,0.0,0.0,1.0
0.0,0.0,0.9996693222199986,0.0,1.192240617342577e-07,0.0,0.0,0.0,0.0,0.0,0.0,0.0,0.0,0.9999902253607852,0.0,0.0,0.0,0.9996518131307531,0.0,0.0,0.0,0.0,0.0,0.0,1.0
0.0,2.157507887545762e-05,1.192240617342577e-07,0.0,0.0,0.0,0.0,0.0,0.0,0.0,0.0,1.9075798713963366e-06,0.0,0.9999997615523455,0.0,0.0,0.0,5.960258064874324e-07,0.0,0.0,0.0,0.0,0.0,0.0,1.0
0.0,2.3363012743971012e-05,0.99976188292927,0.0,1.192240617342577e-07,0.0,0.0,0.0,0.0,0.0,0.0,0.9999990462097231,0.9999928475132261,1.192240617342577e-07,0.0,0.0,0.0,0.0,0.0,0.0,0.0,0.0,0.0,0.999742564156203,0.0
0.0,0.0002202344943728063,1.7761999112075877e-05,0.0,1.192240617342577e-07,0.0,0.0,0.0,0.0,0.0,0.0,1.4304229126738122e-06,0.0006026944339341256,0.9998462603573836,0.0,0.0,0.0,1.192240617342577e-07,0.0,0.0,0.0,0.0,0.0,0.0001662487080162922,0.9999997615523455
0.0,5.960258064874324e-07,0.9999977350503925,0.0,1.2396882322129876e-05,0.0,1.192240617342577e-07,0.0,0.0,0.0,0.0,3.57605976830655e-07,0.990874706406665,0.0002345403135366464,0.9996944526857977,0.0,0.0,1.6689054689322802e-06,0.0,0.0,0.00522085530569838,0.0,0.0,0.00014456733802270527,0.9999943976015448
0.0,0.0,0.0,0.0,5.960258064874324e-07,0.0,2.741637097347649e-06,0.0,0.0,0.0,0.0,0.0,0.0,0.0,0.0,0.0,0.0,0.0,0.0,0.0,1.192240617342577e-07,0.0,0.0,0.0,0.0
0.0,0.0,0.0,0.0,2.384476545103098e-07,0.0,0.0,0.0,0.0,0.0,0.0,0.0,0.0,3.57605976830655e-07,0.0,0.0,0.0,0.0,0.0,0.0,0.0,0.0,0.0,0.0,0.025181063221890843
0.0,5.72159797485039e-06,7.152118257636175e-07,0.0,3.57605976830655e-07,0.0,0.0,0.0,0.0,0.0,0.0,0.9961756543690632,0.0,0.5156195357071959,0.0,1.192240617342577e-07,0.0,0.0,0.0,0.0,0.0,0.0,0.0,0.0,0.9998052723975059
0.0,8.117274542640551e-05,0.0,0.0,0.0,0.0,0.0,0.0,0.0,0.0,0.0,0.9999593529431167,0.0,0.001926670818820586,0.0,0.0,0.0,0.0,0.0,0.0,0.0,0.0,0.0,3.2188300240765244e-05,0.0
0.0,0.0,0.0,0.0,0.0,0.0,0.0,0.0,0.0,0.0,0.0,0.0,0.0,0.0,0.0,0.0,0.0,0.0,0.0,0.0,0.0,0.0,0.0,0.0,0.0
0.0,0.9998511444197805,1.192240617342577e-07,0.0,2.384476545103098e-07,0.0,0.0,0.0,0.0,0.0,0.0,0.0002036661836238851,1.192240617342577e-07,0.0,0.0,0.0003809446132708727,0.0,0.0,0.0,0.0,0.0,0.0,0.0,0.0,0.0
0.0,5.72159797485039e-06,0.9997083866977852,0.0,2.384476545103098e-07,0.0,0.0,0.0,0.0,0.0,0.0,0.9991306657634722,0.0,0.0,0.0,0.0,0.0,0.0,0.0,0.0,1.192240617342577e-07,0.0,0.0,0.9854960696416186,0.0
0.0,0.9992326767657004,0.9998117076661323,0.0,0.9149074170005624,0.0,0.0,0.0,0.0,0.0,0.0,5.125661624805211e-06,2.384476545103098e-07,0.0,6.079235556621931e-06,0.0,3.8859672537361334e-05,0.0,0.0,0.0,0.8354658125751339,0.0,1.192240617342577e-07,0.0,0.0
0.0,0.9949391544718739,0.009125410792199418,0.0,1.3470056046682721e-05,0.0,0.0,0.0,0.0,0.0,0.0,0.0021490263783946473,0.0,0.0,0.0,0.0,0.0,0.0,0.0,0.0,9.058690233232358e-05,0.0,0.0,5.853050294002404e-05,0.0
0.0,0.999998927093209,0.0,0.0,5.960258064874324e-07,0.0,1.192240617342577e-07,0.0,0.0,0.0,0.0,0.0008071995710858815,0.0,1.2993058080335018e-05,0.0,0.0,0.0,0.0,0.0,0.0,1.6689054689322802e-06,0.0,0.0,0.0,0.9998229088333415
0.0,0.9999977350503925,0.0,2.384476545103098e-07,4.768950248035253e-07,0.0,2.02668910964654e-06,0.0,0.0,0.0,0.0,0.7879236455292392,2.384476545103098e-07,3.93426102218708e-06,0.0,0.0,1.192240617342577e-07,0.0,3.218546048677773e-06,0.0,4.624866398406091e-05,0.0,1.192240617342577e-07,0.0,2.145812430742744e-06
0.0,0.9999593529431167,2.2528597331983313e-05,0.0,0.01322180014815566,0.0,1.192240617342577e-07,0.0,0.0,0.0,0.0,0.004199083564814465,7.868505883856791e-06,0.0,0.0,0.0,1.192240617342577e-07,0.0,0.0,1.192240617342577e-07,0.9284128700406008,0.0,1.192240617342577e-07,1.6808977915672152e-05,0.0
1.192240617342577e-07,0.9999778289822995,0.0,0.0,0.9241481538685581,0.0,0.0,0.0,0.0,0.0,0.0,0.9999988079489697,1.9191716555955196e-05,0.0,0.0,0.0,0.0,0.0,0.0,0.0,3.57605976830655e-07,1.192240617342577e-07,0.0,0.12251698723346494,0.0
0.0,0.0,1.5496499871092695e-06,0.0,0.019125415205683227,0.0,5.256741909587248e-05,0.0,0.0,0.0,0.0,0.0,0.0,0.0,0.0,0.0,0.0,0.0,0.0,0.0,0.9998503105740076,0.0,0.0,0.0,0.0
0.0,0.0,0.3629816278244185,0.0,0.0,0.0,5.960258064874324e-07,0.0,0.0,0.0,0.0,6.556172929328419e-06,0.0,6.436929626318921e-06,0.0,0.0,0.0,0.0,0.0,0.0,5.244836645101891e-06,0.0,0.0,0.0,0.9999984503497855
0.0,0.0,9.952634176124686e-05,0.0,4.768950248035253e-07,0.0,1.192240617342577e-07,0.0,0.0,0.0,0.0,0.0003104303345653481,0.0,0.0,0.0,0.0,0.0,0.0,0.0,0.0,1.192240617342577e-07,0.0,0.0,0.0,0.9995378014638422
0.0,4.172491279819113e-06,0.0,0.0,8.344533100057561e-07,0.0,0.0,0.0,0.0,0.0,0.0,0.9999952318244132,0.0,0.0,0.0,0.0,0.0,0.0,0.0,0.0,0.0,0.0,0.0,1.192240617342577e-07,1.192240617342577e-07
0.0,0.0,0.0,0.0,1.3112231088685533e-06,0.0,0.0,0.0,0.0,0.0,0.0,8.344533100057561e-07,0.0,0.0,0.0,0.0,0.0,0.0,0.0,0.0,0.0,0.0,0.0,0.46102076389503477,1.0847190710094878e-05
0.0,5.244836645101891e-06,0.0,0.0,0.014063489236259996,0.0,0.0,0.0,0.0,0.0,0.0,0.0,0.0,0.0,0.0,1.192240617342577e-07,0.0,0.0,0.0,0.0,0.0,0.0,0.0,0.0,0.0
0.0,3.659589830584675e-05,3.57605976830655e-07,0.0,1.192240617342577e-07,0.0,0.0,0.0,0.0,0.0,0.0,0.9999978541875693,0.0,0.0,0.0,0.0,0.0,0.0,0.0,0.0,0.0,0.0,0.0,0.25680861720885495,0.0
0.0,0.0,1.192240617342577e-07,0.0,0.0,0.0,1.192240617342577e-07,0.0,0.0,0.0,0.0,0.0,0.0,0.0,0.0,0.0,0.0,0.0,0.0,0.0,7.152118257636175e-07,0.0,0.0,0.0,0.9999768754005207
0.0,0.01854774931980896,1.192240617342577e-07,0.0,2.384476545103098e-07,0.0,0.0,0.0,0.0,0.0,0.0,0.9999909402550872,0.0,1.3112231088685533e-06,5.364017562903278e-06,0.0,0.0,0.0,0.0,0.0,0.0,0.0,0.0,2.384476545103098e-07,0.9999852179418012
0.0,7.152118257636175e-07,0.0,0.0,1.3112231088685533e-06,0.0,0.0,0.0,0.0,0.0,0.0,0.0003570013765971103,4.768950248035253e-07,0.0,0.0,0.0,0.0,0.0,0.0,0.0,0.0,0.0,0.0,0.0027796989698360974,0.0
0.0,0.998983763923598,0.0,0.0,3.6956766884532755e-06,0.006904455494116557,0.0,0.0,0.0,0.0,0.0,0.9999791399943424,0.0,1.192240617342577e-07,0.0,0.0,0.0,0.0,0.0,0.0,1.192240617342577e-07,0.0,0.0,9.298030337445695e-06,0.0
0.0,2.02668910964654e-06,0.9999878415658437,0.0,0.9997597367878501,0.0,0.0,0.0,0.0,0.0,0.0,7.497724900062952e-05,3.5763732452176455e-06,0.0,0.0,0.0,0.0,0.0,0.0,0.0,0.015905325472260867,0.0,0.9997995517877445,2.384476545103098e-07,0.0
0.0,0.9999952318244132,0.0,0.0,0.0,0.0,0.0,0.0,0.0,0.0,0.0,0.9998908168873548,0.0,0.0,0.0,0.0,0.0,0.0,5.173274339587142e-05,0.0,0.0,0.0,0.0,0.0,0.0
0.0,0.9998685344893254,0.0,0.0,3.57605976830655e-07,0.0,0.0,0.0,0.0,0.0,0.0,1.7047225114641407e-05,0.0,0.0,1.192240617342577e-07,0.0,0.0,0.0,0.9999036920739233,0.0,1.192240617342577e-07,0.0,0.0,2.384476545103098e-07,0.0
0.0,0.9995025390778759,0.0,0.0,0.0,0.0,0.0,0.0,0.0,0.0,0.0,0.9999992847883448,0.0,2.3841004124225407e-06,0.0,0.0,0.0,0.0,1.4304229126738122e-06,0.0,0.0,0.0,0.0,0.0,0.0
0.0,6.198460485218327e-06,0.0,0.0,3.57605976830655e-07,0.0,0.0,0.0,0.0,0.0,0.0,0.9999998807761656,1.192240617342577e-07,1.192240617342577e-07,0.0,0.0,0.0,0.0,0.0,0.0,0.0,0.0,0.0,5.960258064874324e-07,0.0
0.0,0.0953474248593229,4.768950248035253e-07,0.0,1.192240617342577e-07,0.0,1.192240617342577e-07,0.0,0.0,0.0,0.0,1.9906660229551676e-05,0.0,7.152118257636175e-07,0.0,0.0,0.0,0.0,0.0,0.0,1.788187994011814e-06,0.0,0.0,0.0,1.192240617342577e-07
2.384476545103098e-07,0.0,0.0,0.0,0.9748190511698471,0.0,0.0,0.0,0.0,0.0,0.0,0.9974488574882322,0.0,0.0,0.0,0.0,0.0,0.0,0.0,0.0,1.192240617342577e-07,0.0,0.9998385168450304,0.9999896295304322,0.0
0.0,0.0,0.00038356540076889267,0.0,0.9999675734780515,0.0,2.384476545103098e-07,0.02033435681204021,0.0,0.0,0.0,5.960258064874324e-07,0.0,0.0,0.0,0.0,0.0,1.192240617342577e-07,0.0,0.0,0.9626736611920176,0.0,0.9999979733108904,1.192240617342577e-07,0.999998569577201
0.0,4.291615254836678e-06,0.9173090426713042,0.0,1.192240617342577e-07,0.0,0.0,0.0,0.0,0.0,0.0,0.9999874838887277,0.0,1.3112231088685533e-06,0.0,0.0,0.0,0.0,0.0,0.0,0.0,0.0,0.0,0.00033294078300738494,0.0
0.0,4.768950248035253e-07,3.2069189365713235e-05,0.0,0.0,0.0,0.0,0.0,0.0,0.0,0.0,0.9999899870382419,3.6956766884532755e-06,0.007816716717729766,0.0,0.0,0.0,0.0,0.0,0.0,0.0,0.0,0.0,5.960258064874324e-07,5.602398682524878e-06
0.0,0.999998569577201,0.9999848600582619,0.0,4.768950248035253e-07,0.0,0.0,0.0,0.0,0.0,0.0,0.9996316824153888,2.264949380159642e-06,9.537902768697037e-07,0.0,1.4901349391416296e-05,0.0,0.0,0.0,0.0,1.192240617342577e-07,0.0,0.0,1.192240617342577e-07,0.0
0.0,0.9999948743383752,0.0,2.3841004124225407e-06,1.192240617342577e-07,0.0,0.0,0.0,0.0,0.0,0.0,0.004399693611772282,1.192240617342577e-07,0.0,0.0,0.515619474240561,0.0,2.5032657550161375e-06,0.0,0.0,0.0,0.0,0.0,0.0,0.0
0.0,0.0,0.9999519632261759,0.0,2.384476545103098e-07,0.0,1.192240617342577e-07,0.0,0.0,0.0,0.0,1.192240617342577e-07,0.0,3.5763732452176455e-06,4.768950248035253e-07,0.0,2.384476545103098e-07,1.192240617342577e-07,0.0,0.0,1.192240617342577e-07,0.0,0.0,0.0,0.9999626892543616
0.0,1.192240617342577e-07,6.913942543262941e-06,0.0,0.00010584471655761263,0.0,1.192240617342577e-07,0.0,0.0,0.9999672161419587,0.0,0.0,1.4304229126738122e-06,0.9999386019703791,0.0,0.0,1.192240617342577e-07,0.9999978541875693,0.0,0.0,0.0,0.0,0.0,0.0,1.0
0.0,3.57605976830655e-07,0.0,5.960016525530243e-06,0.0,0.0,0.0,0.0,0.0,0.0,0.0,3.6956766884532755e-06,2.3841004124225407e-06,0.0,0.0,0.0,0.0,0.0,0.0,0.0,0.0,0.0,0.0,0.0,7.152118257636175e-07
0.0,1.192240617342577e-07,4.25537950468069e-05,0.0,1.192240617342577e-07,0.0,0.0,0.0,0.0,0.0,0.0,0.000797914990094073,0.0,0.9999938015395148,0.0,0.0,0.0,0.0005705533340282232,0.0,0.0,0.0,0.0,0.0,0.0,0.9999998807761656
0.0,0.7186043098508286,0.9972698648364572,0.0,1.192240617342577e-07,0.0,0.0,0.0,0.0,0.0,0.0,0.9999954701172836,2.7416958570669614e-05,7.152118257636175e-07,0.0,1.3231550839210016e-05,0.0,0.0,0.0,0.0,0.0,0.0,0.0,0.0002167775690921081,4.88733132308905e-06
0.0,2.4674385294298773e-05,0.0,0.0,9.537902768697037e-07,0.0,0.0,0.0,0.0,0.0,0.0,0.9998089667653197,7.391056640604354e-06,0.0,0.0,0.0,0.0,0.0,0.0,0.0,1.192240617342577e-07,0.0,0.0,7.152118257636175e-07,3.57605976830655e-07
0.0,0.001056686034575538,0.9997260117938408,0.0,3.4570836574543407e-06,0.0,0.0,0.0,0.0,0.0,0.0,0.9999977350503925,0.9999928475132261,0.0,0.0,0.0,0.0,0.0,0.0,1.192240617342577e-07,0.0,0.0,0.0,0.9999713903598513,0.0
0.0,0.0,0.99976188292927,1.192240617342577e-07,0.012820148336460724,0.0,3.337807925274383e-06,0.0,0.0,0.0,0.0,1.192240617342577e-07,5.960258064874324e-07,0.0,0.9999929667885175,0.0,3.5642815253589255e-05,1.192240617342577e-07,5.00649341150794e-06,0.0,8.821472391562502e-06,0.0,0.0,0.0038244641523816902,0.000430981250561846
0.0,0.027586175275252978,0.9999921314938888,0.0,3.57605976830655e-07,0.0,0.0,0.0,0.0,0.0,0.0,0.9998364915039379,0.9999971391564481,0.9999803316610926,0.0,0.0,0.0,1.192240617342577e-07,0.0,0.0,0.0,0.0,3.57605976830655e-07,0.9999440934901456,0.9991555432785829
0.0,6.425644257546104e-05,1.192240617342577e-07,0.0,1.192240617342577e-07,0.0,0.0,0.0,0.0,0.0,0.0,0.9999713903598513,0.9999930860574567,0.0,0.0,0.0,0.0,0.0,0.0,0.0,0.0,0.0,0.0,0.9976029010431859,0.0
0.0,0.0,0.9998819927135152,0.0,1.788187994011814e-06,0.0,5.244836645101891e-06,0.0,0.0,0.0,0.0,1.192240617342577e-07,0.0,0.0,0.999971509636676,0.0,2.384476545103098e-07,0.9995760482182592,9.537902768697037e-07,0.0,7.283286286974278e-05,0.0,0.0,4.768950248035253e-07,0.9996793270112172
0.0,0.0,0.9648554082068664,0.0,5.960258064874324e-07,0.0,1.192240617342577e-07,0.0,0.0,0.0,0.0,3.57605976830655e-07,1.192240617342577e-07,5.483205060219376e-06,0.0,0.0,0.0,0.0,0.0,0.0,2.384476545103098e-07,0.0,0.0,3.57605976830655e-07,0.9999990462097231
0.0,0.0,7.033211255169647e-06,0.0,9.537902768697037e-07,0.0,0.0,0.0,0.0,0.0,0.0,1.192240617342577e-07,0.0004768550339783184,0.9999783057362415,0.0,0.0,0.0,0.9999440934901456,0.0,3.57605976830655e-07,0.0,0.0,0.0,3.57605976830655e-07,1.0
0.0,0.0,0.0,0.0,8.344533100057561e-07,0.0,0.0,0.0,0.0,0.0,0.0,0.0,0.0,0.0,0.0,0.9993929010389164,0.0,0.0,0.0,0.0,0.0,0.0,0.0,0.0,0.0
0.0,0.0,0.0,0.0,3.4570836574543407e-06,0.0,0.00010751387598129103,0.0,1.192240617342577e-07,0.0,0.0,0.0,0.0,0.0,0.0,0.0,1.4304229126738122e-06,1.192240617342577e-07,0.0,0.0,8.225844613463096e-06,0.0,0.0,0.0,0.0
0.0,2.384476545103098e-07,5.387913576926362e-05,0.0,1.370857324778374e-05,0.0,0.0,0.0,0.0,0.0,0.0,0.00012753531456866085,0.000709829086510072,0.9999893911761991,0.0,0.0,0.0,2.384476545103098e-07,0.0,0.0,0.0,0.0,0.0,7.152118257636175e-07,0.9999998807761656
0.0,0.0037653679820596198,1.192051257703497e-06,0.0,1.788187994011814e-06,0.0,0.0,0.0,0.0,0.0,0.0,0.9999914167879084,0.0,1.192240617342577e-07,0.0,0.0,0.0,0.0,0.0,0.0,0.0,0.0,0.0,9.344731280458429e-05,0.0
0.0,0.9995890343663805,0.00015874308977281704,0.0,3.337807925274383e-06,0.0,0.0,0.0,0.0,0.0,0.0,9.059744912831569e-06,0.0,0.9964061904199891,0.0,0.0,0.0,1.192240617342577e-07,0.0,0.0,0.0,0.0,0.0,1.3112231088685533e-06,0.9999881992158033
0.0,0.9999790208184688,0.9999742525310076,1.192240617342577e-07,4.768950248035253e-07,0.0,0.0,0.0,0.0,0.0,0.0,0.9999175165471391,0.0,1.192240617342577e-07,0.0,0.0,0.4532691079353407,0.0,0.0,0.0,0.0,0.0,0.0,0.0,0.9999948743383752
0.0,0.0004730418866871755,0.0,0.0,4.410745809479977e-06,0.9999998807761656,1.0729066772796614e-06,0.0,0.0,0.0,0.0,3.5763732452176455e-06,0.0,0.0,0.0,0.0,0.0,0.0,0.0,0.0,3.945544804517809e-05,0.0,0.0,0.0,0.0
0.0,0.0006563812798930924,3.57605976830655e-07,0.0,2.384476545103098e-07,0.9999922506003848,9.537902768697037e-07,0.0,0.0,0.0,0.0,7.152118257636175e-07,0.0,0.0,0.0,0.0,0.0,0.0,4.410745809479977e-06,0.0,1.192051257703497e-06,0.0,0.0,0.0,0.9999401573594078
0.0,0.0,2.384476545103098e-07,0.0,5.960258064874324e-07,0.9998855703007735,0.0,0.0,0.0,0.0,0.0,0.0,0.0,2.384476545103098e-07,0.0,0.0,0.0,0.0,1.192240617342577e-07,0.0,2.02668910964654e-06,0.0,0.0,0.0,0.9999867684493882
0.0,2.9800638619015274e-06,0.0,3.57605976830655e-07,0.0,0.0,0.0,0.0,0.0,0.0,0.0,0.9998218364312956,0.0,0.0,1.192240617342577e-07,0.0,0.0,0.0,2.3959066688616915e-05,0.0,0.0,0.0,0.0,0.0,0.0
0.0,0.18714102849689573,0.0,0.0,4.768950248035253e-07,0.0,1.192240617342577e-07,0.0,0.0,0.0,0.0,0.1097129298016507,5.960258064874324e-07,3.57605976830655e-07,0.0,0.0,0.0,0.0,0.0,0.0,1.192240617342577e-07,0.0,0.0,6.675423266711e-06,0.0
0.0,1.192240617342577e-07,0.0,0.0,1.192051257703497e-06,0.0,0.0,0.0,0.0,7.152118257636175e-07,0.0,0.0,0.0,0.9999022616939661,0.0,0.0,0.0,1.192240617342577e-07,0.0,0.0,0.0001025065857820362,0.0,0.0,0.0,0.9999916550353048
0.0,0.0,0.0,4.67254792029248e-05,0.0,0.0,3.6956766884532755e-06,0.0,0.0,0.0,0.0,2.264949380159642e-06,0.0,1.370857324778374e-05,0.0,0.0,0.0,0.9992677921287755,1.192240617342577e-07,0.0,3.57605976830655e-07,0.0,0.0,0.0,0.9999998807761656
0.0,0.9999986887770048,0.0,0.0,0.0,0.0,0.0,0.0,0.0,0.0,0.0,0.9999995231047478,0.0,2.860843551943937e-06,0.0,0.0,0.0,0.0,0.0001180072864848114,0.0,0.0,0.0,0.0,0.0,0.0
0.0,0.9324546692943286,0.34157838335993823,0.0,1.192051257703497e-06,0.0,0.0,0.0,0.0,0.0,0.0,2.4435937782230077e-05,0.0,0.9999991655469742,0.0,0.0,0.0,0.0,0.0,0.0,0.0,0.0,0.0,0.0,1.0
1.192240617342577e-07,2.384476545103098e-07,1.192240617342577e-07,2.0144986724313085e-05,5.542945892023088e-05,0.0,3.195008234169183e-05,0.0,0.0,3.57605976830655e-07,1.192240617342577e-07,0.0,0.0,2.384476545103098e-07,0.0,3.5763732452176455e-06,4.649025975411725e-06,3.93426102218708e-06,0.0,0.0,4.768950248035253e-07,2.02668910964654e-06,0.0,0.0,3.93426102218708e-06
0.0,0.0001742315046926457,0.005911826386139962,0.0,2.384476545103098e-07,0.0,0.0,0.0,0.0,0.0,0.0,0.0003799916215901922,0.0,0.9999977350503925,0.0,0.0,0.0,0.9997251781979039,0.0,0.0,1.192240617342577e-07,0.0,0.0,0.0,0.9999992847883448
0.0,2.384476545103098e-07,0.023691850220444066,0.0,2.5032657550161375e-06,0.0,0.994269275699906,0.0,0.0,0.9997466128325568,0.0,0.0,0.0,0.0,7.164159090633504e-05,0.0,0.00028756421145648137,4.768950248035253e-07,2.3841004124225407e-06,0.0,0.999925141885652,0.0,0.0,0.0,0.999998092420356
0.0,0.0,0.0,0.0,0.0,0.0,0.004905739428678779,4.768950248035253e-07,0.0,0.0,0.0,0.0,0.0,0.0,0.0,0.0,0.0,0.0,0.0,0.0,0.9998087284359624,0.0,0.0,0.0,0.0
0.0,0.0,0.0038846134736398863,1.192240617342577e-07,9.417177575965496e-06,0.0,0.9999614977850708,0.0,0.0,0.0,0.0,0.0,0.0,0.0,0.9976030199667262,0.0,0.0,2.145812430742744e-06,2.145812430742744e-06,0.0,6.949737928085842e-05,0.0,0.0,0.0,0.9999992847883448
0.0,0.06188157015638629,0.9999346716016133,0.0,7.033211255169647e-06,0.0,0.0,0.0,0.0,0.0,0.0,0.0,1.192240617342577e-07,0.9999990462097231,0.0,0.0,0.0,0.0,0.0,0.0,1.192240617342577e-07,0.0,0.0,0.0,1.0
0.0,0.0,3.57605976830655e-07,0.0,1.192240617342577e-07,0.0,0.0,0.0,0.0,0.0,0.0,0.9740408807157263,0.9993382620257381,0.9999997615523455,0.0,0.0,0.0,0.0,0.0,0.0,0.0,0.0,0.0,1.3112231088685533e-06,1.0
0.0,0.0017545900870168385,1.192051257703497e-06,0.0,5.125661624805211e-06,0.0,0.0,0.0,0.0,0.0,0.0,7.152118257636175e-07,0.0,0.9999899870382419,0.0,0.0,0.0,0.0,0.0,0.0,0.0,0.0,0.0,0.0,0.9999960657392052
0.0,0.998901321230712,0.0,0.0,5.960258064874324e-07,0.0,0.0,0.0,0.0,0.0,0.0,0.9149003634432519,1.7761999112075877e-05,0.0,0.0,7.152486773853717e-06,0.0,0.0,0.0,1.192240617342577e-07,0.0,0.0,0.0,1.5496499871092695e-06,0.0
0.0,2.384476545103098e-07,4.768950248035253e-07,0.0,4.768950248035253e-07,0.0,0.0,0.0,0.0,0.0,0.0,0.9999202570689225,0.9998725837922242,3.5763732452176455e-06,0.0,0.0,0.0,0.0,0.0,1.192240617342577e-07,0.0,0.0,0.0,1.3231550839210016e-05,0.0
0.0,4.768950248035253e-07,0.0,0.0,1.192240617342577e-07,0.0,0.0,0.0,0.0,0.0,0.0,8.225844613463096e-06,0.0,0.0,0.0,0.0,0.0,0.0,0.0,0.0,0.0,0.0,0.0,5.542945892023088e-05,0.0
0.0,0.0,0.0,0.0,1.192240617342577e-07,0.0,0.0,0.0,0.0,0.0,0.0,0.999978067361061,1.192240617342577e-07,0.0,0.0,0.0,0.0,0.0,0.0,0.0,0.0,0.0,0.0,0.0007675613535804704,0.0
0.0,0.040845043279064575,1.192240617342577e-07,0.0,1.3112231088685533e-06,0.0,0.0,0.0,0.0,0.0,0.0,0.0007379215811156303,0.0,1.192240617342577e-07,0.0,0.0,0.0,0.0,0.0,0.0,0.0,0.0,0.0,6.079235556621931e-06,0.9999237122389276
0.0,0.038465560978797164,5.960258064874324e-07,0.0,0.00023990549556107688,0.0,0.0,0.0,0.0,0.0,0.0,5.602398682524878e-06,0.0,0.0,0.0,7.152118257636175e-07,0.0,0.0,0.0,0.0,4.768950248035253e-07,0.0,0.0,1.6689054689322802e-06,0.00016160230135298104
0.0,0.0005979327644970445,6.436929626318921e-06,0.0,1.5496499871092695e-06,0.0,0.0,0.0,0.0,0.0,0.0,0.9997800039156003,0.0,0.0,0.0,0.0,0.0,0.0,0.0,0.0,1.192240617342577e-07,0.0,0.0,1.6689054689322802e-06,0.0
1.192240617342577e-07,0.0,0.0,0.0,0.9999949935065885,0.0,0.0,0.0,0.0,0.0,0.0,2.6224444984457307e-06,0.0,0.0,0.0,0.0,0.0,0.0,0.0,0.0,3.57605976830655e-07,0.0,0.9937093474362184,0.9999998807761656,0.0
0.9999998807761656,0.0,0.0,0.0,0.9999978541875693,0.0,0.0,0.0,0.0,0.9999994039743072,0.0,0.9999397994874479,6.199351545854714e-05,0.0,0.0,0.0,0.0,0.0,0.0,0.0,3.0992980275534876e-06,1.192240617342577e-07,0.9999996423941084,0.9999524400732823,0.0
0.0,0.0,0.00017435064955695356,0.0,0.9998201682510051,0.0,0.0,0.0,0.0,0.0,0.0,0.00016660613087093878,0.0,1.192240617342577e-07,0.0,0.0,0.0,2.384476545103098e-07,0.0,0.0,0.0006361446198149823,4.172491279819113e-06,0.9997151748681123,0.9999996423941084,0.0
0.0,0.0,0.0,0.0,0.9971100534230738,0.0,1.192240617342577e-07,0.0,0.0,0.0,0.0,0.9999914167879084,0.0,0.0,0.0,0.0,0.0,0.0,1.192240617342577e-07,0.0,2.145812430742744e-06,0.9990220759191474,0.9999914167879084,0.9999998807761656,0.0
0.0,0.0002960196952020988,0.0,0.0,3.815155876552012e-06,0.0,0.0,0.0,0.0,0.0,0.0,3.4570836574543407e-06,9.058690233232358e-05,1.0,0.0,0.0,0.0,0.0,0.0,0.0,0.0,0.0,0.0,2.384476545103098e-07,1.0
0.0,0.000402268784958304,0.0,0.0,2.02668910964654e-06,0.0,0.0,0.0,0.0,0.0,0.0,7.033211255169647e-06,1.192240617342577e-07,0.9999911785278358,0.0,3.57605976830655e-07,0.0,4.172491279819113e-06,0.0,0.0,0.0,0.0,0.0,0.0,0.9999997615523455
0.0,0.0,0.0,0.0,0.0,0.0,0.0,0.0,0.0,0.0,0.0,0.01032702054023904,0.0,0.9999945167951672,0.0,0.0,0.0,0.0,0.0,0.0,0.0,0.0,0.0,0.0,1.0
0.0,0.9953898596758319,1.192240617342577e-07,0.0,0.0,0.0,0.0,0.0,0.0,0.0,0.0,1.7404604901405385e-05,0.0,0.9961755358476184,0.0,0.0,0.0,1.192240617342577e-07,0.0,0.0,0.0,0.0,0.0,0.0,0.9999997615523455
0.0,1.192240617342577e-07,2.741637097347649e-06,0.0,1.0251296977292768e-05,0.0,0.0,0.0,0.0,0.0,0.0,6.198460485218327e-06,0.0,0.9946143549592459,0.0,5.4833165451739774e-05,0.0,0.0,0.0,0.0,5.960258064874324e-07,0.0,1.192240617342577e-07,0.00033043952728895043,0.9999952318244132
0.0,1.192240617342577e-07,2.6224444984457307e-06,0.0,2.384476545103098e-07,0.0,0.0,0.0,0.0,0.0,0.0,0.9998464986083896,0.0,0.0,0.0,0.0,0.0,0.0,0.0,0.0,0.0,0.0,0.0,0.0002036661836238851,0.0
0.0,0.0,0.0,0.0,1.192240617342577e-07,0.0,0.0,0.0,0.0,0.0,0.0,0.9988305490054056,0.0,0.0,0.0,0.0,0.0,0.0,0.0,0.0,0.0,0.0,0.0,0.0005561492365544485,0.0
0.0,0.9993896870232332,0.00010441406446415336,0.0,3.57605976830655e-07,0.0,0.0,0.0,0.0,0.0,0.0,5.602398682524878e-06,0.0,4.768950248035253e-07,0.0,1.192240617342577e-07,1.192240617342577e-07,0.0,0.0,0.0,2.384476545103098e-07,0.0,0.0,0.0,0.9999994039743072
0.0,0.00010608316079929736,0.00013194190695897667,0.0,0.9999415887794101,0.0,8.940606499252546e-06,0.0,0.0,0.0,0.0,0.0,2.384476545103098e-07,0.9997748779221907,0.0,0.0,0.0,3.57605976830655e-07,0.0,0.0,0.9940881736138603,0.0,0.46878991848759244,0.0001591004862114831,1.0
0.0,0.0,0.0,0.0,3.85022147018077e-05,0.0,9.537902768697037e-07,0.0,0.0,0.0,0.0,1.192240617342577e-07,0.0,0.0,0.0,0.0,0.0,0.0,0.0,0.0,1.0729066772796614e-06,0.0,0.0,2.6701425927755373e-05,1.0729066772796614e-06
0.0,0.0,0.0,0.0,8.344533100057561e-07,0.0,0.0,0.0,0.0,0.0,0.0,0.9998118268384335,0.0,0.0,0.0,2.6939930650837773e-05,0.0,0.0,0.0,0.0,7.152118257636175e-07,0.0,0.0,0.0013046602258546258,0.0
0.0,5.960258064874324e-07,5.542945892023088e-05,0.0,1.108557052253989e-05,0.0,0.0,0.0,0.0,0.0,0.0,0.9099118511870242,0.0,0.9999996423941084,0.0,1.192240617342577e-07,0.0,1.192240617342577e-07,0.0,0.0,0.0,0.0,0.0,3.195008234169183e-05,1.0
0.0,3.218546048677773e-06,0.0,0.0,1.7047225114641407e-05,0.0,0.0,0.0,0.0,0.0,0.0,3.57605976830655e-07,0.0,4.708309393508525e-05,0.0,1.192240617342577e-07,0.0,0.0,0.0,0.0,1.192240617342577e-07,0.0,0.0,1.4901349391416296e-05,0.9973130319792803
0.0,0.0,0.9539665124392501,0.0,2.860843551943937e-06,0.0,0.0,0.0,0.0,0.0,0.0,0.0,0.0,0.00017983174922231449,0.0,0.0,0.0,0.0,0.0,0.0,2.384476545103098e-07,0.0,0.0,0.0,0.9999787824649453
0.0,0.999998569577201,3.659589830584675e-05,2.02668910964654e-06,7.152118257636175e-07,0.0,0.0,0.0,0.0,0.0,0.0,2.5032657550161375e-06,0.0,0.0,0.0,1.192240617342577e-07,0.0,2.1336714750908037e-05,0.0,0.0,0.0,0.0,0.0,3.57605976830655e-07,1.4304229126738122e-06
0.0,0.0,0.0,0.0,0.0,0.0,0.0,0.0,0.0,0.0,0.0,5.960258064874324e-07,0.0,0.9999748487059829,0.0,0.0,0.0,0.0,0.0,0.0,0.0,0.0,0.0,0.0,0.9999995231047478
0.0,0.9999911785278358,0.0002167775690921081,0.0,2.384476545103098e-07,0.0,0.0,0.0,0.0,0.0,0.0,3.4689781540753195e-05,0.0,0.0,0.0,2.6224444984457307e-06,0.0,0.0,0.0,0.0,4.768950248035253e-07,0.0,0.0,0.0,0.0
0.0,0.9996644388275595,0.9999260949579272,0.0,0.0010321785256807159,0.0,0.0,0.0,0.0,0.0,0.0,6.556172929328419e-06,0.0,0.0,0.0,0.0,0.0,0.0,0.0,0.0,0.004905857589774687,0.0,1.192240617342577e-07,0.7663446353441585,0.0
0.0,2.9800638619015274e-06,0.001501396370987007,0.0,0.009125059196015917,0.0,4.768950248035253e-07,2.384476545103098e-07,0.0,0.0,0.0,0.9073118611593196,0.0,0.0,0.0,0.0,0.0,0.0,0.0,0.0,0.9999038112717391,0.0,0.0,0.9999934438270707,0.0
0.0,0.0,0.00010954080325531468,0.0,0.9999951126684495,0.0,0.00025815030389630955,0.0,0.0,0.0,0.0,0.0,0.0,0.0,1.4304229126738122e-06,0.9999995231047478,0.0,0.0,0.0,0.0,0.9999814040257784,0.0,3.57605976830655e-07,0.0,0.0
0.0,0.9999958275089476,4.768950248035253e-07,0.0,2.5032657550161375e-06,0.0,0.0,0.0,0.0,0.0,0.0,0.9999977350503925,0.0,0.9999862914267522,0.0,0.0,0.0,1.192240617342577e-07,0.0,0.0,1.192240617342577e-07,0.0,0.0,1.192240617342577e-07,2.384476545103098e-07
0.0,5.960258064874324e-07,0.9944656586341658,0.0,0.0,0.0,0.0,0.0,0.0,0.0,0.0,0.9999988079489697,0.0,1.192240617342577e-07,0.0,0.0,0.0,0.0,0.0,0.0,0.0,0.0,0.0,2.860843551943937e-06,5.960258064874324e-07
0.0,0.0953474248593229,0.0,1.6689054689322802e-06,3.57605976830655e-07,0.0,0.0,0.0,0.0,0.0,0.0,0.9998893860674811,0.15611837263933215,0.02033424185133481,0.0,0.0,0.0,3.57605976830655e-07,0.0,9.537902768697037e-07,0.0,0.0,0.0,1.192240617342577e-07,1.192240617342577e-07
0.0,5.960258064874324e-07,0.9997385154671489,0.0028012776335177847,2.384476545103098e-07,0.0,3.57605976830655e-07,0.0,0.0,0.0,0.0,0.9999787824649453,4.768950248035253e-07,2.384476545103098e-07,0.0,0.0,0.0,0.9999194230200044,5.602398682524878e-06,0.0,9.537902768697037e-07,0.0,0.0,0.0,2.3959066688616915e-05
0.0,0.0,0.13296086763449533,0.0,0.0,0.0,1.192240617342577e-07,1.192240617342577e-07,0.0,0.0,0.0,1.5496499871092695e-06,3.57605976830655e-07,3.57605976830655e-07,0.0,1.192240617342577e-07,0.0,0.0,0.0,0.0,0.0,0.0,0.0,0.0,1.1919997756737466e-05
0.0,0.0,2.384476545103098e-07,0.0,0.8872075071601017,0.0,0.007121761983046371,0.9996456191891565,0.0009399187106075013,0.0,0.0,0.0,0.0,3.5763732452176455e-06,0.0,0.0,0.0,0.0,0.0,0.0,0.0008625494949016099,0.0,0.006488716812233508,0.0,0.9999943976015448
0.0,0.0,0.000411203896004686,0.0,1.192240617342577e-07,0.0,1.192240617342577e-07,0.0,0.0,0.0,0.0,0.0,0.0,2.384476545103098e-07,0.0,0.0,0.0,0.9998509061676675,0.0,0.0,9.178885813310167e-06,0.0,0.0,0.0,0.9995998756268126
0.0,0.01590555643287317,0.0,0.0,0.012052339875561868,0.0,0.9981897052302767,0.0,0.0,0.0,0.0,0.0,0.0,0.0,0.0,0.0,0.0,0.0,0.0,0.0,7.152486773853717e-06,0.0,0.0,0.0,0.0
0.0,5.364017562903278e-06,1.192051257703497e-06,0.0,6.556172929328419e-06,0.0,0.0,0.0,0.0,0.0,0.0,0.0,0.0,0.8962482297529819,0.0,0.0,0.0,7.152118257636175e-07,0.0,0.0,1.2158434156250841e-05,0.0,0.0,0.0,0.07158723371761722
0.0,0.9998286280781559,5.173274339587142e-05,0.0,9.9407144328989e-05,0.0,0.0,0.0,0.0,0.0,0.0,0.0,0.0,0.9998908168873548,0.0,0.0,0.0,0.9984510669148848,0.0,0.0,1.192240617342577e-07,0.0,0.0,0.0,0.9999998807761656
0.0,0.9999995231047478,0.0,0.0,1.192240617342577e-07,0.0,1.192240617342577e-07,0.0,0.0,0.0,0.0,0.9995955868369634,0.0,5.960258064874324e-07,0.0,0.0,0.0,0.0,2.0144986724313085e-05,0.0,0.0,0.0,0.0,0.0,0.0
0.0,0.9999997615523455,0.0,0.0,0.9999982118117786,0.0,0.0,0.0,0.0,0.0,0.0,9.537902768697037e-07,2.384476545103098e-07,0.999985933626501,0.0,0.0,0.0,0.0009399187106075013,0.0,0.0,5.5071680289842107e-05,0.0,3.57605976830655e-07,0.0,0.9999802125014476
0.0,0.0,0.9871797358213031,0.0,8.344533100057561e-07,0.0,1.7047225114641407e-05,0.0,0.0,0.0,0.0,0.0,0.0,0.0,3.57605976830655e-07,0.0,0.0,2.384476545103098e-07,0.0,0.0,0.4073168177815702,0.0,0.0,0.0,0.0
0.0,0.0,4.768950248035253e-07,1.192240617342577e-07,1.192240617342577e-07,0.0,0.0,0.0,0.0,0.0,0.0,0.9985449567813788,0.0,0.9992873140194504,0.0,0.0,0.0,1.192240617342577e-07,0.0,0.0,0.0,0.0,0.0,0.0,0.9999998807761656
0.0,1.192240617342577e-07,0.0,0.0,0.0,0.0,0.0,0.0,0.0,0.0,0.0,0.9999771138045201,1.3112231088685533e-06,1.192240617342577e-07,0.0,0.0,0.0,0.0,0.0,0.0,0.0,0.0,0.0,2.384476545103098e-07,0.0
0.0,0.002823210358975925,1.192240617342577e-07,0.0,4.768950248035253e-07,0.0,0.0,0.0,0.0,0.0,0.0,0.9998840200601332,0.0,8.391335787061305e-05,0.0,0.0,0.0,0.0,0.0,0.0,0.0,0.0,0.0,1.192240617342577e-07,0.0
0.0,0.0,2.3243804186168227e-05,0.0002133207775739665,9.537902768697037e-07,0.0,1.192240617342577e-07,0.0,0.0,0.0,0.0,6.079235556621931e-06,5.960258064874324e-07,2.5032657550161375e-06,0.0,0.0,0.0,3.57605976830655e-07,0.0,0.0,0.0,0.0,0.0,0.0,0.9998837815455575
0.0,1.0729066772796614e-06,0.9977477550797553,0.0,3.57605976830655e-07,0.0,0.0,0.0,0.0,0.0,0.0,0.9998358958170179,3.57605976830655e-07,1.192240617342577e-07,0.0,3.815155876552012e-06,0.0,0.0,0.0,0.0,0.0,0.0,0.0,0.0,2.264949380159642e-06
0.0,3.57605976830655e-07,0.9998227896742686,0.0,1.192240617342577e-07,0.0,0.0,0.0,0.0,0.0,0.0,4.768950248035253e-07,0.0,0.9998462603573836,0.0,0.0,0.0,7.152118257636175e-07,0.0,0.0,1.192240617342577e-07,0.0,0.0,0.0,1.0
0.0,0.9968269034004049,0.0,0.0,1.9075798713963366e-06,0.0,0.0,0.0,0.0,0.0,0.0,0.0,0.0,4.768950248035253e-07,0.0,0.0,0.0,0.0,0.0,0.0,1.192240617342577e-07,0.0,2.264949380159642e-06,0.0,0.043365670557186764
0.0,0.98967286240326,3.0992980275534876e-06,0.0,2.384476545103098e-07,0.0,4.768950248035253e-07,0.0,0.0,0.0,0.0,1.192240617342577e-07,0.0,1.192240617342577e-07,0.9999930860574567,0.0,0.0,0.0,0.0,0.0,1.192240617342577e-07,0.0,0.0,0.0,0.9997251781979039
0.0,1.192240617342577e-07,0.9993938533784716,0.0,1.192240617342577e-07,0.0,0.0,0.0,0.0,0.0,0.0,1.847682898625802e-05,0.0,0.9999599487545202,0.0,0.0,0.0,0.0,0.0,0.0,0.0,0.0,0.0,0.0,1.0
0.0,0.9999930860574567,1.192240617342577e-07,0.0,1.192240617342577e-07,0.0,0.0,0.0,0.0,0.0,0.0,0.9999822380008879,0.0,0.0,0.0,0.0,0.0,0.0,0.0,0.0,0.0,0.0,0.0,4.410745809479977e-06,0.0
0.0,0.0,2.6820677045846786e-05,0.0,2.3841004124225407e-06,0.0,0.0,0.0,0.0,0.0,0.0,0.00029161330221505466,0.0,0.0,0.0,0.0,0.0,0.0,0.0,0.0,1.4304229126738122e-06,0.0,2.384476545103098e-07,0.0,0.9783822647201906
0.0,0.8438818034083043,0.0,0.0,5.960258064874324e-07,0.0,0.0,0.0,0.0,0.0,0.0,0.9999963043233115,0.0,1.4304229126738122e-06,0.0,0.0,0.0,0.0,0.0,0.0,2.384476545103098e-07,0.0,0.0,0.008847122789047202,0.0
0.0,5.960258064874324e-07,0.0,1.192240617342577e-07,1.192240617342577e-07,0.0,0.0,0.0,0.0,0.0,0.0,0.9999965429163425,9.537902768697037e-07,0.2568400999052966,0.0,0.0,0.0,1.192240617342577e-07,0.0,1.192240617342577e-07,0.0,0.0,1.192240617342577e-07,3.5642815253589255e-05,3.57605976830655e-07
1.192240617342577e-07,0.0,0.00015159539629572283,0.0,0.2814309106757066,0.0,1.192240617342577e-07,0.0,0.08509268524809566,0.9999995231047478,0.0,0.0,0.0,0.0,0.0,0.0,0.0,1.192240617342577e-07,0.0,1.192240617342577e-07,0.0009220644322265326,7.987616003735099e-06,0.9999990462097231,0.0,0.0
1.7642866737443974e-05,3.57605976830655e-07,0.0,0.0,0.9998644850136763,0.0,0.0,0.0,0.0,0.9999998807761656,0.0,0.0,0.0,0.0,0.0,0.0,0.0,0.0,0.0,0.0,1.2396882322129876e-05,0.0,6.317691993329433e-06,0.0,0.0
0.0029353384251445958,0.0,0.0,0.0,0.9999988079489697,0.0,1.192240617342577e-07,0.0,0.0,0.9999994039743072,0.0,0.0,0.0,0.0,0.0,5.960258064874324e-07,0.0,0.0,0.0,0.0,1.4185645677788905e-05,0.0,4.768950248035253e-07,0.0,0.0
0.0,0.0,0.0,0.0,0.0004271686262300456,0.0,3.57605976830655e-07,0.9999995231047478,1.192240617342577e-07,0.0,0.0,0.0,0.0,0.0,0.0,2.145812430742744e-06,1.192240617342577e-07,1.788187994011814e-06,0.0,1.192240617342577e-07,0.9916837256093618,0.0,0.0,0.0,0.0
0.0,1.192240617342577e-07,0.0,0.0,0.9999942784020251,0.0,1.3112231088685533e-06,0.9992845761994095,8.939511314753901e-05,0.0,0.0,7.152118257636175e-07,0.0,0.0,0.0,0.0,0.0,0.0,0.0,0.0,0.9173094527404931,0.0,0.9999997615523455,0.0,0.0
0.0,0.0,3.57605976830655e-07,0.0,0.999984620364591,0.0,1.192240617342577e-07,1.192240617342577e-07,2.264949380159642e-06,0.0,0.0,1.192240617342577e-07,0.0,0.0,0.0,0.0,0.0,2.384476545103098e-07,0.0,0.0,8.77266801108112e-05,0.0,0.9999974967344724,1.192240617342577e-07,0.0
0.0,0.0,0.0004921039292079543,0.0,0.9999865299439533,0.0,4.768950248035253e-07,1.192240617342577e-07,0.0,0.0,0.0,1.2993058080335018e-05,0.0,1.192240617342577e-07,0.0,0.0,0.0,0.7185687466839327,0.0,0.0,0.9997448266609164,0.0,0.9999994039743072,0.0,0.999998569577201
0.00014683055863951022,0.0,0.0,0.0,0.89911990852941,0.0,3.57605976830655e-07,0.0,0.0,0.9999988079489697,0.0,1.192240617342577e-07,0.0,0.0,0.0,0.0,0.0,0.0,7.152118257636175e-07,0.0,0.9863635879280819,1.192240617342577e-07,0.9905878982389577,0.0,0.0
0.0,0.0,0.9998413760424018,0.0,0.9796656431879599,0.0,3.57605976830655e-07,0.0,0.0,0.9999998807761656,0.0,4.768950248035253e-07,0.0,0.0,5.960258064874324e-07,0.0,1.6689054689322802e-06,0.0,0.0,0.0,0.9995305328809754,2.384476545103098e-07,0.9999966621920747,1.192240617342577e-07,0.0
0.0,0.0,6.317691993329433e-06,0.0,3.57605976830655e-07,0.0,6.854443308168534e-05,0.0,0.0,0.0,0.0,1.192240617342577e-07,0.0,0.0,0.0,1.6689054689322802e-06,0.0,0.0,0.0,0.0,0.9999578037303596,0.0,0.0,0.0,0.0
0.0,5.364017562903278e-06,0.0,0.0,1.192240617342577e-07,0.0,0.0,0.0,0.0,0.0,0.0,0.999934790708541,1.192051257703497e-06,0.0,0.0,0.0,0.0,0.0,0.0,0.0,0.0,0.0,1.192240617342577e-07,2.431672025748899e-05,0.0
0.0,0.0,0.0,0.0,9.487758772497301e-05,0.0009221834732091594,4.0533725200742055e-06,2.384476545103098e-07,0.0,0.020334471772509355,0.0,0.0,0.0,0.9978172370466554,1.0729066772796614e-06,0.0,0.0,0.0,0.0,0.0,1.5496499871092695e-06,0.0,0.0,0.0,0.9999990462097231
0.0,0.0,4.768950248035253e-07,0.0,0.002397098956814059,2.384476545103098e-07,8.344533100057561e-07,0.0,0.0,0.0,0.0,0.0,0.0,5.602398682524878e-06,0.000255292401788787,0.0,0.0,0.0,1.192240617342577e-07,0.0,1.192240617342577e-07,0.0,0.0,0.0,0.9999972583629027
0.0,0.0,1.192240617342577e-07,0.0,0.9998464986083896,2.384476545103098e-07,0.0003803489973555063,0.0,0.0,0.0,0.0,0.00015636047291101018,0.0,6.997386283935647e-05,1.192240617342577e-07,0.0,0.0,1.192240617342577e-07,0.0,0.0,7.152118257636175e-07,0.0,0.0,0.0,0.999998927093209
0.0,3.57605976830655e-07,0.0,0.0,0.43782523986197064,0.0,0.0,0.0,0.0,0.0,0.0,0.0,0.0,0.0,9.537902768697037e-07,0.0,0.0,0.0,0.0,0.0,1.192240617342577e-07,0.0,0.0,0.0,2.384476545103098e-07
0.0,0.0,0.0,0.0,2.348221901393721e-05,0.0,0.0,0.0,0.0,0.0,0.0,0.0,0.0,0.999769513227693,7.152118257636175e-07,0.0,0.0,0.0,0.0,0.0,0.0,0.0,0.0,0.0,0.9999990462097231
0.0,0.0008295777450681996,0.999785129644316,0.0,0.999773089706891,0.0,3.218546048677773e-06,0.0,0.0,0.0,0.9999992847883448,4.768950248035253e-07,9.059744912831569e-06,7.283286286974278e-05,4.0533725200742055e-06,0.0,0.0,1.0729066772796614e-06,0.0,0.0,0.9998257684953074,0.0,0.00030090258775972156,0.0,0.9999854565160436
0.0,0.9999939207644434,0.0011878856093643364,0.0,3.93426102218708e-06,0.0,0.0,0.0,0.0,0.0,0.0,2.5032657550161375e-06,2.145812430742744e-06,0.9998663906652064,0.0,0.0,0.0,0.0,0.0,0.0,0.0,0.0,0.0,2.02668910964654e-06,0.9999973775557289
0.0,3.218546048677773e-06,0.7879592124937251,0.0,0.9998874782332331,5.960016525530243e-06,2.4197499308042936e-05,0.0,0.0,5.00649341150794e-06,8.344533100057561e-07,1.3589312835349254e-05,0.0,2.6224444984457307e-06,2.741637097347649e-06,0.0,0.0,0.0,0.0,0.0,2.0860005657596936e-05,0.0,0.0,0.0,0.9999958275089476
0.0,1.788187994011814e-06,4.768950248035253e-07,1.192240617342577e-07,0.9999943976015448,0.0,0.0,0.0,0.0,0.0,0.0,2.02668910964654e-06,0.9999868876971247,0.0,0.0,0.0,0.0,4.112372562214972e-05,0.0,3.921713729349019e-05,5.94847794177511e-05,0.0,1.0,0.9995891534975943,0.0
5.960258064874324e-07,0.0,1.454348372897929e-05,0.0,0.999991297659684,0.0,1.192240617342577e-07,0.9999545857261926,1.192240617342577e-07,0.9999995231047478,0.0,0.0,0.0,0.0,0.0,0.0,0.0,0.0,0.0,3.57605976830655e-07,0.9998685344893254,1.788187994011814e-06,0.9999990462097231,0.0,0.0
5.00649341150794e-06,0.9982454099127562,0.9999954701172836,0.0,7.152118257636175e-07,0.0,0.0,0.0,0.0,0.0,0.0,0.9952444579109148,0.0,0.9996538380541072,0.0,0.0,0.0,0.0,9.537902768697037e-07,0.0,0.0,0.0,0.0,0.0,0.9999990462097231
0.0,1.192240617342577e-07,0.00591159030261279,3.0992980275534876e-06,7.5103503065498955e-06,0.0,2.5032657550161375e-06,0.0,0.0,0.0,0.0,0.00012170445585990564,0.0,8.344533100057561e-07,0.0,0.0,0.0,0.9999997615523455,0.0,0.0,0.07158723371761722,0.0,0.0,0.0,0.9999996423941084
0.0,0.9999868876971247,0.0,0.0,0.9998311301452913,0.0,4.768950248035253e-07,0.0,0.0,0.0,0.0,9.201707971751016e-05,0.0,0.0,0.0,1.192240617342577e-07,0.0,0.0,0.0,0.0,0.9996795652369923,0.0,0.0012067950992542542,1.192240617342577e-07,0.0
0.0,0.22271395233056543,0.0011878856093643364,0.0,2.384476545103098e-07,0.0,0.0,0.0,0.0,0.0,0.0,0.999998569577201,0.0,0.9989349865405874,0.0,0.0,0.0,0.0,0.0,0.0,0.0,0.0,2.384476545103098e-07,0.9999779481725827,0.9999986887770048
0.0,2.741637097347649e-06,0.0,0.0,1.192240617342577e-07,0.0,0.0,0.0,0.0,0.0,0.0,0.9949392726145659,1.3112231088685533e-06,0.0,0.0,0.0,0.0,0.0,0.0,0.0,0.0,0.0,0.0,5.483205060219376e-06,0.0
0.0,0.9968270208388875,0.0,0.0,1.192240617342577e-07,0.0,0.0,0.0,0.0,0.0,0.0,0.9999816423126254,1.192240617342577e-07,0.0,0.0,0.0,0.0,0.0,0.0,0.0,0.0,0.0,0.0,0.0,0.0
0.0,0.00159777186280452,3.57605976830655e-07,0.0,1.192240617342577e-07,0.0,0.0,0.0,0.0,0.0,0.0,0.9999988079489697,0.0,1.6094279633338537e-05,0.0,0.0,0.0,0.0,0.0,0.0,0.0,0.0,0.0,0.0,0.0
0.0,4.172491279819113e-06,0.0,0.0,0.0,0.0,0.0,0.0,0.0,0.0,0.0,0.9999586379386157,0.0,2.384476545103098e-07,0.0,0.0,0.0,0.0,0.0,0.0,0.0,0.0,0.0,4.768950248035253e-07,0.0
0.0,0.98967251123384,0.0,0.0,1.192240617342577e-07,0.0,0.0,0.0,0.0,0.0,0.0,0.9999992847883448,0.0,0.0,0.0,1.192240617342577e-07,0.0,0.0,0.0,0.0,0.0,0.0,0.0,0.0,0.0
0.0,0.9999700782320478,1.3947103124856142e-05,0.0,5.960258064874324e-07,0.0,1.192240617342577e-07,0.0,0.0,0.0,0.0,0.9999560160209362,0.0,0.0,9.774639442183819e-06,0.0,0.0,0.0,0.9974976260565502,0.0,7.152118257636175e-07,0.0,0.0,0.0,0.0
0.0,0.9994999201087283,0.9993062408910652,0.0,8.641580516877134e-05,0.0,1.192240617342577e-07,0.0,0.0,0.0,0.0,0.9999973775557289,0.0,0.999555555188733,0.0,0.0,0.0,0.0,0.0,0.0,1.1562366811213032e-05,0.0,0.0,0.0,0.9999917741553865
0.0,0.9998724646854313,0.0,1.192240617342577e-07,2.384476545103098e-07,0.0,0.0,0.0,0.0,0.0,0.0,0.9908749408039841,0.0,1.192240617342577e-07,0.0,0.0,0.0,0.0,0.0,0.0,0.0,0.0,0.0,4.768950248035253e-07,0.0
0.0,0.9999762793607582,0.0,0.0,0.9996429986231756,0.0,1.3112231088685533e-06,0.0,3.57605976830655e-07,0.0,0.0,1.192240617342577e-07,0.0,0.99988008454417,0.0,0.0,0.0,0.0,0.0,0.0,0.0002826815444781916,0.0,0.0,0.0,0.9994803969153141
0.0,0.9999990462097231,0.0,0.0,2.384476545103098e-07,0.0,0.0,0.0,0.0,0.0,0.0,0.00030090258775972156,0.0,1.192240617342577e-07,0.0,0.0,0.0,0.0,7.152118257636175e-07,0.0,1.192240617342577e-07,0.0,0.0,0.0,0.0
0.0,0.1259168302135295,0.0003630763305511042,0.0,2.6224444984457307e-06,0.0,1.192240617342577e-07,0.0,0.0,0.0,0.0,1.192240617342577e-07,0.0,2.384476545103098e-07,8.344533100057561e-07,0.0,0.0,0.0,0.14805470433283552,0.0,0.8991200090138958,0.0,0.999989271993647,0.0,2.384476545103098e-07
0.0,0.9998087284359624,0.0,0.0,3.57605976830655e-07,0.0,0.0,0.0,0.0,0.0,0.0,0.9999988079489697,0.0,0.9999522016515195,0.0,0.0,0.0,0.0,0.0,0.0,0.0,0.0,0.0,0.0,1.0729066772796614e-06
0.0,0.9994768255846566,0.0,0.0,1.192240617342577e-07,0.0,0.0,0.0,0.0,0.0,0.0,0.9999995231047478,0.0,1.9075798713963366e-06,0.0,0.0,0.0,3.57605976830655e-07,0.0,0.0,0.0,0.0,0.0,0.0,0.0
0.0,0.9999974967344724,0.0,3.8263914636460505e-05,3.57605976830655e-07,0.0,1.192240617342577e-07,0.0,0.0,0.0,0.0,1.5496499871092695e-06,0.0,0.0,0.0,0.0,0.0,5.960258064874324e-07,0.0,0.0,0.00011812654740284145,0.0,0.0,0.0,0.0
0.0,0.46879127073994664,1.192051257703497e-06,0.001573056089838376,1.5496499871092695e-06,0.0,0.9999938015395148,0.0,0.0,0.0,0.0,0.0,0.0,0.0,7.749399615231134e-06,0.0,0.0,0.0,0.9999948743383752,0.0,0.9999475518200848,0.0,0.0,0.0,0.0
0.0,1.0,0.0,0.0,0.0,0.0,7.391056640604354e-06,0.0,0.0,0.0,0.0,0.0,0.0,0.0,0.0,1.192240617342577e-07,0.0,0.0,0.6224692545959072,0.0,2.384476545103098e-07,0.0,0.0,0.0,0.0
0.0,1.5496499871092695e-06,3.57605976830655e-07,3.6956766884532755e-06,1.4424200679097332e-05,0.0,0.9997398253507467,0.0,0.00014909383233252527,0.0,0.0,0.0,0.0,0.0,2.8490363323974144e-05,0.0,0.0,4.768950248035253e-07,0.9999405152205822,1.192240617342577e-07,0.9998665097712758,0.0,0.0,0.0,0.0
0.0,0.0,0.0,2.7297697746786476e-05,0.0,0.0,3.731074563839698e-05,0.0,1.192240617342577e-07,0.0,0.0,0.0,0.0,0.0,2.860843551943937e-06,0.0,0.0,0.0,0.9999426622666351,0.0,1.6689859979157617e-05,0.0,0.0,0.0,0.0
0.0,0.0,0.0,0.0,0.0,0.0,0.0,0.0,0.0,0.0,0.0,1.192240617342577e-07,0.0,0.0,0.0,0.0,0.0,0.0,2.384476545103098e-07,0.0,0.0,0.0,0.0,2.3841004124225407e-06,0.0
0.0,0.99994146949706,0.0,0.0,1.192240617342577e-07,0.0,0.0,0.0,0.0,0.0,0.0,0.00023811707072995958,0.0,0.0,0.0,3.57605976830655e-07,0.0,0.0,2.02668910964654e-06,0.0,2.384476545103098e-07,0.0,0.0,0.0,0.0
0.0,1.0012961758065764e-05,3.70724596131522e-05,0.0,0.0,0.0,0.0,0.0,0.0,0.0,0.0,0.9999685263470333,0.0,1.192240617342577e-07,0.0,2.145812430742744e-06,0.0,0.0,1.192240617342577e-07,0.0,1.192240617342577e-07,0.0,0.0,0.0,0.0
0.0,2.348221901393721e-05,3.5047160706458413e-05,0.0,1.192240617342577e-07,0.0,1.192240617342577e-07,0.0,0.0,0.0,0.0,0.0,0.0,0.0,1.192240617342577e-07,0.0,0.0,0.0,1.192240617342577e-07,0.0,0.9999858143543222,0.0,0.0,0.0,1.192051257703497e-06
0.0,1.3112231088685533e-06,1.6689054689322802e-06,0.0,0.9998509061676675,0.0,4.028956717350152e-05,0.0,0.0,0.0,0.0,2.384476545103098e-07,0.0,0.0,0.0,0.0,1.192240617342577e-07,0.0,0.0,0.0,0.998883954204553,0.0,0.0,1.192240617342577e-07,0.0
0.0,6.0677684666554654e-05,0.0,0.0,0.00011621845444254042,0.0,5.960258064874324e-07,0.0,0.0,0.0,0.0,0.0,0.0,0.0,0.0,0.0,0.0,0.0,0.0,0.0,0.9977478740205634,0.0,0.0,0.0,0.0
0.0,0.9999967814539513,0.0,0.0,0.9996800416305239,0.0,9.537902768697037e-07,0.0,0.0,0.0,0.0,1.192240617342577e-07,0.0,0.9740408807157263,0.0,0.0,0.0,0.0002826815444781916,0.0,0.0,0.11919669251790077,0.0,2.0740831361387713e-05,0.0,9.537902768697037e-07
0.0,0.9999946359824371,0.0,0.0,0.9991704222547048,0.0,0.1561184606630407,0.0,3.5763732452176455e-06,0.0,0.0,1.192240617342577e-07,0.0,0.0,0.0,0.0,0.0,0.0,0.9995783118879852,0.0,0.9999148950210192,0.0,0.0,0.0,0.0
0.0,0.9999964236267548,0.0,0.00037117650258255974,1.526053549183448e-05,0.0,2.384476545103098e-07,0.0,1.192240617342577e-07,0.0,0.0,0.0,0.0,0.0,0.0,0.0,1.192240617342577e-07,0.0,0.987569560272704,0.0,3.183097098347076e-05,0.0,0.0,0.0,0.0
0.0,1.5496499871092695e-06,5.3759881739168236e-05,1.192240617342577e-07,1.192240617342577e-07,0.0,1.192240617342577e-07,0.0,0.0,0.0,0.0,1.192051257703497e-06,3.57605976830655e-07,1.192240617342577e-07,1.192240617342577e-07,0.0,2.145812430742744e-06,4.7440715814972556e-05,2.384476545103098e-07,0.0,0.06953900407215008,0.0,0.0,0.0,3.57605976830655e-07
0.0,1.0,0.0,0.0,4.768950248035253e-07,0.0,0.0,0.0,0.0,0.0,0.0,1.192240617342577e-07,0.0,1.192240617342577e-07,0.0,0.0,0.0,0.0,0.0,0.0,9.178885813310167e-06,0.0,0.0,0.0,0.0
0.0,0.9999765177809861,0.0,0.0,0.0,0.0,1.192240617342577e-07,0.0,0.0,0.0,0.0,0.00014909383233252527,0.0,0.0,0.0,0.0,0.0,0.0,1.5496499871092695e-06,0.0,0.0,0.0,0.0,1.192240617342577e-07,0.0
0.0,0.9999967814539513,0.0,0.0,0.0,0.0,0.0,0.0,0.0,0.0,0.0,0.9899874892891565,0.0,0.00016886985470865312,0.0,0.0,0.0,0.0,0.0,0.0,0.0,0.0,0.0,0.0,0.0
0.0,1.108557052253989e-05,0.0,0.0,8.344533100057561e-07,0.0,1.192240617342577e-07,0.0,3.57605976830655e-07,0.0,0.0,0.0,0.0,0.0,0.0,0.0,0.0,0.0,3.57605976830655e-07,0.0,0.9989243989681243,0.0,0.0,0.0,0.0
0.0,0.999998927093209,0.0,0.0,9.537902768697037e-07,0.0,0.7981891264487173,0.0,0.0,0.0,0.0,0.00030542822884183085,0.0,0.0,0.0,0.0,0.0,0.0,0.9999681690287892,0.0,0.1871409437090934,0.0,0.0,0.0,0.0
0.0,0.0013361675861934819,0.0,0.0,0.9999897487030227,0.0,0.9999831910220843,0.0,0.0,0.0,0.0,0.0,0.0,1.0729066772796614e-06,0.0,0.0,0.0,1.192240617342577e-07,0.0,0.0,0.9999992847883448,0.0,0.0,0.0,0.0
0.0,0.0,0.0,0.0,1.6689054689322802e-06,0.0,0.9999632849622555,0.0,0.0,0.0,0.0,0.0,0.0,0.9999815231710137,0.0,0.0,0.0,1.192240617342577e-07,4.768950248035253e-07,0.0,0.9999881992158033,0.0,0.0,0.0,0.9999941591956986
0.0,0.0,1.192240617342577e-07,0.0,0.00016601043111930114,0.0,3.969376647050549e-05,0.0,0.0,0.0,0.0,0.0,0.0,5.960016525530243e-06,0.0,0.0,0.0,0.0,0.0,0.0,0.9999947551633549,0.0,0.0,1.3589312835349254e-05,9.537902768697037e-07
0.0,0.0,0.0,0.0,4.768950248035253e-07,0.0,0.9706881004655346,0.0,0.0,0.0,0.0,0.0,0.0,0.0,0.0,0.0,0.0,2.384476545103098e-07,0.0,0.0,0.9984513046154929,0.0,0.0,0.0,0.0
0.0,5.602398682524878e-06,0.9998642468020342,0.0,0.0010162360764021106,0.0,1.192240617342577e-07,0.0,0.0,0.9950746617760488,0.0,0.9950941424102253,0.0,0.00031531341904300625,1.192240617342577e-07,0.0,0.0,7.152118257636175e-07,0.0,0.0,5.853050294002404e-05,0.0,0.0,0.0,0.9999744910053205
0.0,1.5020643980290238e-05,1.4662768811013471e-05,2.8609640376098255e-05,1.192240617342577e-07,0.0,1.192240617342577e-07,0.0,0.0,0.0,0.0,4.863284943956714e-05,1.192240617342577e-07,0.00023084444884746702,1.192240617342577e-07,9.738070578002578e-05,0.0,1.192240617342577e-07,8.702340543398357e-06,0.0,3.57605976830655e-07,0.0,0.0,0.0,0.999998569577201
0.0,1.4304229126738122e-06,0.0,0.0,1.192240617342577e-07,0.0,0.0,0.0,0.0,0.0,0.0,0.9999599487545202,2.384476545103098e-07,6.913942543262941e-06,0.0,0.0,0.0,0.0,0.0,0.0,0.0,0.0,0.0,5.960258064874324e-07,2.384476545103098e-07
0.0,0.9998414951891401,0.0,0.0,4.768950248035253e-07,0.0,0.0,0.0,0.0,0.0,0.0,0.9998579340541489,0.0,0.0,0.0,0.0,0.0,0.0,0.0,0.0,0.0,0.0,0.0,0.10669546638822058,0.0
0.0,0.8080668800370207,0.0,0.0,0.0,0.0,0.0,0.0,0.0,0.0,0.0,0.9999839057203667,0.0,0.007121761983046371,0.0,0.0,0.0,0.0,0.0,0.0,0.0,0.0,0.0,2.3841004124225407e-06,0.0
0.0,0.002889946576699609,0.0,0.0,4.768950248035253e-07,0.0,0.0,0.0,0.0,0.0,0.0,0.9999954701172836,0.0,1.192240617342577e-07,0.0,3.647675862561428e-05,0.0,0.0,0.0,0.0,1.192240617342577e-07,0.0,0.0,0.0,0.0
0.0,0.0,0.0,0.0,0.00033270256015571764,0.0,0.0,6.151712245150431e-05,0.0,0.0,0.0,1.192240617342577e-07,0.0,0.00012015399129228221,0.0,2.205182718995058e-05,0.0,0.0,0.0,0.0,1.847682898625802e-05,0.0,0.0,2.7655483131550085e-05,0.9990559153372416
0.0,0.9999995231047478,0.0,0.0,0.0,0.0,0.0,0.0,0.0,0.0,0.0,1.192240617342577e-07,0.0,0.0736910068266724,0.0,0.0,0.0,3.57605976830655e-07,0.0,0.0,0.0,0.0,0.0,0.0,0.0
0.0,3.5763732452176455e-06,0.0,0.0,4.362642506616776e-05,0.0,0.0,0.0,0.0,0.0,0.0,0.0,0.0,0.9999960657392052,0.0,0.0,0.0,0.0,0.0,0.0,2.384476545103098e-07,0.0,1.192240617342577e-07,0.0,0.9999998807761656
0.0,0.9999986887770048,0.0,0.0,9.537902768697037e-07,0.0,0.0,0.0,0.0,0.0,0.0,0.9976030199667262,0.0,0.0,0.0,0.0,0.0,0.0,0.0,0.0,2.384476545103098e-07,0.0,0.0,8.344533100057561e-07,0.0
0.0,1.192240617342577e-07,0.002217090092961005,0.0,2.384476545103098e-07,0.0,0.0,0.0,0.0,0.0,0.0,1.6689054689322802e-06,0.0,0.9999966621920747,0.0,0.0,0.0,1.192240617342577e-07,1.6689054689322802e-06,0.0,0.0,0.0,0.0,3.57605976830655e-07,1.0
0.0,0.0,1.3470056046682721e-05,0.0,3.57605976830655e-07,0.0,4.768950248035253e-07,0.0,0.0,0.0,0.0,9.67847171979841e-05,0.0,0.0001885306638785833,0.0,0.0,0.0,1.5496499871092695e-06,0.0,0.0,3.815155876552012e-06,0.0,0.0,6.604305420543355e-05,0.9999915359134185
0.0,7.152118257636175e-07,9.537902768697037e-07,0.0,0.9808745847940938,0.0,1.192240617342577e-07,0.0,0.0,0.0,0.0,0.0,0.0,4.148123322289532e-05,0.0,0.0,0.0,5.364017562903278e-06,1.192240617342577e-07,0.0,7.152118257636175e-07,0.0,0.0,0.0,0.9999996423941084
0.0,0.0,3.6238487407747044e-05,2.384476545103098e-07,1.0489645781874835e-05,0.0,1.192240617342577e-07,2.0144986724313085e-05,0.0,0.0,0.0,1.192240617342577e-07,0.0,0.9998257684953074,0.0,1.192240617342577e-07,0.0,4.768950248035253e-07,0.0,0.0,0.9988840731645212,0.0,0.0,0.00014683055863951022,0.9999970199361381
0.0,0.0,0.0,0.0,2.384476545103098e-07,0.0,0.0,4.768950248035253e-07,0.0,0.0,0.0,0.0,0.0,0.9995053961217985,0.0,0.9999326467205352,0.0,0.0,0.0,0.0,2.384476545103098e-07,0.0,0.0,5.960258064874324e-07,0.9999970199361381
0.0,0.0,1.192240617342577e-07,0.0,2.2766994368317306e-05,0.0,0.0,0.0,0.0,0.0,0.0,9.537902768697037e-07,0.0,0.9999910593932734,0.0,0.0,0.0,0.0,0.0,0.0,1.192240617342577e-07,0.0,0.0,2.264949380159642e-06,0.9999910593932734
0.0,0.0,0.0,0.0,9.537902768697037e-07,0.0,0.0,0.0,0.0,0.0,0.0,0.0,8.344533100057561e-07,0.9999039304695693,0.0,0.0,0.0,1.192240617342577e-07,1.192240617342577e-07,0.0,8.940606499252546e-06,0.0,0.0,1.192240617342577e-07,0.999998569577201
0.0,2.3841004124225407e-06,0.00012015399129228221,7.749399615231134e-06,4.649025975411725e-06,0.0,2.384476545103098e-07,0.0,1.192240617342577e-07,0.0,0.0,4.768950248035253e-07,0.9999339569457946,9.298030337445695e-06,0.0,2.384476545103098e-07,2.384476545103098e-07,7.593034230746198e-05,0.0,0.0,2.622443381805617e-05,0.0,3.57605976830655e-07,0.0,1.192240617342577e-07
0.0,6.436929626318921e-06,0.9986166349684181,6.794679274113591e-06,0.9998757992881426,0.0,3.57605976830655e-07,0.0,0.0,0.0,0.0,0.0,4.708309393508525e-05,0.0005401975614276466,0.0003517602670863873,0.0,0.0,0.9999603062335295,0.0,0.0,6.317691993329433e-06,0.0,7.152118257636175e-07,0.08509268524809566,3.218546048677773e-06
0.0,2.3841004124225407e-06,0.9999582804238246,0.0,0.00013349022849684644,0.0,0.0003922617428033792,0.0,0.0,0.0,0.0,0.0,0.0,0.0,0.0,1.192240617342577e-07,0.0,0.0,5.960258064874324e-07,0.0,0.9999110815941936,0.0,0.0,0.0,0.0
0.0,1.5496499871092695e-06,0.0,0.0,0.0002739882063866883,0.0,1.0729066772796614e-06,0.998909648142328,0.0,0.0,0.0,0.0,0.0,1.192240617342577e-07,0.0,0.0,0.0,5.018272645451738e-05,0.0,0.0,0.9999482672568315,0.0,0.0,1.5496499871092695e-06,0.0
0.0,1.192240617342577e-07,0.0,0.0,0.0,0.0,0.0,0.0,0.0,0.0,0.0,0.9740411111309037,0.0,0.0,0.0,0.0,0.0,1.192240617342577e-07,0.0,0.0,0.0,0.0,0.0,0.0,0.0
0.0,0.0,0.00021343997597533804,0.0,1.192240617342577e-07,0.0,1.192240617342577e-07,0.0,0.0,0.0,0.0,4.768950248035253e-07,0.0,0.0,1.3827837283986177e-05,0.0,0.0,0.0,2.5032657550161375e-06,0.0,0.00538552693662997,0.0,0.0,0.0,1.192240617342577e-07
0.0,0.9999984503497855,2.384476545103098e-07,0.0,2.384476545103098e-07,0.0,2.3841004124225407e-06,0.0,0.0,0.0,0.0,1.192240617342577e-07,0.0,0.0,0.0,0.0,0.0,0.0,2.384476545103098e-07,0.0,0.9996699177785824,0.0,0.0,0.0,0.0
0.0,0.9999842630496908,0.9940881736138603,0.0,0.0,0.0,0.0,0.0,0.0,0.0,0.0,1.0966379827559436e-05,0.0,0.006488716812233508,0.0,0.0,0.0,0.0,0.0,0.0,1.192240617342577e-07,0.0,0.0,1.192240617342577e-07,1.192240617342577e-07
0.0,0.9999862914267522,0.9999868876971247,0.0,8.344533100057561e-07,0.0,1.192240617342577e-07,0.0,0.0,0.0,0.0,0.0,0.0,1.192240617342577e-07,1.192240617342577e-07,0.0,0.0,0.0,0.0,0.0,4.410745809479977e-06,0.0,1.192240617342577e-07,0.0,0.0
0.0,0.9999920123837689,0.0,0.0,5.960016525530243e-06,0.0,0.0,0.0,0.0,0.0,0.0,0.9999346716016133,0.0,0.0,0.0,0.0,0.0,0.0,1.192240617342577e-07,0.0,7.152118257636175e-07,0.0,0.0,2.7774745504305365e-05,0.0
0.0,0.9998976126258453,0.0,0.0,1.3112231088685533e-06,0.0,0.0,0.0,0.0,0.0,0.0,2.02668910964654e-06,0.0,1.192240617342577e-07,0.0,1.192051257703497e-06,0.0,1.0729066772796614e-06,0.0,0.0,7.152118257636175e-07,0.0,0.0,0.0,0.0
0.0,0.9999979733108904,0.0,0.0,2.5747468992420863e-05,0.0,3.337807925274383e-06,0.0,0.0,0.0,0.0,1.0489645781874835e-05,0.0,0.0,0.0,0.0,0.0,2.384476545103098e-07,0.0,0.0,7.152118257636175e-07,0.0,0.0,0.0,0.0
2.384476545103098e-07,0.0008558836976998441,0.0,0.0,5.72159797485039e-06,0.0,0.0,0.0,0.0,0.0,0.0,5.674137532718504e-05,4.768175814184872e-06,0.0,0.0,3.57605976830655e-07,0.0,3.57605976830655e-07,0.0,0.0,0.0,0.0,0.0,0.0,0.0
6.436929626318921e-06,1.3112231088685533e-06,4.768950248035253e-07,0.0,4.768175814184872e-06,0.0,1.192240617342577e-07,0.0,0.0,0.00027851347422835904,0.0,0.00017959344600915195,0.0,0.0,0.0,0.0,0.0,2.384476545103098e-07,0.0,0.0,5.00649341150794e-06,0.0,0.0,0.0,0.0
0.0,0.9999959466272526,0.0,4.768950248035253e-07,4.768950248035253e-07,0.0,0.0,0.0,0.0,0.0,0.0,7.152118257636175e-07,0.9999754448376589,5.960258064874324e-07,0.0,0.0,0.0,1.192240617342577e-07,0.0,0.0,0.0,0.0,0.0,0.00033663314266663136,0.0
0.0,0.9999998807761656,0.0,0.0,1.192240617342577e-07,0.0,0.0,0.0,0.0,0.0,0.0,1.192240617342577e-07,0.0,0.0,0.0,1.192240617342577e-07,0.0,0.0,0.0,0.0,0.0,0.0,0.0,0.0,0.0
0.0,0.9890142646474874,1.192240617342577e-07,1.3589312835349254e-05,1.192240617342577e-07,0.0,0.0,0.0,0.0,0.0,0.0,0.0,0.0,1.192240617342577e-07,0.0,0.0,0.0,0.0,1.192240617342577e-07,0.0,2.384476545103098e-07,0.0,1.192240617342577e-07,0.0,0.0
0.0,0.0,0.9998156401413362,0.0,1.0132127783113454e-05,0.0,0.9304580511943646,0.0,0.0,0.0,0.0,0.0,0.0,0.0,1.192240617342577e-07,0.0,0.0,0.0,0.0,0.0,0.30739688953295186,0.0,0.0,0.0,0.0
0.0,0.0,0.0,0.0,1.192240617342577e-07,0.0,0.0,0.0,0.0,0.0,0.0,0.0,0.0,0.0,0.0,0.0,0.0,2.384476545103098e-07,0.0,0.0,1.192240617342577e-07,0.0,0.0,0.0,0.0
0.0,0.0,4.5298824890016576e-06,0.0,0.9998724646854313,0.0,0.9984019906809567,0.0,0.0,0.0,0.0,0.0,0.0,0.0,0.0,0.0,0.0,0.10088009147059018,0.0,0.0,0.0675455391255082,0.0,3.57605976830655e-07,0.0,0.0
0.0,0.0,0.0,0.0,0.9998599589439813,0.0,0.9902922342949564,8.248345286088199e-05,0.0,0.7549011004364188,0.0,0.0,0.0,0.0,0.0,0.0,0.0,0.0,0.0,0.0,2.2409405727286114e-05,0.0,0.0,0.0,0.0
0.0,0.0,0.0,0.0,6.425644257546104e-05,0.0,0.04084493608492079,0.0,0.0,2.8490363323974144e-05,0.0,0.0,0.0,0.0,0.0,0.0,0.0,2.384476545103098e-07,0.0,0.0,8.344533100057561e-07,0.0,0.0,0.0,0.0
0.0,0.9999896295304322,0.0,4.291615254836678e-06,5.960258064874324e-07,0.0,0.0,0.0,0.0,0.0,0.0,9.537902768697037e-07,0.0,0.0,0.0,0.0,0.0,0.0,0.0,0.0,4.768950248035253e-07,0.0,0.0,0.0,0.0
0.0,0.9999868876971247,0.0,0.0,3.57605976830655e-07,0.0,0.0,0.0,0.0,0.0,0.0,2.5151294017145e-05,0.0,0.0,0.0,0.0,0.0,0.0,0.0,0.0,1.192240617342577e-07,0.0,0.0,0.00031531341904300625,0.0
0.0,0.9999997615523455,0.0,0.0,1.192240617342577e-07,0.0,0.0,0.0,0.0,0.0,0.0,0.0,0.0,0.0,0.0,0.0,0.0,0.0,0.0,0.0,2.384476545103098e-07,0.0,0.0,0.0,0.0
0.0,0.9999996423941084,0.0035938095797843905,0.0,1.192240617342577e-07,0.0,0.24504199241850821,0.0,0.0,0.0,0.0,0.0,0.0,0.0,0.0,0.0,0.0,0.0,0.0018971047607697633,0.0,2.4197499308042936e-05,0.0,1.192240617342577e-07,0.0,0.0
0.0,0.9999997615523455,5.960258064874324e-07,0.0,9.537902768697037e-07,0.0,5.960016525530243e-06,0.0,0.0,0.0,0.0,0.0,0.0,0.0,0.0,0.0,0.0,0.0,0.00023108287032747032,0.0,0.0006462629429073719,1.192240617342577e-07,0.0,0.0,0.0
0.0,1.0,0.0,0.0,2.741637097347649e-06,0.0,0.0,0.0,0.0,0.0,0.0,0.0,0.0,0.0,0.0,0.0,0.0,0.0,3.815155876552012e-06,0.0,5.125661624805211e-06,0.0,0.0,0.0,0.0
0.0,0.9999996423941084,0.0,0.0,2.384476545103098e-07,0.0,0.000241813199274854,0.0,0.0,0.0,0.0,0.0,0.0,0.0,0.0,0.0,0.0,0.0,0.9883137751168898,0.0,0.00010095683351796225,0.0,2.6224444984457307e-06,0.0,0.0
0.0,0.9999995231047478,0.0,2.384476545103098e-07,3.4570836574543407e-06,0.0,0.0,0.0,0.0,0.0,0.0,0.0,1.192240617342577e-07,0.0,0.0,0.0,0.0,0.0,1.192240617342577e-07,0.0,4.768950248035253e-07,0.0,0.0,0.0,0.0
0.0,0.9999346716016133,0.0,2.9800638619015274e-06,1.192240617342577e-07,0.0,0.0,0.0,0.0,0.0,0.0,0.0,1.192240617342577e-07,0.0,0.0,0.0,0.0,0.0,8.344533100057561e-07,0.0,0.0,0.0,0.0,0.0,0.0
0.0,7.152118257636175e-07,0.0,0.3923472286844393,0.004905739428678779,0.0,0.0,0.0,0.0,0.0,0.0,0.0,0.0,1.192240617342577e-07,0.0,0.0,0.0,0.0,0.0,0.0,2.384476545103098e-07,0.0,3.57605976830655e-07,0.0,0.0
0.0,0.9999996423941084,0.0,1.788187994011814e-06,1.192240617342577e-07,0.0,3.337807925274383e-06,0.0,0.0,0.0,0.0,0.0,0.0,0.0,0.0,0.0,0.0,0.0,0.9998034847534518,0.0,4.768950248035253e-07,0.0,0.0,0.0,0.0
0.0,0.9999978541875693,0.0,1.9075798713963366e-06,7.867060535093895e-05,0.0,2.384476545103098e-07,0.0,0.0,0.0,0.0,2.3124599479285024e-05,0.0,0.9999468363583855,0.0,0.0,1.192051257703497e-06,3.93426102218708e-06,6.794679274113591e-06,0.0,6.33036150651245e-05,0.0,0.0,4.649025975411725e-06,0.00012955995327679215
0.0,0.9998727028699311,0.0,1.192240617342577e-07,0.7310563997353822,0.0,0.996875814012024,0.0,4.768950248035253e-07,0.0,0.0,0.0,0.0,0.0,0.0,0.0,0.0,0.0,4.708309393508525e-05,0.0,0.9893486054483472,0.0,0.0,0.0,0.0
0.0,0.00020056739764262588,0.0,0.0,0.9999973775557289,0.0,0.0011513723257317032,0.0,0.0,0.0,0.0,8.10672906514931e-06,0.0,0.0,0.0,0.0,0.0,0.0,2.264949380159642e-06,0.0,0.9999960657392052,0.0,0.0,0.0,0.0
0.0,0.0,9.537902768697037e-07,0.0,2.6224444984457307e-06,0.0,4.768950248035253e-07,0.0,1.192240617342577e-07,0.0,0.0,0.0,0.0,0.0,2.980247673256553e-05,0.0,0.0,0.0,0.9996428795437314,0.0,0.9993121927592603,0.0,0.0,0.0,0.0
0.0,0.0,0.0,0.0,0.10087999098610434,0.0,3.57605976830655e-07,0.0,0.0,0.0,0.0,0.0,0.0,2.384476545103098e-07,0.0,0.9999973775557289,0.0,0.0030759769799054704,0.0,0.0,1.788187994011814e-06,0.0,0.0,0.0,7.152118257636175e-07
0.0,3.57605976830655e-07,0.0,0.0,0.00012955995327679215,0.0,4.768950248035253e-07,0.0,0.0,0.0,0.0,0.0,0.0,0.0,0.0,0.999661937555789,0.0,2.264949380159642e-06,0.0,0.0,2.384476545103098e-07,0.0,0.0,1.192240617342577e-07,0.0
0.0,0.0,0.0004333641150603418,0.0,0.9998232662960959,0.0,0.9343937090099488,0.9999988079489697,0.0,0.0,0.0,0.0,0.0,0.0,0.0,0.0,0.0,0.0,0.0,0.0,0.999998927093209,0.0,0.0,0.0,0.0
0.0,0.00033043952728895043,4.172491279819113e-06,0.0,9.201707971751016e-05,0.0,6.079235556621931e-06,0.0,0.0,0.0,0.0,0.0,0.0,0.0,0.0,0.0,2.384476545103098e-07,1.192240617342577e-07,1.192240617342577e-07,0.0,0.0004308620635508076,0.0,1.192240617342577e-07,3.9574605787073835e-05,0.9999945167951672
0.0,0.9999654293469983,0.0,0.0,2.02668910964654e-06,0.0,0.0,0.0,0.0,0.0,0.0,5.960258064874324e-07,0.0,0.0,0.0,0.0,0.0,2.860843551943937e-06,0.0,0.0,0.0,0.0,0.0,0.0,0.0
0.0,0.9999977350503925,0.0,0.0,9.298030337445695e-06,0.0,0.00012182372338476188,0.0,0.0,0.0,0.0,0.0,0.0,0.0,0.0,0.0,0.0,0.0,0.9984867190350578,0.0,0.9755745489979756,0.0,0.0,0.0,0.0
0.0,0.9999995231047478,0.0,0.0,4.768950248035253e-07,0.0,0.0,0.0,0.0,0.0,0.0,0.0,0.0,0.0,0.0,0.0,0.0,0.0,0.0,0.0,3.0992980275534876e-06,0.0,0.0,0.0,0.0
0.0,1.4304229126738122e-06,0.0,3.57605976830655e-07,5.542945892023088e-05,0.0,0.0,0.0,0.0,0.0,0.0,0.0,0.0,0.0,0.0,0.0,0.0,0.0,0.00018269159863282258,0.0,1.1204765295924624e-05,0.0,1.192240617342577e-07,0.0,0.0
0.0,0.0,0.0,0.0,0.0,0.0,0.0,0.9755745489979756,0.0,0.0,0.0,0.0,0.0,0.0,0.0,0.0,0.0,0.0,0.0,0.0,2.3841004124225407e-06,0.0,0.0,0.0,0.0
1.192240617342577e-07,1.192240617342577e-07,1.192240617342577e-07,1.4304229126738122e-06,1.6689859979157617e-05,0.0,0.9995250515521668,0.9999939207644434,0.0,0.0,0.0,0.0,0.0,0.0,0.0,0.0,5.960258064874324e-07,1.192240617342577e-07,0.0,0.0,0.9999825953950986,0.0,0.0,0.0,1.192240617342577e-07
0.0,1.192240617342577e-07,0.0,1.4304922389740682e-05,3.57605976830655e-07,0.0,1.192240617342577e-07,0.0,2.384476545103098e-07,0.0,0.0,4.934816153590038e-05,0.0,0.0,0.0,0.0,0.0,0.0,0.9981324634517516,0.0,1.9430024804312218e-05,0.0,0.0,0.0,0.0
0.0,0.0,0.0,0.0,1.5496499871092695e-06,0.0,1.788187994011814e-06,0.9984510669148848,1.192240617342577e-07,0.0,1.192240617342577e-07,0.0,0.0,1.3112231088685533e-06,0.0,0.0,0.0,1.192240617342577e-07,0.0,0.0,0.0003516411870035929,0.0,0.0,0.0,0.951142598783234
0.0,2.384476545103098e-07,0.9999884376334162,0.999955062505431,4.7679137606171373e-05,0.0,0.9997173184552947,0.0,0.0,0.0,0.0,0.0,0.0,2.348221901393721e-05,7.152118257636175e-07,0.999947074847987,0.0,9.537902768697037e-07,0.9995080151052946,0.0,0.9999917741553865,0.0,0.0,0.0,0.9999974967344724
0.0,5.960258064874324e-07,0.9999963043233115,0.0,1.192240617342577e-07,0.0,0.9962926746181833,0.0,0.0,0.0,0.0,0.0,0.0,2.384476545103098e-07,1.192240617342577e-07,0.002890183145444869,0.0,7.152118257636175e-07,5.960258064874324e-07,0.0,0.9999434971643498,0.0,0.0,0.0,0.7773479592116003
0.0,0.0,1.585605744547358e-05,0.0,7.033211255169647e-06,0.0,0.9997127930808714,0.0,0.0,0.0,0.0,0.0,0.0,0.0,0.0,0.0,0.0,0.9999840248313399,0.0,0.0,0.9999701975232674,0.0,0.0,0.0,1.6213392638686486e-05
0.0,0.4687913340649581,0.0,0.0,0.0003891643850411075,0.0,3.815155876552012e-06,0.0,0.0,0.0,0.0,0.9999910593932734,0.0,0.0,0.0,0.0,0.0,0.0,0.0,0.0,1.2516111272287134e-05,0.0,0.0,1.192240617342577e-07,0.0
0.0,0.9999260949579272,1.6689054689322802e-06,0.0,3.814476810670708e-05,0.0,0.0,0.0,0.0,0.0,0.0,2.384476545103098e-07,0.0,0.000624478780644866,0.0,0.0,0.0,0.0,0.0,0.0,2.384476545103098e-07,0.0,0.0,0.0,0.9999998807761656
0.0,0.9999237122389276,1.192240617342577e-07,0.0,2.02668910964654e-06,0.0,0.0,0.0,0.0,0.0,0.0,1.788187994011814e-06,0.0,0.0,0.0,0.999998569577201,0.0,0.0,0.0,0.0,2.384476545103098e-07,0.0,0.0,1.192240617342577e-07,0.0
0.0,1.0,0.0,0.0,1.192240617342577e-07,0.0,0.0,0.0,0.0,0.0,0.0,2.384476545103098e-07,0.0,0.0,0.0,0.0,0.0,0.0,0.0,0.0,0.0,0.0,0.0,0.0,0.0
0.0,0.9999998807761656,0.0,3.93426102218708e-06,3.57605976830655e-07,0.0,0.0,0.0,0.0,0.0,0.0,2.3841004124225407e-06,0.0,0.0,0.0,0.0,0.0,0.0,0.0,0.0,8.344533100057561e-07,0.0,0.0,1.192240617342577e-07,0.0
0.0,1.0,0.0,0.0,3.57605976830655e-07,0.0,0.0,0.0,0.0,0.0,0.0,0.0,0.0,0.0,0.0,0.0,0.0,0.0,0.0,0.0,0.0,0.0,0.0,0.0,0.0
0.0,0.9999973775557289,0.0,0.0,1.3112231088685533e-06,0.0,0.0,0.0,0.0,0.0,0.0,0.0,0.0,0.0,0.0,0.0,0.0,0.0,0.0,0.0,0.02676085158866104,0.0,0.0,0.0,0.0
0.0,0.00032674726135761833,0.0,0.0,2.384476545103098e-07,2.5032657550161375e-06,2.384476545103098e-07,0.0,0.0,0.0,0.0,0.0,0.0,0.0,1.192240617342577e-07,0.0,0.0,0.0,1.3112231088685533e-06,0.0,4.768950248035253e-07,0.0,0.0,0.0,0.0
0.0,0.0,1.192051257703497e-06,0.0,0.0,0.0,4.768950248035253e-07,0.0,0.0,0.0,0.0,0.0,0.0,0.0,0.0,0.0,0.0,0.0,3.57605976830655e-07,0.0,0.0005999564797851686,0.0,0.0,0.0,0.0
0.0,0.0,1.192240617342577e-07,0.0,0.9995890343663805,0.0,0.9998026504818562,2.384476545103098e-07,0.9893486054483472,0.0,0.0,0.0,0.0,0.0,0.0,0.0,0.0,0.0,1.192240617342577e-07,0.0,1.0,0.0,0.0,0.0,0.0
0.0,3.373679489382386e-05,2.264949380159642e-06,0.0,8.344533100057561e-07,0.0,0.0,0.0,0.0,5.364017562903278e-06,0.0,4.768950248035253e-07,1.192240617342577e-07,2.02668910964654e-06,0.0,0.0,0.0,0.0,0.0,0.0,0.0003055473142022924,0.0,4.5298824890016576e-06,0.0,0.9871793855365288
0.0,0.0006266214602071996,0.0,0.0,0.9999879607864238,0.0,8.344533100057561e-07,0.0,0.0,0.0,0.0,0.0,0.0,0.0,0.0,0.0,0.0,0.0,0.9999641189204349,0.0,0.9999306217417011,0.0,0.0,0.0,0.0
0.0,0.9992562456787395,4.768950248035253e-07,0.0,2.61051876309093e-05,0.0,0.9902922342949564,1.0729066772796614e-06,0.0,0.0,0.0,4.768950248035253e-07,0.0,0.0,0.0,0.0,0.0,5.244836645101891e-06,0.0,0.0,0.9953898596758319,0.0,0.0,0.0,0.0
0.0,0.9999997615523455,0.0,0.0,1.1681574487942825e-05,0.00015624134022518277,2.0383320210815015e-05,0.0,1.192240617342577e-07,0.0,0.0,0.001926670818820586,0.0,0.0,0.0,0.0,0.0,0.0,0.0013669593259971746,0.0,0.9971100534230738,0.0,0.0,0.0,0.0
0.0,0.999980808283444,3.57605976830655e-07,0.09008814881276905,2.348221901393721e-05,0.0,0.9999977350503925,0.0,1.192240617342577e-07,0.0,0.0,0.0,0.0,0.0,0.0,0.0,0.0,0.0,0.9999748487059829,0.0,0.9999934438270707,0.0,0.0,0.0,0.0
0.0,0.9997175566319318,0.9999694791623549,0.0,9.537902768697037e-07,0.0,0.9999482672568315,0.0,0.0,0.0,0.0,2.384476545103098e-07,0.0,0.0,1.192240617342577e-07,0.0,0.0,1.192240617342577e-07,1.9075798713963366e-06,0.0,0.9867780840565165,0.0,0.0,0.0,0.0010734597798703893
0.0,1.192240617342577e-07,0.03514459179313367,0.0,0.0001638659053467828,0.0,0.9947792628182198,0.0,0.0,0.0,0.0,0.0,0.0,0.0,1.192240617342577e-07,0.0,0.0,1.192240617342577e-07,0.0003628381151080662,0.0,0.9999995231047478,0.0,0.0,0.0,0.0
0.0,0.8962483299165325,1.192240617342577e-07,0.0,3.57605976830655e-07,0.0,0.0,0.0,0.0,0.0,0.0,0.0,0.0,0.0,0.0,0.0,0.0,7.152118257636175e-07,0.0,0.0,4.88733132308905e-06,0.0,0.0,0.0,0.0
0.0,0.0005034131674693798,0.0,0.0,0.0,0.0,0.0,0.0,0.0,0.0,0.0,0.9999524400732823,0.0,1.0729066772796614e-06,0.0,2.384476545103098e-07,0.0,0.0,0.0,0.0,0.0,0.0,0.0,0.0,0.0
0.0,8.188766615757626e-05,0.5156203881998432,0.0,0.9196493759002319,0.0,9.537902768697037e-07,1.5496499871092695e-06,0.0,0.0,0.0,1.192240617342577e-07,0.0,0.0,0.0,0.0,0.0,0.0,0.0,0.0,0.002252125979436581,0.0,2.3841004124225407e-06,0.9999943976015448,0.0
0.0,8.344533100057561e-07,0.0,0.0,0.0,0.0,0.0,0.0,0.0,0.0,0.0,6.294631557002273e-05,0.0,0.0,0.0,0.0,1.9075798713963366e-06,5.960258064874324e-07,0.0,1.192240617342577e-07,0.0,0.0,0.0,0.9999315746809657,1.192240617342577e-07
0.0,0.0,1.192240617342577e-07,0.0,0.00026148453285135265,0.0,0.0,0.0,0.0,0.0,0.0,0.0,0.0,0.0,0.0,0.0,0.0,0.0,0.0,0.0,0.0001854323404359981,0.0,1.192240617342577e-07,0.9999998807761656,0.0
0.0,0.0,0.0,1.192240617342577e-07,1.5496499871092695e-06,0.0,0.0,0.0,5.960258064874324e-07,0.0,0.0,0.0,0.0,0.0,0.0,0.0,0.0,4.410745809479977e-06,5.960258064874324e-07,0.0,1.788187994011814e-06,0.0,0.0,0.9999713903598513,0.0
0.00016898900021189434,0.0,1.192240617342577e-07,0.0,0.9998026504818562,0.0,0.0,0.0,0.0,0.0,0.0,0.0,0.0,0.0,0.0,0.0,0.0,1.3112231088685533e-06,0.0,0.0,2.5032657550161375e-06,0.0,9.537902768697037e-07,0.9999995231047478,0.0
1.192240617342577e-07,1.192240617342577e-07,0.9998661524676603,0.0,0.006693397156566694,0.0,2.956389811581417e-05,1.3112231088685533e-06,0.0,0.0,0.0,0.0,0.0,0.0,0.999993563070601,0.0,0.0,3.57605976830655e-07,2.860843551943937e-06,1.192240617342577e-07,0.9991573288045036,0.0,9.537902768697037e-07,0.999998927093209,0.0
0.0,0.0,2.9800638619015274e-06,0.0,0.00010584471655761263,0.0,0.0,0.0,0.0,0.0,0.0,1.192240617342577e-07,0.0,0.0,0.0,0.0,0.0,2.02668910964654e-06,0.0,0.0,0.00012384343389482133,0.0,0.0,0.9999706746773748,0.0
0.0,0.0,0.0,0.0,0.000241813199274854,0.0,0.0,5.483205060219376e-06,0.0,0.0,0.0,7.30711258225547e-05,0.0,0.0,0.0,0.0,0.0,0.0,0.0,0.0,0.0,0.0,0.0,0.9999982118117786,0.0
0.0,0.0,0.9999371727918688,0.0,9.774639442183819e-06,0.0,2.384476545103098e-07,0.0,0.0,0.0,0.0,1.192240617342577e-07,0.0,0.0,0.9999722252542683,0.0,0.0,0.0,3.57605976830655e-07,0.0,0.00020688429012383214,0.0,0.0,0.999998569577201,0.0
0.0,0.0,0.0,0.0,2.384476545103098e-07,0.0,0.0,0.0,0.0,0.0,0.0,0.0,0.0,0.0,0.0,0.0,1.192240617342577e-07,0.974818822386385,0.0,0.0,0.0,0.0,0.0,0.0,0.0
0.0,0.0,0.0,0.0,1.3112231088685533e-06,0.0,0.0,0.0,0.0,0.0,0.0,0.0,0.0,0.0,0.0,0.0,0.0,1.6213392638686486e-05,0.0,0.0,0.0,0.0,0.0,0.0002496958096518398,2.384476545103098e-07
0.0,0.0,9.537902768697037e-07,0.0,0.9969242595447593,0.0,1.192240617342577e-07,0.0,0.0,0.0,0.0,7.152118257636175e-07,0.0,0.0,0.0,0.0,0.0,6.794679274113591e-06,0.0,0.0,0.00011645695441131476,0.0,0.0,0.9999995231047478,0.0
0.0,0.0,0.0,0.0,0.9997387536197399,0.0,0.0,1.0729066772796614e-06,0.0,0.0,0.0,0.0,0.0,0.0,0.0,0.0,0.0,0.0,0.0,0.0,1.5496499871092695e-06,0.0,0.0,0.9999978541875693,0.0
0.0,1.6689054689322802e-06,0.0,0.0,0.0003664116933198569,0.0,0.0,0.0,0.0,0.0,0.0,0.0,0.0,8.344533100057561e-07,0.0,0.0,7.033211255169647e-06,0.9999108432332193,0.0,1.3231550839210016e-05,4.768950248035253e-07,0.0,0.0,0.9999213293946491,0.012820381859684815
0.0,0.0,2.384476545103098e-07,0.0,0.08509258299943756,0.0,0.0,0.0,0.0,0.0,0.0,3.6956766884532755e-06,0.0,0.0,0.0,0.0,0.0,0.0,0.0,0.0,2.02668910964654e-06,0.0,0.0,0.9999998807761656,0.0
0.0,1.3112231088685533e-06,0.0,0.0,4.768950248035253e-07,0.0,0.0,0.0,0.0,0.0,0.0,0.0,0.0,1.192240617342577e-07,0.0,0.0,0.0,0.9999996423941084,0.0,0.0,8.344533100057561e-07,0.0,0.0,0.00021010247333130838,0.0005796005258754677
0.0,0.03308614473988092,0.0,0.0,1.192240617342577e-07,0.0,0.0,0.0,0.0,0.0,0.0,0.9999901062017802,0.0,1.192240617342577e-07,0.0,0.0,0.0,0.0,1.192240617342577e-07,0.0,0.0,0.0,0.0,3.6956766884532755e-06,0.0
0.0,0.9999998807761656,0.0,8.344533100057561e-07,1.192051257703497e-06,0.0,0.0005267456750630561,0.0,0.0,0.0,0.0,3.302208665545425e-05,0.0,0.0,0.0,0.0,0.0,0.0,0.00014921295109282529,0.0,0.00014909383233252527,0.0,0.0,2.384476545103098e-07,0.0
0.0,0.9999974967344724,1.192240617342577e-07,5.841122036254198e-05,0.0003250798060224769,0.0,0.9999628083973671,0.0,9.785750366497759e-05,0.0,0.0,0.0,0.0,0.0,0.0,0.0,0.0,0.0,0.00026993933497410083,0.0,0.9999979733108904,0.0,0.0,0.0,0.0
0.0,0.9825570263120877,0.0,0.9999840248313399,4.88733132308905e-06,0.0,0.9999990462097231,2.384476545103098e-07,0.0001742315046926457,0.0,0.0,0.0,0.0,0.0,0.0,0.0,0.0,0.0,0.9992083938350994,0.0,0.9999969007019724,0.0,0.0,0.0,0.0
0.0,0.9999920123837689,0.0,0.0,0.0,0.0,0.0,0.0,0.0,0.0,0.0,1.192240617342577e-07,0.0,3.57605976830655e-07,0.0,0.0,0.0,0.0,0.0,0.0,1.192240617342577e-07,0.0,0.0,0.0,7.545378837858774e-05
0.0,1.0,0.0,0.0,0.0,0.0,0.0,0.0,0.0,0.0,0.0,1.192240617342577e-07,0.0,0.0,0.0,0.0,0.0,0.0,2.02668910964654e-06,0.0,0.0,0.0,0.0,0.0,0.0
0.0,0.9999991655469742,0.0,0.0,6.794885610961199e-05,0.0,1.5496499871092695e-06,0.0,2.384476545103098e-07,0.0,0.0,7.152118257636175e-07,0.0,0.0,0.0,0.0,0.0,0.0,0.9808744696917595,0.0,0.9975653922904669,0.0,0.0,0.0,0.0
0.0,0.9976027828164775,0.0,3.93426102218708e-06,5.602398682524878e-06,0.0,5.72159797485039e-06,1.192240617342577e-07,1.4304229126738122e-06,0.0,3.337807925274383e-06,0.0,0.0,0.0,0.0,0.0,4.768950248035253e-07,2.384476545103098e-07,0.18243973761052934,0.0,0.000765299683428422,0.0,0.0,0.0,0.0
0.0,0.9999839057203667,0.0,1.5496499871092695e-06,9.537902768697037e-07,0.0,0.00012372434121221687,0.0,0.0,0.0,0.0,0.0,0.0,0.0,0.0,0.0,0.0,0.0,0.29425928949766444,0.0,0.999993682308234,0.0,0.0,0.0,0.0
0.0,0.002889946576699609,0.0,1.3112231088685533e-06,1.192240617342577e-07,0.0,1.192240617342577e-07,0.0,9.537902768697037e-07,0.0,0.0,0.0,0.0,0.0,2.384476545103098e-07,0.0,0.0,0.0,0.00018555149828747286,0.0,7.152118257636175e-07,0.0,0.0,0.0,0.0
0.0,1.6689054689322802e-06,0.0,0.0,1.192240617342577e-07,0.0,0.0,0.0,0.0,0.0,0.0,0.001081668100829547,1.192240617342577e-07,4.768950248035253e-07,0.0,0.0,0.0,1.192240617342577e-07,0.0,0.0,0.0,0.0,0.0,0.0,0.0
0.0,1.192240617342577e-07,2.6224444984457307e-06,0.0,4.768950248035253e-07,0.0,0.0,0.0,0.0,0.0,0.0,0.9993638553801851,0.0,1.192240617342577e-07,0.0,0.0,0.0,0.0,0.0,0.0,0.0,0.0,0.0,4.291615254836678e-06,7.152118257636175e-07
0.0,0.9997763084472676,0.0,0.0,2.5032657550161375e-06,0.0,1.192240617342577e-07,0.0,0.0,0.0,0.0,0.999985337231189,0.0,0.0,3.57605976830655e-07,0.0,0.0,0.0,0.9998618646741845,0.0,9.178885813310167e-06,0.0,0.0,0.0,0.0
0.0,1.0,0.0,0.0,1.192240617342577e-07,0.0,1.192240617342577e-07,0.0,0.0,0.0,0.0,1.192240617342577e-07,0.0,0.0,0.0,0.9999713903598513,0.0,0.0,0.692603254955489,0.0,0.0,0.0,0.0,0.0,0.0
0.0,0.00015385877537299475,0.0,2.384476545103098e-07,0.9999108432332193,0.0,4.172491279819113e-06,0.0,0.0,0.0,0.0,0.0,0.0,0.0,1.192051257703497e-06,0.0,0.0,7.152486773853717e-06,6.961650024861488e-05,0.0,0.999496705865232,0.0,0.0,0.0,0.0
0.0,1.0,0.0,1.192240617342577e-07,1.192240617342577e-07,0.0,0.0,0.0,0.0,0.0,0.0,5.960258064874324e-07,0.0,0.0,0.0,0.0,0.0,1.192240617342577e-07,1.192240617342577e-07,0.0,2.384476545103098e-07,0.0,0.0,0.0,0.0
0.0,0.999998092420356,0.0,0.0,0.00159777186280452,5.94847794177511e-05,2.384476545103098e-07,0.0,0.0,0.0,0.0,0.0,0.0,0.0,0.0,0.0,0.0,0.0,0.012820030655220416,0.0,1.192240617342577e-07,0.0,0.0,0.0,0.0
0.0,1.192240617342577e-07,7.152118257636175e-07,0.0,3.57605976830655e-07,0.0,2.384476545103098e-07,0.0,0.0,0.0,0.0,0.0,0.0,0.0,0.000227267927055963,0.0,0.0,0.0,0.9998388742406173,0.0,0.00039821828048114405,0.0,0.0,0.0,0.0
0.0,0.0,0.0,0.0,1.3112231088685533e-06,0.0,2.384476545103098e-07,0.0,0.0,0.0,0.0,0.0,0.0,0.0,6.425644257546104e-05,0.0,0.0,2.6224444984457307e-06,5.960258064874324e-07,0.0,4.088538934854391e-05,0.0,0.0,0.0,0.0
0.0,0.0,0.0,1.192240617342577e-07,3.6956766884532755e-06,0.0,5.602398682524878e-06,0.0,0.0,0.0,0.0,0.0,0.0,0.0,1.4304922389740682e-05,3.6956766884532755e-06,0.0,1.192240617342577e-07,2.9800638619015274e-06,0.0,1.1919997756737466e-05,0.0,0.0,0.0,0.0
0.0,8.344533100057561e-07,3.57605976830655e-07,0.0,0.9999148950210192,0.0,1.108557052253989e-05,0.0,1.192240617342577e-07,0.0,0.0,0.0,0.0,0.0,8.117274542640551e-05,0.0,0.0,2.384476545103098e-07,0.9999749679341086,0.0,0.9978172370466554,0.0,0.0,0.0,0.0
0.0,0.0004060810676569382,0.0,1.0132127783113454e-05,0.999990582822424,0.0,2.384476545103098e-07,0.0,7.152118257636175e-07,0.0,0.0,0.0,0.0,0.0,1.4424200679097332e-05,0.0005488876540528098,0.0,0.0,0.9999654293469983,0.0,0.9976763889700534,0.0,0.0,0.0,0.0
0.0,0.0,0.0,3.57605976830655e-07,0.0002782752965979629,0.0,0.0,0.0,9.537902768697037e-07,0.0,0.0,0.0,0.0,0.0,1.192240617342577e-07,0.0,0.0,2.145812430742744e-06,0.0006401919497114328,0.0,0.0,0.0,0.0,0.0,0.0
5.125661624805211e-06,2.264949380159642e-06,0.0,0.0,0.9997765468852862,0.0,1.192240617342577e-07,0.0,2.384476545103098e-07,0.0,0.0,0.0,0.0,0.0,4.768950248035253e-07,0.0,0.0,9.537902768697037e-07,0.0003628381151080662,1.192240617342577e-07,0.00020056739764262588,0.0,0.0,0.0,0.0
0.08756440517360081,2.02668910964654e-06,0.0,1.788187994011814e-06,0.0009111137431092597,0.0,0.0,0.0,0.0,1.192051257703497e-06,2.6224444984457307e-06,0.0,0.0,0.0,1.3112231088685533e-06,0.0,0.0,0.0,0.9996695604724838,0.0,2.860843551943937e-06,0.0001129987390829923,0.0,0.0,0.0
0.0,0.000389283519066308,0.0,7.164159090633504e-05,0.3486346575362469,0.0,9.537902768697037e-07,0.0,0.0,0.0,0.0,0.00032019659536486333,3.266474359930882e-05,0.0,9.571194413060535e-05,0.0,0.0,0.0,0.1403371888222994,0.0,0.0005036512335109267,0.0,0.0,0.0,0.0
0.0,1.9075798713963366e-06,1.192240617342577e-07,0.0,0.9981324634517516,1.192240617342577e-07,0.9999945167951672,1.192240617342577e-07,7.152118257636175e-07,0.0,0.0,0.0,0.0,0.0,1.192240617342577e-07,0.0,0.0,1.192240617342577e-07,1.192240617342577e-07,0.0,0.9998785340865076,0.0,4.291615254836678e-06,0.0,0.0
0.0,0.9998118268384335,0.0,0.0,0.9999423044447076,0.0,1.192240617342577e-07,0.0,5.602398682524878e-06,0.0,0.0,0.026760965794781266,0.0,0.0,5.840804528811638e-06,0.0,0.0,0.0,0.9999783057362415,1.192240617342577e-07,0.9976762700377669,0.0,0.0,0.0,0.0
0.0,0.0,0.9999701975232674,1.192240617342577e-07,0.004755542089085241,0.0,1.406637349898876e-05,2.145812430742744e-06,0.0,0.0,0.0,0.0,0.0,1.1800783969451167e-05,0.9996990974124678,0.9999951126684495,0.0,7.152118257636175e-07,0.00020402376746242457,1.192240617342577e-07,0.9999817614542512,0.0,0.0,0.0,0.9999984503497855
1.192240617342577e-07,7.152118257636175e-07,0.0,0.0,0.9999928475132261,0.0,1.788187994011814e-06,0.0,1.192240617342577e-07,0.0,0.0,0.0,0.0,0.0,0.0,0.0,0.0,2.6224444984457307e-06,0.0002496958096518398,2.384476545103098e-07,0.9814522506801912,0.0,2.384476545103098e-07,0.0,0.0
0.0,0.0,0.0,0.0,1.192240617342577e-07,0.0,0.0,0.9929874073616805,0.0,0.0,0.0,1.192240617342577e-07,0.0,0.0,8.344533100057561e-07,0.0,0.0,0.0,0.06188167499907171,0.0,7.152118257636175e-07,0.0,0.0,0.0,0.0
0.0,0.0,0.0,0.0,1.7404604901405385e-05,0.0,8.583211864254814e-06,0.9999531553170847,0.0,0.9999880800024706,0.0,0.0,0.0,0.0,1.192240617342577e-07,0.0,0.0,0.0,0.9974486199101579,0.0,0.9914222805281369,0.0,1.192240617342577e-07,0.0,0.0
0.0,0.0,0.0,0.0,0.0,0.0,0.0,0.0,1.0729066772796614e-06,0.0,0.0,0.0,0.0,0.0,5.483205060219376e-06,0.0,0.0,0.0,0.9362852260899581,0.0,0.0010321785256807159,0.0,0.0,0.0,0.0
0.0,0.0,0.0,0.0,2.384476545103098e-07,0.0,0.0,0.9876644697257526,0.0,1.192240617342577e-07,0.0,0.0,0.0,0.0,0.00712187664458952,0.0,0.0,0.0,0.9937093474362184,0.0,0.0003055473142022924,0.0,0.0,0.0,0.0
0.0,0.0,1.192240617342577e-07,0.0,0.0,0.0,0.0,0.9919056870282069,0.0,0.0,0.0,0.0,0.0,0.0,5.960258064874324e-07,0.0,0.0,0.0,0.9994576596362585,0.0,4.410745809479977e-06,0.0,0.0,0.0,0.0
0.0,0.0,0.0001362296210797309,0.0,5.960258064874324e-07,8.02195334351774e-05,1.3231550839210016e-05,0.0,0.0,0.0,0.0,0.0,0.0,0.0,3.0041062795582718e-05,0.0,0.0,0.9997216056143524,0.9871796181403153,0.0,0.10087999098610434,0.0,0.0,0.0,0.0
0.0,0.0,9.213626325266233e-05,0.0,0.08035062409955918,0.0,1.3112231088685533e-06,0.0,0.0,0.0,0.0,0.0,0.0,0.0,0.9947792628182198,8.344533100057561e-07,0.0,1.192240617342577e-07,0.9998642468020342,0.0,0.9999338378389663,0.0,0.9997543527234669,0.0,0.0
0.0,3.57605976830655e-07,1.192240617342577e-07,0.0,2.384476545103098e-07,0.0,0.0,0.0,0.0,0.0,0.0,1.192240617342577e-07,0.0,0.0,0.0,0.0,0.0,0.0,0.999846141224627,0.0,1.0608823800883904e-05,0.0,0.0,0.0,0.0
0.0,7.630296515626078e-06,0.0,0.0,7.152118257636175e-07,0.0,7.391056640604354e-06,0.0,0.0,0.0,0.0,1.192240617342577e-07,0.0,0.0,3.57605976830655e-07,0.0,0.0,0.0,0.0004975799555200222,0.0,0.00028494421970259864,0.0,0.0,0.0,0.0
0.0,0.0,0.0,0.0,3.57605976830655e-07,0.0,1.4304229126738122e-06,0.0,0.0,0.0,0.0,0.0,0.0,0.0,3.57605976830655e-07,0.0,0.0,2.384476545103098e-07,0.9999866491980278,0.0,0.007346247152638985,0.0,0.0,0.0,0.0
0.0,0.0,0.0,0.0,0.0,0.0,2.384476545103098e-07,0.0,0.0,0.0,0.0,0.0,0.0,0.00013575319796577112,0.0,0.0,0.0,0.09008814881276905,0.0,0.0,5.256741909587248e-05,0.0,2.5151294017145e-05,0.0,0.9999991655469742
0.0,0.0,4.5298824890016576e-06,0.0,2.562823002405512e-05,0.0,2.145812430742744e-06,0.0,0.0,0.0,0.0,0.0,0.0,9.537902768697037e-07,4.172491279819113e-06,0.0,0.0,3.71916028603092e-05,0.9989222576044188,0.0,0.9998992815755701,0.0,0.0015129244593972135,1.192240617342577e-07,0.9979492339568229
0.0,0.0,0.0,0.0,0.0005615061770862795,0.0,0.9973678301577077,0.0,0.0,0.0,0.0,0.0,0.0,0.0,0.0,0.0,2.384476545103098e-07,1.0729066772796614e-06,0.9999938015395148,0.0,0.9961756543690632,0.0,0.0,1.192240617342577e-07,0.000835767337409532
0.0,0.0,0.0,0.0,1.8000269957685333e-05,0.0,0.0,0.0,0.0,0.0,0.0,0.9999736563218279,0.0,0.0,0.0,0.0,0.0,0.0,0.0,0.0,0.0,0.0,0.0,0.00023811707072995958,0.0
0.0,0.9993333814720765,0.0,0.0,2.384476545103098e-07,0.0,0.0,0.0,0.0,0.0,0.0,0.9999748487059829,0.0,1.9549182886047234e-05,0.0,0.0,0.0,0.0,0.0,0.0,0.0,0.0,0.0,6.687683080752738e-05,0.0
0.0,2.384476545103098e-07,0.0,0.0,0.0,0.0,0.0,0.0,0.0,0.0,0.0,0.9999656675936601,2.6224444984457307e-06,1.3231550839210016e-05,0.0,0.0,0.0,1.192240617342577e-07,0.0,0.0,0.0,0.0,0.0,4.768950248035253e-07,3.57605976830655e-07
0.0,1.144316321288752e-05,0.9999357435571972,0.0,0.0012065573171937682,0.0,0.0,0.0,0.0,0.0,0.0,5.960258064874324e-07,0.0,0.9971987223664822,0.0,1.192240617342577e-07,0.0,1.192240617342577e-07,0.0,0.0,3.57605976830655e-07,0.0,0.0,0.0,0.9999997615523455
0.0,0.9999654293469983,1.192240617342577e-07,1.192240617342577e-07,8.344533100057561e-07,0.0,0.0,0.0,0.0,0.0,0.0,1.192240617342577e-07,0.0,3.57605976830655e-07,0.0,3.57605976830655e-07,0.0,1.192240617342577e-07,1.192240617342577e-07,0.0,0.0,0.0,0.0,0.0,0.0
0.0,0.9999988079489697,0.0,1.192240617342577e-07,1.192240617342577e-07,0.0,0.0,0.0,0.0,0.0,0.0,9.537902768697037e-07,0.0,4.768950248035253e-07,0.0,0.0,0.0,2.264949380159642e-06,0.0,0.0,0.0,0.0,0.0,0.0,0.0
0.0,2.264949380159642e-06,0.0,0.0,9.537902768697037e-07,7.152118257636175e-07,0.0,1.192240617342577e-07,0.0,0.0,0.0,0.0,0.0,0.0,0.0,5.9246204017537885e-05,0.0,0.0,0.0,0.0,0.0,0.0,0.0,0.0,0.0
0.0,7.747916550560063e-05,0.0,0.0,0.002323373862200384,2.384476545103098e-07,0.0,0.0,0.0,0.0,0.0,7.749399615231134e-06,0.0,1.192240617342577e-07,0.9999193038639796,0.0,0.0,0.0,2.384476545103098e-07,0.0,4.768950248035253e-07,0.0,1.192240617342577e-07,0.0,0.0
0.0,1.9075798713963366e-06,0.0,0.0,2.3841004124225407e-06,0.0,0.0,0.0,0.0,0.0,0.0,0.0,0.0,0.0,0.0,0.0,0.0,0.0,0.0,0.0,0.0,0.0,0.0,0.0,0.0
0.0,2.860843551943937e-06,1.192240617342577e-07,0.0,7.152118257636175e-07,0.0,0.0,0.0,0.0,0.0,0.0,3.337807925274383e-06,0.0,0.0,0.0,0.0,0.0,0.0,0.0,0.0,0.0,0.0,0.9825569110123246,0.0,0.0
0.0,1.192240617342577e-07,5.960258064874324e-07,0.0,1.788187994011814e-06,0.0,0.0,0.0,0.0,2.384476545103098e-07,0.0,0.0,0.0,0.0,2.384476545103098e-07,0.0,0.0,0.0,0.0,0.0,0.008062564773551828,0.0,0.0,0.0,0.0
0.0,0.0,0.0,0.0,1.5496499871092695e-06,0.0,0.0,0.0,0.0,0.0,0.0,0.0,0.0,0.0,0.0,0.0,0.0,0.0,0.0,0.0,0.0,0.0,0.0,0.0,0.0
5.960258064874324e-07,0.9999744910053205,3.266474359930882e-05,0.06188157015638629,0.00014909383233252527,0.0,2.264949380159642e-06,0.0,0.0,0.0,0.0,1.895341552671237e-05,0.0,0.0,0.0,0.0,0.0,3.57605976830655e-07,0.0,0.0,0.0033768350130198854,0.0,0.0,0.0,0.0
0.0,2.264949380159642e-06,0.0,0.0,0.9999803316610926,0.0,0.0,0.0,0.0,0.0,0.0,1.192240617342577e-07,0.0,0.0,0.0,5.960258064874324e-07,0.0,0.0,0.0,0.0,0.00016374677355524003,0.0,0.0,3.2188300240765244e-05,0.0
0.0,0.0,0.0,0.0,2.0383320210815015e-05,5.244836645101891e-06,0.0,0.0,0.0,0.0,0.0,0.0,0.0,0.0,0.8266921841242363,3.57605976830655e-07,0.0,0.0,0.0,0.0,0.0,0.0,0.0,0.0,0.0
0.0,1.7404604901405385e-05,0.0,0.0,4.768950248035253e-07,0.0,0.0,0.0,0.0,0.0,0.0,0.0,0.0,0.0,0.0,1.192240617342577e-07,0.0,0.0,0.0,0.0,0.0,0.0,0.0,0.0,0.0
0.0,1.192240617342577e-07,2.384476545103098e-07,0.0,2.384476545103098e-07,0.0,0.0,0.0,0.0,0.0,0.0,1.192240617342577e-07,0.0,0.0,0.14805470433283552,0.0,0.0,0.0,0.0,0.0,1.192240617342577e-07,0.0,7.152118257636175e-07,0.0,0.0
0.0,8.344533100057561e-07,0.0001517145145306653,0.0,8.344533100057561e-07,1.192240617342577e-07,0.0,0.0,0.0,0.0,0.0,2.384476545103098e-07,0.0,0.0,0.9999693600658469,0.0,0.0,0.0,3.57605976830655e-07,0.0,1.192051257703497e-06,0.0,1.192240617342577e-07,0.0,0.0
0.0,3.57605976830655e-07,2.384476545103098e-07,0.0,5.960258064874324e-07,0.0,0.0,0.0,0.0,0.0,0.0,2.384476545103098e-07,0.0,0.0,0.0,0.0,0.0,0.0,0.0,0.0,0.0,0.0,3.93426102218708e-06,0.0,0.0
0.0,5.018272645451738e-05,0.0,0.0,1.788187994011814e-06,2.384476545103098e-07,0.0,5.960258064874324e-07,0.0,0.0,0.0,0.00011621845444254042,0.0,0.0,0.9999860528968751,0.0,0.0,0.0,9.537902768697037e-07,0.0,3.57605976830655e-07,0.0,2.5389757729032958e-05,0.0,0.0
0.0,0.0,0.0,0.0,1.0729066772796614e-06,0.0,0.0,0.0,0.0,0.0,0.0,0.0,0.0,0.0,0.0,0.0,0.0,0.0,0.0,0.0,0.0,0.0,0.0,0.0,0.0
0.0,1.192240617342577e-07,0.0,0.0,7.164159090633504e-05,0.0,0.0,0.0,0.0,0.0,0.0,1.0729066772796614e-06,0.0,0.0,0.0,0.0,0.0,0.0,0.0,0.0,0.0,0.0,2.384476545103098e-07,0.0,0.0
0.0,0.0,0.0,0.0,1.192240617342577e-07,0.0,0.0,0.0,0.0,0.0,0.0,1.192240617342577e-07,0.0,0.0,0.0,0.0,0.0,0.0,0.0,0.0,0.0,0.0,0.0,0.0,0.0
0.0,5.960258064874324e-07,0.0,0.0,2.741637097347649e-06,0.0,0.0,0.0,0.0,0.0,0.0,0.0,0.0,0.0,0.0,0.0,0.0,0.0,0.0,0.0,0.0,0.0,0.0,0.0,0.0
0.0,1.192240617342577e-07,0.0,0.0,0.6791753567188195,0.0,0.0,0.0,1.192240617342577e-07,0.0,0.0,4.768950248035253e-07,0.0,0.0,0.0,1.192240617342577e-07,0.0,0.0,5.960258064874324e-07,0.0,7.152118257636175e-07,0.0,0.0,0.0,0.0
0.0,1.0729066772796614e-06,0.0,0.0,0.0,0.0,1.4304229126738122e-06,0.0,0.0,0.0,0.0,0.3775467438997315,0.0,0.0,0.0,0.0,0.0,0.0,2.384476545103098e-07,0.0,5.638356760928609e-05,0.0,0.0,0.0,0.0
0.0,2.384476545103098e-07,0.0,0.0,0.0,0.0,0.0,0.0,0.0,0.0,0.0,9.298030337445695e-06,0.0,0.0,0.0,0.0,0.0,0.0,0.0,0.0,0.0,0.0,0.0,0.0,0.0
1.192240617342577e-07,0.0,0.0,0.0,0.0,0.0,0.0,0.0,0.0,0.0,0.0,0.9995487636513631,0.0,0.0,0.0,0.0,0.0,0.0,0.0,0.0,0.0,0.0,0.0,0.0,0.0
1.192240617342577e-07,0.0,0.0,0.0,3.93426102218708e-06,0.0,0.0,0.0,0.0,0.0,0.0,0.0,0.0,0.0,0.0,0.0,0.0,0.0,0.0,0.0,1.192240617342577e-07,0.0,0.0,0.0,0.0
0.0,0.0,0.0,0.0,0.0,2.384476545103098e-07,0.0,0.0,0.0,0.0,0.0,0.0,0.0,0.0,0.0,0.0,0.0,0.0,0.0,0.0,0.0,0.0,0.0,0.0,0.0
0.0,1.192240617342577e-07,1.192240617342577e-07,0.0,1.192240617342577e-07,0.0,0.0,0.0,0.0,0.0,0.0,1.192240617342577e-07,0.0,0.0,0.0,0.0,0.0,0.0,0.0,0.0,0.0,0.0,0.0,0.0,0.0
0.0,0.9999978541875693,1.192240617342577e-07,0.0,5.960258064874324e-07,0.0,0.0,0.0,0.0,0.0,0.0,0.0,0.0,5.9007632198349036e-05,0.0,0.0,0.0,0.0,0.00010119525709950672,0.0,2.384476545103098e-07,0.0,0.0,0.0,0.999998092420356
0.0,2.02668910964654e-06,0.7431600225655776,0.0,3.57605976830655e-07,0.0,0.0,0.0,0.0,0.0,0.0,0.9999965429163425,0.0,0.0,0.99976188292927,0.0,0.0,0.0,0.0,0.0,0.0,0.0,0.0,3.57605976830655e-07,0.0
0.0,0.0,0.999989271993647,0.0,1.4782057971451934e-05,3.93426102218708e-06,0.00015147626304212736,3.57605976830655e-07,0.0,0.0,0.0,4.768950248035253e-07,0.0,0.0,0.9999990462097231,2.384476545103098e-07,0.0,0.0,3.337807925274383e-06,0.0,0.9999125116666537,0.0,1.192051257703497e-06,0.0,0.0
0.0,0.0,3.6956766884532755e-06,0.0,0.0,0.0,1.192240617342577e-07,0.0,0.0,0.0,0.0,0.0,0.0,0.0,0.0,0.0,0.0,0.0,0.0,0.0,5.960258064874324e-07,0.0,0.0,0.0,0.0
0.0,0.0,0.0,0.0,1.192240617342577e-07,0.0,7.152118257636175e-07,0.0,0.0,0.0,0.0,1.192240617342577e-07,0.0,0.0,0.0,0.0,0.0,0.0,0.0,0.0,1.192240617342577e-07,0.0,0.0,0.0,0.0
0.0,0.0,1.192240617342577e-07,0.0,2.4793611416273897e-05,0.0,0.9989010833066813,3.4570836574543407e-06,0.0,0.0,0.0,0.0,0.0,0.0,3.57605976830655e-07,1.192240617342577e-07,0.0,0.0,0.0,0.0,0.9999843821552497,0.0,0.0,0.0,0.0
0.0,0.0,4.601026390615992e-05,0.0,1.192240617342577e-07,0.0,5.960258064874324e-07,0.999726845361377,0.0,0.0,0.0,0.0,0.0,0.0,0.0,0.00032019659536486333,0.0,2.384476545103098e-07,0.0,0.0,0.00011621845444254042,0.0,1.192240617342577e-07,0.0,2.384476545103098e-07
0.0,0.0,3.57605976830655e-07,0.0,1.192051257703497e-06,0.0,3.611935132274979e-05,0.957913005199139,0.0,0.0,0.0,0.0,0.0,0.0,0.0,1.585605744547358e-05,0.0,0.0,0.0,0.0,0.9999690027618564,0.0,0.0,0.0,0.0
0.0,0.0,4.768950248035253e-07,0.0,0.0,0.0,0.0,0.0,0.0,0.0,0.0,0.0,0.0,0.0,0.0,9.537902768697037e-07,0.0,0.0,0.0,0.0,0.0,0.0,0.0,0.0,0.0
0.0,0.0,0.0,0.0,2.384476545103098e-07,0.0,0.0006465010328668974,1.788187994011814e-06,0.0,0.0,0.0,0.0,0.0,0.0,0.0,0.005555564286142678,0.0,0.0,0.0,0.0,0.004755660268016215,0.0,0.0,0.0,0.0
0.0,0.0,0.0,0.0,2.384476545103098e-07,0.0,3.57605976830655e-07,1.192240617342577e-07,0.0,0.0,0.0,0.0,0.0,0.0,0.0,2.145812430742744e-06,0.0,0.0,0.0,0.0,2.205182718995058e-05,0.0,0.0,0.0,0.0
0.0,0.0,0.0,0.0,1.788187994011814e-06,0.0,0.9999315746809657,0.0,0.0,0.0,0.0,0.0,0.0,0.0,0.0,0.0,0.0,0.0,0.0,0.0,1.7642866737443974e-05,0.0,0.0,0.0,0.0
0.0,0.0,3.93426102218708e-06,6.436929626318921e-06,7.569206571245157e-05,0.0,0.9999976158993602,6.532839838668814e-05,1.108557052253989e-05,0.0,0.0,0.0,0.0,0.0,8.821472391562502e-06,0.0,0.0,0.0,3.9097983601688036e-05,0.0,0.9999977350503925,0.0,0.0,0.0,0.0
0.0,0.0,1.788187994011814e-06,0.0,0.00013468125967930344,0.0,0.9999976158993602,0.0,2.384476545103098e-07,0.0,0.0,0.0,0.0,0.0,0.0,0.0,0.0,0.0,4.291615254836678e-06,0.0,0.9999974967344724,0.0,0.0,0.0,0.0
0.0,0.0,0.0,0.0,7.164159090633504e-05,0.0,0.9999626892543616,0.0,2.384476545103098e-07,0.0,0.0,0.0,0.0,0.0,0.0,0.0,0.0,0.0,0.0,0.0,0.9999816423126254,0.0,0.0,0.0,0.0
0.0,0.0,0.0,0.0,0.30739664183857585,0.0,0.9999958275089476,3.57605976830655e-07,0.999951605586448,0.0,0.0,0.0,0.0,0.0,0.0,0.0,0.0,0.0,0.0,0.0,0.9999957083847452,0.0,0.0,0.9994350416673413,0.0
0.0,0.0,0.0,0.0,0.9999903445179854,0.0,0.9999927282315825,0.0,0.0,0.0,0.0,0.0,0.0,0.0,0.0,0.0,0.0,0.0,0.0,0.0,0.9999948743383752,0.0,1.2993058080335018e-05,0.0,0.0
0.0,0.0,5.960258064874324e-07,0.0,0.01322180014815566,1.192240617342577e-07,0.9999997615523455,0.0,9.537902768697037e-07,0.0,0.0,1.192240617342577e-07,0.0,0.0,1.1919997756737466e-05,0.0,0.0,0.0,3.5642815253589255e-05,1.192240617342577e-07,0.9999971391564481,0.0,1.3112231088685533e-06,0.0,0.0
0.0,0.0,0.0,0.0,3.815155876552012e-06,0.0,0.13296086763449533,0.0,0.0,0.0,0.0,0.0,0.0,0.0,0.0,0.0,0.9990186252602994,2.384476545103098e-07,0.0,0.0,0.00030090258775972156,0.0,0.0,0.0,0.0
1.192240617342577e-07,0.0,0.0,0.0,0.9999359817713219,0.0,0.9999992847883448,0.0,6.436929626318921e-06,0.9998457838409922,0.0,0.0,0.0,0.0,0.0,0.0,0.0,0.0,0.0,7.152118257636175e-07,0.9999990462097231,0.0,1.192240617342577e-07,0.0,0.0
1.4304229126738122e-06,0.0,0.0,0.0,0.000758514758584794,0.0,0.00041275268739915383,0.0,4.768950248035253e-07,0.9999979733108904,0.0,0.0,0.0,0.0,0.0,0.0,0.0,0.0,0.0,0.0,0.00028280063323016247,0.0,0.0,0.0,0.0
0.0,0.0,0.0,0.0,0.9999467171081494,1.192240617342577e-07,0.9999990462097231,0.0,0.0,0.0,0.0,0.0,0.0,0.0,0.0,0.0,0.0,0.0,1.192240617342577e-07,0.0,0.9999972583629027,0.0,0.0,0.0,0.0
0.0,0.0,0.0,0.0,0.00039047479762532866,0.0,0.9999779481725827,1.192240617342577e-07,0.9999954701172836,0.0,0.0,0.0,0.0,0.0,0.0,0.0,0.0,0.0,1.192240617342577e-07,0.0,0.9999954701172836,0.0,0.0,0.9999876031174505,0.0
1.192240617342577e-07,0.0,0.0,0.0014666915743463127,0.9999824762661061,0.0,1.0012961758065764e-05,1.192240617342577e-07,0.99988008454417,0.999998092420356,0.0,1.192240617342577e-07,0.0,0.0,0.0,0.0,5.960258064874324e-07,2.384476545103098e-07,5.244836645101891e-06,0.0,0.999989271993647,0.0,1.192240617342577e-07,0.9999542281328183,0.0
0.0,0.0,0.0,0.0,0.9998246961338424,0.0,0.999502301010644,0.9999998807761656,1.192051257703497e-06,0.0,0.0,0.0,0.0,0.0,0.0,0.0,0.0,0.0,0.0,0.0,0.9999984503497855,0.0,0.0,0.0,0.0
0.0,0.0,0.0,0.0,4.768950248035253e-07,0.0,0.0,0.9999998807761656,0.0,0.0,0.0,0.0,0.0,0.0,0.0,2.264949380159642e-06,0.0,0.0,0.0,0.0,8.641580516877134e-05,0.0,0.0,0.0,0.0
0.0,2.384476545103098e-07,0.0,0.0,0.0023234925622254154,0.0,0.999758186800498,0.9999960657392052,4.4937494341645845e-05,0.0,0.0,0.0,0.0,0.0,0.0,0.0,0.0,0.0,0.0,0.0,0.9999952318244132,0.0,0.0,0.9999959466272526,0.0
0.0,0.0,0.0,0.0,7.033211255169647e-06,0.0,0.9999958275089476,0.0,0.9999249036159062,0.0,0.0,0.0,0.0,0.0,0.0,0.0,0.0,0.0,0.0,0.0,0.9999965429163425,0.0,0.0,0.0,0.0
0.0,0.0,0.0,0.0,0.9999767561958138,0.0,0.9999305026207191,0.9990598432114691,0.9854960696416186,0.9999952318244132,0.0,0.0,0.0,0.0,0.0,0.0,0.0,0.0,3.57605976830655e-07,0.0,0.9999940399834745,0.0,2.384476545103098e-07,4.88733132308905e-06,0.0
0.0,0.0,0.0,0.0,0.0003275810167354676,0.0,0.9999283584090937,1.192240617342577e-07,0.9999961848443508,0.0,0.0,0.0,0.0,0.0,0.0,0.0,0.0,0.0,1.192240617342577e-07,0.0,0.9999907019696626,0.0,0.0,2.264949380159642e-06,0.0
0.0,0.0,0.0,0.0,4.291615254836678e-06,0.0,0.9998599589439813,0.0,4.422235416012832e-05,0.0,0.0,0.0,0.0,0.0,0.0,0.0,0.0,0.0,0.0,0.0,0.9998991623782941,0.0,0.0,0.0,0.0
0.0,0.0,0.0,2.384476545103098e-07,0.0001256298078810003,0.0,0.9999842630496908,0.7827017936609287,0.0008168412266780223,1.5496499871092695e-06,0.0,0.0,0.0,0.0,0.0,0.0,0.0,0.0,0.99992680974636,0.0,0.9999899870382419,0.0,0.0,0.0029816716093714613,0.0
0.0,0.0,0.0,0.0,0.0010004119975420833,0.0,0.9992204161975151,0.9999941591956986,0.44553473955125755,1.192240617342577e-07,0.0,0.0,0.0,0.0,0.0,4.768950248035253e-07,0.0,1.192240617342577e-07,0.0,0.0,0.9999792591684112,0.0,0.0,0.0,0.0
0.0,0.0,0.0,0.0,3.70724596131522e-05,0.0,0.9999883184255121,0.9999699589372044,0.0,0.0,0.0,0.0,0.0,0.0,0.0,0.0,0.0,3.57605976830655e-07,0.0,0.0,0.9999545857261926,0.0,0.0,0.0,0.0
0.0,0.0,0.0,0.0,1.2754578679330386e-05,0.0,0.9999561352031626,0.0011880044444857463,0.0,0.0,0.0,0.0,0.0,0.0,0.0,0.0,0.0,0.9697867482955058,0.0,0.0,0.9994887299340596,0.0,0.0,0.0,0.0
0.0,0.0,2.9800638619015274e-06,0.0,5.94847794177511e-05,0.0,0.002511985945707007,1.0,1.192240617342577e-07,0.0,0.0,0.0,0.0,0.0,1.192240617342577e-07,0.0,0.0,1.192240617342577e-07,0.0,1.192240617342577e-07,0.9999917741553865,0.0,0.0,0.0,0.0
0.0,0.0,0.9999527976987574,0.0,5.960016525530243e-06,1.192240617342577e-07,0.476577839366173,0.0,0.0,0.0,0.0,0.0,0.0,4.768950248035253e-07,0.9999990462097231,0.0,0.0,1.5496499871092695e-06,2.384476545103098e-07,0.0,6.0916281324319144e-05,0.0,0.0,0.0,0.9999988079489697
0.0,0.00037129563829707557,0.9999828336494883,0.0,6.079235556621931e-06,1.3947103124856142e-05,2.5032657550161375e-06,0.0,0.0,0.0,0.0,1.192240617342577e-07,0.0,1.192240617342577e-07,0.9999966621920747,1.192240617342577e-07,0.0,1.192240617342577e-07,1.192240617342577e-07,0.0,1.3112231088685533e-06,0.0,0.0,0.0,0.999998569577201
0.0,0.0,7.630296515626078e-06,0.0,0.7186043433958069,0.0,0.0001854323404359981,0.9999966621920747,0.0,0.0,0.0,0.0,0.0,0.0,0.0,0.9999998807761656,0.0,0.0,0.0,0.0,0.9879476601246628,0.0,0.0,0.0,0.0
0.0,0.0,5.960258064874324e-07,0.0,0.00029387601564201393,1.192240617342577e-07,0.40735752709820916,0.0,0.0,0.9995691379364492,0.0,0.0,0.0,1.4424200679097332e-05,0.007816950500728392,0.0,0.0,0.0003629572227230593,0.0,0.0,4.04087316369095e-05,0.0,0.0,0.0,0.999998927093209
0.0,0.0,0.00018007008102249866,0.0,1.192240617342577e-07,0.0,2.384476545103098e-07,0.0,0.0,0.0,0.0,0.0,0.0,0.0,5.960258064874324e-07,3.57605976830655e-07,0.0,0.0,0.0,0.0,1.526053549183448e-05,0.0,0.0,0.0,0.0
0.0,0.0,0.0008970682551511233,0.0,0.0,0.0,2.384476545103098e-07,0.0,0.0,0.0,0.0,0.0,0.0,0.0,1.192240617342577e-07,0.0,0.0,0.0,0.0,0.0,5.840804528811638e-06,0.0,0.0,0.0,1.192240617342577e-07
0.0,0.9981028952394574,3.57605976830655e-07,0.0,2.384476545103098e-07,0.0,3.0992980275534876e-06,0.0,0.0,0.0,0.0,8.344533100057561e-07,0.0,0.9867781998516202,0.0,0.0,0.0,1.6689054689322802e-06,1.192240617342577e-07,0.0,1.6689054689322802e-06,0.0,0.0,0.0,0.9999175165471391
0.0,0.0,1.192240617342577e-07,1.192240617342577e-07,0.00040286444599701987,0.0,0.9973080514259175,1.0,2.5151294017145e-05,0.0,0.0,0.0,0.0,0.0,0.0,9.537902768697037e-07,0.0,1.9075798713963366e-06,0.0,0.0,0.9999947551633549,0.0,0.0,0.0,0.0
0.0,0.0,0.0,0.0,1.895341552671237e-05,0.0,0.0,1.0,0.0,0.0,0.0,0.0,0.0,0.0,0.0,0.0,0.0,0.0,0.0,0.0,1.5496499871092695e-06,0.0,0.0,0.0,0.0
0.0,0.0,0.0,0.0,3.731074563839698e-05,0.0,0.9996030921803638,0.9999834292602452,0.0,0.0,0.0,0.0,0.0,0.0,2.741637097347649e-06,0.0,0.0,0.0,0.0,0.0,0.9999976158993602,0.0,0.0,0.0,0.0
0.0,0.0,0.0,0.0,1.192240617342577e-07,1.192240617342577e-07,0.0,0.0,0.0,0.0,0.0,0.0,0.0,0.0,0.0,0.0,0.0,0.0,0.0,0.0,7.152118257636175e-07,0.0,0.0,0.0,0.0
0.0,0.0,0.0,0.0,2.384476545103098e-07,2.384476545103098e-07,5.960258064874324e-07,0.0,0.0,0.0,0.0,0.0,0.0,0.0,2.4197499308042936e-05,0.0,0.0,0.0,2.384476545103098e-07,0.0,1.192051257703497e-06,0.0,0.0,0.0,0.0
0.0,0.0,0.0,0.0,1.0729066772796614e-06,0.0,7.569206571245157e-05,2.384476545103098e-07,0.0,0.0,0.0,0.0,0.0,0.0,0.0,0.0,0.0,0.0,0.0,0.0,5.3759881739168236e-05,0.0,0.0,0.0,0.0
0.0,0.0,0.0,0.0,3.57605976830655e-07,0.0,1.192240617342577e-07,0.0,0.0,0.0,0.0,0.0,0.0,0.0,0.0,0.0,0.0,0.0,0.0,0.0,7.152118257636175e-07,0.0,0.0,0.0,0.0
0.0,0.0,0.0,0.0,1.192240617342577e-07,0.0,0.0,0.0,0.0,0.0,0.0,0.0,0.0,0.0,0.0,0.0,0.0,0.0,0.0,0.0,0.0,0.0,0.0,0.0,0.0
4.5295080610685545e-05,0.0,0.0,0.0,4.291615254836678e-06,0.0,4.768950248035253e-07,0.0,1.192240617342577e-07,0.0001517145145306653,0.0,0.0,0.0,0.0,0.0,0.0,0.0,0.0,0.0,0.0,2.384476545103098e-07,0.0,0.0,0.0,1.192240617342577e-07
2.384476545103098e-07,0.0,0.0,1.192240617342577e-07,7.152118257636175e-07,0.0,1.192240617342577e-07,0.0,3.57605976830655e-07,2.384476545103098e-07,0.0,0.0,0.0,0.0,0.0,0.0,0.0,0.0,0.00010048000073470398,0.0,1.192240617342577e-07,0.0,0.0,0.0,0.0
3.337807925274383e-06,0.0,0.0,0.0,2.384476545103098e-07,0.0,3.57605976830655e-07,0.0,2.384476545103098e-07,3.171186393102765e-05,0.0,0.0,0.0,0.0,0.0,0.0,0.0,0.0,4.768950248035253e-07,0.0,2.145812430742744e-06,0.0,0.0,0.0,1.192051257703497e-06
0.0,0.0,0.0,0.0,1.3112231088685533e-06,0.0,0.9998388742406173,0.0,0.0,0.0,0.0,1.192240617342577e-07,0.0,0.0,0.0,0.0,0.0,0.0,1.192240617342577e-07,0.0,0.9999285966578363,0.0,0.0,0.0,0.0
0.0,0.0,0.0,0.0,0.9997387536197399,0.0,0.9999979733108904,0.0,4.768950248035253e-07,0.0,0.0,0.0,0.0,0.0,0.0,0.0,0.0,0.0,0.0,0.0,0.9999620935286333,0.0,0.0,0.0,0.0
0.0,0.0,0.0,0.0,4.768950248035253e-07,0.0,0.0002298906887069352,0.0,0.0,0.0,0.0,0.0,0.0,0.0,0.0,0.0,0.0,0.0,0.0,0.0,4.172491279819113e-06,0.0,0.0,0.0,0.0
0.0,0.0,0.0,0.0,0.0,0.0,1.2039213576175989e-05,0.0,0.0,0.0,0.0,0.0,0.0,0.0,0.0,0.0,0.0,1.192240617342577e-07,0.0,0.0,1.192240617342577e-07,0.0,0.0,0.0,1.192240617342577e-07
0.0,9.417177575965496e-06,0.9648552967815116,2.3841004124225407e-06,4.863284943956714e-05,0.0,6.425644257546104e-05,0.0,0.0,0.0,0.0,8.464086581505548e-06,0.0,0.0,0.957913005199139,0.0,0.0,0.0,3.57605976830655e-07,0.0,0.9974488574882322,0.0,0.0,1.192240617342577e-07,0.0
0.0,0.0021159989200114637,3.993208461161579e-05,1.192240617342577e-07,1.5975168432769138e-05,0.9889289310612444,0.0013778966479310872,0.0,0.0,0.0,0.0,1.192240617342577e-07,0.0,0.0,0.9999990462097231,0.0,0.0,0.0,8.464086581505548e-06,0.0,6.436929626318921e-06,0.0,0.0,0.0,0.0
0.0,0.0,0.0,0.0,0.997284569388844,0.0,0.9999901062017802,0.0,0.0,0.9994964677993892,0.0,0.0,0.0,0.0,0.1403371888222994,0.0,0.0,0.0,0.0,0.0,0.9999802125014476,0.0,0.0,0.0,0.0
0.0,0.0,0.9996015434540954,0.0,0.0005034131674693798,0.0,5.328289162320754e-05,0.0,0.0,0.9998086092494812,0.0,0.0,0.0,0.0,2.384476545103098e-07,0.0,0.9658993956307962,0.00831615802009944,0.0,1.192240617342577e-07,1.1562366811213032e-05,0.0,0.0,0.0,0.9994963487664892
0.0,0.0,1.370857324778374e-05,5.960258064874324e-07,0.0,0.0,0.999712912168644,0.0,0.0,0.0,0.0,0.0,0.0,0.0,0.9706881004655346,0.0,0.0,7.998122853336564e-05,9.537902768697037e-07,0.0,1.0012961758065764e-05,0.0,0.0,0.0,0.9999997615523455
0.0,0.0,0.9998084900921126,0.0,0.0001742315046926457,0.5156205325561952,0.29425949982475486,0.0,0.0,0.0,0.0,0.0,0.0,0.0,0.9999918932709349,4.768950248035253e-07,0.0,0.0,0.0,0.0,0.9732392626179154,0.0,0.0,0.0,0.0
0.0,0.0,0.0,0.0,3.57605976830655e-07,0.0,1.5379635408985237e-05,0.0,0.0,0.0,0.0,0.0,0.0,0.0,0.0,0.0,0.0,0.0,0.0,0.0,9.537902768697037e-07,0.0,0.0,0.0,0.0
0.0,0.0,0.0,3.57605976830655e-07,0.0,0.0,0.9999819997302697,0.0,0.0,0.0,0.0,0.0,0.0,0.0,4.768950248035253e-07,0.0,0.0,2.384476545103098e-07,0.0,0.0,0.0,0.0,0.0,0.0,0.0009406328865094737
0.0,0.0,2.8490363323974144e-05,0.0,2.384476545103098e-07,0.0,0.0017006603067762915,0.0,0.0,0.0,0.0,0.0,0.0,4.028956717350152e-05,0.0,0.0,0.0,0.0,0.0,0.0,0.0,0.0,0.0,0.0,0.9999991655469742
0.0,2.02668910964654e-06,0.0,0.0,1.9549182886047234e-05,0.0,0.9999928475132261,0.0,0.0,0.0,0.0,0.0,0.0,0.0,7.152118257636175e-07,0.0007919632769588514,0.0,1.788187994011814e-06,0.0,0.0,0.9989351055066332,0.0,0.0,0.0,0.9999842630496908
0.0,0.0,0.00019758787532098143,0.0,0.00038594791259283223,0.0,0.99953434594009,0.7431913163448295,9.537902768697037e-07,0.0,0.0,0.0,0.0,0.0,2.860843551943937e-06,0.0,0.0,1.6689859979157617e-05,0.0,0.0,0.9999938015395148,0.0,2.3841004124225407e-06,0.0,1.192240617342577e-07
0.0,0.0,0.999783222430908,0.0,8.10672906514931e-06,0.0,0.0006774509649075666,0.0,0.0,0.0,0.0,0.0,0.0,0.0,0.9999543473293828,0.0,0.0,1.192240617342577e-07,4.768950248035253e-07,0.0,0.999826006799628,0.0,0.0,0.0,0.999980808283444
0.0,0.0,0.9732390342052188,0.0,0.1561184606630407,0.0,0.9989914974725271,2.860843551943937e-06,0.0,0.0,0.0,0.0,0.0,0.0,1.192240617342577e-07,0.9999998807761656,0.0,0.0,0.0,0.0,0.9999992847883448,0.0,1.192240617342577e-07,0.0,0.0
0.0,0.0,0.0,0.0,5.960258064874324e-07,0.0,0.0,1.192240617342577e-07,0.0,0.0,0.0,0.0,0.0,0.0,0.0,9.537902768697037e-07,0.0,1.192240617342577e-07,0.0,0.0,0.0,0.0,0.0,0.0,0.0
0.0,0.0,3.57605976830655e-07,0.0,0.3486347740091399,0.0,5.960258064874324e-07,0.0,0.0,0.0,0.0,0.0,0.0,0.0,0.0,0.0,0.0,0.0,0.0,0.0,1.192240617342577e-07,0.0,0.0,0.0,0.0
0.0,0.0,0.9637802892346802,0.0,0.0006024563335379485,0.0,1.9787498552359395e-05,0.0,0.0,0.0,0.0,0.0,0.0,0.0,0.9999997615523455,0.0,0.0,0.0,5.72159797485039e-06,0.0,1.5496499871092695e-06,0.0,0.0,0.0,0.0
0.0,0.0,0.8633931524290483,0.0,9.130198366424924e-05,0.0,3.57605976830655e-07,0.0,0.0,0.0,0.0,9.537902768697037e-07,0.0002222610256086277,5.960258064874324e-07,0.9999959466272526,0.0,0.0,0.0,1.192240617342577e-07,1.192240617342577e-07,1.192240617342577e-07,0.0,0.0,0.9997990750608302,0.9999973775557289
0.0,0.0,0.0,0.0,4.768950248035253e-07,0.0,5.960258064874324e-07,0.0,0.0,0.0,0.0,1.192240617342577e-07,0.0,0.9999855757990935,0.0,0.0,0.0,0.00035723959388567206,0.0,0.0,7.152118257636175e-07,0.0,0.0,2.5032657550161375e-06,0.9999998807761656
0.0,0.990292117165211,0.9999386019703791,0.0,0.9994682544896849,0.0,4.160040459255665e-05,0.0,0.0,0.0,0.0,0.0,0.0,0.0027155492643088364,0.9992204161975151,0.0,0.0,2.384476545103098e-07,0.0,0.0,0.00016886985470865312,6.65194962118365e-05,0.9998642468020342,0.0,0.9999998807761656
0.0,0.9997344667072023,0.0,0.0,2.384476545103098e-07,0.0,1.192240617342577e-07,0.0,0.0,0.0,0.0,0.9999482672568315,0.0,0.0,0.0,0.0,0.0,0.0,0.0,0.0,3.57605976830655e-07,0.0,0.0,1.192240617342577e-07,0.0
0.0,0.0,0.0,0.0,0.0002870878311288516,0.0,0.0,0.0,0.0,0.0,0.0,1.192240617342577e-07,0.0,0.0,0.0,0.0,0.0,1.192240617342577e-07,0.0,0.0,0.0,0.0,0.0,0.999998927093209,0.0
0.9999626892543616,0.8633914025632039,0.0,0.0,3.4570836574543407e-06,0.0,0.0,0.0,0.0,1.9075798713963366e-06,0.0,0.9999997615523455,1.192240617342577e-07,0.0,0.0,0.0,0.0,0.0,0.0,0.0,0.0,0.0,0.0,0.9603619722991851,0.0
0.0,0.9999994039743072,0.0,0.0,1.192240617342577e-07,0.0,0.0,0.0,0.0,0.0,0.0,0.9999038112717391,0.00040762980880482136,0.0,0.0,0.0,0.0,0.0,4.649025975411725e-06,0.0,0.0,0.0,0.0,0.00015886220715632948,0.0
0.0,0.9996378765906573,0.0,0.0,2.384476545103098e-07,0.0,5.960258064874324e-07,0.0,0.0,0.0,0.0,0.7057406053386222,0.9982454099127562,0.0,0.0,0.0,0.0,0.0,0.0,0.0,1.192240617342577e-07,0.0,0.0,0.0,0.0
0.0,1.9906660229551676e-05,9.537902768697037e-07,0.0,0.0,0.0,0.0,0.0,0.0,0.0,0.0,0.9999823571334899,0.0,1.192240617342577e-07,0.0,0.0,0.0,0.0,0.0,0.0,0.0,0.0,0.0,0.7058035108183897,0.0
0.0,0.9989516416922682,1.192240617342577e-07,0.0,9.537902768697037e-07,0.0,1.192051257703497e-06,0.0,0.0,0.0,0.0,0.999968288136069,0.0,0.0,0.0,0.0,0.0,0.0,0.0,0.0,2.384476545103098e-07,0.0,0.0,0.0,0.7981762395697428
0.0,0.9999986887770048,0.0,1.192240617342577e-07,9.537902768697037e-07,0.0,1.192051257703497e-06,0.0,0.0,0.0,0.0,0.00017697202212085816,5.960258064874324e-07,0.0,0.0,0.0,0.0,0.0,0.0,1.192240617342577e-07,1.192240617342577e-07,0.0,0.0,0.0,8.344533100057561e-07
0.0,0.9999777097920306,0.00039381044717778924,0.0,0.0,0.0,0.0,0.0,0.0,0.0,0.0,0.00032627087083436646,0.0,1.192240617342577e-07,0.0,0.0,0.0,0.0,0.0,0.0,0.0,0.0,0.0,0.0,0.9998311301452913
0.0,0.0,0.0,0.0,1.192240617342577e-07,0.0,0.0,0.0,0.0,0.0,0.0,0.9999798550135031,0.771895779597482,0.0,0.0,1.192240617342577e-07,0.0,0.0,0.0,0.0,0.0,0.0,0.0,0.0,0.0
0.0,0.9999997615523455,0.0,0.0,5.960258064874324e-07,0.0,1.0132127783113454e-05,0.0,0.0,0.0,0.0,3.5763732452176455e-06,0.0,0.0,0.0,0.0,0.0,0.0,0.0,0.0,4.708309393508525e-05,0.0,0.0,0.0,0.0
0.0,0.0002739882063866883,0.0,0.0,1.192240617342577e-07,0.0,8.344533100057561e-07,0.0,0.0,0.0,0.0,0.9999997615523455,0.999758186800498,0.0,0.0,0.0,0.0,0.0,0.0,0.0,1.192240617342577e-07,0.0,0.0,0.0,0.0
0.0,0.9999760409333114,0.0,0.0,2.384476545103098e-07,0.0,0.0,0.0,0.0,0.0,0.0,0.9999599487545202,0.9998579340541489,0.0,0.0,0.012052457647868886,0.0,0.0,0.0,0.0,0.0,0.0,0.0,0.0,0.0
0.0,2.384476545103098e-07,4.4937494341645845e-05,0.0,1.1323962328835258e-05,0.0,1.108557052253989e-05,0.0,0.0,0.0,0.0,4.768950248035253e-07,0.9999967814539513,5.960258064874324e-07,0.0,0.0,0.0,0.0,0.0,2.384476545103098e-07,0.9950940242491434,0.0,0.0,0.9999932053204985,0.0
0.0,0.9999998807761656,0.0,1.192240617342577e-07,2.384476545103098e-07,0.0,0.0,0.0,0.0,0.0,0.0,0.999998569577201,6.520929145903409e-05,4.410745809479977e-06,0.0,4.291615254836678e-06,0.0,0.0,0.0,0.0,0.0,0.0,0.0,0.0,0.0
0.0,1.5139941738073759e-05,0.0,0.0,5.960258064874324e-07,0.0,0.0,0.0,0.0,0.0,0.0,0.9999754448376589,2.384476545103098e-07,0.0,0.0,0.0,0.0,0.0,0.0,0.0,0.0,0.0,0.0,2.9800638619015274e-06,0.0
0.0,0.9999964236267548,9.537902768697037e-07,0.0,5.256741909587248e-05,0.0,0.0,0.0,0.0,0.0,0.0,0.9995627040982084,0.9995487636513631,0.0,0.0,0.0,0.0,0.0,0.0,0.0,5.960258064874324e-07,0.0,0.0,5.960258064874324e-07,0.0
0.0,3.57605976830655e-07,0.0006011469260039926,0.0,0.9999039304695693,0.0,3.4570836574543407e-06,1.788187994011814e-06,0.0,0.0,0.0,3.5763732452176455e-06,0.0,0.0,0.0,2.384476545103098e-07,0.0,0.0,0.0,0.0,0.9999661440835161,0.0,0.0,0.999998927093209,0.0
0.0,0.0,9.537902768697037e-07,0.0,0.9995827200541715,0.0,1.192240617342577e-07,0.0,0.0,0.0,0.0,8.344533100057561e-07,0.0,0.0,1.192240617342577e-07,0.0,0.0,0.99832559446506,0.0,0.0,1.788187994011814e-06,0.0,0.0,0.00023442107355076125,1.192240617342577e-07
0.0,0.0,0.9994964677993892,0.0,0.9997241064244075,0.0,3.57605976830655e-07,0.0,0.0,0.0,0.0,0.0,0.0,0.0,0.0,0.9999583995954074,0.0,3.0992980275534876e-06,0.0,0.0,0.19193140637565076,0.0,0.0,0.0005793624199772474,0.0
0.0,0.0,2.1336714750908037e-05,0.0,8.10672906514931e-06,0.0,5.960258064874324e-07,0.0,0.0,0.0,0.0,1.192240617342577e-07,0.0,0.0,3.57605976830655e-07,0.0,0.0,3.123544581096205e-05,0.0,0.0,2.264949380159642e-06,0.0,0.0,2.2528597331983313e-05,0.0
0.0,5.328289162320754e-05,0.0,0.0,1.788187994011814e-06,0.0,0.0,0.0,0.0,0.0,0.0,0.9999316938020754,0.9998273174525822,0.0,0.0,0.0,0.0,0.0,0.0,0.0,0.0,0.0,0.0,0.9999983310946448,0.0
0.0,0.9996993356138589,0.0,9.059744912831569e-06,0.9999485057249474,0.0,0.0,1.192240617342577e-07,0.0,0.0,0.0,0.0,1.192240617342577e-07,0.0,0.0,9.537902768697037e-07,0.0,1.633250494759153e-05,0.0,0.0,2.384476545103098e-07,0.0,9.537902768697037e-07,0.00017983174922231449,0.0
0.0,0.9992563646830451,0.0,0.0,0.9988664689875872,0.0,7.5103503065498955e-06,0.0,0.0,0.0,0.0,2.860843551943937e-06,0.0,0.0,0.0,0.0,0.0,0.00010441406446415336,0.0,0.0,0.8175602623894708,0.0,0.0,0.0,0.0
0.0,8.344533100057561e-07,0.0,0.0,0.0,0.0,0.0,0.0,0.0,0.0,0.0,0.9999918932709349,0.0,0.0,0.0,0.0,0.0,0.0,0.0,0.0,0.0,0.0,0.0,0.0,0.0
0.0,0.0,0.8633928822523192,0.999500277208747,5.566798452949495e-05,0.0,1.192240617342577e-07,0.0,0.0,0.0,0.0,0.0,0.0,0.9946145911675083,0.0,0.0,0.0,1.192051257703497e-06,0.0,0.0,3.57605976830655e-07,0.0,0.0,0.0,0.9999852179418012
0.0,1.192240617342577e-07,0.0,0.0,0.9999865299439533,0.0,0.05500586110196459,0.0,5.602398682524878e-06,0.0,0.0,5.996193345758627e-05,0.999791804621643,0.0,0.0,0.0,0.0,0.0,0.0,0.0,0.9998891475952763,0.0,0.0,0.9518634549554795,0.0
0.0,0.0,0.0,0.0,0.9996374001299396,0.0,0.4378221434185761,0.0,0.0,0.0,0.0,0.0,0.0,0.0,0.0,0.0,0.0,2.384476545103098e-07,0.0,0.0,0.9999830718984778,0.0,0.0,0.0,0.0
0.0,0.0,0.0,0.0,1.192240617342577e-07,0.0,0.9999946359824371,0.0,0.0,0.0,0.0,0.0,0.0,0.0,0.0,0.0,0.0,0.0,1.192240617342577e-07,0.0,0.999769513227693,0.0,0.0,0.0,0.0
0.0,0.00113353101263991,1.192240617342577e-07,0.0,3.5763732452176455e-06,0.0,1.0728006353044606e-05,0.0,0.0,0.0,0.0,0.9999991655469742,0.0003890452510016962,0.0,0.0,0.0,0.0,0.0,0.21204084621380903,0.0,0.058346378496935025,0.0,0.0,0.0,0.0
2.7059184241617906e-05,0.0001443291139306968,0.0,0.0,8.10672906514931e-06,0.0,0.0,0.0,0.0,0.0,0.0,1.788187994011814e-06,1.192240617342577e-07,0.0,0.0,1.192240617342577e-07,0.0,0.0,0.0,0.0,0.0,0.0,0.0,3.57605976830655e-07,0.0
0.0,0.9999614977850708,0.0,1.192240617342577e-07,0.0007554197571217891,0.0,1.5496499871092695e-06,0.0,0.0,0.0,0.0,1.1562366811213032e-05,0.9381183250007151,0.0,0.0,0.0,0.0,1.192240617342577e-07,3.57605976830655e-07,0.0,3.5763732452176455e-06,0.0,0.0,0.0,0.0
0.0,0.9999973775557289,0.0,0.0,2.384476545103098e-07,0.0,0.0,0.0,0.0,0.0,0.0,0.9999970199361381,0.0,0.0,0.0,1.0729066772796614e-06,0.0,0.0,0.0,0.0,0.0,0.0,0.0,0.0,0.0
0.0,0.9999899870382419,0.0,0.0,5.00649341150794e-06,0.0,0.0,0.0,0.0,0.0,0.0,2.2171017473149313e-05,0.0,3.0992980275534876e-06,0.0,0.0,0.0,0.0,0.0,0.0,0.0,0.0,0.0,0.0,0.0
0.0,0.9999998807761656,0.40735770371940316,0.0,8.821472391562502e-06,0.0,1.192240617342577e-07,0.0,0.0,0.0,0.0,0.0,0.0,0.0,0.0,0.0,0.0,0.0,0.0,0.0,1.4304229126738122e-06,0.0,0.0,0.0,0.0
0.0,0.0,0.0,0.0,1.192240617342577e-07,0.0,7.152118257636175e-07,0.0,0.0,0.0,0.0,0.0,0.0,0.0,0.0,0.0,0.0,0.0,1.192240617342577e-07,0.0,0.00014671143959532618,0.0,0.0,0.0,2.384476545103098e-07
0.0,0.9996151242083998,0.0015732935524095382,0.0,1.192240617342577e-07,0.0,0.00022381074989752392,0.0,0.0,0.0,0.0,2.741637097347649e-06,0.0,0.0,0.0,0.0,0.0,0.0,2.384476545103098e-07,0.0,0.5621748606628468,0.0,0.0,0.0,1.192240617342577e-07
4.768950248035253e-07,0.9983122888293248,0.00019150990766003684,0.0,1.037046934038166e-05,0.0,0.8519455622614703,0.0010987977310834562,0.0,0.9999903445179854,0.0,1.192240617342577e-07,0.0,0.0,4.768950248035253e-07,0.0,0.0,0.0,0.0,0.0,0.9999957083847452,0.0,0.0,0.0,1.192240617342577e-07
0.0,4.768950248035253e-07,0.9998095626107856,0.0,1.0729066772796614e-06,4.768950248035253e-07,0.001016355048242823,0.0,0.0,0.9962047275719685,0.0,0.0,0.0,0.0,2.384476545103098e-07,0.0,0.0,0.0,1.192240617342577e-07,0.0,0.9999951126684495,0.0,0.0,0.0,8.344533100057561e-07
0.0,0.9990949567460842,0.9999366963849349,0.0,1.7642866737443974e-05,0.0,4.410745809479977e-06,0.0,0.0,0.9999725830414293,6.794679274113591e-06,1.192240617342577e-07,3.9097983601688036e-05,0.0,8.344533100057561e-07,8.344533100057561e-07,1.192240617342577e-07,2.384476545103098e-07,0.0,0.0,0.9999918932709349,0.9962924391712343,0.9999730600693492,0.0,7.152118257636175e-07
0.0,0.0,0.0,0.0,0.0,0.0,0.0,0.0,0.0,0.0,0.0,0.0,0.0,0.0,0.0,0.0,0.0,0.0,3.57605976830655e-07,0.0,4.768950248035253e-07,0.0,0.0,0.0,0.0
0.0,0.0,7.30711258225547e-05,0.0,0.0,0.0,1.6689054689322802e-06,0.0,0.0,0.0,0.0,0.0,0.0,0.0,0.0,0.0,0.0,0.0,5.483205060219376e-06,0.0,1.192051257703497e-06,0.0,0.0,0.0,1.192240617342577e-07
0.0,4.5298824890016576e-06,2.384476545103098e-07,0.0,0.0,0.0,9.537902768697037e-07,0.0,0.0,0.0,0.0,0.0,0.0,0.0,0.0,0.0,0.0,1.192240617342577e-07,0.0,0.0,1.1562366811213032e-05,0.0,0.0,0.0,0.002397217183522593
0.0,0.9998089667653197,1.0729066772796614e-06,0.0,0.0,0.0,1.192240617342577e-07,0.0,0.0,0.0,0.0,0.0,0.0,0.0,9.537902768697037e-07,0.0,0.0,3.4570836574543407e-06,0.0,0.0,9.059744912831569e-06,0.0,0.0,0.0,2.384476545103098e-07
0.0,2.5032657550161375e-06,0.0,0.0,1.192240617342577e-07,0.0,0.0,0.0,0.0,0.0,0.0,0.9999984503497855,0.0,0.0,0.0,5.960258064874324e-07,0.0,0.0,0.0,0.0,0.0,0.0,0.0,3.897882625769622e-05,0.0
0.0,0.0,0.0,0.0,2.384476545103098e-07,0.0,0.0,0.0,0.0,0.0,0.0,0.9999467171081494,0.0,0.0,0.0,0.0,0.0,0.0,0.0,0.0,0.0,0.0,0.0,0.0007750604533227623,0.0
0.0,0.0,0.0,0.0,0.9997131503442314,0.0,0.0,0.0,0.0,0.0,0.0,0.0,0.0,0.0,0.0,0.0,0.0,0.0,0.0,0.0,7.283286286974278e-05,0.0,0.0,0.1127924399580067,3.57605976830655e-07
0.0,1.192240617342577e-07,0.0,0.0,0.9997800039156003,0.0,3.57605976830655e-07,0.0,0.0,0.0,0.0,0.0,0.0,0.0,0.0,0.9999996423941084,0.0,0.0,0.0,0.0,1.0489645781874835e-05,0.0,0.0,0.0,0.0
0.0,0.0,4.0533725200742055e-06,0.0,0.0007673232345269954,0.0,2.384476545103098e-07,1.192240617342577e-07,0.0,0.0,0.0,0.0,0.0,0.0,0.0,0.0,0.0,0.0,0.0,0.0,0.9999326467205352,0.0,0.0,0.0038246995716479937,0.0
0.0,0.0,2.3841004124225407e-06,0.0,0.9979493526892959,0.0,0.00025541152221797425,1.192051257703497e-06,3.6956766884532755e-06,0.0,0.0,0.0,0.0,0.0,0.0,0.0,0.0,0.0,6.235080801864079e-05,0.0,0.9999995231047478,0.0,0.0,0.0,0.0
0.0,0.0,0.0,0.0,5.960406527749651e-05,0.0,0.9972416433285822,5.960258064874324e-07,3.57605976830655e-07,0.0,0.0,0.0,0.0,0.0,0.0,0.0,0.0,0.0,1.549873917727762e-05,0.0,0.9999991655469742,0.0,0.0,0.0,0.0
0.0,0.0,0.002845497122827778,0.0,0.0,0.0,0.0,0.0,0.0,0.0,0.0,0.0,2.384476545103098e-07,1.192240617342577e-07,0.0,0.0,0.0,0.0,0.0,0.0,0.00011264100628649576,0.0,4.1957922936264325e-05,0.0,0.9999148950210192
0.0,0.0,0.035144703218488504,2.384476545103098e-07,0.9796658731089386,0.0,3.945544804517809e-05,1.192240617342577e-07,3.57605976830655e-07,0.0,0.0,0.0,0.0,0.0,0.024425563665046668,0.0,0.0,3.57605976830655e-07,0.0017008978549888365,0.0,0.9999952318244132,0.0,0.0,0.9999723445166412,0.0
0.0,0.0,1.3112231088685533e-06,0.0,0.8808033993572488,0.0,0.000241813199274854,1.4304229126738122e-06,1.192240617342577e-07,0.0,0.0,0.0,0.0,0.0,0.0,0.0,0.0,2.3841004124225407e-06,0.0,0.0,0.9999992847883448,0.0,0.0,1.192240617342577e-07,0.0
0.0,0.0,0.0,0.00018269159863282258,0.9999839057203667,0.0,0.9998692490838366,5.2090457968057e-05,1.5496499871092695e-06,0.0,0.0,0.0,0.0,0.0,0.0,0.0,0.0,1.192240617342577e-07,7.152118257636175e-07,0.0,1.0,0.0,0.0,0.9999986887770048,0.0
0.0,4.219626964041545e-05,0.0,0.0,0.9999736563218279,0.0,0.9976236757141812,0.9998488810924726,0.0,0.0,0.0,0.0,0.0,0.0,0.0,0.0,0.0,0.0,0.0,0.0,0.9999997615523455,0.0,8.344533100057561e-07,0.9999994039743072,0.0
0.0,1.192240617342577e-07,0.0,0.0,0.8519540445983556,0.0,0.0,4.768950248035253e-07,0.0,0.0,0.0,0.0,0.0,0.0,0.0,0.0,0.0,0.0,0.0,0.0,0.0016745244283975502,0.0,0.0,0.9999997615523455,0.0
0.0,1.192240617342577e-07,0.0013671971858999488,0.0,0.9999953509740246,0.0,0.9904410989521946,0.0,9.537902768697037e-07,0.0,0.0,6.794679274113591e-06,1.0729066772796614e-06,0.0,0.0,0.0,0.0,0.0,0.0,0.0,0.9999572078511155,1.192240617342577e-07,1.9787498552359395e-05,0.9999855757990935,0.0
0.0,5.960258064874324e-07,0.0,0.0,1.2396882322129876e-05,0.0,2.3841004124225407e-06,0.0,0.0,0.0,0.0,0.0,0.0,0.0,0.0,0.0,0.0,3.57605976830655e-07,0.0,0.0,0.002889946576699609,0.0,0.0,1.4304229126738122e-06,0.0
0.0,0.0,1.6689054689322802e-06,0.0,0.9998785340865076,0.0,0.9921829321458847,1.192240617342577e-07,0.0,0.0,0.0,1.192240617342577e-07,0.0,0.0,0.0,0.0,0.0,0.0,0.0,0.0,0.9999957083847452,0.0,0.0,0.999998569577201,0.8740831697864706
0.0,0.0,0.0,0.0,9.785750366497759e-05,0.0,1.192240617342577e-07,0.0,0.0,0.0,0.0,2.384476545103098e-07,0.0,0.0,0.0,0.0,0.0,0.0,0.0,0.0,4.362642506616776e-05,0.0,0.0,0.004199083564814465,0.0007009013854099022
0.0,0.0,1.192051257703497e-06,0.0,7.033211255169647e-06,0.0,3.57605976830655e-07,0.0,0.0,0.0,0.0,0.0,0.0,0.0,3.57605976830655e-07,0.9999979733108904,0.0,0.0,0.0,0.0,2.5389757729032958e-05,0.0,0.0,0.0,0.0
0.0,0.0,0.0,0.0,7.152118257636175e-07,0.0,1.788187994011814e-06,0.0,0.0,0.0,0.0,0.0,0.0,0.0,4.768950248035253e-07,0.6791752555138122,0.0,0.0,0.0,0.0,7.152486773853717e-06,0.0,0.0,0.0,0.0
0.0,0.0,0.9697867482955058,0.0,0.0,0.0,1.633250494759153e-05,0.0,0.0,0.0,0.0,0.0,0.0,5.996193345758627e-05,2.145812430742744e-06,0.0,0.0,0.9999873646563813,3.57605976830655e-07,0.0,6.794679274113591e-06,0.0,0.0,0.0,0.9999996423941084
0.0,0.0,0.13660720780657165,0.0,0.0,0.0,2.384476545103098e-07,0.0,0.0,0.0,0.0,0.0,0.0,9.417177575965496e-06,0.0,0.0,0.0,1.192240617342577e-07,0.0,0.0,1.788187994011814e-06,0.0,1.192240617342577e-07,0.0,0.999983667494825
0.0,0.0,0.9999798550135031,0.0,1.192240617342577e-07,0.0,0.0,0.0,0.0,0.0,0.0,0.0,0.0,6.235080801864079e-05,1.192240617342577e-07,0.0,0.0,0.0,0.0,0.0,1.192240617342577e-07,0.0,1.5496499871092695e-06,0.0,0.9999976158993602
0.0,0.0,0.00012170445585990564,0.0,1.192240617342577e-07,0.0,1.0729066772796614e-06,0.0,0.0,0.0,0.0,0.0,0.0,8.583211864254814e-06,1.192051257703497e-06,0.0,0.0,1.192240617342577e-07,0.0,0.0,1.5975168432769138e-05,0.0,9.537902768697037e-07,0.0,0.9999482672568315
0.0,0.0,0.9989492623346573,0.0,0.0,0.0,0.0,0.0,0.0,0.0,0.0,0.0,0.0,7.283286286974278e-05,0.0,0.0,0.0,2.741637097347649e-06,0.0,0.0,1.192240617342577e-07,0.0,0.0,3.0992980275534876e-06,0.9999995231047478
0.0,0.0,0.9603620867832604,0.0,1.192240617342577e-07,0.0,5.00649341150794e-06,0.0,0.0,0.0,0.0,0.0,0.0,1.192240617342577e-07,0.0,0.0,0.0,0.0,0.0,0.0,5.364017562903278e-06,0.0,1.192051257703497e-06,0.0,0.9999988079489697
0.0,0.0,0.0004656540599100589,0.0,3.57605976830655e-07,0.0,0.0,0.0,0.0,0.0,0.0,0.0,7.152118257636175e-07,0.9999939207644434,0.0,0.0,0.0,0.0,0.0,0.0,0.0,0.0,1.6689054689322802e-06,0.0,0.9999847394647355
0.0,0.0,0.0002203536917226856,0.0,2.9800638619015274e-06,0.0,0.7772860476693839,0.0,0.0,0.0,0.0,0.0,0.0,0.0,0.0,0.012430555615487782,0.0,0.0,0.0,0.0,0.0003891643850411075,0.0,1.192240617342577e-07,0.0,3.57605976830655e-07
0.0,4.768950248035253e-07,0.0069043375701156595,0.0,3.4570836574543407e-06,0.0,4.768950248035253e-07,0.0,0.0,0.0,0.0,0.00132499170435052,0.0,0.0,0.0,0.0,0.0,0.0,0.0,0.0,0.001142689680311726,0.0,5.960258064874324e-07,0.9994200424028719,7.152118257636175e-07
0.0,0.9999998807761656,0.0,0.0,2.384476545103098e-07,0.0,3.57605976830655e-07,0.0,0.0,0.0,0.0,7.152118257636175e-07,0.0,0.0,0.0,0.0,0.0,0.0,0.0,0.0,5.960258064874324e-07,0.0,0.0,0.0,0.0
0.0,0.0,9.537902768697037e-07,0.0,4.172491279819113e-06,0.0,1.9075798713963366e-06,0.0,0.0,0.0,0.0,0.0,0.0,0.0,0.0,0.0,0.0,0.0,0.0,0.0,0.9986955775326803,0.0,0.0,0.0,0.0
0.0,0.0,0.00024957674650749606,0.0,2.5747468992420863e-05,0.0,1.6689054689322802e-06,0.0,0.0,0.0,0.0,0.0,0.0,0.0,1.192240617342577e-07,0.9999971391564481,0.0,9.537902768697037e-07,0.0,0.0,1.192051257703497e-06,0.0,0.0,0.0,2.264949380159642e-06
0.0,0.0,0.0,0.0,7.033211255169647e-06,0.0,1.192240617342577e-07,1.0,0.0,0.0,0.0,0.0,0.0,0.0,0.0,0.0,0.0,0.0,0.0,0.0,0.9999922506003848,0.0,2.384476545103098e-07,0.0,0.0
0.0,0.0,3.93426102218708e-06,0.0,0.9992677921287755,0.0,2.741637097347649e-06,0.0,0.0,0.9986747705417846,0.0,0.0,0.0,0.0,0.0,0.0,0.0,0.0,0.0,0.0,0.9362819352671338,0.0,0.0,0.0,0.0
0.0,0.0,4.768950248035253e-07,0.0,8.391335787061305e-05,0.0,3.57605976830655e-07,0.0,0.0,0.0,0.0,0.0,0.0,0.0,0.0,1.0,0.0,1.788187994011814e-06,0.0,0.0,2.384476545103098e-07,0.0,0.0,0.0,0.0
0.0,0.0,0.0,0.0,0.00046839468011938834,0.00020056739764262588,2.384476545103098e-07,0.0,0.0,0.0,0.0,0.0,0.0,0.0,0.999897493414218,0.999978067361061,0.0,8.344533100057561e-07,0.0,0.0,1.192240617342577e-07,0.0,0.0,0.0,0.0
0.0,0.0,0.0,0.0,0.00015624134022518277,0.0,0.0,0.0,0.0,0.0,0.0,1.192240617342577e-07,0.0,0.0,0.0,0.9999974967344724,0.0,0.0,0.0,0.0,0.0,0.0,0.0,0.0,0.0
0.0,1.192240617342577e-07,0.0,0.0,1.3589312835349254e-05,5.960258064874324e-07,0.0,0.0,0.0,0.0,0.0,2.6224444984457307e-06,0.0,0.0,0.0,0.9999998807761656,0.0,0.0,0.0,0.0,0.0,0.0,0.0,0.0,0.0
0.0,0.0,0.994444317629698,0.0,0.00015624134022518277,0.0,1.192240617342577e-07,0.0,0.0,0.9994681354601449,0.0,0.0,0.0,0.0,1.192240617342577e-07,0.0,0.0,0.0,0.0,0.0,0.006290416570220891,2.741637097347649e-06,4.88733132308905e-06,0.6926592602547932,0.0
0.0,0.0,0.9994480172281365,0.0,0.0003462810848159359,0.0,1.0966379827559436e-05,1.192240617342577e-07,0.0,0.9999272862649903,0.0,0.0,0.0,0.0,0.0,0.0,0.0,0.0,0.0,0.0,0.14415250012456748,7.5103503065498955e-06,2.145812430742744e-06,0.0,0.0
0.0,0.0,0.0,0.0,1.5139941738073759e-05,0.0,5.960258064874324e-07,1.192240617342577e-07,0.0,0.0,0.0,0.0,0.0,0.0,0.0,0.999244342120761,0.0,0.0,0.0,0.0,5.483205060219376e-06,0.0,0.0,0.0,0.0
0.0,0.0,0.0003574778111173904,0.0,1.2516111272287134e-05,0.0,8.583211864254814e-06,0.0,0.0,0.0,0.0,0.0,0.0,0.0,8.344533100057561e-07,0.0,0.0,0.0,0.0,0.0,0.00016374677355524003,0.0,0.0,0.0,0.0
0.0,0.0,9.537902768697037e-07,0.0,1.192240617342577e-07,0.0,0.0,0.0,0.0,0.0,0.0,0.0,0.0,0.9993433806907275,0.0,0.0,0.0,0.9996314441719312,0.0,0.0,3.57605976830655e-07,0.0,1.192051257703497e-06,0.0,0.999846141224627
0.0,0.0,2.3243804186168227e-05,0.0,0.0035938095797843905,0.0,0.0,0.0,0.0,0.0,0.0,0.0,0.0,0.0,0.0,0.0,0.0,0.0,0.0,0.0,0.0,0.0,3.57605976830655e-07,0.0,1.192240617342577e-07
0.0,0.0,0.9985896502739979,0.0,1.192240617342577e-07,0.0,1.5496499871092695e-06,0.0,0.0,0.0,0.0,0.0,0.0,0.00014456733802270527,0.0,0.0,0.0,0.0,0.0,0.0,3.57605976830655e-07,0.0,0.0,0.0,0.9999997615523455
0.0,0.0,0.004331966327668635,0.0,0.0,0.0,0.0,0.0,0.0,0.0,0.0,0.0,0.0,3.57605976830655e-07,0.0,0.0,0.0,0.0,0.0,0.0,1.192240617342577e-07,0.0,3.57605976830655e-07,0.0,0.9999885568367871
0.0,0.0,0.9998311301452913,0.0,0.0,0.0,0.0,1.192051257703497e-06,0.0,0.0,0.0,0.0,0.0,0.0,0.0,0.0,0.0,0.0,0.0,0.0,0.0002782752965979629,0.0,3.4570836574543407e-06,0.0,2.4435937782230077e-05
0.0,0.0,1.9075798713963366e-06,0.0,2.9800638619015274e-06,0.0,1.5496499871092695e-06,0.9998300578362735,0.0,0.0,0.0,0.0,0.0,1.192240617342577e-07,0.0,4.768950248035253e-07,0.0,2.384476545103098e-07,0.0,0.0,0.9985896502739979,0.0,0.0,0.0,0.0
0.0,0.0,0.06188157015638629,0.0,2.384476545103098e-07,0.0,7.152118257636175e-07,0.0,0.0,0.0,0.0,0.0,0.0,4.649025975411725e-06,1.7761999112075877e-05,0.0,0.0,8.939511314753901e-05,0.0,0.0,8.117274542640551e-05,0.0,0.0,0.0,0.9999933245767333
0.0,0.0,0.0003154325029985916,0.0,8.702340543398357e-06,4.768950248035253e-07,0.0,0.0,0.0,0.0,0.0,0.0,0.0,0.0,0.0,0.0,0.0,0.0,0.0,0.0,4.291615254836678e-06,0.0,5.602398682524878e-06,0.0,1.192240617342577e-07
0.0,0.0,0.9399048273746733,0.0,2.3841004124225407e-06,0.9019209465933914,0.9999670970275308,0.0,0.0,0.0,0.0,0.0,0.0,0.0,0.999742326002704,0.0,0.0,0.0,0.0,0.0,0.9998837815455575,0.0,5.960258064874324e-07,0.0,0.0
0.0,0.0,7.021210464708272e-05,0.0,4.0533725200742055e-06,1.192240617342577e-07,2.384476545103098e-07,0.0,0.0,0.0,0.0,0.0,0.0,5.960258064874324e-07,3.57605976830655e-07,0.0,0.0,0.0,0.0,0.0,4.172491279819113e-06,0.0,2.264949380159642e-06,0.0,3.57605976830655e-07
0.0,0.0,8.225844613463096e-06,0.0,1.192240617342577e-07,0.0,2.9444608445006182e-05,0.0,0.0,0.0,0.0,0.0,0.0,0.0,0.0,0.0,0.0,0.0,0.0,0.0,0.2689405717091329,0.0,0.0,0.0,0.0
0.0,0.0,0.0011492314687094884,1.192240617342577e-07,2.384476545103098e-07,0.0,3.57605976830655e-07,0.0,0.0,0.0,0.0,0.0,0.0,4.768950248035253e-07,8.915676700804731e-05,0.0,0.0,0.9999699589372044,0.0,0.0,6.675423266711e-06,0.0,0.0,0.0,0.9999982118117786
0.0,0.0,0.9990300862736047,0.0,7.271768417527191e-06,0.0,0.0,0.0,0.0,0.0,0.0,0.0,0.0,0.0,0.0,0.0,0.0,0.0,0.0,0.0,5.960258064874324e-07,0.0,0.0002236915525052341,0.0,1.192240617342577e-07
0.0,0.0,0.0002456472765330897,0.0,1.2873817136438426e-05,0.0,0.0,0.0,0.0,0.0,0.0,0.0,0.0,9.537902768697037e-07,0.0,0.0,0.0,0.3629815845536391,0.0,0.0,0.0,0.0,0.0,0.0,0.9999996423941084
0.0,0.0,1.6689054689322802e-06,0.0,5.328289162320754e-05,0.0,3.57605976830655e-07,0.0,0.0,0.0,0.0,0.0,0.0,6.163622277077785e-05,2.3841004124225407e-06,0.0,8.939511314753901e-05,0.665428417151033,0.0,0.0,7.152118257636175e-07,0.0,0.0,0.0,0.9999961848443508
0.0,0.0,0.0,0.0,0.002396980033273932,0.0,0.0,0.0,0.0,0.0,0.0,0.0,0.0,0.0,0.0,0.999922520834267,0.0,0.0,0.0,0.0,0.0,0.0,0.0,0.0,7.152118257636175e-07
0.0,0.0,1.9075798713963366e-06,0.0,1.4304229126738122e-06,0.0,2.384476545103098e-07,0.0,0.0,0.0,0.0,0.0,0.0,0.0,0.00016374677355524003,0.9996794461240978,0.0,0.0,0.0,0.0,8.10672906514931e-06,0.0,0.0,0.0,1.192240617342577e-07
0.0,3.57605976830655e-07,0.0,0.0,0.7879592124937251,0.0,0.0,0.0,0.0,0.0,0.0,0.0,0.0,0.0,0.0,0.9999998807761656,0.0,0.0,0.0,0.0,0.0006772129404899463,0.0,5.7695555519821085e-05,0.0,0.0
0.0,0.0,0.0,0.0,5.960258064874324e-07,0.0,0.0,0.9724137088039929,0.0,0.0,0.0,0.0,0.0,0.0,0.0,9.537902768697037e-07,0.0,7.152118257636175e-07,0.0,0.0,3.57605976830655e-07,0.0,0.0,0.0,0.0
0.0,0.0,2.384476545103098e-07,0.0,2.0383320210815015e-05,0.0,1.5496499871092695e-06,0.0,0.0,0.0,0.0,0.0,0.0,7.152118257636175e-07,8.344533100057561e-07,0.0,0.0,1.192240617342577e-07,0.0,0.0,1.788113374623368e-05,0.0,0.0,0.0,2.02668910964654e-06
0.0,0.0,0.0,2.384476545103098e-07,3.57605976830655e-07,0.0,0.0,0.0,0.0,0.0,0.0,0.0,0.0,0.0,0.0,0.9999769946034228,0.0,0.0,0.0,0.0,0.0,0.0,0.0,0.0,2.384476545103098e-07
0.0,0.0,0.0,0.0,4.768950248035253e-07,0.0,3.57605976830655e-07,0.0,0.0,0.0,0.0,0.0,0.0,1.5496499871092695e-06,0.0,3.57605976830655e-07,0.0,0.0,0.0,0.0,6.949737928085842e-05,0.0,0.0,0.0,6.175532262109318e-05
0.0,0.0,0.0,0.0,4.768950248035253e-07,0.0,0.0,0.0,0.0,0.0,0.0,0.0,0.0,0.0,0.0,1.192240617342577e-07,0.0,0.0,0.0,0.0,7.5103503065498955e-06,0.0,0.0,0.0,1.192240617342577e-07
0.0,0.0,0.0,0.0,1.192240617342577e-07,0.0,0.0,0.0,0.0,0.0,0.0,0.0,0.0,0.0,0.0,0.0,0.0,0.0,0.0,0.0,0.0,0.0,0.0,0.0,0.0
0.0,0.0,0.999717080278714,0.0,1.9191716555955196e-05,0.0,3.242652194845874e-05,6.436929626318921e-06,0.0,0.0,0.0,0.0,0.0,0.0,0.0,1.585605744547358e-05,0.0,0.0,0.0,0.0,0.948154553803628,0.0,0.0,0.0,0.0
0.0,0.0,2.384476545103098e-07,0.0,5.125661624805211e-06,0.0,0.0,0.0,0.0,0.0,0.0,0.0,0.0,1.192240617342577e-07,0.0,0.0,0.0,0.0,0.0,0.0,1.192240617342577e-07,0.0,0.0,0.0,2.6343678172113805e-05
0.0,0.0,0.5000000903591725,0.0,5.423688595140863e-05,0.0,0.0,0.0,0.0,0.0,0.0,0.0,0.0,0.0,0.0,0.0,0.0,0.0,0.0,0.0,3.57605976830655e-07,3.5763732452176455e-06,0.4225155800233579,0.0,5.960258064874324e-07
0.0,0.0,5.960258064874324e-07,0.0,1.966833890743036e-05,0.0,7.152118257636175e-07,0.0,0.0,3.57605976830655e-07,0.0,0.0,0.0,0.011156855628596807,0.0,0.0,0.0,0.4225156832857411,0.0,0.0,0.0,0.0,0.0,0.0,0.9999976158993602
0.0,0.0,0.9976763889700534,0.0,0.0,1.192240617342577e-07,0.0,0.0,0.0,0.0,0.0,0.0,0.0,2.0383320210815015e-05,0.7773476812103561,0.0,0.0,0.0,1.192240617342577e-07,0.0,0.0,0.0,2.384476545103098e-07,0.0,0.999998092420356
0.0,0.0,0.010985735352512571,0.0,0.0,0.0,0.0,0.0,0.0,0.0,0.0,0.0,0.0,0.001478101611802285,0.0,0.0,0.0,0.0,0.0,0.0,1.192240617342577e-07,0.0,0.0,0.0,0.9999998807761656
0.0,0.0,0.0010989166930915895,0.0,0.0,0.0,0.0,0.0,0.0,0.0,0.0,0.0,0.0,2.980247673256553e-05,1.3112231088685533e-06,0.0,0.0,0.0,0.0,0.0,4.768950248035253e-07,0.0,0.0,0.0,0.9999522016515195
0.0,0.0,2.02668910964654e-06,0.0,0.0,0.0,0.0,0.0,0.0,0.0,0.0,0.0,0.0,0.0,0.0,0.0,0.0,0.0,0.0,0.0,0.0,0.0,1.192240617342577e-07,0.0,0.0034302044951122213
0.0,2.2171017473149313e-05,0.9937093474362184,0.0,0.9999796166797892,0.0,0.0222886818273913,0.0,0.0,2.145812430742744e-06,0.0,2.384476545103098e-07,0.0011470904905898083,0.0,7.5103503065498955e-06,0.0,0.0,0.0,0.0,0.9999880800024706,0.9999992847883448,0.0,3.57605976830655e-07,1.192240617342577e-07,0.0
0.0,6.675423266711e-06,1.2873817136438426e-05,0.00014706879668535677,0.0,0.0,2.384476545103098e-07,0.0,0.0,0.0,0.0,0.0,0.0,4.768175814184872e-06,0.0,0.0,0.0,0.0,1.192240617342577e-07,1.192240617342577e-07,0.0,0.0,0.0,0.0,0.9999982118117786
0.0,0.0,0.000241813199274854,0.0,3.57605976830655e-07,4.172491279819113e-06,4.291615254836678e-06,1.4304229126738122e-06,0.0,0.0,0.0,0.0,0.0,4.934816153590038e-05,8.10672906514931e-06,0.0,0.0,2.02668910964654e-06,0.0,0.0,7.998122853336564e-05,1.192240617342577e-07,0.9999979733108904,0.0,0.00026982027446798007
0.0,0.0,5.256741909587248e-05,0.0,0.0,0.0,0.0,0.0,0.0,0.0,0.0,0.0,0.9591547316139488,0.9999960657392052,0.0,0.0,0.0,3.57605976830655e-07,0.0,0.0,0.0,0.0,0.0,0.0,0.9999996423941084
0.0,0.0,4.768950248035253e-07,0.0,0.0,0.0,1.192240617342577e-07,0.0,0.0,0.0,0.0,0.0,0.0,3.5763732452176455e-06,0.0,0.0,0.0,0.0,0.0,0.0,0.0,0.0,0.0,0.0,0.99994146949706
